{"illumin": 6.68586094706836, "comput": 2.6234812342096436, "gener": 5.483965222573541, "pictur": 4.6064194053885235, "qualiti": 11.014411901453427, "imag": 10.055265740929654, "dimension": 4.2435139116991545, "scene": 6.68586094706836, "depend": 7.858041163593434, "shade": 33.4293047353418, "techniqu": 4.480545661809466, "paint": 8.07215530818825, "object": 13.523229703836424, "cathod": 6.280395838960195, "ray": 5.507205950726713, "tube": 6.462717395754149, "screen": 6.280395838960195, "algorithm": 2.676256301656361, "part": 3.371674942395834, "method": 5.560665565489562, "model": 8.99094447886327, "determin": 3.009560275161283, "hidden": 16.76174597520075, "surfac": 14.114578434605328, "remov": 4.9811128548299335, "strongli": 5.769570215194204, "interconnect": 6.126245159132937, "relat": 3.144901623031045, "present": 1.8221800659287668, "human": 4.5168072466988365, "visual": 6.126245159132937, "percept": 8.07215530818825, "fundament": 5.076423034634259, "law": 5.674260035389879, "optic": 6.126245159132937, "consid": 3.152174382360125, "develop": 2.4267084105450123, "rule": 3.47703545805366, "increas": 3.6295040516979333, "realism": 8.07215530818825, "cacm": 0.00031215857909170155, "june": 2.3717117347975636, "phong": 8.07215530818825}