{"join": 33.4293047353418, "polici": 14.682304433520912, "multiprior": 16.1443106163765, "multiclass": 8.07215530818825, "batch": 9.706558966640099, "comput": 2.6234812342096436, "system": 7.787213086578601, "consid": 3.152174382360125, "user": 18.329252828239955, "class": 10.283293227140632, "toll": 8.07215530818825, "servic": 4.5168072466988365, "wait": 5.36410510708604, "charg": 6.280395838960195, "formul": 4.545794783572089, "semi": 5.769570215194204, "markov": 5.769570215194204, "decis": 3.8977680382926128, "process": 2.1750014405515095, "aim": 5.299566585948469, "arriv": 16.09231532125812, "minim": 3.39002408106403, "expect": 4.334485689904882, "loss": 5.87493073085203, "optim": 3.1743155082373384, "queue": 24.470507389201522, "control": 14.770807478857474, "limit": 3.6295040516979333, "singl": 3.7546671946519394, "number": 8.811433580217901, "newli": 6.462717395754149, "fill": 6.280395838960195, "paper": 1.9808454261105517, "lower": 5.238941964132033, "upper": 5.36410510708604, "bound": 3.8380488035909903, "capac": 5.36410510708604, "deriv": 3.2930318150767204, "cacm": 0.00031215857909170155, "march": 2.546702369056466, "babad": 7.379008127628304, "modiano": 8.07215530818825}