{"structur": 4.94746669837975, "program": 8.63302124944724, "languag": 10.875007202757548, "paper": 3.9616908522211034, "major": 3.867462688797284, "compon": 12.79647845525379, "identifi": 4.140329675463924, "elementari": 9.033614493397673, "statement": 7.430892962997317, "mechan": 3.7680902149840803, "link": 4.358583241483942, "mean": 3.2201250442686327, "obtain": 3.116328250586989, "data": 4.333586920267359, "input": 3.116328250586989, "altern": 3.9612814440149386, "form": 9.286264697303025, "compar": 3.227968221729659, "evalu": 3.137681375057558, "exampl": 3.371674942395834, "frequent": 4.5168072466988365, "list": 3.189353385601879, "process": 2.1750014405515095, "illustr": 3.47703545805366, "advantag": 3.7027074557212285, "disadvantag": 5.674260035389879, "factor": 3.852647603012143, "influenc": 5.433097978572992, "choic": 4.57564774672177, "discuss": 2.1972245773362196, "conclud": 4.814058770166768, "suggest": 3.399326473726344, "evolv": 5.507205950726713, "permit": 3.572345637857985, "conveni": 4.814058770166768, "way": 4.77631844218392, "organ": 3.5078071167204135, "system": 1.55744261731572, "referenc": 5.674260035389879, "cacm": 0.00031215857909170155, "februari": 2.6211168546225494, "raphael": 6.97354301952014}