{"effici": 2.7108631424788245, "implement": 2.570897097643523, "variabl": 3.1093106779283426, "project": 4.222007706478191, "algorithm": 0.8920854338854537, "nonlinear": 4.704859478201776, "squar": 3.6295040516979333, "problem": 1.9651324204459957, "errata": 6.462717395754149, "cacm": 0.00031215857909170155, "octob": 2.4849066497880004, "krogh": 7.379008127628304}