{"brother": 32.288621232753, "tree": 14.33407575382444, "insert": 19.7466443690364, "delet": 15.545350650876255, "provid": 3.015909502839942, "class": 3.427764409046877, "side": 5.299566585948469, "log": 9.962225709659867, "perform": 2.8094651192833644, "import": 3.497444329684867, "result": 2.3750618216828454, "stem": 6.97354301952014, "close": 4.638168103703103, "relationship": 4.222007706478191, "algorithm": 2.676256301656361, "oper": 2.270036932811187, "log2": 5.992713766508414, "carri": 4.77631844218392, "time": 2.0511319588387233, "appear": 4.48863636973214, "inher": 5.36410510708604, "difficult": 4.57564774672177, "revers": 5.299566585948469, "obtain": 3.116328250586989, "cacm": 0.00031215857909170155, "septemb": 2.546702369056466, "ottmann": 8.07215530818825, "wood": 5.87493073085203}