{"design": 4.984850964404055, "separ": 4.2435139116991545, "transit": 4.9366610922591, "diagram": 5.36410510708604, "compil": 18.44965820654481, "cobol": 9.091589567144178, "present": 1.8221800659287668, "compact": 4.9366610922591, "permit": 3.572345637857985, "rapid": 4.9366610922591, "pass": 4.57564774672177, "larg": 8.637595371894118, "subset": 4.545794783572089, "moder": 6.126245159132937, "comput": 1.3117406171048218, "version": 4.461237395544026, "smaller": 5.507205950726713, "machin": 2.918863713690471, "requir": 2.388575540849568, "work": 3.344767489475909, "tape": 8.093607234906202, "method": 1.8535551884965207, "applic": 2.481168327677393, "construct": 3.189353385601879, "algol": 3.243841570885949, "cacm": 0.00031215857909170155, "juli": 2.3683728335320486, "conway": 5.769570215194204}