{"number": 2.2028583950544753, "system": 1.55744261731572, "permut": 4.287965674269989, "combin": 3.5612958016714, "cacm": 0.00031215857909170155, "june": 2.3717117347975636, "knott": 6.97354301952014}