{"gargoyl": 8.07215530818825, "languag": 2.1750014405515095, "compil": 3.074943034424135, "write": 4.222007706478191, "cacm": 0.00031215857909170155, "januari": 2.6297375976664563, "garwick": 6.97354301952014}