{"multiprocess": 12.252490318265874, "compactifi": 14.758016255256608, "garbag": 25.638581645109046, "collect": 16.888030825912764, "algorithm": 0.8920854338854537, "collector": 5.87493073085203, "present": 3.6443601318575336, "discuss": 4.394449154672439, "simpl": 3.009560275161283, "case": 6.424685807653155, "processor": 26.008125370490607, "perform": 5.618930238566729, "lisp": 4.57564774672177, "list": 19.136120313611272, "oper": 4.540073865622374, "continu": 3.852647603012143, "examin": 3.641338509344936, "capabl": 3.8094754311469345, "defin": 3.1595004224521976, "interprocessor": 8.07215530818825, "commun": 3.7154464814986583, "interlock": 6.68586094706836, "complet": 3.47703545805366, "procedur": 2.63843330463401, "standard": 3.1023420086122493, "process": 2.1750014405515095, "primit": 4.814058770166768, "explain": 4.6709579265260945, "attent": 5.076423034634259, "problem": 1.9651324204459957, "mark": 5.127716329021809, "reloc": 6.280395838960195, "cell": 5.076423034634259, "primari": 5.027632870464827, "aim": 5.299566585948469, "allow": 3.867462688797284, "run": 3.6777061535158113, "unimped": 8.07215530818825, "reclaim": 6.97354301952014, "storag": 2.7394365149228808, "complex": 3.137681375057558, "involv": 3.4570347913469903, "briefli": 4.5168072466988365, "cacm": 0.00031215857909170155, "septemb": 2.546702369056466, "steel": 6.280395838960195, "jr": 3.243841570885949}