{"dynam": 7.676097607181981, "microprogram": 11.74986146170406, "processor": 18.57723240749329, "organ": 3.5078071167204135, "program": 2.877673749815746, "character": 4.9811128548299335, "small": 3.594818493710043, "bit": 3.977810745966149, "word": 3.7546671946519394, "read": 13.726943240165308, "write": 8.444015412956382, "micro": 13.94708603904028, "storag": 8.218309544768642, "access": 3.6062471895336663, "time": 4.102263917677447, "similar": 3.7954891891721947, "cycl": 5.027632870464827, "machin": 2.918863713690471, "nsec": 8.07215530818825, "microstorag": 16.1443106163765, "data": 2.1667934601336793, "subroutin": 12.362734768820467, "instruct": 3.867462688797284, "differ": 3.977810745966149, "convent": 3.8380488035909903, "perform": 2.8094651192833644, "pure": 5.769570215194204, "combinatori": 5.027632870464827, "oper": 4.540073865622374, "sequenc": 3.6654360609239967, "control": 2.954161495771495, "microinstruct": 16.1443106163765, "presenc": 6.280395838960195, "permit": 3.572345637857985, "flexibl": 8.53098563683586, "assign": 4.064822122955779, "resourc": 4.287965674269989, "develop": 4.853416821090025, "paper": 1.9808454261105517, "stress": 5.769570215194204, "simultan": 4.1803350100776235, "adder": 6.97354301952014, "shifter": 8.07215530818825, "masker": 8.07215530818825, "test": 3.0817227214095135, "facil": 3.8977680382926128, "microassembl": 8.07215530818825, "languag": 4.350002881103019, "overhead": 10.866195957145983, "involv": 3.4570347913469903, "linkag": 11.539140430388407, "analyz": 3.5503667311392095, "effici": 2.7108631424788245, "softwar": 3.929020581796717, "scheme": 3.518278416587709, "examin": 3.641338509344936, "characterist": 3.6295040516979333, "final": 3.7680902149840803, "exampl": 3.371674942395834, "problem": 1.9651324204459957, "orient": 3.977810745966149, "consid": 3.152174382360125, "result": 2.3750618216828454, "code": 2.948191328784991, "compar": 3.227968221729659, "system": 1.55744261731572, "assembl": 4.545794783572089, "version": 4.461237395544026, "technolog": 4.5168072466988365, "normal": 3.929020581796717, "cacm": 0.00031215857909170155, "april": 2.4231810700270437, "tucker": 6.462717395754149, "flynn": 8.07215530818825}