{"expenditur": 6.97354301952014, "sourc": 4.101863394636128, "fund": 12.56079167792039, "util": 7.380257347028737, "digit": 3.2930318150767204, "comput": 2.6234812342096436, "research": 7.955621491932298, "instruct": 7.734925377594568, "higher": 9.628117540333536, "educ": 12.863897022809967, "project": 4.222007706478191, "southern": 8.07215530818825, "region": 4.894101477840304, "board": 6.462717395754149, "publish": 4.6064194053885235, "complet": 3.47703545805366, "report": 3.4669851222001586, "survey": 8.97727273946428, "conduct": 5.238941964132033, "determin": 3.009560275161283, "character": 4.9811128548299335, "institut": 5.299566585948469, "unit": 4.2435139116991545, "state": 3.852647603012143, "sampl": 4.310955192494688, "estim": 3.929020581796717, "total": 4.1803350100776235, "popul": 6.280395838960195, "present": 1.8221800659287668, "cacm": 0.00031215857909170155, "april": 2.4231810700270437, "hamblen": 6.280395838960195}