{"algol": 3.243841570885949, "base": 2.701517280060587, "associ": 9.409718956403552, "languag": 6.525004321654528, "high": 3.6777061535158113, "level": 3.2681342634549932, "program": 1.438836874907873, "larg": 2.8791984572980396, "complex": 3.137681375057558, "structur": 4.94746669837975, "design": 2.4924254822020275, "implement": 5.141794195287046, "underli": 5.127716329021809, "data": 2.1667934601336793, "hash": 4.814058770166768, "code": 2.948191328784991, "techniqu": 2.240272830904733, "discuss": 2.1972245773362196, "includ": 2.7688504001291743, "comparison": 3.6901286735143684, "work": 3.344767489475909, "exampl": 3.371674942395834, "applic": 2.481168327677393, "cacm": 0.00031215857909170155, "august": 2.3750618216828454, "feldman": 5.992713766508414}