{"vmin": 22.137024382884913, "optim": 3.1743155082373384, "variabl": 9.327932033785029, "space": 10.492332989054601, "page": 15.845125776059755, "replac": 18.959803192052185, "algorithm": 4.460427169427269, "criterion": 11.1744973168005, "compar": 3.227968221729659, "present": 3.6443601318575336, "optimum": 9.409718956403552, "call": 3.4087162140761826, "shown": 2.7940406489577327, "respect": 4.26549281841793, "result": 2.3750618216828454, "simul": 3.380807425959106, "den": 5.36410510708604, "work": 3.344767489475909, "set": 2.554702411723542, "partit": 4.358583241483942, "virtual": 4.6064194053885235, "memori": 3.137681375057558, "program": 1.438836874907873, "demonstr": 4.0117122976418305, "improv": 3.3536564368931554, "known": 3.7027074557212285, "realiz": 5.027632870464827, "cacm": 0.00031215857909170155, "priev": 7.379008127628304, "fabri": 6.68586094706836}