{"program": 4.31651062472362, "develop": 2.4267084105450123, "stepwis": 6.97354301952014, "refin": 11.74986146170406, "creativ": 7.379008127628304, "activ": 3.977810745966149, "distinguish": 5.36410510708604, "code": 2.948191328784991, "taught": 6.97354301952014, "exampl": 3.371674942395834, "serv": 4.57564774672177, "exhibit": 5.769570215194204, "techniqu": 2.240272830904733, "consid": 3.152174382360125, "sequenc": 3.6654360609239967, "design": 2.4924254822020275, "decis": 3.8977680382926128, "concern": 3.9612814440149386, "decomposit": 5.181783550292085, "task": 4.222007706478191, "subtask": 7.379008127628304, "data": 4.333586920267359, "structur": 2.473733349189875, "process": 2.1750014405515095, "success": 4.083171261623976, "specif": 3.227968221729659, "illustr": 3.47703545805366, "short": 5.299566585948469, "nontrivi": 7.379008127628304, "number": 2.2028583950544753, "conclus": 4.814058770166768, "drawn": 5.127716329021809, "regard": 4.77631844218392, "art": 5.87493073085203, "instruct": 3.867462688797284, "cacm": 0.00031215857909170155, "april": 2.4231810700270437, "wirth": 5.238941964132033}