{"shuttl": 6.97354301952014, "sort": 3.8825005661618244, "algorithm": 0.8920854338854537, "cacm": 0.00031215857909170155, "june": 2.3717117347975636, "shaw": 5.87493073085203, "trimbl": 8.07215530818825}