{"subroutin": 4.1209115896068225, "method": 1.8535551884965207, "calcul": 3.5395558150349937, "logarithm": 5.181783550292085, "cacm": 0.00031215857909170155, "bemer": 5.58724865840025}