{"cobol": 13.637384350716268, "sampl": 4.310955192494688, "problem": 3.9302648408919914, "simplifi": 4.48863636973214, "merchandis": 7.379008127628304, "control": 2.954161495771495, "chosen": 4.894101477840304, "present": 1.8221800659287668, "user": 6.109750942746651, "potenti": 4.6709579265260945, "comput": 2.6234812342096436, "system": 1.55744261731572, "mythic": 8.07215530818825, "depart": 5.181783550292085, "store": 3.5288605259182457, "languag": 4.350002881103019, "bro": 8.07215530818825, "program": 1.438836874907873, "run": 3.6777061535158113, "cacm": 0.00031215857909170155, "august": 2.3750618216828454, "mackinson": 8.07215530818825}