{"gomori": 6.68586094706836, "algorithm": 0.8920854338854537, "cacm": 0.00031215857909170155, "proll": 6.126245159132937}