{"analysi": 8.32151382492064, "boolean": 4.638168103703103, "program": 2.877673749815746, "model": 17.98188895772654, "time": 6.15339587651617, "share": 6.974375659035355, "page": 11.883844332044816, "environ": 7.5361804299681605, "direct": 3.58351893845611, "graph": 4.029104040353699, "matric": 3.929020581796717, "frequent": 4.5168072466988365, "repres": 10.818741568600998, "logic": 3.6062471895336663, "structur": 4.94746669837975, "sequenc": 3.6654360609239967, "comput": 1.3117406171048218, "instruct": 7.734925377594568, "techniqu": 2.240272830904733, "addit": 6.63713023416377, "data": 4.333586920267359, "refer": 3.823660066138891, "nondirect": 6.97354301952014, "complet": 3.47703545805366, "specif": 3.227968221729659, "combin": 7.1225916033428, "transform": 3.6654360609239967, "yield": 9.091589567144178, "inform": 5.125533943120545, "contain": 5.181783550292085, "prior": 5.992713766508414, "execut": 6.471746802473543, "valuabl": 5.58724865840025, "determin": 3.009560275161283, "segment": 4.434569148461864, "initi": 4.2435139116991545, "load": 4.814058770166768, "look": 5.992713766508414, "ahead": 8.07215530818825, "control": 2.954161495771495, "turn": 5.181783550292085, "cacm": 0.00031215857909170155, "april": 2.4231810700270437, "low": 4.383275854074314}