{"charact": 3.6654360609239967, "manipul": 3.437426319958614, "fortran": 3.2681342634549932, "ii": 4.140329675463924, "cacm": 0.00031215857909170155, "decemb": 2.4626835130032902, "poor": 6.126245159132937, "jr": 3.243841570885949}