{"test": 3.0817227214095135, "matrix": 3.137681375057558, "invers": 3.867462688797284, "procedur": 2.63843330463401, "cacm": 0.00031215857909170155, "octob": 2.4849066497880004, "pei": 6.97354301952014}