{"asp": 40.36077654094125, "ring": 6.97354301952014, "implement": 7.712691292930569, "associ": 9.409718956403552, "structur": 9.8949333967595, "packag": 9.628117540333536, "gener": 1.8279884075245136, "purpos": 3.2599709528158325, "data": 6.5003803804010385, "arbitrari": 8.320264605520208, "number": 4.405716790108951, "item": 8.575931348539978, "relationship": 4.222007706478191, "repres": 3.6062471895336663, "special": 3.5395558150349937, "pictur": 4.6064194053885235, "languag": 2.1750014405515095, "prove": 3.8380488035909903, "draw": 5.433097978572992, "paper": 1.9808454261105517, "built": 5.076423034634259, "manipul": 3.437426319958614, "mean": 3.2201250442686327, "seri": 3.8825005661618244, "macro": 4.853279483320049, "call": 3.4087162140761826, "outlin": 4.160132302760104, "appendix": 5.674260035389879, "emphasi": 4.5168072466988365, "philosophi": 5.238941964132033, "system": 1.55744261731572, "suffici": 4.26549281841793, "inform": 2.5627669715602726, "includ": 2.7688504001291743, "enabl": 4.5168072466988365, "reader": 5.507205950726713, "produc": 3.427764409046877, "cacm": 0.00031215857909170155, "august": 2.3750618216828454, "lang": 8.07215530818825, "gray": 5.238941964132033}