{"charact": 3.6654360609239967, "manipul": 3.437426319958614, "fortran": 3.2681342634549932, "cacm": 0.00031215857909170155, "februari": 2.6211168546225494, "lewi": 5.992713766508414}