{"symmetr": 4.57564774672177, "list": 9.568060156805636, "processor": 3.7154464814986583, "process": 2.1750014405515095, "system": 4.67232785194716, "cell": 5.076423034634259, "forward": 5.507205950726713, "backward": 5.87493073085203, "link": 4.358583241483942, "datum": 6.97354301952014, "intend": 4.894101477840304, "imbed": 6.462717395754149, "higher": 4.814058770166768, "level": 3.2681342634549932, "languag": 6.525004321654528, "capabl": 3.8094754311469345, "call": 3.4087162140761826, "function": 2.2610143152115496, "subroutin": 8.241823179213645, "code": 2.948191328784991, "machin": 5.837727427380942, "present": 1.8221800659287668, "form": 3.0954215657676754, "fortran": 6.5362685269099865, "program": 2.877673749815746, "depend": 7.858041163593434, "limit": 7.259008103395867, "set": 7.6641072351706265, "primit": 9.628117540333536, "defin": 3.1595004224521976, "final": 3.7680902149840803, "field": 3.9946178642825303, "charact": 3.6654360609239967, "manipul": 3.437426319958614, "round": 4.704859478201776, "cacm": 0.00031215857909170155, "septemb": 2.546702369056466, "weizenbaum": 6.126245159132937}