{"kth": 8.07215530818825, "shortest": 5.992713766508414, "path": 4.48863636973214, "cacm": 0.00031215857909170155, "fox": 6.68586094706836}