{"experi": 10.400955366600476, "tree": 3.58351893845611, "search": 3.47703545805366, "program": 2.877673749815746, "procedur": 18.46903313243807, "improv": 3.3536564368931554, "mini": 20.920629058560422, "max": 32.31358697877074, "back": 5.507205950726713, "wide": 4.408593662058603, "comput": 2.6234812342096436, "game": 11.539140430388407, "play": 10.866195957145983, "purpos": 3.2599709528158325, "base": 2.701517280060587, "principl": 4.5168072466988365, "desir": 4.140329675463924, "option": 5.769570215194204, "make": 3.380807425959106, "decis": 3.8977680382926128, "face": 5.674260035389879, "uncertainti": 8.07215530818825, "assign": 8.129644245911559, "min": 13.94708603904028, "node": 13.30370744538559, "highest": 14.758016255256608, "lowest": 13.37172189413672, "valu": 7.405414911442457, "successor": 14.758016255256608, "function": 2.2610143152115496, "written": 3.728349886334566, "lisp": 4.57564774672177, "kalah": 8.07215530818825, "demonstr": 4.0117122976418305, "significantli": 5.127716329021809, "superior": 4.77631844218392, "statist": 7.734925377594568, "signific": 7.858041163593434, "import": 3.497444329684867, "conclus": 4.814058770166768, "inform": 2.5627669715602726, "lack": 5.58724865840025, "paper": 1.9808454261105517, "artifici": 5.36410510708604, "intellig": 5.181783550292085, "field": 3.9946178642825303, "serv": 4.57564774672177, "model": 2.996981492954423, "futur": 4.222007706478191, "work": 3.344767489475909, "cacm": 0.00031215857909170155, "march": 2.546702369056466, "slagl": 6.126245159132937, "dixon": 6.97354301952014}