{"sp": 51.65305689339813, "system": 1.55744261731572, "teach": 10.36356710058417, "comput": 3.9352218513144654, "program": 5.755347499631492, "compat": 4.853279483320049, "subset": 27.274768701432535, "pl": 5.127716329021809, "languag": 15.225010083860566, "design": 2.4924254822020275, "featur": 3.399326473726344, "chosen": 4.894101477840304, "encourag": 5.769570215194204, "structur": 2.473733349189875, "problem": 1.9651324204459957, "solv": 3.5078071167204135, "make": 6.761614851918212, "easi": 8.717166482967883, "learn": 9.788202955680608, "elimin": 4.064822122955779, "confus": 7.379008127628304, "redund": 4.9811128548299335, "construct": 9.568060156805636, "compil": 3.074943034424135, "result": 2.3750618216828454, "suitabl": 4.1803350100776235, "troduc": 11.985427533016829, "concept": 3.4181949580307265, "applic": 2.481168327677393, "includ": 2.7688504001291743, "busi": 4.814058770166768, "data": 2.1667934601336793, "process": 2.1750014405515095, "scientif": 4.9366610922591, "calcul": 3.5395558150349937, "non": 4.638168103703103, "numer": 3.2046208577326674, "actual": 4.287965674269989, "sequenc": 3.6654360609239967, "call": 3.4087162140761826, "retain": 6.126245159132937, "preced": 4.814058770166768, "precis": 4.064822122955779, "defin": 3.1595004224521976, "implement": 2.570897097643523, "cacm": 0.00031215857909170155, "holt": 6.280395838960195, "wortman": 8.07215530818825, "barnard": 8.07215530818825, "cordi": 8.07215530818825}