{"visibl": 6.280395838960195, "surfac": 4.704859478201776, "plot": 4.9811128548299335, "program": 1.438836874907873, "j6": 6.126245159132937, "algorithm": 0.8920854338854537, "a475": 8.07215530818825, "cacm": 0.00031215857909170155, "march": 2.546702369056466, "wright": 6.126245159132937}