{"lru": 13.37172189413672, "stack": 15.898699757845407, "depth": 18.378735477398813, "distribut": 27.979554637478937, "simul": 6.761614851918212, "page": 7.922562888029877, "behavior": 4.334485689904882, "famili": 15.08289861139448, "probabl": 4.222007706478191, "need": 3.251873742583213, "virtual": 4.6064194053885235, "memori": 3.137681375057558, "model": 2.996981492954423, "headway": 8.07215530818825, "fault": 6.126245159132937, "work": 3.344767489475909, "set": 2.554702411723542, "size": 3.427764409046877, "member": 5.299566585948469, "deriv": 3.2930318150767204, "simpl": 3.009560275161283, "express": 3.1595004224521976, "comput": 2.6234812342096436, "kind": 4.408593662058603, "final": 3.7680902149840803, "exampl": 3.371674942395834, "publish": 4.6064194053885235, "cacm": 0.00031215857909170155, "novemb": 2.4445341944976127, "turner": 6.97354301952014, "strecker": 8.07215530818825}