{"concept": 3.4181949580307265, "contour": 27.165489892864958, "map": 17.434332965935766, "process": 2.1750014405515095, "gener": 3.6559768150490273, "techniqu": 8.961091323618932, "simplifi": 4.48863636973214, "solut": 2.763887610787045, "problem": 3.9302648408919914, "relat": 3.144901623031045, "make": 3.380807425959106, "topolog": 10.866195957145983, "properti": 7.0791116300699874, "repres": 3.6062471895336663, "graphic": 4.2435139116991545, "structur": 2.473733349189875, "adjac": 5.769570215194204, "line": 7.0577210518364915, "connect": 4.310955192494688, "node": 4.434569148461864, "consist": 3.823660066138891, "util": 3.6901286735143684, "geometr": 5.58724865840025, "determin": 3.009560275161283, "characterist": 3.6295040516979333, "straight": 6.126245159132937, "drawn": 5.127716329021809, "appli": 3.2681342634549932, "locat": 4.140329675463924, "ground": 6.68586094706836, "track": 5.58724865840025, "aircraft": 7.379008127628304, "elev": 8.07215530818825, "read": 4.57564774672177, "obtain": 3.116328250586989, "flight": 6.97354301952014, "cacm": 0.00031215857909170155, "march": 2.546702369056466, "mors": 7.379008127628304}