{"bank": 45.39408028311903, "inform": 15.376601829361636, "system": 7.787213086578601, "concept": 6.836389916061453, "larg": 2.8791984572980396, "commerci": 6.126245159132937, "progress": 5.181783550292085, "point": 3.015909502839942, "major": 3.867462688797284, "account": 18.959803192052185, "applic": 4.962336655354786, "autom": 4.57564774672177, "sophist": 5.076423034634259, "usag": 4.6064194053885235, "data": 8.667173840534717, "process": 6.525004321654528, "equip": 9.8733221845182, "sought": 6.68586094706836, "coupl": 5.87493073085203, "avail": 5.769570215194204, "suit": 5.076423034634259, "real": 7.015614233440827, "time": 4.102263917677447, "direct": 7.16703787691222, "access": 7.212494379067333, "led": 5.992713766508414, "develop": 2.4267084105450123, "central": 9.479901596026092, "base": 5.403034560121174, "approach": 6.348631016474677, "serv": 4.57564774672177, "fold": 6.68586094706836, "purpos": 3.2599709528158325, "provid": 6.031819005679884, "respons": 4.461237395544026, "inquir": 8.07215530818825, "individu": 4.6064194053885235, "stasu": 8.07215530818825, "complex": 3.137681375057558, "combin": 3.5612958016714, "manag": 4.046803617453101, "kind": 4.408593662058603, "draw": 5.433097978572992, "common": 3.9450209231431583, "store": 3.5288605259182457, "contain": 5.181783550292085, "includ": 2.7688504001291743, "index": 4.383275854074314, "facilit": 4.739950798013046, "cross": 11.539140430388407, "referenc": 11.348520070779758, "relationship": 4.222007706478191, "custom": 6.126245159132937, "discern": 8.07215530818825, "introduc": 3.8380488035909903, "gradual": 7.379008127628304, "convers": 3.867462688797284, "prudent": 7.379008127628304, "gener": 1.8279884075245136, "interfac": 5.299566585948469, "comput": 1.3117406171048218, "exist": 3.572345637857985, "cacm": 0.00031215857909170155, "juli": 2.3683728335320486, "head": 5.181783550292085}