{"comit": 6.462717395754149, "cacm": 0.00031215857909170155, "march": 2.546702369056466, "yngve": 6.97354301952014}