{"hardwar": 3.8825005661618244, "softwar": 3.929020581796717, "complementar": 7.379008127628304, "cacm": 0.00031215857909170155, "octob": 2.4849066497880004, "oetting": 6.68586094706836}