{"algol": 3.243841570885949, "refer": 3.823660066138891, "languag": 2.1750014405515095, "editor": 5.674260035389879, "algorithm": 0.8920854338854537, "r2": 6.97354301952014, "cacm": 0.00031215857909170155, "juli": 2.3683728335320486, "sauer": 7.379008127628304}