{"comment": 4.064822122955779, "paper": 1.9808454261105517, "chen": 7.379008127628304, "ho": 6.97354301952014, "cacm": 0.00031215857909170155, "august": 2.3750618216828454, "smith": 4.310955192494688}