{"direct": 3.58351893845611, "search": 3.47703545805366, "algorithm": 0.8920854338854537, "e4": 5.433097978572992, "cacm": 0.00031215857909170155, "novemb": 2.4445341944976127, "tomlin": 8.07215530818825, "smith": 4.310955192494688}