{"fortran": 3.2681342634549932, "random": 3.6062471895336663, "number": 2.2028583950544753, "gener": 1.8279884075245136, "cacm": 0.00031215857909170155, "novemb": 2.4445341944976127, "grosenbaugh": 8.07215530818825}