{"heapsort": 8.07215530818825, "algorithm": 0.8920854338854537, "cacm": 0.00031215857909170155, "june": 2.3717117347975636, "william": 5.507205950726713}