{"studi": 3.227968221729659, "machin": 11.675454854761885, "cognit": 8.07215530818825, "game": 23.078280860776815, "poker": 16.1443106163765, "progress": 5.181783550292085, "report": 3.4669851222001586, "present": 1.8221800659287668, "go": 7.379008127628304, "research": 3.977810745966149, "effort": 4.5168072466988365, "concern": 3.9612814440149386, "human": 22.58403623349418, "decis": 7.7955360765852255, "make": 10.14242227787732, "uncertainli": 8.07215530818825, "risk": 6.97354301952014, "problem": 1.9651324204459957, "solv": 3.5078071167204135, "learn": 9.788202955680608, "process": 2.1750014405515095, "hand": 4.894101477840304, "larg": 5.758396914596079, "scale": 8.575931348539978, "program": 4.31651062472362, "system": 1.55744261731572, "techniqu": 2.240272830904733, "terest": 6.68586094706836, "deduct": 6.462717395754149, "induct": 5.769570215194204, "infer": 5.36410510708604, "form": 3.0954215657676754, "optim": 3.1743155082373384, "heurist": 4.6064194053885235, "rule": 3.47703545805366, "reach": 5.87493073085203, "similar": 3.7954891891721947, "result": 2.3750618216828454, "vehicl": 5.992713766508414, "investig": 4.26549281841793, "conceptu": 5.181783550292085, "framework": 4.9811128548299335, "provid": 3.015909502839942, "fairli": 5.769570215194204, "wide": 4.408593662058603, "rang": 4.222007706478191, "applic": 2.481168327677393, "model": 2.996981492954423, "judgment": 7.379008127628304, "choic": 4.57564774672177, "incorpor": 4.5168072466988365, "complex": 3.137681375057558, "repres": 3.6062471895336663, "descript": 3.437426319958614, "norm": 5.769570215194204, "theori": 4.140329675463924, "behavior": 4.334485689904882, "teract": 6.462717395754149, "environ": 3.7680902149840803, "recent": 3.8977680382926128, "establish": 4.408593662058603, "use": 5.433097978572992, "experi": 3.4669851222001586, "play": 5.433097978572992, "enabl": 4.5168072466988365, "construct": 3.189353385601879, "strategi": 4.6709579265260945, "line": 3.5288605259182457, "question": 4.140329675463924, "answer": 4.9366610922591, "advic": 8.07215530818825, "take": 4.160132302760104, "mode": 4.77631844218392, "cacm": 0.00031215857909170155, "april": 2.4231810700270437, "findler": 8.07215530818825}