{"interv": 4.48863636973214, "estim": 3.929020581796717, "time": 4.102263917677447, "state": 3.852647603012143, "total": 4.1803350100776235, "ratio": 5.127716329021809, "doubleexponenti": 8.07215530818825, "process": 2.1750014405515095, "cacm": 0.00031215857909170155, "june": 2.3717117347975636, "neal": 8.07215530818825}