{"languag": 8.700005762206038, "treat": 4.814058770166768, "graph": 20.1455202017685, "represent": 3.5503667311392095, "formul": 4.545794783572089, "oper": 4.540073865622374, "node": 4.434569148461864, "link": 8.717166482967883, "delet": 5.181783550292085, "insert": 4.9366610922591, "union": 5.87493073085203, "intersect": 5.58724865840025, "comparison": 3.6901286735143684, "travers": 6.280395838960195, "repres": 3.6062471895336663, "list": 3.189353385601879, "syntact": 4.26549281841793, "defin": 3.1595004224521976, "extens": 3.3359568597937543, "algol": 6.487683141771898, "translat": 3.6901286735143684, "mean": 3.2201250442686327, "syntax": 4.029104040353699, "driven": 5.36410510708604, "compil": 3.074943034424135, "applic": 2.481168327677393, "area": 3.867462688797284, "research": 3.977810745966149, "network": 3.9450209231431583, "problem": 3.9302648408919914, "control": 2.954161495771495, "theori": 4.140329675463924, "traffic": 5.674260035389879, "cacm": 0.00031215857909170155, "crespi": 7.379008127628304, "reghizzi": 7.379008127628304, "morpurgo": 8.07215530818825}