{"evalu": 3.137681375057558, "statist": 7.734925377594568, "softwar": 3.929020581796717, "social": 5.674260035389879, "scienc": 3.977810745966149, "hundr": 6.126245159132937, "colleg": 5.674260035389879, "univers": 3.9946178642825303, "comput": 1.3117406171048218, "instal": 5.58724865840025, "offer": 4.77631844218392, "type": 3.144901623031045, "packag": 4.814058770166768, "gener": 1.8279884075245136, "wide": 4.408593662058603, "osiri": 8.07215530818825, "spss": 7.379008127628304, "bmd": 7.379008127628304, "data": 2.1667934601336793, "text": 4.083171261623976, "tsar": 8.07215530818825, "order": 2.93049175168559, "provid": 3.015909502839942, "user": 3.0548754713733257, "basi": 4.029104040353699, "select": 3.617808011934742, "test": 3.0817227214095135, "made": 3.2046208577326674, "system": 1.55744261731572, "result": 2.3750618216828454, "summar": 5.076423034634259, "cost": 3.518278416587709, "perform": 2.8094651192833644, "cacm": 0.00031215857909170155, "june": 2.3717117347975636, "slysz": 8.07215530818825}