{"npl": 8.07215530818825, "highlight": 6.126245159132937, "program": 1.438836874907873, "languag": 2.1750014405515095, "cacm": 0.00031215857909170155, "januari": 2.6297375976664563, "radin": 8.07215530818825, "rogoway": 8.07215530818825}