{"criteria": 13.726943240165308, "decompos": 5.992713766508414, "system": 6.22977046926288, "modul": 15.545350650876255, "paper": 1.9808454261105517, "discuss": 4.394449154672439, "modular": 11.985427533016829, "mechan": 3.7680902149840803, "improv": 3.3536564368931554, "flexibl": 4.26549281841793, "ad": 4.408593662058603, "comprehens": 5.433097978572992, "allow": 3.867462688797284, "shorten": 6.97354301952014, "develop": 2.4267084105450123, "time": 2.0511319588387233, "effect": 6.190843131535351, "depend": 3.929020581796717, "divid": 4.739950798013046, "design": 2.4924254822020275, "problem": 1.9651324204459957, "present": 1.8221800659287668, "convent": 7.676097607181981, "unconvent": 20.05758284120508, "decomposit": 20.72713420116834, "shown": 2.7940406489577327, "distinct": 5.076423034634259, "advantag": 3.7027074557212285, "goal": 4.9811128548299335, "outlin": 4.160132302760104, "arriv": 5.36410510708604, "implement": 5.141794195287046, "assumpt": 4.739950798013046, "consist": 3.823660066138891, "subroutin": 4.1209115896068225, "effici": 2.7108631424788245, "case": 3.2123429038265776, "altern": 3.9612814440149386, "approach": 3.1743155082373384, "sketch": 6.68586094706836, "cacm": 0.00031215857909170155, "decemb": 2.4626835130032902, "parna": 5.87493073085203}