{"interrupt": 22.028823802906853, "base": 10.806069120242348, "organ": 14.031228466881654, "manag": 8.093607234906202, "inform": 5.125533943120545, "system": 7.787213086578601, "program": 4.31651062472362, "structur": 7.421200047569625, "languag": 4.350002881103019, "construct": 3.189353385601879, "supervisori": 12.925434791508298, "propos": 5.814738668529472, "design": 2.4924254822020275, "code": 2.948191328784991, "larg": 2.8791984572980396, "share": 3.4871878295176777, "data": 4.333586920267359, "gener": 3.6559768150490273, "newli": 6.462717395754149, "introduc": 3.8380488035909903, "concept": 6.836389916061453, "tag": 5.992713766508414, "process": 4.350002881103019, "associ": 4.704859478201776, "condit": 3.39002408106403, "item": 4.287965674269989, "algorithm": 0.8920854338854537, "resolv": 5.58724865840025, "conflict": 5.674260035389879, "aris": 4.704859478201776, "schedul": 3.977810745966149, "routin": 3.867462688797284, "present": 1.8221800659287668, "dpl": 8.07215530818825, "implement": 2.570897097643523, "illustr": 3.47703545805366, "cacm": 0.00031215857909170155, "decemb": 2.4626835130032902, "morgan": 6.126245159132937}