{"note": 3.497444329684867, "calcul": 3.5395558150349937, "work": 20.068604936855454, "set": 15.328214470341253, "size": 17.138822045234384, "finit": 4.2435139116991545, "length": 7.590978378344389, "refer": 11.470980198416672, "string": 11.108122367163686, "arbitrari": 4.160132302760104, "structur": 2.473733349189875, "consid": 6.30434876472025, "exact": 4.853279483320049, "express": 6.319000844904395, "averag": 12.79647845525379, "term": 3.2763647625915087, "correct": 3.6295040516979333, "interrefer": 6.97354301952014, "interv": 4.48863636973214, "statist": 7.734925377594568, "deriv": 6.586063630153441, "discuss": 2.1972245773362196, "upper": 5.36410510708604, "lower": 5.238941964132033, "bound": 3.8380488035909903, "obtain": 6.232656501173978, "function": 4.522028630423099, "shown": 2.7940406489577327, "effici": 2.7108631424788245, "page": 7.922562888029877, "singl": 3.7546671946519394, "pass": 4.57564774672177, "follow": 6.126245159132937, "develop": 2.4267084105450123, "paper": 1.9808454261105517, "den": 5.36410510708604, "schwartz": 5.674260035389879, "infinit": 5.58724865840025, "satisfi": 4.383275854074314, "properti": 3.5395558150349937, "relat": 3.144901623031045, "asymptot": 10.866195957145983, "miss": 6.126245159132937, "rate": 4.408593662058603, "replac": 4.739950798013046, "cacm": 0.00031215857909170155, "octob": 2.4849066497880004, "slutz": 7.379008127628304, "traiger": 7.379008127628304}