{"remark": 4.57564774672177, "gener": 1.8279884075245136, "algol": 3.243841570885949, "cacm": 0.00031215857909170155, "juli": 2.3683728335320486, "garwick": 6.97354301952014}