{"enumer": 5.433097978572992, "combin": 3.5612958016714, "object": 3.380807425959106, "g6": 4.894101477840304, "algorithm": 0.8920854338854537, "a452": 8.07215530818825, "cacm": 0.00031215857909170155, "august": 2.3750618216828454, "liu": 8.07215530818825, "tang": 6.97354301952014}