{"matrix": 3.137681375057558, "triangul": 8.07215530818825, "integ": 4.140329675463924, "arithmet": 3.6901286735143684, "algorithm": 0.8920854338854537, "f1": 5.433097978572992, "cacm": 0.00031215857909170155, "juli": 2.3683728335320486, "blankinship": 7.379008127628304}