{"elimin": 8.129644245911559, "special": 3.5395558150349937, "function": 15.827100206480846, "differenti": 11.787061745390151, "equat": 12.43724271171337, "set": 5.109404823447084, "ordinari": 4.434569148461864, "mathemat": 3.6295040516979333, "requir": 2.388575540849568, "subroutin": 4.1209115896068225, "numer": 6.409241715465335, "solut": 5.52777522157409, "electron": 5.181783550292085, "comput": 1.3117406171048218, "tabular": 5.674260035389879, "data": 2.1667934601336793, "hand": 4.894101477840304, "calcul": 3.5395558150349937, "gener": 1.8279884075245136, "analog": 5.299566585948469, "method": 1.8535551884965207, "appli": 3.2681342634549932, "expand": 5.181783550292085, "equival": 4.434569148461864, "practic": 3.617808011934742, "satisfi": 4.383275854074314, "suffici": 4.26549281841793, "simpl": 3.009560275161283, "procedur": 2.63843330463401, "trigonometr": 13.94708603904028, "invers": 3.867462688797284, "exponenti": 4.1803350100776235, "transcendent": 6.126245159132937, "cacm": 0.00031215857909170155, "march": 2.546702369056466, "power": 3.7680902149840803}