{"incomplet": 5.127716329021809, "beta": 6.126245159132937, "function": 2.2610143152115496, "ratio": 5.127716329021809, "algorithm": 0.8920854338854537, "cacm": 0.00031215857909170155, "april": 2.4231810700270437, "gautschi": 5.433097978572992}