{"adapt": 4.434569148461864, "correct": 3.6295040516979333, "program": 1.438836874907873, "statement": 3.7154464814986583, "corrigendum": 4.545794783572089, "cacm": 0.00031215857909170155, "novemb": 2.4445341944976127, "jame": 6.97354301952014, "partridg": 7.379008127628304}