{"multiword": 24.21646592456475, "list": 15.946766928009396, "item": 17.151862697079956, "concept": 6.836389916061453, "origin": 4.2435139116991545, "propos": 2.907369334264736, "newel": 6.126245159132937, "simon": 6.97354301952014, "shaw": 5.87493073085203, "singl": 7.509334389303879, "comput": 1.3117406171048218, "word": 11.264001583955817, "element": 7.765001132323649, "report": 3.4669851222001586, "describ": 3.0954215657676754, "consecut": 5.87493073085203, "result": 2.3750618216828454, "consider": 3.8977680382926128, "save": 4.739950798013046, "space": 6.994888659369734, "requir": 4.777151081699136, "hold": 5.433097978572992, "amount": 4.1803350100776235, "data": 4.333586920267359, "execut": 3.2358734012367716, "time": 2.0511319588387233, "perform": 2.8094651192833644, "process": 2.1750014405515095, "descript": 3.437426319958614, "standard": 3.1023420086122493, "structur": 2.473733349189875, "introduc": 3.8380488035909903, "variabl": 3.1093106779283426, "length": 3.7954891891721947, "util": 3.6901286735143684, "problem": 3.9302648408919914, "final": 3.7680902149840803, "exampl": 3.371674942395834, "illustr": 3.47703545805366, "paper": 3.9616908522211034, "attempt": 4.1209115896068225, "draw": 5.433097978572992, "recent": 3.8977680382926128, "appli": 3.2681342634549932, "way": 4.77631844218392, "relat": 3.144901623031045, "gener": 1.8279884075245136, "cacm": 0.00031215857909170155, "june": 2.3717117347975636, "comfort": 8.07215530818825}