{"thoth": 32.288621232753, "portabl": 20.05758284120508, "real": 7.015614233440827, "time": 4.102263917677447, "oper": 4.540073865622374, "system": 6.22977046926288, "isa": 8.07215530818825, "design": 2.4924254822020275, "larg": 2.8791984572980396, "set": 2.554702411723542, "machin": 2.918863713690471, "run": 3.6777061535158113, "minicomput": 6.97354301952014, "architectur": 5.076423034634259, "applic": 4.962336655354786, "program": 5.755347499631492, "written": 3.728349886334566, "high": 3.6777061535158113, "level": 3.2681342634549932, "languag": 2.1750014405515095, "implement": 2.570897097643523, "softwar": 3.929020581796717, "hardwar": 3.8825005661618244, "interfac": 5.299566585948469, "user": 3.0548754713733257, "highli": 4.638168103703103, "encourag": 5.769570215194204, "structur": 2.473733349189875, "network": 3.9450209231431583, "commun": 7.430892962997317, "process": 2.1750014405515095, "provid": 3.015909502839942, "effici": 2.7108631424788245, "interprocess": 7.379008127628304, "primit": 4.814058770166768, "cacm": 0.00031215857909170155, "februari": 2.6211168546225494, "cheriton": 8.07215530818825, "malcolm": 6.280395838960195, "melen": 8.07215530818825, "sager": 7.379008127628304}