{"prove": 11.514146410772971, "monitor": 13.91450431110931, "interest": 3.9450209231431583, "schedul": 3.977810745966149, "sequenti": 4.5168072466988365, "properti": 7.0791116300699874, "state": 3.852647603012143, "variabl": 3.1093106779283426, "record": 3.867462688797284, "histori": 5.076423034634259, "defin": 6.319000844904395, "extend": 3.8977680382926128, "proof": 4.1803350100776235, "rule": 3.47703545805366, "wait": 10.72821021417208, "signal": 5.238941964132033, "oper": 2.270036932811187, "techniqu": 2.240272830904733, "discuss": 2.1972245773362196, "appli": 3.2681342634549932, "exampl": 3.371674942395834, "freedom": 6.126245159132937, "indefinit": 6.68586094706836, "repeat": 5.992713766508414, "overtak": 8.07215530818825, "unnecessari": 6.126245159132937, "upper": 5.36410510708604, "bound": 3.8380488035909903, "queue": 4.894101477840304, "length": 3.7954891891721947, "histor": 6.280395838960195, "behavior": 4.334485689904882, "cacm": 0.00031215857909170155, "howard": 6.462717395754149}