{"algorithm": 4.460427169427269, "nonlinear": 14.114578434605328, "minimax": 12.56079167792039, "approxim": 6.761614851918212, "problem": 5.895397261337987, "character": 4.9811128548299335, "properti": 3.5395558150349937, "permit": 3.572345637857985, "applic": 4.962336655354786, "special": 3.5395558150349937, "mainli": 5.769570215194204, "base": 2.701517280060587, "exchang": 6.462717395754149, "reme": 6.97354301952014, "solut": 2.763887610787045, "paper": 1.9808454261105517, "type": 3.144901623031045, "gener": 1.8279884075245136, "due": 4.9811128548299335, "osborn": 8.07215530818825, "watson": 13.37172189413672, "consid": 3.152174382360125, "exampl": 3.371674942395834, "illustr": 3.47703545805366, "give": 4.287965674269989, "satisfactori": 5.238941964132033, "result": 2.3750618216828454, "success": 4.083171261623976, "solv": 3.5078071167204135, "lead": 4.48863636973214, "difficulti": 4.57564774672177, "convent": 3.8380488035909903, "specialist": 6.68586094706836, "method": 1.8535551884965207, "cacm": 0.00031215857909170155, "march": 2.546702369056466}