{"normal": 19.645102908983585, "requir": 9.554302163398273, "divisor": 27.165489892864958, "divid": 9.479901596026092, "correct": 14.518016206791733, "method": 3.7071103769930414, "paper": 1.9808454261105517, "present": 1.8221800659287668, "analysi": 5.5476758832804265, "made": 3.2046208577326674, "subject": 4.160132302760104, "condit": 3.39002408106403, "obtain": 3.116328250586989, "true": 5.674260035389879, "quotient": 11.539140430388407, "charact": 10.99630818277199, "trial": 5.674260035389879, "estim": 7.858041163593434, "divis": 22.58403623349418, "precis": 20.324110614778895, "segment": 13.30370744538559, "partial": 4.287965674269989, "remaind": 5.87493073085203, "suitabl": 4.1803350100776235, "round": 4.704859478201776, "singl": 3.7546671946519394, "denot": 6.462717395754149, "basic": 10.25458487409218, "found": 3.852647603012143, "narrow": 6.68586094706836, "smaller": 5.507205950726713, "rang": 4.222007706478191, "provid": 3.015909502839942, "magnitud": 5.992713766508414, "lead": 4.48863636973214, "known": 3.7027074557212285, "elimin": 8.129644245911559, "choos": 5.36410510708604, "proper": 5.076423034634259, "higher": 4.814058770166768, "operand": 5.992713766508414, "consid": 3.152174382360125, "possibl": 4.77631844218392, "increas": 3.6295040516979333, "number": 2.2028583950544753, "shown": 2.7940406489577327, "scheme": 3.518278416587709, "econom": 4.6709579265260945, "small": 3.594818493710043, "radic": 6.280395838960195, "cacm": 0.00031215857909170155, "decemb": 2.4626835130032902, "krishnamurthi": 6.97354301952014, "nandi": 7.379008127628304}