{"comput": 2.6234812342096436, "pattern": 12.305590183908384, "recognit": 14.114578434605328, "techniqu": 2.240272830904733, "electrocardiograph": 6.97354301952014, "diagnosi": 5.87493073085203, "program": 1.438836874907873, "digit": 3.2930318150767204, "gener": 1.8279884075245136, "classif": 5.181783550292085, "devic": 3.929020581796717, "phase": 5.027632870464827, "live": 6.126245159132937, "interest": 3.9450209231431583, "artifici": 5.36410510708604, "intellig": 5.181783550292085, "import": 3.497444329684867, "choos": 5.36410510708604, "class": 6.855528818093754, "signal": 15.7168258923961, "present": 5.4665401977863, "undergo": 8.07215530818825, "good": 4.6064194053885235, "deal": 4.461237395544026, "visual": 6.126245159132937, "inspect": 5.992713766508414, "train": 5.36410510708604, "peopl": 5.507205950726713, "purpos": 3.2599709528158325, "comparison": 3.6901286735143684, "machin": 2.918863713690471, "human": 4.5168072466988365, "perform": 2.8094651192833644, "obtain": 3.116328250586989, "practic": 3.617808011934742, "result": 2.3750618216828454, "serv": 4.57564774672177, "addit": 3.318565117081885, "motiv": 5.674260035389879, "clinic": 6.462717395754149, "electrocardiogram": 6.68586094706836, "make": 3.380807425959106, "approach": 3.1743155082373384, "problem": 1.9651324204459957, "center": 4.6709579265260945, "multipl": 3.58351893845611, "adapt": 4.434569148461864, "match": 4.5168072466988365, "filter": 6.280395838960195, "classifi": 5.674260035389879, "normal": 3.929020581796717, "report": 3.4669851222001586, "five": 8.07215530818825, "background": 5.299566585948469, "applic": 2.481168327677393, "method": 1.8535551884965207, "cacm": 0.00031215857909170155, "octob": 2.4849066497880004, "stark": 6.97354301952014, "okajima": 8.07215530818825, "whippl": 7.379008127628304}