{"digit": 6.586063630153441, "synthesi": 5.674260035389879, "correl": 10.866195957145983, "stationari": 19.38815218726245, "nois": 40.11516568241016, "note": 3.497444329684867, "propos": 2.907369334264736, "method": 5.560665565489562, "gener": 3.6559768150490273, "prescrib": 12.252490318265874, "auto": 16.1443106163765, "covari": 13.37172189413672, "function": 4.522028630423099, "need": 3.251873742583213, "techniqu": 6.7208184927142, "aris": 4.704859478201776, "test": 3.0817227214095135, "perform": 2.8094651192833644, "data": 2.1667934601336793, "process": 4.350002881103019, "engin": 4.814058770166768, "system": 1.55744261731572, "input": 3.116328250586989, "corrupt": 8.07215530818825, "known": 3.7027074557212285, "form": 3.0954215657676754, "requir": 2.388575540849568, "simpl": 3.009560275161283, "produc": 3.427764409046877, "strict": 6.97354301952014, "sens": 4.739950798013046, "agre": 6.97354301952014, "approxim": 6.761614851918212, "acf": 8.07215530818825, "interv": 4.48863636973214, "consist": 3.823660066138891, "spectral": 13.37172189413672, "densiti": 5.507205950726713, "period": 9.55263688436784, "line": 3.5288605259182457, "synthes": 5.674260035389879, "random": 3.6062471895336663, "phase": 5.027632870464827, "amplitud": 7.379008127628304, "order": 2.93049175168559, "simplifi": 4.48863636973214, "discuss": 2.1972245773362196, "statist": 3.867462688797284, "properti": 3.5395558150349937, "present": 3.6443601318575336, "term": 3.2763647625915087, "exact": 4.853279483320049, "harmon": 13.94708603904028, "analysi": 5.5476758832804265, "practic": 3.617808011934742, "discret": 4.814058770166768, "section": 4.853279483320049, "cacm": 0.00031215857909170155, "juli": 2.3683728335320486, "peabodi": 8.07215530818825, "adorno": 8.07215530818825}