{"posit": 4.1209115896068225, "point": 3.015909502839942, "rel": 4.200954297280359, "polygon": 5.58724865840025, "algorithm": 0.8920854338854537, "cacm": 0.00031215857909170155, "august": 2.3750618216828454, "shimrat": 6.68586094706836}