{"programm": 7.955621491932298, "workbench": 16.1443106163765, "machin": 8.756591141071414, "softwar": 7.858041163593434, "develop": 9.70683364218005, "project": 4.222007706478191, "assumpt": 4.739950798013046, "made": 3.2046208577326674, "program": 4.31651062472362, "function": 4.522028630423099, "eventu": 6.68586094706836, "system": 3.11488523463144, "run": 3.6777061535158113, "product": 3.9946178642825303, "unavail": 6.97354301952014, "environ": 3.7680902149840803, "total": 4.1803350100776235, "inadequ": 6.462717395754149, "altern": 3.9612814440149386, "consid": 3.152174382360125, "paper": 3.9616908522211034, "suggest": 3.399326473726344, "situat": 4.48863636973214, "advantag": 3.7027074557212285, "separ": 4.2435139116991545, "main": 4.029104040353699, "tenanc": 6.68586094706836, "special": 3.5395558150349937, "comput": 2.6234812342096436, "dedic": 6.462717395754149, "purpos": 3.2599709528158325, "call": 3.4087162140761826, "basic": 3.4181949580307265, "section": 4.853279483320049, "troduc": 5.992713766508414, "subject": 4.160132302760104, "outlin": 4.160132302760104, "gener": 1.8279884075245136, "concept": 6.836389916061453, "discuss": 2.1972245773362196, "area": 3.867462688797284, "approach": 3.1743155082373384, "prove": 3.8380488035909903, "benefici": 7.379008127628304, "describ": 3.0954215657676754, "oper": 2.270036932811187, "util": 3.6901286735143684, "cacm": 0.00031215857909170155, "octob": 2.4849066497880004, "ivi": 7.379008127628304}