{"eigenvalu": 4.814058770166768, "eigenvector": 5.507205950726713, "real": 3.5078071167204135, "symmetr": 4.57564774672177, "matrix": 3.137681375057558, "f2": 5.674260035389879, "algorithm": 0.8920854338854537, "cacm": 0.00031215857909170155, "june": 2.3717117347975636, "stewart": 6.280395838960195}