{"effect": 3.0954215657676754, "multiplex": 18.841187516880584, "comput": 9.182184319733754, "commun": 14.861785925994633, "system": 7.787213086578601, "studi": 3.227968221729659, "made": 3.2046208577326674, "asynchron": 6.126245159132937, "time": 6.15339587651617, "divis": 4.5168072466988365, "stochast": 5.58724865840025, "natur": 3.7027074557212285, "arriv": 5.36410510708604, "process": 6.525004321654528, "user": 3.0548754713733257, "affect": 5.181783550292085, "perform": 8.428395357850093, "share": 6.974375659035355, "conclud": 4.814058770166768, "valu": 3.7027074557212285, "paramet": 3.7816958670398586, "notic": 6.68586094706836, "improv": 6.707312873786311, "model": 5.993962985908846, "sens": 4.739950798013046, "schedul": 3.977810745966149, "delay": 12.56079167792039, "reduc": 3.641338509344936, "offset": 8.07215530818825, "transmiss": 4.9811128548299335, "impos": 5.674260035389879, "chang": 4.2435139116991545, "analyt": 8.922474791088051, "simul": 3.380807425959106, "result": 4.750123643365691, "base": 2.701517280060587, "queue": 9.788202955680608, "multiplexor": 8.07215530818825, "tandem": 7.379008127628304, "singl": 3.7546671946519394, "exponenti": 4.1803350100776235, "server": 6.68586094706836, "includ": 2.7688504001291743, "gener": 1.8279884075245136, "descript": 3.437426319958614, "output": 6.994888659369734, "condit": 3.39002408106403, "approxim": 3.380807425959106, "poisson": 5.87493073085203, "cacm": 0.00031215857909170155, "march": 2.546702369056466, "pack": 5.58724865840025}