{"pm": 40.36077654094125, "system": 9.34465570389432, "polynomi": 13.63486485630473, "manipul": 6.874852639917228, "ibm": 3.518278416587709, "program": 1.438836874907873, "formal": 7.456699772669132, "number": 2.2028583950544753, "variabl": 3.1093106779283426, "integr": 2.984558972955866, "coeffici": 4.1209115896068225, "unrestrict": 6.126245159132937, "size": 3.427764409046877, "oper": 2.270036932811187, "perform": 2.8094651192833644, "sum": 4.545794783572089, "differ": 3.977810745966149, "product": 3.9946178642825303, "quotient": 5.769570215194204, "deriv": 3.2930318150767204, "substitut": 5.433097978572992, "greater": 4.853279483320049, "common": 7.890041846286317, "divisor": 10.866195957145983, "base": 2.701517280060587, "refco": 8.07215530818825, "iii": 4.704859478201776, "list": 3.189353385601879, "process": 2.1750014405515095, "compar": 6.455936443459318, "lisp": 4.57564774672177, "slip": 6.462717395754149, "subroutin": 4.1209115896068225, "arithmet": 3.6901286735143684, "larg": 2.8791984572980396, "integ": 4.140329675463924, "constitut": 5.769570215194204, "independ": 3.8094754311469345, "subsystem": 5.674260035389879, "alpak": 8.07215530818825, "respect": 4.26549281841793, "includ": 5.5377008002583485, "choic": 4.57564774672177, "canon": 6.126245159132937, "form": 3.0954215657676754, "algorithm": 0.8920854338854537, "greatest": 5.674260035389879, "calcul": 3.5395558150349937, "mention": 5.507205950726713, "exapl": 8.07215530818825, "illustr": 3.47703545805366, "superior": 4.77631844218392, "cacm": 0.00031215857909170155, "august": 2.3750618216828454, "collin": 5.87493073085203}