{"queri": 9.479901596026092, "relat": 12.57960649212418, "express": 3.1595004224521976, "squar": 10.8885121550938, "data": 8.667173840534717, "sublanguag": 12.925434791508298, "paper": 1.9808454261105517, "present": 1.8221800659287668, "call": 3.4087162140761826, "intend": 4.894101477840304, "ad": 4.408593662058603, "hoc": 6.97354301952014, "interact": 3.6654360609239967, "problem": 1.9651324204459957, "solv": 3.5078071167204135, "non": 4.638168103703103, "comput": 1.3117406171048218, "specialist": 6.68586094706836, "base": 10.806069120242348, "model": 2.996981492954423, "shown": 2.7940406489577327, "complet": 3.47703545805366, "avoid": 4.434569148461864, "quantifi": 6.462717395754149, "bound": 3.8380488035909903, "variabl": 3.1093106779283426, "requir": 2.388575540849568, "languag": 2.1750014405515095, "calculu": 5.507205950726713, "facil": 3.8977680382926128, "insert": 4.9366610922591, "delet": 5.181783550292085, "updat": 4.704859478201776, "tabular": 5.674260035389879, "syntax": 12.087312121061098, "suggest": 3.399326473726344, "made": 3.2046208577326674, "altern": 3.9612814440149386, "includ": 2.7688504001291743, "english": 4.6064194053885235, "key": 4.064822122955779, "word": 3.7546671946519394, "user": 3.0548754713733257, "limit": 3.6295040516979333, "mathemat": 3.6295040516979333, "background": 5.299566585948469, "cacm": 0.00031215857909170155, "novemb": 2.4445341944976127, "boyc": 8.07215530818825, "chamberlin": 7.379008127628304, "king": 5.87493073085203, "iii": 4.704859478201776}