{"plankalkul": 24.21646592456475, "konrad": 8.07215530818825, "zuse": 16.1443106163765, "forerunn": 7.379008127628304, "today": 17.022780106169638, "program": 7.194184374539365, "languag": 6.525004321654528, "attempt": 4.1209115896068225, "korrad": 8.07215530818825, "devis": 5.433097978572992, "notat": 4.434569148461864, "conceptu": 5.181783550292085, "system": 1.55744261731572, "write": 4.222007706478191, "term": 3.2763647625915087, "earli": 5.027632870464827, "approach": 3.1743155082373384, "lead": 8.97727273946428, "practic": 3.617808011934742, "plan": 4.638168103703103, "featur": 3.399326473726344, "standard": 3.1023420086122493, "investig": 4.26549281841793, "histor": 6.280395838960195, "interest": 3.9450209231431583, "provid": 3.015909502839942, "insight": 5.87493073085203, "advanc": 4.704859478201776, "state": 3.852647603012143, "art": 5.87493073085203, "modern": 5.992713766508414, "terminolog": 5.181783550292085, "present": 1.8221800659287668, "extent": 5.299566585948469, "reconstruct": 5.58724865840025, "publish": 4.6064194053885235, "literatur": 4.894101477840304, "cacm": 0.00031215857909170155, "juli": 2.3683728335320486, "bauer": 5.992713766508414, "wossner": 8.07215530818825}