{"critic": 4.814058770166768, "path": 4.48863636973214, "schedul": 3.977810745966149, "algorithm": 0.8920854338854537, "cacm": 0.00031215857909170155, "septemb": 2.546702369056466, "alexand": 6.97354301952014}