{"bmd": 7.379008127628304, "bmdp": 8.07215530818825, "seri": 3.8825005661618244, "statist": 3.867462688797284, "comput": 1.3117406171048218, "program": 1.438836874907873, "cacm": 0.00031215857909170155, "octob": 2.4849066497880004, "frane": 8.07215530818825}