{"hidden": 5.58724865840025, "line": 3.5288605259182457, "plot": 4.9811128548299335, "program": 1.438836874907873, "j6": 6.126245159132937, "algorithm": 0.8920854338854537, "a420": 8.07215530818825, "cacm": 0.00031215857909170155, "februari": 2.6211168546225494, "williamson": 7.379008127628304}