{"statist": 3.867462688797284, "program": 1.438836874907873, "univers": 3.9946178642825303, "north": 6.97354301952014, "carolina": 7.379008127628304, "cacm": 0.00031215857909170155, "februari": 2.6211168546225494, "bush": 8.07215530818825}