{"filon": 6.97354301952014, "quadratur": 4.638168103703103, "algorithm": 0.8920854338854537, "d1": 4.545794783572089, "cacm": 0.00031215857909170155, "august": 2.3750618216828454, "chase": 6.126245159132937, "fosdick": 6.68586094706836}