{"manip": 8.07215530818825, "comput": 2.6234812342096436, "system": 1.55744261731572, "algebra": 8.023424595283661, "analyt": 8.922474791088051, "differenti": 3.929020581796717, "mathemat": 3.6295040516979333, "express": 6.319000844904395, "oper": 4.540073865622374, "written": 7.456699772669132, "fortran": 6.5362685269099865, "notat": 4.434569148461864, "store": 3.5288605259182457, "string": 3.7027074557212285, "bcd": 6.462717395754149, "charact": 10.99630818277199, "blank": 6.97354301952014, "remov": 4.9811128548299335, "complic": 5.027632870464827, "desir": 4.140329675463924, "parenthes": 8.07215530818825, "nest": 5.076423034634259, "restrict": 4.160132302760104, "long": 4.638168103703103, "entir": 4.638168103703103, "subsequ": 5.181783550292085, "form": 3.0954215657676754, "exceed": 6.68586094706836, "problemm": 6.97354301952014, "perform": 2.8094651192833644, "obtain": 3.116328250586989, "deriv": 3.2930318150767204, "translat": 3.6901286735143684, "identifi": 4.140329675463924, "manipul": 3.437426319958614, "sequenc": 3.6654360609239967, "program": 1.438836874907873, "result": 2.3750618216828454, "iv": 4.77631844218392, "cdc": 5.181783550292085, "discuss": 2.1972245773362196, "detail": 3.447182494903979, "cacm": 0.00031215857909170155, "august": 2.3750618216828454, "bender": 8.07215530818825}