{"test": 9.245168164228541, "data": 4.333586920267359, "aid": 4.029104040353699, "prove": 11.514146410772971, "program": 7.194184374539365, "correct": 18.147520258489667, "proof": 4.1803350100776235, "tend": 5.299566585948469, "long": 4.638168103703103, "tediou": 5.769570215194204, "detect": 4.310955192494688, "error": 3.0482747873419735, "guarante": 5.58724865840025, "paper": 1.9808454261105517, "introduc": 3.8380488035909903, "techniqu": 4.480545661809466, "addit": 3.318565117081885, "simplifi": 8.97727273946428, "process": 4.350002881103019, "method": 1.8535551884965207, "provid": 3.015909502839942, "accur": 4.739950798013046, "specif": 3.227968221729659, "applic": 2.481168327677393, "procedur": 2.63843330463401, "recurs": 3.913272224828578, "demonstr": 4.0117122976418305, "cacm": 0.00031215857909170155, "geller": 8.07215530818825}