{"stochast": 5.58724865840025, "evalu": 3.137681375057558, "static": 5.36410510708604, "storag": 2.7394365149228808, "alloc": 3.6295040516979333, "cacm": 0.00031215857909170155, "octob": 2.4849066497880004, "cohen": 6.126245159132937}