{"syntact": 4.26549281841793, "chart": 5.674260035389879, "algol": 3.243841570885949, "cacm": 0.00031215857909170155, "septemb": 2.546702369056466, "taylor": 5.58724865840025, "turner": 6.97354301952014, "waychoff": 8.07215530818825}