{"parallel": 11.647501698485474, "tape": 8.093607234906202, "sort": 7.765001132323649, "method": 5.560665565489562, "employ": 3.913272224828578, "present": 1.8221800659287668, "natur": 3.7027074557212285, "approxim": 3.380807425959106, "achiev": 3.7954891891721947, "goal": 4.9811128548299335, "reduc": 3.641338509344936, "process": 2.1750014405515095, "time": 2.0511319588387233, "divisor": 5.433097978572992, "number": 2.2028583950544753, "processor": 3.7154464814986583, "cacm": 0.00031215857909170155, "april": 2.4231810700270437}