{"case": 3.2123429038265776, "dynam": 3.8380488035909903, "storag": 2.7394365149228808, "alloc": 3.6295040516979333, "cacm": 0.00031215857909170155, "octob": 2.4849066497880004, "sam": 6.97354301952014}