{"smooth": 5.433097978572992, "algorithm": 0.8920854338854537, "cacm": 0.00031215857909170155, "novemb": 2.4445341944976127, "georg": 5.36410510708604}