{"evalu": 3.137681375057558, "fresnel": 5.992713766508414, "cosin": 6.462717395754149, "integr": 2.984558972955866, "algorithm": 0.8920854338854537, "cacm": 0.00031215857909170155, "cundiff": 6.97354301952014}