{"restrict": 12.480396908280312, "languag": 15.225010083860566, "comput": 2.6234812342096436, "grammar": 24.725469537640933, "natur": 14.810829822884914, "past": 5.299566585948469, "year": 8.320264605520208, "number": 2.2028583950544753, "system": 1.55744261731572, "analysi": 8.32151382492064, "sentenc": 19.413117933280198, "base": 5.403034560121174, "augment": 5.507205950726713, "context": 7.826544449657156, "free": 7.826544449657156, "defin": 3.1595004224521976, "set": 2.554702411723542, "pars": 8.766551708148627, "tree": 7.16703787691222, "group": 4.1803350100776235, "conform": 6.462717395754149, "order": 2.93049175168559, "valid": 4.894101477840304, "coverag": 6.68586094706836, "increas": 3.6295040516979333, "effici": 2.7108631424788245, "represent": 3.5503667311392095, "essenti": 4.434569148461864, "develop": 2.4267084105450123, "paper": 1.9808454261105517, "present": 1.8221800659287668, "program": 1.438836874907873, "design": 2.4924254822020275, "specif": 3.227968221729659, "compact": 4.9366610922591, "perspicu": 7.379008127628304, "statement": 3.7154464814986583, "ten": 5.238941964132033, "experi": 3.4669851222001586, "text": 4.083171261623976, "comprehens": 5.433097978572992, "english": 4.6064194053885235, "linguist": 10.72821021417208, "string": 7.405414911442457, "project": 4.222007706478191, "embodi": 6.126245159132937, "syntax": 4.029104040353699, "routin": 3.867462688797284, "relat": 3.144901623031045, "found": 3.852647603012143, "adequ": 5.507205950726713, "computer": 5.674260035389879, "implement": 2.570897097643523, "parser": 5.127716329021809, "cacm": 0.00031215857909170155, "juli": 2.3683728335320486, "sager": 7.379008127628304, "grishman": 8.07215530818825}