{"approxim": 3.380807425959106, "block": 3.929020581796717, "access": 3.6062471895336663, "databas": 5.238941964132033, "organ": 3.5078071167204135, "cacm": 0.00031215857909170155, "april": 2.4231810700270437, "yao": 7.379008127628304}