{"context": 3.913272224828578, "ambigu": 5.127716329021809, "pars": 4.383275854074314, "cacm": 0.00031215857909170155, "februari": 2.6211168546225494, "ross": 6.126245159132937}