{"merit": 5.433097978572992, "region": 14.682304433520912, "comput": 7.870443702628931, "network": 27.61514646200211, "suggest": 3.399326473726344, "mean": 3.2201250442686327, "stimul": 6.68586094706836, "spread": 8.07215530818825, "capabl": 7.618950862293869, "institut": 5.299566585948469, "higher": 4.814058770166768, "learn": 9.788202955680608, "construct": 6.378706771203758, "san": 6.68586094706836, "francisco": 7.379008127628304, "bay": 6.126245159132937, "area": 3.867462688797284, "stanford": 6.97354301952014, "univers": 3.9946178642825303, "paper": 1.9808454261105517, "report": 3.4669851222001586, "lesson": 6.97354301952014, "oper": 2.270036932811187, "past": 5.299566585948469, "year": 4.160132302760104, "major": 3.867462688797284, "impact": 5.076423034634259, "power": 7.5361804299681605, "deliv": 6.97354301952014, "school": 10.599133171896938, "awaken": 8.07215530818825, "awar": 6.97354301952014, "foster": 6.462717395754149, "develop": 2.4267084105450123, "expertis": 8.07215530818825, "assist": 4.9366610922591, "central": 9.479901596026092, "facil": 7.7955360765852255, "share": 3.4871878295176777, "idea": 4.5168072466988365, "particip": 5.507205950726713, "import": 3.497444329684867, "benefit": 10.72821021417208, "qualiti": 5.507205950726713, "varieti": 4.1209115896068225, "servic": 4.5168072466988365, "provid": 3.015909502839942, "found": 3.852647603012143, "play": 5.433097978572992, "key": 4.064822122955779, "role": 5.027632870464827, "effect": 3.0954215657676754, "bring": 5.992713766508414, "judg": 6.68586094706836, "purveyor": 8.07215530818825, "raw": 8.07215530818825, "cacm": 0.00031215857909170155, "nielsen": 6.462717395754149}