{"string": 3.7027074557212285, "distribut": 3.497444329684867, "polyphas": 5.769570215194204, "sort": 3.8825005661618244, "cacm": 0.00031215857909170155, "malcolm": 6.280395838960195, "jr": 3.243841570885949}