{"number": 2.2028583950544753, "system": 1.55744261731572, "combin": 3.5612958016714, "cacm": 0.00031215857909170155, "januari": 2.6297375976664563, "knott": 6.97354301952014}