{"short": 5.299566585948469, "studi": 3.227968221729659, "notat": 4.434569148461864, "effici": 2.7108631424788245, "cacm": 0.00031215857909170155, "august": 2.3750618216828454, "smith": 4.310955192494688, "jr": 3.243841570885949}