{"studi": 6.455936443459318, "line": 14.115442103672983, "overhead": 16.299293935718975, "arpanet": 24.21646592456475, "form": 3.0954215657676754, "extent": 5.299566585948469, "effect": 3.0954215657676754, "commun": 3.7154464814986583, "consid": 3.152174382360125, "sourc": 4.101863394636128, "head": 5.181783550292085, "separ": 4.2435139116991545, "level": 6.5362685269099865, "protocol": 13.37172189413672, "hierarchi": 5.238941964132033, "characterist": 3.6295040516979333, "summar": 5.076423034634259, "effici": 5.421726284957649, "model": 2.996981492954423, "system": 3.11488523463144, "measur": 7.676097607181981, "present": 1.8221800659287668, "extrapol": 6.97354301952014, "anticip": 6.462717395754149, "heavili": 6.68586094706836, "load": 4.814058770166768, "network": 7.890041846286317, "similar": 3.7954891891721947, "result": 2.3750618216828454, "deriv": 3.2930318150767204, "recent": 3.8977680382926128, "propos": 2.907369334264736, "compar": 3.227968221729659, "cacm": 0.00031215857909170155, "januari": 2.6297375976664563, "kleinrock": 8.07215530818825, "naylor": 6.68586094706836, "opderbeck": 6.97354301952014}