{"comment": 4.064822122955779, "paper": 1.9808454261105517, "parallel": 3.8825005661618244, "process": 2.1750014405515095, "cacm": 0.00031215857909170155, "februari": 2.6211168546225494, "nekora": 8.07215530818825}