{"numer": 3.2046208577326674, "invers": 3.867462688797284, "laplac": 6.68586094706836, "transform": 3.6654360609239967, "algorithm": 0.8920854338854537, "a486": 8.07215530818825, "cacm": 0.00031215857909170155, "octob": 2.4849066497880004, "veillon": 8.07215530818825}