{"remark": 4.57564774672177, "algorithm": 0.8920854338854537, "cacm": 0.00031215857909170155, "april": 2.4231810700270437, "frederick": 6.97354301952014}