{"gener": 3.6559768150490273, "processor": 3.7154464814986583, "program": 7.194184374539365, "languag": 6.525004321654528, "effort": 4.5168072466988365, "made": 3.2046208577326674, "develop": 2.4267084105450123, "implement": 2.570897097643523, "higher": 4.814058770166768, "level": 3.2681342634549932, "construct": 6.378706771203758, "compil": 6.14988606884827, "prove": 3.8380488035909903, "satisfactori": 5.238941964132033, "paper": 1.9808454261105517, "contend": 6.97354301952014, "function": 2.2610143152115496, "bodi": 5.87493073085203, "macro": 14.559838449960148, "instruct": 7.734925377594568, "call": 3.4087162140761826, "constitut": 5.769570215194204, "canon": 6.126245159132937, "form": 3.0954215657676754, "term": 3.2763647625915087, "notat": 4.434569148461864, "support": 4.434569148461864, "discuss": 4.394449154672439, "logic": 3.6062471895336663, "toric": 7.379008127628304, "role": 5.027632870464827, "present": 1.8221800659287668, "conflict": 5.674260035389879, "machin": 2.918863713690471, "independ": 3.8094754311469345, "object": 3.380807425959106, "effici": 2.7108631424788245, "question": 4.140329675463924, "greatest": 5.674260035389879, "difficulti": 4.57564774672177, "lie": 5.58724865840025, "cacm": 0.00031215857909170155, "januari": 2.6297375976664563, "halpern": 6.97354301952014}