{"scalar": 13.94708603904028, "planar": 6.280395838960195, "valu": 7.405414911442457, "curv": 16.721340040310494, "fit": 15.978471457130121, "spline": 21.732391914291966, "tension": 22.137024382884913, "introduc": 3.8380488035909903, "schweikert": 7.379008127628304, "attempt": 4.1209115896068225, "imit": 8.07215530818825, "cubic": 6.126245159132937, "avoid": 4.434569148461864, "spuriou": 6.97354301952014, "critic": 4.814058770166768, "point": 3.015909502839942, "induc": 5.87493073085203, "defin": 3.1595004224521976, "equat": 3.1093106779283426, "present": 1.8221800659287668, "effici": 2.7108631424788245, "method": 1.8535551884965207, "determin": 3.009560275161283, "paramet": 3.7816958670398586, "comput": 1.3117406171048218, "result": 2.3750618216828454, "standard": 3.1023420086122493, "problem": 1.9651324204459957, "discuss": 2.1972245773362196, "open": 5.299566585948469, "close": 4.638168103703103, "plane": 5.433097978572992, "import": 3.497444329684867, "contour": 5.433097978572992, "line": 3.5288605259182457, "mention": 5.507205950726713, "applic": 2.481168327677393, "cacm": 0.00031215857909170155, "april": 2.4231810700270437, "cline": 6.97354301952014}