{"multipl": 3.58351893845611, "byte": 6.126245159132937, "process": 8.700005762206038, "full": 9.091589567144178, "word": 7.509334389303879, "instruct": 7.734925377594568, "method": 1.8535551884965207, "parallel": 3.8825005661618244, "pack": 5.58724865840025, "data": 4.333586920267359, "item": 8.575931348539978, "ordinari": 4.434569148461864, "comput": 1.3117406171048218, "requir": 2.388575540849568, "oper": 2.270036932811187, "execut": 3.2358734012367716, "conting": 6.68586094706836, "datum": 6.97354301952014, "techniqu": 2.240272830904733, "small": 3.594818493710043, "alphanumer": 5.992713766508414, "charact": 3.6654360609239967, "cacm": 0.00031215857909170155, "august": 2.3750618216828454, "lamport": 5.992713766508414}