{"put": 5.674260035389879, "hex": 8.07215530818825, "recent": 3.8977680382926128, "note": 6.994888659369734, "approxim": 3.380807425959106, "natur": 3.7027074557212285, "antilog": 8.07215530818825, "consid": 3.152174382360125, "indirect": 6.126245159132937, "formul": 9.091589567144178, "describ": 3.0954215657676754, "produc": 3.427764409046877, "famili": 5.027632870464827, "fast": 3.9450209231431583, "high": 3.6777061535158113, "precis": 4.064822122955779, "emin": 8.07215530818825, "practic": 3.617808011934742, "exponenti": 4.1803350100776235, "evalu": 3.137681375057558, "formula": 4.0117122976418305, "deriv": 3.2930318150767204, "cacm": 0.00031215857909170155, "octob": 2.4849066497880004, "feurzeig": 6.68586094706836}