{"indirect": 6.126245159132937, "thread": 12.252490318265874, "code": 8.844573986354973, "effici": 2.7108631424788245, "arrang": 4.9366610922591, "interpret": 4.222007706478191, "relat": 3.144901623031045, "bell": 5.433097978572992, "notion": 5.076423034634259, "requir": 2.388575540849568, "space": 3.497444329684867, "amen": 8.07215530818825, "machin": 2.918863713690471, "independ": 3.8094754311469345, "implement": 2.570897097643523, "cacm": 0.00031215857909170155, "june": 2.3717117347975636, "dewar": 6.97354301952014}