{"organ": 7.015614233440827, "structur": 9.8949333967595, "dataon": 8.07215530818825, "disk": 14.114578434605328, "memori": 6.275362750115116, "system": 4.67232785194716, "effici": 2.7108631424788245, "sort": 15.530002264647297, "data": 8.667173840534717, "process": 6.525004321654528, "program": 1.438836874907873, "approach": 3.1743155082373384, "bryant": 14.758016255256608, "disc": 14.758016255256608, "perform": 5.618930238566729, "function": 4.522028630423099, "present": 1.8221800659287668, "area": 7.734925377594568, "cover": 4.9366610922591, "characterist": 3.6295040516979333, "bendix": 7.379008127628304, "rca": 6.462717395754149, "propos": 5.814738668529472, "chain": 4.894101477840304, "execut": 6.471746802473543, "routin": 7.734925377594568, "concept": 3.4181949580307265, "mainten": 5.507205950726713, "discuss": 2.1972245773362196, "addit": 3.318565117081885, "shown": 2.7940406489577327, "accomplish": 4.638168103703103, "storag": 2.7394365149228808, "work": 3.344767489475909, "cacm": 0.00031215857909170155, "goetz": 6.68586094706836}