{"dynam": 3.8380488035909903, "space": 13.989777318739469, "share": 6.974375659035355, "comput": 2.6234812342096436, "system": 3.11488523463144, "formal": 3.728349886334566, "relationship": 4.222007706478191, "shade": 6.68586094706836, "program": 1.438836874907873, "behavior": 4.334485689904882, "processor": 3.7154464814986583, "effici": 2.7108631424788245, "present": 1.8221800659287668, "concept": 3.4181949580307265, "cost": 10.554835249763126, "alloc": 3.6295040516979333, "task": 4.222007706478191, "defin": 3.1595004224521976, "combin": 3.5612958016714, "develop": 2.4267084105450123, "singl": 3.7546671946519394, "paramet": 3.7816958670398586, "term": 3.2763647625915087, "unit": 4.2435139116991545, "intent": 6.280395838960195, "illustr": 3.47703545805366, "analyt": 4.461237395544026, "approach": 3.1743155082373384, "investig": 4.26549281841793, "problem": 3.9302648408919914, "demonstr": 4.0117122976418305, "method": 1.8535551884965207, "sampl": 4.310955192494688, "cacm": 0.00031215857909170155, "beladi": 6.97354301952014, "kuehner": 7.379008127628304}