{"recurs": 7.826544449657156, "data": 8.667173840534717, "structur": 7.421200047569625, "apl": 29.516032510513217, "mathemat": 3.6295040516979333, "studi": 3.227968221729659, "approach": 6.348631016474677, "defin": 6.319000844904395, "nest": 10.152846069268518, "array": 17.337942759619526, "present": 1.8221800659287668, "theorem": 4.5168072466988365, "exhibit": 5.769570215194204, "relationship": 4.222007706478191, "definit": 3.6777061535158113, "system": 1.55744261731572, "illustr": 3.47703545805366, "graph": 4.029104040353699, "represent": 3.5503667311392095, "equival": 4.434569148461864, "tree": 3.58351893845611, "store": 3.5288605259182457, "leav": 5.87493073085203, "homogen": 6.462717395754149, "number": 2.2028583950544753, "charact": 3.6654360609239967, "extens": 3.3359568597937543, "propos": 2.907369334264736, "includ": 2.7688504001291743, "primit": 4.814058770166768, "function": 2.2610143152115496, "manipul": 3.437426319958614, "level": 3.2681342634549932, "oper": 2.270036932811187, "assist": 4.9366610922591, "construct": 3.189353385601879, "driven": 5.36410510708604, "algorithm": 0.8920854338854537, "cacm": 0.00031215857909170155, "februari": 2.6211168546225494, "gull": 8.07215530818825, "jenkin": 7.379008127628304}