{"font": 44.27404876576983, "comput": 2.6234812342096436, "drawn": 10.255432658043619, "letter": 28.84785107597102, "detail": 3.447182494903979, "descript": 3.437426319958614, "shape": 5.076423034634259, "entir": 4.638168103703103, "number": 2.2028583950544753, "basic": 3.4181949580307265, "vector": 4.545794783572089, "gener": 1.8279884075245136, "form": 3.0954215657676754, "easili": 4.26549281841793, "varieti": 4.1209115896068225, "cathod": 6.280395838960195, "ray": 5.507205950726713, "tube": 6.462717395754149, "includ": 2.7688504001291743, "upper": 10.72821021417208, "lower": 10.477883928264067, "case": 6.424685807653155, "roman": 7.379008127628304, "mathemat": 3.6295040516979333, "sign": 5.507205950726713, "greek": 8.07215530818825, "design": 2.4924254822020275, "princip": 5.181783550292085, "contribut": 5.181783550292085, "paper": 1.9808454261105517, "concern": 3.9612814440149386, "cacm": 0.00031215857909170155, "octob": 2.4849066497880004, "mathew": 7.379008127628304, "lochbaum": 8.07215530818825, "moss": 7.379008127628304}