{"product": 3.9946178642825303, "type": 3.144901623031045, "trapezoid": 6.68586094706836, "integr": 2.984558972955866, "algorithm": 0.8920854338854537, "a436": 8.07215530818825, "cacm": 0.00031215857909170155, "decemb": 2.4626835130032902, "boland": 6.68586094706836}