{"gener": 1.8279884075245136, "method": 3.7071103769930414, "systemat": 5.181783550292085, "interv": 4.48863636973214, "comput": 2.6234812342096436, "numer": 6.409241715465335, "integr": 5.969117945911732, "initi": 8.487027823398309, "problem": 3.9302648408919914, "procedur": 5.27686660926802, "continu": 3.852647603012143, "monitor": 4.638168103703103, "step": 8.023424595283661, "size": 6.855528818093754, "start": 4.894101477840304, "th": 6.126245159132937, "order": 2.93049175168559, "solv": 3.5078071167204135, "estim": 3.929020581796717, "truncat": 5.36410510708604, "error": 3.0482747873419735, "calcul": 3.5395558150349937, "cacm": 0.00031215857909170155, "octob": 2.4849066497880004, "martin": 5.992713766508414, "paulson": 8.07215530818825, "sashkin": 7.379008127628304}