{"compil": 3.074943034424135, "connect": 4.310955192494688, "cacm": 0.00031215857909170155, "june": 2.3717117347975636, "swift": 7.379008127628304}