{"boolean": 13.91450431110931, "matrix": 9.413044125172675, "method": 3.7071103769930414, "comput": 2.6234812342096436, "linear": 6.363612359932993, "preced": 28.88435262100061, "function": 11.305071576057749, "modifi": 3.8977680382926128, "version": 4.461237395544026, "bell": 5.433097978572992, "conflict": 11.348520070779758, "free": 7.826544449657156, "relat": 3.144901623031045, "algorithm": 0.8920854338854537, "detect": 4.310955192494688, "exist": 14.28938255143194, "indic": 5.076423034634259, "correct": 3.6295040516979333, "action": 4.57564774672177, "suffici": 4.26549281841793, "condit": 3.39002408106403, "matric": 3.929020581796717, "prove": 3.8380488035909903, "class": 3.427764409046877, "grammar": 4.1209115896068225, "illustr": 3.47703545805366, "cacm": 0.00031215857909170155, "june": 2.3717117347975636, "martin": 5.992713766508414}