{"characterist": 3.6295040516979333, "fortran": 9.80440279036498, "cep": 14.758016255256608, "languag": 4.350002881103019, "differ": 3.977810745966149, "ii": 4.140329675463924, "mainli": 5.769570215194204, "extend": 3.8977680382926128, "varieti": 4.1209115896068225, "mode": 9.55263688436784, "real": 3.5078071167204135, "quantiti": 16.52161785218014, "suitabl": 4.1803350100776235, "mixtur": 6.126245159132937, "input": 6.232656501173978, "output": 6.994888659369734, "list": 6.378706771203758, "express": 3.1595004224521976, "occur": 4.310955192494688, "make": 3.380807425959106, "address": 3.913272224828578, "greater": 4.853279483320049, "number": 2.2028583950544753, "equip": 4.9366610922591, "remov": 4.9811128548299335, "restrict": 4.160132302760104, "complex": 3.137681375057558, "transmit": 5.299566585948469, "magnet": 10.055265740929654, "core": 4.310955192494688, "memori": 3.137681375057558, "drum": 5.127716329021809, "tape": 4.046803617453101, "unit": 4.2435139116991545, "cacm": 0.00031215857909170155, "juli": 2.3683728335320486, "mancino": 6.97354301952014}