{"clarif": 13.37172189413672, "fortran": 6.5362685269099865, "standard": 15.511710043061246, "report": 6.933970244400317, "year": 4.160132302760104, "effort": 4.5168072466988365, "program": 1.438836874907873, "languag": 2.1750014405515095, "unit": 4.2435139116991545, "state": 3.852647603012143, "initi": 12.730541735097464, "achiev": 3.7954891891721947, "studi": 3.227968221729659, "applic": 2.481168327677393, "specif": 6.455936443459318, "reveal": 5.181783550292085, "need": 3.251873742583213, "mainten": 11.014411901453427, "result": 4.750123643365691, "work": 6.689534978951818, "set": 7.6641072351706265, "clarifi": 11.348520070779758, "interpret": 12.666023119434573, "prepar": 9.15129549344354, "publish": 4.6064194053885235, "commun": 3.7154464814986583, "acm": 4.358583241483942, "continu": 3.852647603012143, "natur": 3.7027074557212285, "correct": 3.6295040516979333, "cacm": 0.00031215857909170155, "octob": 2.4849066497880004, "ansi": 7.379008127628304, "subcommitte": 6.126245159132937, "x3j3": 8.07215530818825}