{"matrix": 6.275362750115116, "comput": 2.6234812342096436, "fortran": 6.5362685269099865, "page": 7.922562888029877, "effici": 2.7108631424788245, "convent": 3.8380488035909903, "program": 1.438836874907873, "improv": 3.3536564368931554, "revers": 5.299566585948469, "order": 2.93049175168559, "nest": 5.076423034634259, "loop": 4.739950798013046, "modif": 4.461237395544026, "produc": 3.427764409046877, "modest": 6.68586094706836, "save": 9.479901596026092, "common": 3.9450209231431583, "situat": 4.48863636973214, "signific": 3.929020581796717, "larg": 2.8791984572980396, "problem": 1.9651324204459957, "run": 3.6777061535158113, "oper": 2.270036932811187, "system": 1.55744261731572, "cacm": 0.00031215857909170155, "april": 2.4231810700270437, "moler": 6.68586094706836}