{"data": 26.001521521604154, "definit": 22.06623692109487, "map": 4.358583241483942, "languag": 17.400011524412076, "sa": 8.07215530818825, "declar": 9.628117540333536, "comput": 2.6234812342096436, "structur": 7.421200047569625, "concentr": 5.769570215194204, "logic": 10.818741568600998, "concern": 3.9612814440149386, "physic": 13.726943240165308, "realiz": 5.027632870464827, "system": 4.67232785194716, "need": 3.251873742583213, "describ": 6.190843131535351, "aspect": 8.166342523247952, "increasingli": 6.126245159132937, "appar": 6.280395838960195, "key": 4.064822122955779, "advanc": 4.704859478201776, "manag": 4.046803617453101, "distribut": 3.497444329684867, "base": 2.701517280060587, "paper": 1.9808454261105517, "review": 4.48863636973214, "past": 5.299566585948469, "work": 3.344767489475909, "applic": 2.481168327677393, "gener": 1.8279884075245136, "discuss": 2.1972245773362196, "cacm": 0.00031215857909170155, "decemb": 2.4626835130032902, "sibley": 7.379008127628304, "taylor": 5.58724865840025}