{"comparison": 3.6901286735143684, "numer": 6.409241715465335, "techniqu": 4.480545661809466, "markov": 5.769570215194204, "model": 8.99094447886327, "paper": 1.9808454261105517, "present": 3.6443601318575336, "method": 3.7071103769930414, "obtain": 6.232656501173978, "stationari": 6.462717395754149, "probabl": 4.222007706478191, "vector": 4.545794783572089, "markovian": 7.379008127628304, "nearli": 5.299566585948469, "decompos": 5.992713766508414, "system": 1.55744261731572, "consid": 3.152174382360125, "result": 4.750123643365691, "examin": 3.641338509344936, "post": 5.992713766508414, "mortem": 6.97354301952014, "reveal": 5.181783550292085, "standard": 3.1023420086122493, "fail": 6.126245159132937, "yield": 4.545794783572089, "correct": 3.6295040516979333, "final": 3.7680902149840803, "mean": 3.2201250442686327, "estim": 3.929020581796717, "error": 3.0482747873419735, "inher": 5.36410510708604, "decomposit": 5.181783550292085, "cacm": 0.00031215857909170155, "februari": 2.6211168546225494, "stewart": 6.280395838960195}