{"employ": 3.913272224828578, "characterist": 3.6295040516979333, "doctor": 6.97354301952014, "level": 3.2681342634549932, "comput": 1.3117406171048218, "scientist": 5.674260035389879, "cacm": 0.00031215857909170155, "februari": 2.6211168546225494, "fairley": 8.07215530818825}