{"note": 3.497444329684867, "data": 2.1667934601336793, "base": 2.701517280060587, "deadlock": 5.674260035389879, "cacm": 0.00031215857909170155, "juli": 2.3683728335320486, "baecker": 6.68586094706836}