{"reflect": 5.433097978572992, "free": 3.913272224828578, "permut": 8.575931348539978, "rosari": 6.97354301952014, "adjac": 5.769570215194204, "transposit": 5.992713766508414, "algorithm": 0.8920854338854537, "cacm": 0.00031215857909170155, "roy": 6.68586094706836}