{"formal": 3.728349886334566, "system": 1.55744261731572, "inform": 2.5627669715602726, "retriev": 3.594818493710043, "cacm": 0.00031215857909170155, "april": 2.4231810700270437, "hsiao": 7.379008127628304, "harari": 7.379008127628304}