{"exponenti": 4.1803350100776235, "complex": 3.137681375057558, "number": 2.2028583950544753, "algorithm": 0.8920854338854537, "cacm": 0.00031215857909170155, "june": 2.3717117347975636, "relph": 5.769570215194204}