{"determin": 6.019120550322566, "intersect": 22.348994633601, "point": 27.143185525559478, "plane": 10.866195957145983, "curv": 8.360670020155247, "mean": 3.2201250442686327, "differenti": 7.858041163593434, "equat": 6.218621355856685, "method": 5.560665565489562, "propos": 2.907369334264736, "calcul": 3.5395558150349937, "theori": 4.140329675463924, "singular": 23.970855066033657, "system": 3.11488523463144, "develop": 2.4267084105450123, "identifi": 4.140329675463924, "modif": 4.461237395544026, "appli": 3.2681342634549932, "ensur": 6.126245159132937, "stabl": 5.507205950726713, "integr": 5.969117945911732, "start": 4.894101477840304, "neighborhood": 6.97354301952014, "approach": 3.1743155082373384, "paramet": 3.7816958670398586, "tend": 5.299566585948469, "infin": 6.68586094706836, "addit": 3.318565117081885, "systemat": 5.181783550292085, "search": 3.47703545805366, "prescrib": 6.126245159132937, "rectangular": 5.299566585948469, "area": 3.867462688797284, "cacm": 0.00031215857909170155, "juli": 2.3683728335320486, "kuiken": 8.07215530818825}