{"hierarch": 15.7168258923961, "storag": 13.697182574614404, "inform": 5.125533943120545, "retriev": 7.189636987420086, "probabilist": 6.126245159132937, "analysi": 2.7738379416402132, "employ": 7.826544449657156, "determin": 3.009560275161283, "effect": 6.190843131535351, "organ": 3.5078071167204135, "oper": 2.270036932811187, "data": 10.833967300668396, "hardwar": 7.765001132323649, "assum": 4.358583241483942, "consist": 7.647320132277782, "level": 3.2681342634549932, "linearli": 6.126245159132937, "connect": 4.310955192494688, "memori": 12.550725500230232, "increas": 7.259008103395867, "access": 10.818741568600998, "time": 4.102263917677447, "capabl": 3.8094754311469345, "system": 3.11488523463144, "fast": 3.9450209231431583, "semiconductor": 8.07215530818825, "comput": 1.3117406171048218, "core": 8.621910384989375, "extend": 3.8977680382926128, "disk": 4.704859478201776, "cell": 5.076423034634259, "equat": 3.1093106779283426, "deriv": 3.2930318150767204, "predict": 4.894101477840304, "sequenti": 4.5168072466988365, "random": 3.6062471895336663, "structur": 2.473733349189875, "multipl": 3.58351893845611, "link": 4.358583241483942, "list": 3.189353385601879, "cacm": 0.00031215857909170155, "salasin": 8.07215530818825}