{"effici": 5.421726284957649, "gener": 7.3119536300980545, "binari": 7.618950862293869, "reflect": 10.866195957145983, "gray": 10.477883928264067, "code": 8.844573986354973, "applic": 4.962336655354786, "algorithm": 1.7841708677709074, "present": 1.8221800659287668, "bit": 3.977810745966149, "codeword": 6.97354301952014, "fix": 4.064822122955779, "weight": 4.77631844218392, "time": 4.102263917677447, "requir": 2.388575540849568, "element": 3.8825005661618244, "constant": 4.48863636973214, "combin": 3.5612958016714, "thing": 5.36410510708604, "composit": 4.853279483320049, "integ": 4.140329675463924, "permut": 4.287965674269989, "multiset": 7.379008127628304, "discuss": 2.1972245773362196, "cacm": 0.00031215857909170155, "septemb": 2.546702369056466, "bitner": 6.97354301952014, "ehrlich": 6.280395838960195, "reingold": 6.97354301952014}