{"algorithm": 0.8920854338854537, "reveal": 5.181783550292085, "properti": 3.5395558150349937, "float": 4.77631844218392, "point": 3.015909502839942, "arithmet": 3.6901286735143684, "unit": 4.2435139116991545, "cacm": 0.00031215857909170155, "gentleman": 6.462717395754149, "marovich": 7.379008127628304}