{"decis": 27.28437626804829, "tabl": 20.742208748081943, "comput": 3.9352218513144654, "program": 5.755347499631492, "tabular": 5.674260035389879, "form": 3.0954215657676754, "display": 3.9450209231431583, "logic": 3.6062471895336663, "inher": 5.36410510708604, "advantag": 11.108122367163686, "techniqu": 4.480545661809466, "illustr": 3.47703545805366, "put": 5.674260035389879, "enabl": 4.5168072466988365, "directli": 4.408593662058603, "base": 2.701517280060587, "creation": 5.992713766508414, "binari": 7.618950862293869, "imag": 20.110531481859308, "limit": 3.6295040516979333, "entri": 4.334485689904882, "memori": 6.275362750115116, "set": 2.554702411723542, "input": 3.116328250586989, "condit": 3.39002408106403, "creat": 4.408593662058603, "data": 2.1667934601336793, "scan": 4.894101477840304, "arriv": 5.36410510708604, "proper": 5.076423034634259, "cours": 4.48863636973214, "action": 4.57564774672177, "gain": 5.127716329021809, "point": 3.015909502839942, "view": 4.334485689904882, "amount": 4.1803350100776235, "drastic": 6.97354301952014, "reduc": 3.641338509344936, "simplifi": 4.48863636973214, "document": 4.358583241483942, "clear": 5.674260035389879, "cacm": 0.00031215857909170155, "januari": 2.6297375976664563, "kirk": 7.379008127628304}