{"math": 6.97354301952014, "sort": 3.8825005661618244, "algorithm": 0.8920854338854537, "cacm": 0.00031215857909170155, "novemb": 2.4445341944976127, "feurzeig": 6.68586094706836}