{"analyz": 7.100733462278419, "english": 18.425677621554094, "syntax": 4.029104040353699, "pattern": 12.305590183908384, "learn": 24.470507389201522, "parser": 10.255432658043619, "depend": 7.858041163593434, "analysi": 2.7738379416402132, "system": 7.787213086578601, "base": 2.701517280060587, "recognit": 4.704859478201776, "logic": 3.6062471895336663, "develop": 4.853416821090025, "infer": 5.36410510708604, "word": 15.018668778607758, "class": 6.855528818093754, "rule": 6.95407091610732, "syntact": 8.53098563683586, "combin": 7.1225916033428, "experi": 6.933970244400317, "text": 4.083171261623976, "characterist": 3.6295040516979333, "form": 3.0954215657676754, "depth": 12.252490318265874, "tree": 3.58351893845611, "direct": 3.58351893845611, "governor": 16.1443106163765, "featur": 3.399326473726344, "neighbor": 6.68586094706836, "show": 3.641338509344936, "relat": 3.144901623031045, "sentenc": 29.119676899920297, "test": 3.0817227214095135, "elementari": 4.5168072466988365, "basic": 6.836389916061453, "includ": 2.7688504001291743, "earlier": 5.076423034634259, "knowlton": 6.97354301952014, "abl": 5.299566585948469, "gener": 1.8279884075245136, "percent": 4.814058770166768, "accuraci": 4.383275854074314, "accumul": 5.127716329021809, "trial": 5.674260035389879, "averag": 4.26549281841793, "probabl": 4.222007706478191, "accur": 4.739950798013046, "pars": 8.766551708148627, "encount": 5.076423034634259, "conclud": 4.814058770166768, "adequ": 5.507205950726713, "bulk": 6.97354301952014, "requir": 2.388575540849568, "conclus": 4.814058770166768, "applic": 2.481168327677393, "ordinari": 4.434569148461864, "store": 3.5288605259182457, "oper": 2.270036932811187, "arpa": 6.462717395754149, "sdc": 7.379008127628304, "time": 2.0511319588387233, "share": 3.4871878295176777, "comput": 1.3117406171048218, "cacm": 0.00031215857909170155, "novemb": 2.4445341944976127, "mcconlogu": 8.07215530818825, "simmon": 6.126245159132937}