{"math": 6.97354301952014, "comput": 1.3117406171048218, "program": 11.510694999262984, "structur": 9.8949333967595, "prove": 3.8380488035909903, "import": 3.497444329684867, "methodolog": 4.894101477840304, "systemat": 5.181783550292085, "design": 2.4924254822020275, "develop": 2.4267084105450123, "identifi": 4.140329675463924, "compound": 6.97354301952014, "function": 9.044057260846198, "express": 6.319000844904395, "algebra": 12.035136892925491, "properti": 3.5395558150349937, "permit": 3.572345637857985, "reformul": 8.07215530818825, "expans": 5.36410510708604, "reduct": 4.5168072466988365, "nest": 5.076423034634259, "subexpress": 5.769570215194204, "independ": 3.8094754311469345, "environ": 3.7680902149840803, "model": 2.996981492954423, "known": 3.7027074557212285, "stepwis": 6.97354301952014, "refin": 5.87493073085203, "execut": 3.2358734012367716, "final": 3.7680902149840803, "character": 4.9811128548299335, "term": 3.2763647625915087, "select": 3.617808011934742, "solut": 5.52777522157409, "elementari": 4.5168072466988365, "equat": 3.1093106779283426, "defin": 3.1595004224521976, "gener": 1.8279884075245136, "formula": 4.0117122976418305, "involv": 3.4570347913469903, "singl": 3.7546671946519394, "paramet": 3.7816958670398586, "display": 3.9450209231431583, "entir": 4.638168103703103, "freedom": 6.126245159132937, "creat": 4.408593662058603, "correct": 3.6295040516979333, "cacm": 0.00031215857909170155, "januari": 2.6297375976664563, "mill": 6.68586094706836}