{"cobol": 4.545794783572089, "batch": 4.853279483320049, "problem": 1.9651324204459957, "cacm": 0.00031215857909170155, "mullen": 8.07215530818825}