{"local": 23.35478963263047, "organ": 10.52342135016124, "parser": 5.127716329021809, "spoken": 6.97354301952014, "input": 6.232656501173978, "paper": 1.9808454261105517, "describ": 3.0954215657676754, "lpar": 16.1443106163765, "pars": 8.766551708148627, "system": 3.11488523463144, "design": 2.4924254822020275, "continu": 3.852647603012143, "speech": 6.68586094706836, "recogn": 10.055265740929654, "process": 2.1750014405515095, "string": 3.7027074557212285, "phonem": 7.379008127628304, "ambigu": 5.127716329021809, "error": 3.0482747873419735, "sens": 4.739950798013046, "build": 5.076423034634259, "structur": 4.94746669837975, "reliabl": 9.55263688436784, "word": 7.509334389303879, "candid": 6.68586094706836, "utter": 13.94708603904028, "island": 8.07215530818825, "guid": 5.127716329021809, "search": 3.47703545805366, "highli": 4.638168103703103, "garbl": 7.379008127628304, "complet": 3.47703545805366, "cacm": 0.00031215857909170155, "novemb": 2.4445341944976127, "miller": 6.462717395754149}