{"find": 3.58351893845611, "solut": 2.763887610787045, "function": 2.2610143152115496, "equat": 3.1093106779283426, "unknown": 5.769570215194204, "algorithm": 0.8920854338854537, "c5": 5.87493073085203, "cacm": 0.00031215857909170155, "novemb": 2.4445341944976127, "dulley": 8.07215530818825, "pitteway": 6.97354301952014}