{"parametr": 6.68586094706836, "algorithm": 2.676256301656361, "draw": 10.866195957145983, "pictur": 9.212838810777047, "solid": 5.674260035389879, "object": 6.761614851918212, "compos": 5.433097978572992, "quadric": 29.516032510513217, "surfac": 32.93401634741243, "dimension": 4.2435139116991545, "made": 3.2046208577326674, "patch": 7.379008127628304, "emphasi": 4.5168072466988365, "calcul": 3.5395558150349937, "intersect": 16.76174597520075, "parameter": 12.925434791508298, "scheme": 7.036556833175418, "curv": 8.360670020155247, "qsic": 8.07215530818825, "repres": 7.212494379067333, "set": 2.554702411723542, "coeffici": 4.1209115896068225, "paramet": 7.563391734079717, "limit": 3.6295040516979333, "point": 6.031819005679884, "easili": 4.26549281841793, "distinguish": 5.36410510708604, "find": 3.58351893845611, "coordin": 4.853279483320049, "quartic": 8.07215530818825, "fourth": 5.507205950726713, "order": 5.86098350337118, "equat": 3.1093106779283426, "method": 1.8535551884965207, "type": 3.144901623031045, "osic": 8.07215530818825, "discuss": 2.1972245773362196, "bound": 3.8380488035909903, "hidden": 5.58724865840025, "remov": 4.9811128548299335, "cacm": 0.00031215857909170155, "octob": 2.4849066497880004, "levin": 6.462717395754149}