{"canon": 6.126245159132937, "structur": 12.368666745949374, "attribut": 20.955767856528134, "base": 8.104551840181761, "organ": 7.015614233440827, "retriev": 10.784455481130129, "propos": 5.814738668529472, "paper": 1.9808454261105517, "queri": 14.219852394039139, "involv": 3.4570347913469903, "arbitrari": 4.160132302760104, "boolean": 9.276336207406207, "function": 2.2610143152115496, "pair": 4.9811128548299335, "process": 2.1750014405515095, "take": 4.160132302760104, "intersect": 5.58724865840025, "list": 3.189353385601879, "highli": 4.638168103703103, "depend": 3.929020581796717, "uniqu": 5.076423034634259, "determin": 3.009560275161283, "specif": 3.227968221729659, "allow": 3.867462688797284, "basi": 8.058208080707399, "rang": 4.222007706478191, "valu": 3.7027074557212285, "singl": 3.7546671946519394, "permit": 3.572345637857985, "atom": 6.462717395754149, "algebra": 4.0117122976418305, "gener": 1.8279884075245136, "desir": 4.140329675463924, "properti": 3.5395558150349937, "claim": 5.87493073085203, "prove": 3.8380488035909903, "mainten": 5.507205950726713, "question": 4.140329675463924, "discuss": 2.1972245773362196, "cacm": 0.00031215857909170155, "septemb": 2.546702369056466, "wong": 6.280395838960195, "chiang": 8.07215530818825}