{"note": 3.497444329684867, "sampl": 4.310955192494688, "tape": 4.046803617453101, "cacm": 0.00031215857909170155, "june": 2.3717117347975636, "jone": 6.126245159132937}