{"analysi": 2.7738379416402132, "design": 9.96970192880811, "altern": 23.767688664089633, "virtual": 9.212838810777047, "memori": 6.275362750115116, "index": 26.299655124445884, "class": 6.855528818093754, "structur": 9.8949333967595, "environ": 3.7680902149840803, "analyz": 3.5503667311392095, "includ": 5.5377008002583485, "choic": 4.57564774672177, "search": 3.47703545805366, "strategi": 4.6709579265260945, "page": 7.922562888029877, "key": 8.129644245911559, "compress": 5.58724865840025, "averag": 4.26549281841793, "cost": 21.109670499526253, "retriev": 10.784455481130129, "entri": 4.334485689904882, "express": 3.1595004224521976, "wieght": 8.07215530818825, "sum": 4.545794783572089, "basic": 3.4181949580307265, "comparison": 7.380257347028737, "cross": 5.769570215194204, "boundari": 4.6709579265260945, "formula": 4.0117122976418305, "combin": 3.5612958016714, "numer": 3.2046208577326674, "case": 3.2123429038265776, "studi": 3.227968221729659, "compar": 3.227968221729659, "qualit": 6.68586094706836, "main": 4.029104040353699, "tenanc": 6.68586094706836, "insert": 4.9366610922591, "delet": 5.181783550292085, "reorgan": 6.126245159132937, "cacm": 0.00031215857909170155, "april": 2.4231810700270437, "maruyama": 7.379008127628304, "smith": 4.310955192494688}