{"normal": 3.929020581796717, "deviat": 5.58724865840025, "s14": 5.027632870464827, "algorithm": 0.8920854338854537, "a442": 8.07215530818825, "cacm": 0.00031215857909170155, "januari": 2.6297375976664563, "hill": 4.814058770166768, "davi": 6.462717395754149}