{"algorithm": 0.8920854338854537, "gener": 3.6559768150490273, "project": 4.222007706478191, "reduct": 4.5168072466988365, "formula": 8.023424595283661, "matrix": 6.275362750115116, "element": 7.765001132323649, "electron": 10.36356710058417, "wavefunct": 8.07215530818825, "algol": 3.243841570885949, "procedur": 2.63843330463401, "aris": 4.704859478201776, "variat": 4.704859478201776, "solut": 2.763887610787045, "schroding": 8.07215530818825, "equat": 3.1093106779283426, "system": 1.55744261731572, "cacm": 0.00031215857909170155, "april": 2.4231810700270437, "reev": 5.87493073085203}