{"hierarch": 26.194709820660165, "design": 4.984850964404055, "proof": 12.54100503023287, "program": 8.63302124944724, "increasingli": 6.126245159132937, "recogn": 5.027632870464827, "help": 5.238941964132033, "construct": 3.189353385601879, "larg": 2.8791984572980396, "user": 3.0548754713733257, "techniqu": 2.240272830904733, "claim": 5.87493073085203, "predict": 4.894101477840304, "substanti": 4.6709579265260945, "increas": 3.6295040516979333, "product": 3.9946178642825303, "reliabl": 4.77631844218392, "produc": 3.427764409046877, "paper": 1.9808454261105517, "describ": 3.0954215657676754, "formal": 3.728349886334566, "method": 3.7071103769930414, "specif": 3.227968221729659, "implement": 2.570897097643523, "appli": 3.2681342634549932, "signific": 3.929020581796717, "list": 3.189353385601879, "process": 2.1750014405515095, "problem": 1.9651324204459957, "discuss": 2.1972245773362196, "number": 2.2028583950544753, "extens": 3.3359568597937543, "languag": 2.1750014405515095, "eas": 4.9366610922591, "cacm": 0.00031215857909170155, "decemb": 2.4626835130032902, "spitzen": 8.07215530818825, "levitt": 6.97354301952014, "robinson": 5.769570215194204}