{"parallel": 15.530002264647297, "numer": 12.81848343093067, "method": 3.7071103769930414, "solut": 8.291662832361135, "equat": 9.327932033785029, "classic": 5.238941964132033, "iter": 12.140410852359302, "procedur": 13.19216652317005, "provid": 6.031819005679884, "stage": 9.962225709659867, "singl": 3.7546671946519394, "approxim": 10.14242227787732, "root": 4.140329675463924, "question": 4.140329675463924, "techniqu": 4.480545661809466, "develop": 4.853416821090025, "s8ever": 8.07215530818825, "obtain": 6.232656501173978, "comput": 1.3117406171048218, "independ": 3.8094754311469345, "make": 3.380807425959106, "interest": 3.9450209231431583, "process": 6.525004321654528, "environ": 15.072360859936321, "converg": 4.638168103703103, "insur": 6.280395838960195, "extract": 5.076423034634259, "inform": 2.5627669715602726, "famili": 5.027632870464827, "measur": 7.676097607181981, "statist": 3.867462688797284, "report": 3.4669851222001586, "interpret": 4.222007706478191, "superior": 4.77631844218392, "standard": 3.1023420086122493, "algorithm": 0.8920854338854537, "cacm": 0.00031215857909170155, "shedler": 6.68586094706836}