{"rapid": 4.9366610922591, "braill": 6.68586094706836, "transliter": 8.07215530818825, "techniqu": 2.240272830904733, "ibm": 3.518278416587709, "machin": 2.918863713690471, "cacm": 0.00031215857909170155, "februari": 2.6211168546225494, "weiler": 8.07215530818825, "klema": 8.07215530818825}