{"compil": 3.074943034424135, "fix": 4.064822122955779, "point": 3.015909502839942, "multipl": 3.58351893845611, "cacm": 0.00031215857909170155, "august": 2.3750618216828454, "bernstein": 6.126245159132937}