{"fast": 3.9450209231431583, "method": 1.8535551884965207, "solv": 7.015614233440827, "class": 3.427764409046877, "tridiagon": 11.1744973168005, "linear": 9.545418539899488, "system": 6.22977046926288, "solut": 2.763887610787045, "real": 7.015614233440827, "symmetr": 4.57564774672177, "diagon": 30.631225795664683, "domin": 5.769570215194204, "coeffici": 8.241823179213645, "matric": 3.929020581796717, "constant": 8.97727273946428, "consid": 3.152174382360125, "prove": 7.676097607181981, "lu": 25.12158335584078, "decomposit": 15.545350650876255, "converg": 9.276336207406207, "float": 23.881592210919603, "point": 15.07954751419971, "precis": 8.129644245911559, "comput": 1.3117406171048218, "arithmet": 7.380257347028737, "limit": 7.259008103395867, "roughli": 6.462717395754149, "machin": 2.918863713690471, "fact": 4.6709579265260945, "exploit": 5.674260035389879, "reduc": 3.641338509344936, "number": 4.405716790108951, "oper": 4.540073865622374, "requir": 2.388575540849568, "order": 2.93049175168559, "matrix": 6.275362750115116, "element": 3.8825005661618244, "subdiagon": 8.07215530818825, "superdiagon": 8.07215530818825, "need": 3.251873742583213, "entir": 4.638168103703103, "take": 4.160132302760104, "word": 3.7546671946519394, "storag": 2.7394365149228808, "consider": 3.8977680382926128, "save": 4.739950798013046, "array": 4.334485689904882, "subscript": 5.507205950726713, "achiev": 3.7954891891721947, "upper": 5.36410510708604, "lower": 5.238941964132033, "bound": 3.8380488035909903, "obtain": 3.116328250586989, "term": 3.2763647625915087, "ratio": 5.127716329021809, "paramet": 3.7816958670398586, "gener": 1.8279884075245136, "result": 2.3750618216828454, "discuss": 2.1972245773362196, "cacm": 0.00031215857909170155, "januari": 2.6297375976664563, "malcolm": 6.280395838960195, "palmer": 8.07215530818825}