{"lost": 7.379008127628304, "bit": 3.977810745966149, "cacm": 0.00031215857909170155, "june": 2.3717117347975636, "oster": 7.379008127628304}