{"determin": 3.009560275161283, "comput": 2.6234812342096436, "center": 9.341915853052189, "environ": 7.5361804299681605, "investig": 4.26549281841793, "gener": 1.8279884075245136, "unavail": 6.97354301952014, "paramet": 3.7816958670398586, "descript": 3.437426319958614, "obtain": 3.116328250586989, "actual": 4.287965674269989, "data": 2.1667934601336793, "collect": 8.444015412956382, "reduct": 4.5168072466988365, "result": 2.3750618216828454, "month": 5.769570215194204, "tabul": 5.58724865840025, "summar": 5.076423034634259, "cacm": 0.00031215857909170155, "juli": 2.3683728335320486, "rosin": 6.462717395754149}