{"approach": 3.1743155082373384, "optim": 3.1743155082373384, "design": 2.4924254822020275, "storag": 2.7394365149228808, "paramet": 3.7816958670398586, "databas": 5.238941964132033, "cacm": 0.00031215857909170155, "milman": 8.07215530818825}