{"secur": 20.955767856528134, "commun": 11.146339444495975, "insecur": 7.379008127628304, "channel": 11.539140430388407, "accord": 4.9366610922591, "tradit": 5.36410510708604, "concept": 3.4181949580307265, "cryptograph": 6.68586094706836, "transmit": 5.299566585948469, "key": 12.194466368867339, "secret": 6.462717395754149, "mean": 3.2201250442686327, "encrypt": 6.280395838960195, "messag": 5.127716329021809, "paper": 1.9808454261105517, "show": 3.641338509344936, "select": 7.235616023869484, "open": 5.299566585948469, "fashion": 5.992713766508414, "maintain": 4.638168103703103, "method": 3.7071103769930414, "forc": 5.36410510708604, "enemi": 8.07215530818825, "expend": 7.379008127628304, "amount": 4.1803350100776235, "work": 6.689534978951818, "increas": 3.6295040516979333, "squar": 3.6295040516979333, "requir": 2.388575540849568, "communic": 8.07215530818825, "logic": 3.6062471895336663, "kind": 4.408593662058603, "protect": 4.704859478201776, "passiv": 6.97354301952014, "eav": 7.379008127628304, "dropper": 8.07215530818825, "suggest": 3.399326473726344, "research": 3.977810745966149, "topic": 5.299566585948469, "highli": 4.638168103703103, "reward": 7.379008127628304, "theoret": 4.26549281841793, "practic": 3.617808011934742, "sens": 4.739950798013046, "cacm": 0.00031215857909170155, "april": 2.4231810700270437, "merkl": 8.07215530818825}