{"situ": 6.97354301952014, "transposit": 5.992713766508414, "rectangular": 5.299566585948469, "matrix": 3.137681375057558, "algorithm": 0.8920854338854537, "f1": 5.433097978572992, "cacm": 0.00031215857909170155, "laflin": 8.07215530818825, "brebner": 7.379008127628304}