{"simpl": 3.009560275161283, "automat": 10.1150248271875, "deriv": 26.344254520613763, "evalu": 9.413044125172675, "program": 2.877673749815746, "procedur": 2.63843330463401, "total": 4.1803350100776235, "partial": 4.287965674269989, "arbitrari": 4.160132302760104, "algebra": 4.0117122976418305, "function": 11.305071576057749, "present": 1.8221800659287668, "techniqu": 2.240272830904733, "permit": 3.572345637857985, "comput": 1.3117406171048218, "numer": 3.2046208577326674, "valu": 3.7027074557212285, "develop": 2.4267084105450123, "analyt": 8.922474791088051, "express": 3.1595004224521976, "key": 4.064822122955779, "method": 1.8535551884965207, "decomposit": 5.181783550292085, "introduct": 4.894101477840304, "intermedi": 5.299566585948469, "variabl": 6.218621355856685, "seri": 3.8825005661618244, "elementari": 9.033614493397673, "step": 8.023424595283661, "librari": 4.894101477840304, "subroutin": 4.1209115896068225, "provid": 3.015909502839942, "differenti": 3.929020581796717, "final": 3.7680902149840803, "process": 2.1750014405515095, "produc": 3.427764409046877, "desir": 4.140329675463924, "main": 4.029104040353699, "featur": 3.399326473726344, "approach": 3.1743155082373384, "simplic": 5.433097978572992, "quick": 6.280395838960195, "reaction": 6.126245159132937, "tool": 9.276336207406207, "labori": 7.379008127628304, "debug": 4.6064194053885235, "cacm": 0.00031215857909170155, "august": 2.3750618216828454, "wengert": 6.68586094706836}