{"buddi": 12.252490318265874, "system": 3.11488523463144, "variat": 4.704859478201776, "disk": 4.704859478201776, "storag": 10.957746059691523, "alloc": 7.259008103395867, "gener": 1.8279884075245136, "set": 2.554702411723542, "permit": 3.572345637857985, "block": 11.787061745390151, "size": 17.138822045234384, "satisfi": 4.383275854074314, "condit": 3.39002408106403, "meaning": 6.126245159132937, "integr": 2.984558972955866, "valu": 3.7027074557212285, "function": 2.2610143152115496, "make": 3.380807425959106, "forc": 5.36410510708604, "logic": 3.6062471895336663, "coincid": 6.97354301952014, "physic": 4.57564774672177, "track": 5.58724865840025, "cylind": 6.97354301952014, "cacm": 0.00031215857909170155, "juli": 2.3683728335320486, "burton": 7.379008127628304}