{"programm": 3.977810745966149, "train": 10.72821021417208, "project": 8.444015412956382, "purpos": 3.2599709528158325, "select": 3.617808011934742, "black": 6.68586094706836, "resid": 5.433097978572992, "albani": 8.07215530818825, "schenectadi": 8.07215530818825, "area": 3.867462688797284, "comput": 2.6234812342096436, "program": 1.438836874907873, "arrang": 4.9366610922591, "job": 4.6064194053885235, "field": 3.9946178642825303, "organ": 3.5078071167204135, "curriculum": 5.127716329021809, "cours": 4.48863636973214, "discuss": 2.1972245773362196, "cacm": 0.00031215857909170155, "juli": 2.3683728335320486, "bernstein": 6.126245159132937}