{"interchang": 9.276336207406207, "roll": 6.97354301952014, "perfor": 6.126245159132937, "tape": 4.046803617453101, "inform": 2.5627669715602726, "propos": 2.907369334264736, "american": 4.358583241483942, "nation": 4.9811128548299335, "standard": 3.1023420086122493, "cacm": 0.00031215857909170155, "januari": 2.6297375976664563}