{"recoveri": 5.769570215194204, "disk": 9.409718956403552, "content": 9.276336207406207, "system": 3.11488523463144, "failur": 12.252490318265874, "method": 1.8535551884965207, "discuss": 2.1972245773362196, "malfunct": 6.68586094706836, "restor": 7.379008127628304, "statu": 5.58724865840025, "time": 2.0511319588387233, "cacm": 0.00031215857909170155, "august": 2.3750618216828454, "lockemann": 7.379008127628304, "knutsen": 7.379008127628304}