{"algorithm": 4.460427169427269, "construct": 6.378706771203758, "bound": 15.352195214363961, "context": 31.306177798628624, "parser": 25.638581645109046, "accept": 4.57564774672177, "arbitrari": 4.160132302760104, "free": 15.653088899314312, "grammar": 16.48364635842729, "exist": 3.572345637857985, "part": 6.743349884791668, "paper": 1.9808454261105517, "definit": 3.6777061535158113, "work": 3.344767489475909, "recal": 8.07215530818825, "notion": 5.076423034634259, "reduct": 13.55042174009651, "class": 10.283293227140632, "introduc": 3.8380488035909903, "connect": 4.310955192494688, "structur": 2.473733349189875, "pushdown": 12.252490318265874, "automata": 11.985427533016829, "gener": 3.6559768150490273, "defin": 3.1595004224521976, "final": 3.7680902149840803, "essenti": 4.434569148461864, "carri": 4.77631844218392, "exhaust": 5.507205950726713, "studi": 3.227968221729659, "run": 3.6777061535158113, "util": 3.6901286735143684, "discuss": 2.1972245773362196, "ed": 7.379008127628304, "light": 5.507205950726713, "experi": 3.4669851222001586, "gain": 5.127716329021809, "compil": 6.14988606884827, "design": 4.984850964404055, "claim": 5.87493073085203, "simultan": 4.1803350100776235, "languag": 2.1750014405515095, "cacm": 0.00031215857909170155, "loeckx": 8.07215530818825}