{"comment": 4.064822122955779, "cheney": 6.97354301952014, "list": 3.189353385601879, "compact": 4.9366610922591, "algorithm": 0.8920854338854537, "cacm": 0.00031215857909170155, "septemb": 2.546702369056466, "fenichel": 6.280395838960195}