{"semi": 5.769570215194204, "automat": 3.371674942395834, "storag": 2.7394365149228808, "alloc": 3.6295040516979333, "system": 1.55744261731572, "load": 4.814058770166768, "time": 2.0511319588387233, "cacm": 0.00031215857909170155, "octob": 2.4849066497880004, "heis": 6.68586094706836, "larner": 8.07215530818825}