{"dilogarithm": 6.97354301952014, "algorithm": 0.8920854338854537, "s22": 5.299566585948469, "cacm": 0.00031215857909170155, "april": 2.4231810700270437, "kolbig": 6.280395838960195}