{"experi": 13.867940488800635, "automat": 13.486699769583335, "learn": 58.72921773408365, "multipurpos": 16.1443106163765, "heurist": 9.212838810777047, "program": 14.38836874907873, "capabl": 3.8094754311469345, "develop": 2.4267084105450123, "implement": 2.570897097643523, "multipl": 10.75055681536833, "tree": 3.58351893845611, "search": 6.95407091610732, "present": 1.8221800659287668, "appli": 3.2681342634549932, "resolut": 5.992713766508414, "theorem": 4.5168072466988365, "prove": 11.514146410772971, "predic": 12.56079167792039, "calculu": 11.014411901453427, "pp": 24.21646592456475, "evalu": 6.275362750115116, "function": 6.783042945634649, "guid": 5.127716329021809, "proof": 4.1803350100776235, "goal": 4.9811128548299335, "achiev": 3.7954891891721947, "thirteen": 8.07215530818825, "gener": 7.3119536300980545, "featur": 6.798652947452688, "claus": 6.68586094706836, "creat": 4.408593662058603, "regress": 11.348520070779758, "produc": 6.855528818093754, "optim": 3.1743155082373384, "coeffici": 4.1209115896068225, "linear": 3.1818061799664963, "polynomi": 3.4087162140761826, "term": 3.2763647625915087, "data": 10.833967300668396, "handl": 3.7154464814986583, "routin": 3.867462688797284, "written": 3.728349886334566, "pass": 4.57564774672177, "analyz": 3.5503667311392095, "summar": 5.076423034634259, "result": 4.750123643365691, "collect": 12.666023119434573, "analysi": 2.7738379416402132, "number": 2.2028583950544753, "perform": 5.618930238566729, "test": 6.163445442819027, "effect": 3.0954215657676754, "show": 3.641338509344936, "dramat": 8.07215530818825, "improv": 6.707312873786311, "solut": 2.763887610787045, "problem": 5.895397261337987, "domain": 22.697040141559516, "shown": 2.7940406489577327, "success": 4.083171261623976, "demonstr": 4.0117122976418305, "simultan": 4.1803350100776235, "specif": 3.227968221729659, "varieti": 4.1209115896068225, "variat": 4.704859478201776, "cacm": 0.00031215857909170155, "februari": 2.6211168546225494, "slagl": 6.126245159132937, "farrel": 8.07215530818825}