{"effici": 5.421726284957649, "procedur": 2.63843330463401, "gener": 3.6559768150490273, "close": 4.638168103703103, "subset": 18.183179134288356, "algorithm": 1.7841708677709074, "set": 2.554702411723542, "satisfi": 4.383275854074314, "constraint": 4.358583241483942, "form": 3.0954215657676754, "member": 10.599133171896938, "program": 1.438836874907873, "wisp": 8.07215530818825, "languag": 2.1750014405515095, "success": 4.083171261623976, "run": 3.6777061535158113, "ibm": 3.518278416587709, "connect": 4.310955192494688, "routin": 3.867462688797284, "detect": 4.310955192494688, "feedback": 5.992713766508414, "multidimension": 5.87493073085203, "iter": 4.046803617453101, "network": 3.9450209231431583, "cacm": 0.00031215857909170155, "march": 2.546702369056466, "wait": 5.36410510708604}