{"quasilinear": 6.68586094706836, "estim": 7.858041163593434, "differenti": 7.858041163593434, "oper": 4.540073865622374, "eigenvalu": 9.628117540333536, "linear": 3.1818061799664963, "ordinari": 4.434569148461864, "unknown": 11.539140430388407, "constant": 8.97727273946428, "number": 2.2028583950544753, "valu": 3.7027074557212285, "precis": 4.064822122955779, "formul": 4.545794783572089, "provid": 3.015909502839942, "effect": 3.0954215657676754, "numer": 3.2046208577326674, "procedur": 2.63843330463401, "solut": 2.763887610787045, "result": 2.3750618216828454, "comput": 1.3117406171048218, "experi": 3.4669851222001586, "cacm": 0.00031215857909170155, "april": 2.4231810700270437, "bellman": 5.507205950726713, "kagiwada": 6.462717395754149, "kalaba": 5.992713766508414, "vasudenvan": 8.07215530818825}