{"unitari": 7.379008127628304, "symmetr": 4.57564774672177, "polynomi": 3.4087162140761826, "algorithm": 0.8920854338854537, "cacm": 0.00031215857909170155, "august": 2.3750618216828454, "mckay": 5.507205950726713}