{"gener": 1.8279884075245136, "span": 5.299566585948469, "tree": 3.58351893845611, "algorithm": 0.8920854338854537, "cacm": 0.00031215857909170155, "septemb": 2.546702369056466, "mcilroy": 6.97354301952014}