{"rapid": 4.9366610922591, "method": 3.7071103769930414, "digit": 6.586063630153441, "filter": 25.12158335584078, "comput": 2.6234812342096436, "time": 6.15339587651617, "spent": 6.462717395754149, "seri": 3.8825005661618244, "analysi": 5.5476758832804265, "multipl": 7.16703787691222, "minimum": 4.1209115896068225, "devis": 5.433097978572992, "expect": 4.334485689904882, "line": 3.5288605259182457, "real": 3.5078071167204135, "biolog": 5.87493073085203, "data": 2.1667934601336793, "construct": 3.189353385601879, "success": 4.083171261623976, "readili": 5.507205950726713, "analyz": 3.5503667311392095, "compon": 4.26549281841793, "manner": 4.6064194053885235, "facilit": 4.739950798013046, "cascad": 6.97354301952014, "repertoir": 6.462717395754149, "frequenc": 4.739950798013046, "respons": 4.461237395544026, "curv": 4.1803350100776235, "includ": 2.7688504001291743, "good": 4.6064194053885235, "low": 4.383275854074314, "pass": 9.15129549344354, "band": 6.68586094706836, "design": 2.4924254822020275, "program": 1.438836874907873, "implement": 2.570897097643523, "synthesi": 5.674260035389879, "applic": 2.481168327677393, "assembl": 4.545794783572089, "allow": 3.867462688797284, "definit": 3.6777061535158113, "recurs": 3.913272224828578, "macro": 4.853279483320049, "cacm": 0.00031215857909170155, "septemb": 2.546702369056466, "whittlesey": 7.379008127628304}