{"ration": 5.027632870464827, "interpol": 4.6064194053885235, "continu": 3.852647603012143, "fraction": 5.36410510708604, "algorithm": 0.8920854338854537, "cacm": 0.00031215857909170155, "septemb": 2.546702369056466, "floyd": 5.127716329021809}