{"chi": 6.462717395754149, "squar": 3.6295040516979333, "quantil": 6.97354301952014, "g1": 6.68586094706836, "algorithm": 0.8920854338854537, "a451": 8.07215530818825, "cacm": 0.00031215857909170155, "august": 2.3750618216828454, "goldstein": 6.462717395754149}