{"storag": 5.4788730298457615, "map": 8.717166482967883, "function": 4.522028630423099, "data": 4.333586920267359, "structur": 9.8949333967595, "basic": 3.4181949580307265, "fact": 4.6709579265260945, "review": 4.48863636973214, "effici": 2.7108631424788245, "algorithm": 0.8920854338854537, "present": 1.8221800659287668, "construct": 3.189353385601879, "definit": 3.6777061535158113, "cacm": 0.00031215857909170155, "deuel": 8.07215530818825}