{"gener": 1.8279884075245136, "set": 2.554702411723542, "partit": 4.358583241483942, "exactli": 5.769570215194204, "subset": 4.545794783572089, "g7": 7.379008127628304, "algorithm": 0.8920854338854537, "a477": 8.07215530818825, "cacm": 0.00031215857909170155, "april": 2.4231810700270437, "ehrich": 8.07215530818825}