{"block": 7.858041163593434, "structur": 4.94746669837975, "indirect": 18.378735477398813, "address": 11.739816674485734, "garbag": 15.383148987065429, "collect": 8.444015412956382, "program": 2.877673749815746, "languag": 2.1750014405515095, "includ": 2.7688504001291743, "explicit": 4.853279483320049, "implicit": 5.507205950726713, "provid": 3.015909502839942, "name": 16.299293935718975, "conveni": 4.814058770166768, "programm": 3.977810745966149, "snobol": 18.378735477398813, "constraint": 8.717166482967883, "introduc": 3.8380488035909903, "modif": 8.922474791088051, "result": 2.3750618216828454, "desir": 4.140329675463924, "consequ": 5.769570215194204, "disappear": 7.379008127628304, "function": 4.522028630423099, "definit": 3.6777061535158113, "signific": 3.929020581796717, "save": 4.739950798013046, "number": 2.2028583950544753, "call": 6.817432428152365, "collector": 5.87493073085203, "expens": 5.992713766508414, "time": 2.0511319588387233, "implement": 2.570897097643523, "extens": 3.3359568597937543, "dialect": 6.462717395754149, "cacm": 0.00031215857909170155, "juli": 2.3683728335320486, "kain": 7.379008127628304}