{"cubic": 6.126245159132937, "spline": 5.433097978572992, "solut": 2.763887610787045, "class": 3.427764409046877, "function": 2.2610143152115496, "differenti": 3.929020581796717, "equat": 3.1093106779283426, "d2": 6.462717395754149, "algorithm": 0.8920854338854537, "a461": 8.07215530818825, "cacm": 0.00031215857909170155, "octob": 2.4849066497880004, "burkowski": 8.07215530818825, "hoskin": 7.379008127628304}