{"secant": 14.758016255256608, "method": 3.7071103769930414, "simultan": 8.360670020155247, "nonlinear": 4.704859478201776, "equat": 6.218621355856685, "procedur": 2.63843330463401, "solut": 2.763887610787045, "system": 1.55744261731572, "necessarili": 5.507205950726713, "linear": 3.1818061799664963, "gener": 1.8279884075245136, "singl": 3.7546671946519394, "function": 2.2610143152115496, "variabl": 3.1093106779283426, "cacm": 0.00031215857909170155, "decemb": 2.4626835130032902, "wolf": 6.68586094706836}