{"optim": 6.348631016474677, "program": 5.755347499631492, "data": 4.333586920267359, "locat": 8.280659350927849, "comput": 5.246962468419287, "network": 11.835062769429475, "procedur": 5.27686660926802, "alloc": 3.6295040516979333, "present": 1.8221800659287668, "algorithm": 0.8920854338854537, "take": 4.160132302760104, "account": 4.739950798013046, "depend": 3.929020581796717, "occur": 4.310955192494688, "real": 3.5078071167204135, "heterogen": 8.07215530818825, "insight": 5.87493073085203, "convert": 4.383275854074314, "gain": 5.127716329021809, "model": 5.993962985908846, "search": 3.47703545805366, "problem": 1.9651324204459957, "applic": 2.481168327677393, "cacm": 0.00031215857909170155, "morgan": 6.126245159132937, "levin": 6.462717395754149}