{"horner": 13.94708603904028, "rule": 6.95407091610732, "evalu": 9.413044125172675, "gener": 3.6559768150490273, "close": 9.276336207406207, "queue": 14.682304433520912, "network": 11.835062769429475, "solut": 2.763887610787045, "separ": 4.2435139116991545, "requir": 2.388575540849568, "homogen": 6.462717395754149, "multinomi": 8.07215530818825, "express": 6.319000844904395, "number": 2.2028583950544753, "term": 3.2763647625915087, "grow": 5.127716329021809, "combinatori": 10.055265740929654, "size": 6.855528818093754, "direct": 3.58351893845611, "summat": 5.674260035389879, "impract": 8.07215530818825, "algorithm": 1.7841708677709074, "show": 3.641338509344936, "oper": 2.270036932811187, "count": 4.9366610922591, "base": 2.701517280060587, "polynomi": 3.4087162140761826, "shown": 2.7940406489577327, "mean": 3.2201250442686327, "throughput": 6.126245159132937, "obtain": 3.116328250586989, "neglig": 6.68586094706836, "extra": 6.126245159132937, "cost": 3.518278416587709, "normal": 3.929020581796717, "constant": 4.48863636973214, "cacm": 0.00031215857909170155, "octob": 2.4849066497880004, "reiser": 8.07215530818825, "kobayashi": 8.07215530818825}