{"extens": 3.3359568597937543, "exist": 3.572345637857985, "compil": 3.074943034424135, "sophist": 5.076423034634259, "macro": 9.706558966640099, "descript": 3.437426319958614, "present": 1.8221800659287668, "applic": 2.481168327677393, "string": 3.7027074557212285, "concaten": 5.992713766508414, "employ": 3.913272224828578, "add": 5.87493073085203, "facil": 3.8977680382926128, "belfap": 8.07215530818825, "cacm": 0.00031215857909170155, "septemb": 2.546702369056466, "benett": 8.07215530818825, "neumann": 7.379008127628304}