{"shellsort": 6.68586094706836, "algorithm": 0.8920854338854537, "m1": 5.433097978572992, "cacm": 0.00031215857909170155, "june": 2.3717117347975636, "chandler": 7.379008127628304, "harrison": 5.992713766508414}