{"comput": 1.3117406171048218, "represent": 7.100733462278419, "planar": 6.280395838960195, "region": 29.364608867041824, "skeleton": 18.841187516880584, "regard": 4.77631844218392, "union": 5.87493073085203, "maxim": 5.299566585948469, "neighborhood": 13.94708603904028, "point": 6.031819005679884, "center": 4.6709579265260945, "radii": 8.07215530818825, "set": 5.109404823447084, "sort": 3.8825005661618244, "storag": 2.7394365149228808, "requir": 4.777151081699136, "repres": 7.212494379067333, "compar": 3.227968221729659, "encod": 5.127716329021809, "boundari": 4.6709579265260945, "advantag": 3.7027074557212285, "determin": 3.009560275161283, "repeatedli": 6.68586094706836, "insid": 8.07215530818825, "perform": 2.8094651192833644, "theoret": 4.26549281841793, "oper": 2.270036932811187, "cacm": 0.00031215857909170155, "februari": 2.6211168546225494, "pfaltz": 7.379008127628304, "rosenfeld": 6.280395838960195}