{"graduat": 5.238941964132033, "educ": 4.287965674269989, "ph": 5.58724865840025, "glut": 7.379008127628304, "respons": 4.461237395544026, "rebutt": 8.07215530818825, "cacm": 0.00031215857909170155, "april": 2.4231810700270437, "freeman": 6.68586094706836, "malcolm": 6.280395838960195, "payn": 6.126245159132937}