{"evalu": 3.137681375057558, "determin": 3.009560275161283, "algorithm": 0.8920854338854537, "f3": 6.68586094706836, "cacm": 0.00031215857909170155, "decemb": 2.4626835130032902, "hasselblad": 8.07215530818825, "rulifson": 8.07215530818825}