{"syntact": 4.26549281841793, "chart": 5.674260035389879, "cobol": 4.545794783572089, "cacm": 0.00031215857909170155, "berman": 7.379008127628304, "sharp": 6.97354301952014, "sturg": 8.07215530818825}