{"aparel": 24.21646592456475, "pars": 30.682930978520197, "request": 22.17284574230932, "languag": 13.050008643309056, "extens": 3.3359568597937543, "algorithm": 0.8920854338854537, "pl": 20.510865316087237, "pattern": 4.101863394636128, "match": 4.5168072466988365, "capabl": 7.618950862293869, "found": 3.852647603012143, "special": 7.0791116300699874, "purpos": 3.2599709528158325, "snobol4": 6.97354301952014, "tmg": 8.07215530818825, "provid": 3.015909502839942, "state": 3.852647603012143, "bnf": 6.462717395754149, "format": 4.1803350100776235, "form": 3.0954215657676754, "program": 2.877673749815746, "sequenc": 7.330872121847993, "rule": 3.47703545805366, "success": 8.166342523247952, "complet": 3.47703545805366, "piec": 11.985427533016829, "code": 5.896382657569982, "execut": 3.2358734012367716, "normal": 7.858041163593434, "string": 7.405414911442457, "level": 3.2681342634549932, "variabl": 3.1093106779283426, "inform": 2.5627669715602726, "concern": 3.9612814440149386, "altern": 3.9612814440149386, "conveni": 9.628117540333536, "facil": 3.8977680382926128, "multipl": 3.58351893845611, "input": 3.116328250586989, "output": 3.497444329684867, "stream": 5.992713766508414, "initi": 4.2435139116991545, "subroutin": 4.1209115896068225, "time": 2.0511319588387233, "semant": 4.287965674269989, "check": 4.545794783572089, "includ": 2.7688504001291743, "proven": 6.126245159132937, "build": 5.076423034634259, "power": 3.7680902149840803, "syntax": 4.029104040353699, "function": 2.2610143152115496, "macro": 4.853279483320049, "system": 3.11488523463144, "algebra": 4.0117122976418305, "preprocessor": 7.379008127628304, "debug": 4.6064194053885235, "line": 3.5288605259182457, "command": 4.57564774672177, "parser": 5.127716329021809, "translat": 3.6901286735143684, "dataless": 8.07215530818825, "gener": 1.8279884075245136, "manipul": 3.437426319958614, "cacm": 0.00031215857909170155, "novemb": 2.4445341944976127, "balzer": 7.379008127628304, "farber": 7.379008127628304}