{"construct": 6.378706771203758, "ration": 10.055265740929654, "neg": 18.378735477398813, "power": 11.30427064495224, "formal": 7.456699772669132, "seri": 27.17750396313277, "method": 5.560665565489562, "gener": 1.8279884075245136, "fraction": 5.36410510708604, "poisson": 5.87493073085203, "chebyshev": 9.8733221845182, "shown": 5.5880812979154655, "elementari": 4.5168072466988365, "oper": 2.270036932811187, "addit": 6.63713023416377, "subtract": 5.58724865840025, "multipl": 3.58351893845611, "posit": 4.1209115896068225, "basic": 3.4181949580307265, "approach": 3.1743155082373384, "binomi": 6.280395838960195, "theorem": 4.5168072466988365, "iter": 4.046803617453101, "relationship": 4.222007706478191, "point": 3.015909502839942, "known": 3.7027074557212285, "classic": 5.238941964132033, "formula": 8.023424595283661, "obtain": 3.116328250586989, "case": 3.2123429038265776, "converg": 4.638168103703103, "properti": 3.5395558150349937, "improv": 3.3536564368931554, "comput": 1.3117406171048218, "final": 3.7680902149840803, "end": 5.127716329021809, "articl": 5.076423034634259, "numer": 3.2046208577326674, "experi": 3.4669851222001586, "fourier": 4.77631844218392, "cacm": 0.00031215857909170155, "januari": 2.6297375976664563, "bruck": 8.07215530818825}