{"optim": 9.522946524712015, "togram": 32.288621232753, "match": 13.55042174009651, "monoton": 25.850869583016596, "gray": 26.194709820660165, "level": 16.340671317274968, "transform": 14.661744243695987, "paper": 1.9808454261105517, "investig": 4.26549281841793, "problem": 5.895397261337987, "assign": 4.064822122955779, "pictur": 23.032097026942616, "point": 3.015909502839942, "object": 6.761614851918212, "find": 3.58351893845611, "digit": 3.2930318150767204, "sum": 4.545794783572089, "absolut": 5.769570215194204, "error": 6.096549574683947, "refer": 3.823660066138891, "minim": 6.78004816212806, "equival": 4.434569148461864, "place": 5.127716329021809, "k1": 14.758016255256608, "linearli": 12.252490318265874, "order": 5.86098350337118, "size": 6.855528818093754, "k2": 20.05758284120508, "box": 14.758016255256608, "assort": 7.379008127628304, "accumul": 5.127716329021809, "space": 3.497444329684867, "pack": 5.58724865840025, "overpack": 8.07215530818825, "placement": 6.462717395754149, "function": 2.2610143152115496, "ensur": 6.126245159132937, "polynomi": 3.4087162140761826, "time": 4.102263917677447, "solut": 2.763887610787045, "tree": 3.58351893845611, "search": 3.47703545805366, "algorithm": 0.8920854338854537, "present": 1.8221800659287668, "complex": 3.137681375057558, "properti": 3.5395558150349937, "drop": 6.462717395754149, "np": 6.68586094706836, "complet": 3.47703545805366, "restrict": 4.160132302760104, "cacm": 0.00031215857909170155, "octob": 2.4849066497880004, "chang": 4.2435139116991545, "wong": 6.280395838960195}