{"grammar": 20.604557948034113, "base": 5.403034560121174, "question": 16.561318701855697, "answer": 4.9366610922591, "procedur": 10.55373321853604, "subject": 4.160132302760104, "paper": 1.9808454261105517, "automat": 3.371674942395834, "retriev": 7.189636987420086, "segment": 4.434569148461864, "store": 3.5288605259182457, "inform": 7.688300914680818, "explicitli": 5.36410510708604, "implicitli": 6.68586094706836, "repres": 7.212494379067333, "pose": 11.74986146170406, "natur": 11.108122367163686, "languag": 6.525004321654528, "sentenc": 43.67951534988045, "make": 6.761614851918212, "recognit": 23.52429739100888, "devic": 7.858041163593434, "class": 3.427764409046877, "correctli": 11.348520070779758, "decid": 5.58724865840025, "grammat": 12.252490318265874, "ungrammat": 8.07215530818825, "sort": 3.8825005661618244, "reason": 4.287965674269989, "data": 4.333586920267359, "fulli": 5.299566585948469, "express": 6.319000844904395, "set": 10.218809646894169, "exhaust": 5.507205950726713, "exclus": 5.433097978572992, "gener": 1.8279884075245136, "rule": 3.47703545805366, "recogn": 5.027632870464827, "evalu": 3.137681375057558, "normal": 3.929020581796717, "situat": 4.48863636973214, "function": 4.522028630423099, "succe": 16.1443106163765, "case": 3.2123429038265776, "drawn": 5.127716329021809, "term": 3.2763647625915087, "request": 4.434569148461864, "cacm": 0.00031215857909170155, "octob": 2.4849066497880004, "rosenbaum": 7.379008127628304}