{"approxim": 3.380807425959106, "method": 1.8535551884965207, "gener": 7.3119536300980545, "asymmetr": 13.94708603904028, "random": 10.818741568600998, "variabl": 9.327932033785029, "tukey": 7.379008127628304, "lambda": 5.992713766508414, "distribut": 6.994888659369734, "provid": 3.015909502839942, "algorithm": 1.7841708677709074, "valu": 7.405414911442457, "unimod": 7.379008127628304, "advantag": 3.7027074557212285, "symmetr": 4.57564774672177, "previous": 4.739950798013046, "author": 4.287965674269989, "addit": 3.318565117081885, "paramet": 7.563391734079717, "complic": 5.027632870464827, "problem": 1.9651324204459957, "find": 3.58351893845611, "fit": 3.9946178642825303, "cacm": 0.00031215857909170155, "februari": 2.6211168546225494, "ramberg": 7.379008127628304, "schmeiser": 7.379008127628304}