{"shallow": 51.65305689339813, "bind": 31.401979194800976, "lisp": 18.30259098688708, "scheme": 3.518278416587709, "variabl": 6.218621355856685, "access": 10.818741568600998, "bound": 3.8380488035909903, "amount": 4.1803350100776235, "comput": 1.3117406171048218, "eleg": 5.992713766508414, "model": 5.993962985908846, "present": 1.8221800659287668, "context": 7.826544449657156, "switch": 5.36410510708604, "environ": 11.30427064495224, "tree": 3.58351893845611, "transform": 3.6654360609239967, "call": 3.4087162140761826, "reroot": 56.50508715731775, "complet": 3.47703545805366, "gener": 3.6559768150490273, "revers": 5.299566585948469, "option": 5.769570215194204, "sens": 4.739950798013046, "interpret": 4.222007706478191, "oper": 4.540073865622374, "correctli": 5.674260035389879, "invok": 6.97354301952014, "chang": 4.2435139116991545, "leav": 5.87493073085203, "assoc": 8.07215530818825, "invari": 5.58724865840025, "programm": 3.977810745966149, "primit": 4.814058770166768, "dynam": 3.8380488035909903, "control": 2.954161495771495, "deep": 6.68586094706836, "affect": 5.181783550292085, "speed": 3.823660066138891, "execut": 3.2358734012367716, "program": 1.438836874907873, "semant": 4.287965674269989, "addit": 3.318565117081885, "multipl": 3.58351893845611, "process": 2.1750014405515095, "activ": 3.977810745966149, "structur": 2.473733349189875, "long": 4.638168103703103, "indivis": 7.379008127628304, "final": 3.7680902149840803, "concept": 6.836389916061453, "shown": 2.7940406489577327, "combin": 3.5612958016714, "dijkstra": 5.238941964132033, "display": 3.9450209231431583, "algol": 3.243841570885949, "cacm": 0.00031215857909170155, "juli": 2.3683728335320486, "baker": 6.126245159132937, "jr": 3.243841570885949}