{"control": 5.90832299154299, "structur": 12.368666745949374, "illiac": 34.8677150976007, "iv": 14.32895532655176, "fortran": 9.80440279036498, "part": 3.371674942395834, "effort": 4.5168072466988365, "design": 4.984850964404055, "implement": 2.570897097643523, "compil": 6.14988606884827, "extend": 3.8977680382926128, "call": 3.4087162140761826, "ivtran": 8.07215530818825, "develop": 2.4267084105450123, "languag": 6.525004321654528, "mean": 3.2201250442686327, "express": 6.319000844904395, "data": 8.667173840534717, "suitabl": 4.1803350100776235, "exploit": 5.674260035389879, "parallel": 7.765001132323649, "paper": 1.9808454261105517, "review": 4.48863636973214, "hardwar": 3.8825005661618244, "characterist": 3.6295040516979333, "singl": 3.7546671946519394, "unconvent": 6.68586094706836, "featur": 6.798652947452688, "expect": 4.334485689904882, "influenc": 5.433097978572992, "implic": 4.739950798013046, "layout": 6.280395838960195, "algorithm": 1.7841708677709074, "discuss": 2.1972245773362196, "conclus": 4.814058770166768, "drawn": 5.127716329021809, "alloc": 7.259008103395867, "code": 2.948191328784991, "crucial": 7.379008127628304, "optim": 3.1743155082373384, "problem": 1.9651324204459957, "satisfactori": 5.238941964132033, "method": 3.7071103769930414, "present": 1.8221800659287668, "util": 3.6901286735143684, "storag": 2.7394365149228808, "cacm": 0.00031215857909170155, "octob": 2.4849066497880004, "millstein": 7.379008127628304}