{"translat": 3.6901286735143684, "boolean": 4.638168103703103, "express": 3.1595004224521976, "cacm": 0.00031215857909170155, "juli": 2.3683728335320486, "bottenbirruch": 8.07215530818825, "grau": 6.462717395754149}