{"variat": 4.704859478201776, "sort": 11.647501698485474, "address": 7.826544449657156, "calcul": 7.0791116300699874, "principl": 4.5168072466988365, "merg": 4.9366610922591, "combin": 3.5612958016714, "yield": 4.545794783572089, "effici": 2.7108631424788245, "techniqu": 2.240272830904733, "detail": 3.447182494903979, "flowchart": 4.9811128548299335, "import": 3.497444329684867, "program": 1.438836874907873, "step": 4.0117122976418305, "includ": 2.7688504001291743, "characterist": 3.6295040516979333, "propos": 2.907369334264736, "discuss": 2.1972245773362196, "cacm": 0.00031215857909170155, "februari": 2.6211168546225494, "jone": 6.126245159132937}