{"fortran": 3.2681342634549932, "iv": 4.77631844218392, "syntax": 4.029104040353699, "languag": 2.1750014405515095, "cacm": 0.00031215857909170155, "februari": 2.6211168546225494, "leavenworth": 6.462717395754149}