{"matrix": 3.137681375057558, "scale": 4.287965674269989, "integ": 4.140329675463924, "program": 1.438836874907873, "algorithm": 0.8920854338854537, "f1": 5.433097978572992, "cacm": 0.00031215857909170155, "april": 2.4231810700270437, "klimpel": 8.07215530818825}