{"methodolog": 4.894101477840304, "design": 7.477276446606083, "distribut": 6.994888659369734, "inform": 7.688300914680818, "system": 6.22977046926288, "macro": 4.853279483320049, "model": 5.993962985908846, "present": 1.8221800659287668, "describ": 3.0954215657676754, "major": 3.867462688797284, "cost": 7.036556833175418, "perspect": 5.769570215194204, "end": 5.127716329021809, "user": 3.0548754713733257, "make": 3.380807425959106, "evid": 5.076423034634259, "effect": 3.0954215657676754, "oper": 2.270036932811187, "paramet": 3.7816958670398586, "transact": 10.866195957145983, "techniqu": 2.240272830904733, "illustr": 3.47703545805366, "applic": 2.481168327677393, "interact": 3.6654360609239967, "process": 2.1750014405515095, "cacm": 0.00031215857909170155, "april": 2.4231810700270437, "bucci": 8.07215530818825, "streeter": 8.07215530818825}