{"interpol": 4.6064194053885235, "tabl": 3.4570347913469903, "algorithm": 0.8920854338854537, "e1": 6.462717395754149, "cacm": 0.00031215857909170155, "octob": 2.4849066497880004, "stafford": 7.379008127628304}