{"stabil": 5.58724865840025, "system": 1.55744261731572, "spite": 6.68586094706836, "distribut": 3.497444329684867, "control": 2.954161495771495, "cacm": 0.00031215857909170155, "novemb": 2.4445341944976127, "dijkstra": 5.238941964132033}