{"algorithm": 1.7841708677709074, "assign": 4.064822122955779, "problem": 1.9651324204459957, "rectangular": 5.299566585948469, "matric": 3.929020581796717, "cacm": 0.00031215857909170155, "decemb": 2.4626835130032902, "bourgeoi": 7.379008127628304, "lassal": 7.379008127628304}