{"squar": 3.6295040516979333, "fit": 15.978471457130121, "plane": 16.299293935718975, "surfac": 9.409718956403552, "dynam": 7.676097607181981, "program": 2.877673749815746, "recent": 3.8977680382926128, "stone": 6.126245159132937, "bellman": 5.507205950726713, "gluss": 14.758016255256608, "determin": 3.009560275161283, "closet": 7.379008127628304, "broken": 13.94708603904028, "line": 3.5288605259182457, "segment": 17.738276593847456, "curv": 4.1803350100776235, "interv": 4.48863636973214, "constraint": 8.717166482967883, "number": 2.2028583950544753, "fix": 4.064822122955779, "present": 1.8221800659287668, "paper": 1.9808454261105517, "success": 8.166342523247952, "model": 8.99094447886327, "develop": 2.4267084105450123, "extend": 3.8977680382926128, "method": 1.8535551884965207, "defin": 6.319000844904395, "type": 6.28980324606209, "subarea": 8.07215530818825, "space": 6.994888659369734, "consid": 3.152174382360125, "rectangular": 5.299566585948469, "area": 7.734925377594568, "grid": 6.68586094706836, "shown": 2.7940406489577327, "incorpor": 4.5168072466988365, "algorithm": 0.8920854338854537, "approxim": 3.380807425959106, "optim": 3.1743155082373384, "close": 4.638168103703103, "final": 3.7680902149840803, "applic": 2.481168327677393, "briefli": 4.5168072466988365, "cacm": 0.00031215857909170155, "april": 2.4231810700270437}