{"fortran": 3.2681342634549932, "post": 5.992713766508414, "mortem": 6.97354301952014, "procedur": 2.63843330463401, "cacm": 0.00031215857909170155, "januari": 2.6297375976664563, "kahan": 6.462717395754149, "leppik": 8.07215530818825}