{"request": 4.434569148461864, "method": 1.8535551884965207, "program": 1.438836874907873, "cacm": 0.00031215857909170155, "april": 2.4231810700270437, "corley": 8.07215530818825}