{"earli": 5.027632870464827, "experi": 6.933970244400317, "mesa": 32.288621232753, "user": 3.0548754713733257, "primarili": 5.127716329021809, "implement": 2.570897097643523, "discuss": 2.1972245773362196, "implic": 4.739950798013046, "similar": 3.7954891891721947, "program": 1.438836874907873, "languag": 2.1750014405515095, "suggest": 3.399326473726344, "specif": 3.227968221729659, "topic": 5.299566585948469, "address": 3.913272224828578, "modul": 5.181783550292085, "structur": 4.94746669837975, "defin": 3.1595004224521976, "abstract": 4.434569148461864, "data": 2.1667934601336793, "facil": 3.8977680382926128, "equival": 4.434569148461864, "algorithm": 0.8920854338854537, "type": 9.434704869093135, "coercion": 8.07215530818825, "benefit": 5.36410510708604, "system": 1.55744261731572, "breach": 6.97354301952014, "occasion": 6.68586094706836, "difficulti": 4.57564774672177, "make": 3.380807425959106, "treatment": 5.674260035389879, "variant": 5.238941964132033, "record": 3.867462688797284, "safe": 6.126245159132937, "cacm": 0.00031215857909170155, "august": 2.3750618216828454, "geschk": 8.07215530818825, "morri": 5.299566585948469, "jr": 3.243841570885949, "satterthwait": 8.07215530818825}