{"error": 3.0482747873419735, "correct": 3.6295040516979333, "pars": 4.383275854074314, "algorithm": 0.8920854338854537, "cacm": 0.00031215857909170155, "novemb": 2.4445341944976127, "iron": 5.769570215194204}