{"program": 4.31651062472362, "semant": 8.575931348539978, "multiprogram": 8.320264605520208, "comput": 5.246962468419287, "defin": 3.1595004224521976, "number": 2.2028583950544753, "meta": 12.252490318265874, "instruct": 7.734925377594568, "perform": 2.8094651192833644, "oper": 2.270036932811187, "essenti": 4.434569148461864, "write": 4.222007706478191, "system": 1.55744261731572, "relat": 3.144901623031045, "parallel": 3.8825005661618244, "process": 2.1750014405515095, "protect": 4.704859478201776, "separ": 4.2435139116991545, "debug": 4.6064194053885235, "share": 3.4871878295176777, "user": 3.0548754713733257, "memori": 3.137681375057558, "segment": 4.434569148461864, "object": 3.380807425959106, "name": 5.433097978572992, "hierarch": 5.238941964132033, "structur": 2.473733349189875, "languag": 6.525004321654528, "sophist": 5.076423034634259, "contempl": 8.07215530818825, "midway": 8.07215530818825, "assembl": 4.545794783572089, "advanc": 4.704859478201776, "algebra": 4.0117122976418305, "cacm": 0.00031215857909170155, "march": 2.546702369056466, "denni": 6.68586094706836, "vanhorn": 8.07215530818825}