{"note": 3.497444329684867, "lu": 6.280395838960195, "factor": 3.852647603012143, "symmetr": 4.57564774672177, "matrix": 3.137681375057558, "cacm": 0.00031215857909170155, "evan": 5.87493073085203, "hatzopoulo": 8.07215530818825}