{"sort": 3.8825005661618244, "procedur": 2.63843330463401, "algorithm": 0.8920854338854537, "cacm": 0.00031215857909170155, "januari": 2.6297375976664563, "flore": 6.97354301952014}