{"comput": 1.3117406171048218, "construct": 6.378706771203758, "project": 16.888030825912764, "network": 11.835062769429475, "pert": 6.126245159132937, "cpm": 8.07215530818825, "algorithm": 1.7841708677709074, "directli": 4.408593662058603, "preced": 9.628117540333536, "relat": 6.28980324606209, "creat": 8.817187324117207, "dummi": 8.07215530818825, "activ": 3.977810745966149, "topolog": 5.433097978572992, "order": 2.93049175168559, "arc": 6.126245159132937, "node": 8.869138296923728, "number": 2.2028583950544753, "minim": 3.39002408106403, "experiment": 3.867462688797284, "program": 1.438836874907873, "fortran": 3.2681342634549932, "ii": 4.140329675463924, "ibm": 3.518278416587709, "cacm": 0.00031215857909170155, "juli": 2.3683728335320486, "fisher": 6.126245159132937, "liebman": 7.379008127628304, "nemhaus": 7.379008127628304}