{"natur": 11.108122367163686, "languag": 8.700005762206038, "question": 20.70164837731962, "answer": 19.7466443690364, "system": 7.787213086578601, "recent": 3.8977680382926128, "experi": 6.933970244400317, "program": 1.438836874907873, "review": 4.48863636973214, "summar": 5.076423034634259, "method": 1.8535551884965207, "develop": 4.853416821090025, "syntact": 4.26549281841793, "semant": 17.151862697079956, "logic": 7.212494379067333, "analysi": 8.32151382492064, "english": 9.212838810777047, "string": 3.7027074557212285, "conclud": 4.814058770166768, "minim": 3.39002408106403, "effect": 6.190843131535351, "techniqu": 2.240272830904733, "devis": 5.433097978572992, "subset": 9.091589567144178, "small": 7.189636987420086, "scale": 8.575931348539978, "experiment": 3.867462688797284, "paradigm": 6.97354301952014, "evolv": 5.507205950726713, "guid": 5.127716329021809, "research": 3.977810745966149, "effort": 4.5168072466988365, "field": 3.9946178642825303, "approach": 6.348631016474677, "infer": 5.36410510708604, "seen": 6.126245159132937, "begin": 5.238941964132033, "gener": 3.6559768150490273, "respect": 4.26549281841793, "subtl": 7.379008127628304, "aspect": 4.083171261623976, "mean": 3.2201250442686327, "applic": 2.481168327677393, "larg": 5.758396914596079, "process": 2.1750014405515095, "base": 2.701517280060587, "dictionari": 5.674260035389879, "thousand": 6.97354301952014, "entri": 4.334485689904882, "correspondingli": 7.379008127628304, "grammar": 4.1209115896068225, "entail": 6.97354301952014, "order": 2.93049175168559, "complex": 3.137681375057558, "requir": 2.388575540849568, "invent": 6.68586094706836, "entir": 4.638168103703103, "cacm": 0.00031215857909170155, "januari": 2.6297375976664563, "simmon": 6.126245159132937}