{"multidimension": 11.74986146170406, "binari": 7.618950862293869, "search": 24.339248206375622, "tree": 17.91759469228055, "associ": 9.409718956403552, "paper": 3.9616908522211034, "develop": 4.853416821090025, "dimension": 4.2435139116991545, "space": 3.497444329684867, "data": 4.333586920267359, "structur": 7.421200047569625, "storag": 5.4788730298457615, "inform": 2.5627669715602726, "retriev": 3.594818493710043, "defin": 3.1595004224521976, "exampl": 6.743349884791668, "shown": 2.7940406489577327, "requir": 2.388575540849568, "signific": 3.929020581796717, "advantag": 3.7027074557212285, "singl": 3.7546671946519394, "handl": 7.430892962997317, "type": 3.144901623031045, "queri": 18.959803192052185, "effici": 2.7108631424788245, "util": 3.6901286735143684, "algorithm": 3.5683417355418148, "proven": 12.252490318265874, "averag": 8.53098563683586, "run": 11.033118460547435, "time": 6.15339587651617, "record": 3.867462688797284, "insert": 4.9366610922591, "log": 19.924451419319734, "delet": 10.36356710058417, "root": 4.140329675463924, "random": 3.6062471895336663, "node": 4.434569148461864, "optim": 3.1743155082373384, "guarante": 5.58724865840025, "logarithm": 5.181783550292085, "perform": 5.618930238566729, "partial": 4.287965674269989, "match": 4.5168072466988365, "key": 4.064822122955779, "maximum": 5.027632870464827, "nearest": 7.379008127628304, "neighbor": 6.68586094706836, "empir": 4.358583241483942, "observ": 4.9811128548299335, "surpass": 8.07215530818825, "known": 3.7027074557212285, "task": 4.222007706478191, "present": 1.8221800659287668, "gener": 1.8279884075245136, "intersect": 5.58724865840025, "main": 4.029104040353699, "focu": 6.280395838960195, "theoret": 4.26549281841793, "felt": 6.126245159132937, "applic": 2.481168327677393, "potenti": 4.6709579265260945, "cacm": 0.00031215857909170155, "septemb": 2.546702369056466, "bentli": 8.07215530818825}