{"program": 10.071858124355112, "languag": 15.225010083860566, "natur": 11.108122367163686, "mathemat": 10.8885121550938, "social": 5.674260035389879, "aspect": 8.166342523247952, "illumin": 6.68586094706836, "analog": 10.599133171896938, "similar": 3.7954891891721947, "split": 5.87493073085203, "pure": 5.769570215194204, "appli": 3.2681342634549932, "found": 3.852647603012143, "similarli": 6.68586094706836, "develop": 2.4267084105450123, "flexion": 8.07215530818825, "word": 3.7546671946519394, "order": 2.93049175168559, "base": 5.403034560121174, "type": 3.144901623031045, "speak": 8.07215530818825, "design": 2.4924254822020275, "gener": 3.6559768150490273, "abstract": 4.434569148461864, "construct": 3.189353385601879, "incid": 8.07215530818825, "histori": 5.076423034634259, "artifici": 5.36410510708604, "auxiliari": 5.299566585948469, "suggest": 3.399326473726344, "fortran": 3.2681342634549932, "cobol": 4.545794783572089, "remain": 5.127716329021809, "domin": 5.769570215194204, "long": 4.638168103703103, "time": 2.0511319588387233, "come": 5.769570215194204, "promis": 5.58724865840025, "avenu": 6.68586094706836, "work": 3.344767489475909, "wide": 4.408593662058603, "influenc": 5.433097978572992, "seen": 6.126245159132937, "high": 3.6777061535158113, "qualiti": 5.507205950726713, "literatur": 4.894101477840304, "util": 3.6901286735143684, "studi": 3.227968221729659, "question": 4.140329675463924, "relat": 3.144901623031045, "style": 6.462717395754149, "cacm": 0.00031215857909170155, "decemb": 2.4626835130032902, "naur": 5.127716329021809}