{"cyclic": 11.74986146170406, "order": 5.86098350337118, "properti": 14.158223260139975, "vertic": 5.433097978572992, "aid": 4.029104040353699, "scene": 6.68586094706836, "analysi": 2.7738379416402132, "defin": 3.1595004224521976, "bodi": 17.624792192556093, "bound": 3.8380488035909903, "smooth": 5.433097978572992, "curv": 4.1803350100776235, "face": 5.674260035389879, "shown": 2.7940406489577327, "analyz": 3.5503667311392095, "pictur": 9.212838810777047, "line": 7.0577210518364915, "data": 4.333586920267359, "extract": 5.076423034634259, "imperfect": 7.379008127628304, "augment": 5.507205950726713, "previous": 4.739950798013046, "known": 3.7027074557212285, "grammat": 6.126245159132937, "rule": 3.47703545805366, "determin": 3.009560275161283, "exist": 3.572345637857985, "dimension": 8.487027823398309, "structur": 2.473733349189875, "cacm": 0.00031215857909170155, "june": 2.3717117347975636, "shapira": 7.379008127628304, "freeman": 6.68586094706836}