{"manchest": 24.21646592456475, "mark": 20.510865316087237, "atla": 25.12158335584078, "toric": 14.758016255256608, "perspect": 5.769570215194204, "year": 4.160132302760104, "comput": 2.6234812342096436, "design": 4.984850964404055, "univers": 3.9946178642825303, "system": 3.11488523463144, "stand": 6.280395838960195, "develop": 2.4267084105450123, "period": 4.77631844218392, "paper": 1.9808454261105517, "place": 5.127716329021809, "context": 3.913272224828578, "describ": 3.0954215657676754, "architectur": 5.076423034634259, "softwar": 3.929020581796717, "present": 1.8221800659287668, "day": 5.507205950726713, "terminolog": 5.181783550292085, "concept": 3.4181949580307265, "address": 3.913272224828578, "gener": 1.8279884075245136, "store": 3.5288605259182457, "manag": 4.046803617453101, "evolv": 5.507205950726713, "progress": 5.181783550292085, "wider": 6.68586094706836, "impact": 5.076423034634259, "innov": 6.68586094706836, "area": 3.867462688797284, "discuss": 2.1972245773362196, "contemporari": 6.462717395754149, "perform": 2.8094651192833644, "evalu": 3.137681375057558, "cacm": 0.00031215857909170155, "januari": 2.6297375976664563, "lavington": 8.07215530818825}