{"take": 4.160132302760104, "reel": 7.379008127628304, "inch": 6.68586094706836, "perfor": 6.126245159132937, "tape": 4.046803617453101, "inform": 2.5627669715602726, "interchang": 4.638168103703103, "propos": 2.907369334264736, "american": 4.358583241483942, "standard": 3.1023420086122493, "cacm": 0.00031215857909170155, "octob": 2.4849066497880004}