{"cat": 8.07215530818825, "comput": 1.3117406171048218, "aid": 4.029104040353699, "translat": 22.14077204108621, "semi": 5.769570215194204, "automat": 3.371674942395834, "system": 3.11488523463144, "implement": 2.570897097643523, "convert": 4.383275854074314, "fap": 20.920629058560422, "languag": 6.525004321654528, "program": 7.194184374539365, "assembl": 13.637384350716268, "input": 3.116328250586989, "deck": 6.126245159132937, "special": 3.5395558150349937, "prepar": 4.57564774672177, "user": 6.109750942746651, "output": 6.994888659369734, "consist": 7.647320132277782, "compass": 16.1443106163765, "comprehens": 10.866195957145983, "diagnost": 5.433097978572992, "list": 3.189353385601879, "analyz": 3.5503667311392095, "order": 2.93049175168559, "verifi": 5.507205950726713, "question": 4.140329675463924, "area": 3.867462688797284, "processor": 3.7154464814986583, "distinct": 5.076423034634259, "phase": 5.027632870464827, "analysi": 2.7738379416402132, "code": 2.948191328784991, "regard": 4.77631844218392, "action": 4.57564774672177, "instruct": 11.602388066391851, "data": 2.1667934601336793, "final": 3.7680902149840803, "pass": 4.57564774672177, "gener": 1.8279884075245136, "form": 3.0954215657676754, "macro": 4.853279483320049, "cacm": 0.00031215857909170155, "decemb": 2.4626835130032902, "wilson": 6.126245159132937, "moss": 7.379008127628304}