{"recent": 7.7955360765852255, "improv": 10.060969310679466, "madcap": 29.516032510513217, "program": 1.438836874907873, "languag": 8.700005762206038, "admit": 6.280395838960195, "subscript": 5.507205950726713, "superscript": 7.379008127628304, "form": 3.0954215657676754, "display": 15.780083692572633, "formula": 8.023424595283661, "basic": 3.4181949580307265, "implement": 2.570897097643523, "previou": 4.434569148461864, "paper": 3.9616908522211034, "scientif": 4.9366610922591, "compil": 3.074943034424135, "textbook": 6.68586094706836, "comm": 5.769570215194204, "acm": 4.358583241483942, "jan": 8.07215530818825, "discuss": 4.394449154672439, "area": 11.602388066391851, "complex": 6.275362750115116, "logic": 7.212494379067333, "control": 5.90832299154299, "subprogram": 11.539140430388407, "promin": 8.07215530818825, "notat": 13.30370744538559, "integr": 2.984558972955866, "binomi": 6.280395838960195, "coeffici": 4.1209115896068225, "chief": 6.68586094706836, "featur": 3.399326473726344, "variabl": 3.1093106779283426, "nest": 5.076423034634259, "loop": 4.739950798013046, "focus": 6.462717395754149, "procedur": 2.63843330463401, "cacm": 0.00031215857909170155, "novemb": 2.4445341944976127, "well": 5.87493073085203}