{"comput": 1.3117406171048218, "page": 15.845125776059755, "fault": 18.378735477398813, "probabl": 12.666023119434573, "program": 4.31651062472362, "transit": 4.9366610922591, "diagram": 5.36410510708604, "algorithm": 2.676256301656361, "calcul": 7.0791116300699874, "virtual": 4.6064194053885235, "memori": 12.550725500230232, "system": 3.11488523463144, "oper": 2.270036932811187, "demand": 4.853279483320049, "size": 3.427764409046877, "replac": 14.219852394039139, "rule": 10.431106374160981, "order": 2.93049175168559, "markov": 11.539140430388407, "model": 2.996981492954423, "behavior": 4.334485689904882, "assum": 4.358583241483942, "represent": 3.5503667311392095, "base": 2.701517280060587, "state": 7.705295206024286, "control": 2.954161495771495, "substat": 8.07215530818825, "present": 1.8221800659287668, "gener": 1.8279884075245136, "sens": 4.739950798013046, "nonpredict": 8.07215530818825, "appli": 3.2681342634549932, "repres": 3.6062471895336663, "step": 4.0117122976418305, "chain": 4.894101477840304, "detail": 3.447182494903979, "illustr": 3.47703545805366, "random": 3.6062471895336663, "recent": 3.8977680382926128, "lru": 6.68586094706836, "cacm": 0.00031215857909170155, "april": 2.4231810700270437, "franklin": 7.379008127628304, "gupta": 7.379008127628304}