{"program": 2.877673749815746, "languag": 8.700005762206038, "famili": 5.027632870464827, "unimpl": 8.07215530818825, "comput": 1.3117406171048218, "intend": 4.894101477840304, "span": 5.299566585948469, "differ": 3.977810745966149, "applic": 2.481168327677393, "area": 3.867462688797284, "unifi": 5.674260035389879, "framework": 14.9433385644898, "dictat": 6.68586094706836, "rule": 3.47703545805366, "user": 6.109750942746651, "coin": 8.07215530818825, "name": 5.433097978572992, "convent": 7.676097607181981, "character": 4.9811128548299335, "function": 6.783042945634649, "relationship": 4.222007706478191, "design": 2.4924254822020275, "specif": 3.227968221729659, "split": 5.87493073085203, "independ": 3.8094754311469345, "part": 3.371674942395834, "choic": 9.15129549344354, "written": 3.728349886334566, "appear": 4.48863636973214, "gener": 1.8279884075245136, "physic": 4.57564774672177, "represent": 3.5503667311392095, "abstract": 4.434569148461864, "entiti": 5.992713766508414, "number": 2.2028583950544753, "charact": 3.6654360609239967, "string": 3.7027074557212285, "list": 3.189353385601879, "relat": 3.144901623031045, "refer": 3.823660066138891, "system": 1.55744261731572, "bias": 7.379008127628304, "express": 6.319000844904395, "statement": 3.7154464814986583, "includ": 2.7688504001291743, "nonprocedur": 6.280395838960195, "pure": 5.769570215194204, "subsystem": 5.674260035389879, "aim": 5.299566585948469, "expand": 5.181783550292085, "class": 3.427764409046877, "need": 3.251873742583213, "met": 6.68586094706836, "singl": 3.7546671946519394, "print": 5.027632870464827, "instruct": 3.867462688797284, "sacrif": 8.07215530818825, "import": 3.497444329684867, "properti": 3.5395558150349937, "make": 3.380807425959106, "hand": 4.894101477840304, "side": 5.299566585948469, "easi": 4.358583241483942, "construct": 3.189353385601879, "understand": 4.704859478201776, "cacm": 0.00031215857909170155, "march": 2.546702369056466, "landin": 6.97354301952014}