{"predict": 14.682304433520912, "analyz": 14.201466924556838, "path": 8.97727273946428, "elimin": 8.129644245911559, "techniqu": 4.480545661809466, "characterist": 3.6295040516979333, "featur": 3.399326473726344, "system": 3.11488523463144, "syntact": 4.26549281841793, "analysi": 2.7738379416402132, "oper": 2.270036932811187, "harvard": 6.280395838960195, "ibm": 3.518278416587709, "delin": 6.280395838960195, "advantag": 3.7027074557212285, "disadvantag": 5.674260035389879, "discuss": 2.1972245773362196, "comparison": 3.6901286735143684, "constitu": 6.68586094706836, "develop": 2.4267084105450123, "rand": 6.280395838960195, "corpor": 5.87493073085203, "robinson": 5.769570215194204, "english": 4.6064194053885235, "grammar": 4.1209115896068225, "addit": 3.318565117081885, "repetit": 5.433097978572992, "claim": 5.87493073085203, "effici": 2.7108631424788245, "process": 2.1750014405515095, "time": 2.0511319588387233, "core": 4.310955192494688, "storag": 2.7394365149228808, "requir": 2.388575540849568, "cacm": 0.00031215857909170155, "juli": 2.3683728335320486, "kuno": 6.280395838960195}