{"note": 3.497444329684867, "anomali": 6.280395838960195, "page": 3.9612814440149386, "cacm": 0.00031215857909170155, "juli": 2.3683728335320486, "pomeranz": 6.97354301952014}