{"plexu": 32.288621232753, "line": 3.5288605259182457, "system": 4.67232785194716, "model": 8.99094447886327, "neural": 22.137024382884913, "network": 31.560167385145267, "descript": 3.437426319958614, "present": 1.8221800659287668, "enabl": 4.5168072466988365, "user": 6.109750942746651, "construct": 3.189353385601879, "analyz": 7.100733462278419, "output": 3.497444329684867, "data": 10.833967300668396, "produc": 3.427764409046877, "store": 3.5288605259182457, "retriev": 3.594818493710043, "librari": 4.894101477840304, "oper": 2.270036932811187, "entir": 4.638168103703103, "digit": 3.2930318150767204, "display": 3.9450209231431583, "unit": 4.2435139116991545, "interact": 3.6654360609239967, "directli": 4.408593662058603, "permit": 3.572345637857985, "easi": 4.358583241483942, "rapid": 4.9366610922591, "transit": 4.9366610922591, "phase": 5.027632870464827, "process": 2.1750014405515095, "design": 2.4924254822020275, "complement": 5.674260035389879, "neurophysiolog": 7.379008127628304, "research": 3.977810745966149, "systemat": 5.181783550292085, "develop": 2.4267084105450123, "coordin": 4.853279483320049, "experiment": 7.734925377594568, "work": 3.344767489475909, "built": 5.076423034634259, "compon": 8.53098563683586, "repres": 3.6062471895336663, "individu": 4.6064194053885235, "neuron": 6.97354301952014, "extern": 4.9811128548299335, "stimuli": 8.07215530818825, "interconnect": 6.126245159132937, "fiber": 8.07215530818825, "detail": 6.894364989807958, "natur": 3.7027074557212285, "provis": 5.58724865840025, "made": 3.2046208577326674, "input": 3.116328250586989, "conveni": 4.814058770166768, "mean": 3.2201250442686327, "specif": 3.227968221729659, "modif": 4.461237395544026, "extens": 3.3359568597937543, "error": 3.0482747873419735, "check": 4.545794783572089, "capabl": 3.8094754311469345, "provid": 3.015909502839942, "result": 2.3750618216828454, "simul": 3.380807425959106, "varieti": 4.1209115896068225, "techniqu": 2.240272830904733, "rang": 4.222007706478191, "examin": 3.641338509344936, "gross": 7.379008127628304, "characterist": 3.6295040516979333, "determin": 3.009560275161283, "statist": 3.867462688797284, "properti": 3.5395558150349937, "cacm": 0.00031215857909170155, "septemb": 2.546702369056466, "dill": 8.07215530818825, "randal": 6.97354301952014, "richer": 8.07215530818825}