{"coko": 48.4329318491295, "iii": 18.819437912807103, "cooper": 11.74986146170406, "koz": 8.07215530818825, "chess": 59.03206502102643, "program": 2.877673749815746, "player": 20.05758284120508, "written": 3.728349886334566, "entir": 9.276336207406207, "fortran": 3.2681342634549932, "ibm": 3.518278416587709, "play": 10.866195957145983, "minim": 6.78004816212806, "game": 11.539140430388407, "rate": 4.408593662058603, "sec": 7.379008127628304, "cpu": 5.127716329021809, "time": 2.0511319588387233, "move": 10.36356710058417, "level": 3.2681342634549932, "close": 4.638168103703103, "lower": 5.238941964132033, "club": 8.07215530818825, "select": 10.853424035804228, "tree": 17.91759469228055, "search": 13.90814183221464, "procedur": 5.27686660926802, "control": 2.954161495771495, "tactic": 8.07215530818825, "logist": 7.379008127628304, "deploy": 7.379008127628304, "multipl": 3.58351893845611, "calcul": 3.5395558150349937, "achiev": 3.7954891891721947, "optim": 3.1743155082373384, "algorithm": 1.7841708677709074, "heart": 6.462717395754149, "effect": 3.0954215657676754, "conceptu": 5.181783550292085, "simpl": 3.009560275161283, "addit": 3.318565117081885, "interest": 3.9450209231431583, "phenomenon": 6.280395838960195, "call": 3.4087162140761826, "catastroph": 8.07215530818825, "plagu": 8.07215530818825, "develop": 2.4267084105450123, "troubl": 6.280395838960195, "human": 9.033614493397673, "standard": 3.1023420086122493, "exponenti": 4.1803350100776235, "growth": 5.769570215194204, "curb": 8.07215530818825, "larg": 2.8791984572980396, "extent": 5.299566585948469, "definit": 3.6777061535158113, "trim": 8.07215530818825, "fischer": 6.462717395754149, "set": 2.554702411723542, "clear": 5.674260035389879, "distinct": 5.076423034634259, "prune": 8.07215530818825, "made": 6.409241715465335, "represent": 3.5503667311392095, "environ": 3.7680902149840803, "strateg": 6.97354301952014, "preanalysi": 8.07215530818825, "map": 4.358583241483942, "lasker": 8.07215530818825, "region": 4.894101477840304, "specif": 3.227968221729659, "command": 4.57564774672177, "structur": 2.473733349189875, "desir": 4.140329675463924, "experiment": 3.867462688797284, "comparison": 3.6901286735143684, "mysteri": 8.07215530818825, "action": 4.57564774672177, "cacm": 0.00031215857909170155, "juli": 2.3683728335320486, "kozdrowicki": 8.07215530818825}