{"optim": 15.871577541186692, "decis": 7.7955360765852255, "tree": 3.58351893845611, "heurist": 18.425677621554094, "guid": 10.255432658043619, "search": 17.385177290268302, "tabl": 13.828139165387961, "convers": 3.867462688797284, "tackl": 8.07215530818825, "literatur": 4.894101477840304, "approach": 3.1743155082373384, "dynam": 7.676097607181981, "program": 2.877673749815746, "branch": 11.1744973168005, "bound": 7.676097607181981, "techniqu": 6.7208184927142, "effect": 3.0954215657676754, "time": 2.0511319588387233, "space": 6.994888659369734, "requir": 2.388575540849568, "independ": 3.8094754311469345, "easi": 4.358583241483942, "produc": 3.427764409046877, "good": 9.212838810777047, "quasi": 13.37172189413672, "solut": 8.291662832361135, "direct": 3.58351893845611, "clutter": 8.07215530818825, "enorm": 6.126245159132937, "number": 6.608575185163426, "increas": 3.6295040516979333, "test": 3.0817227214095135, "variabl": 6.218621355856685, "accord": 4.9366610922591, "doubl": 5.769570215194204, "exponenti": 4.1803350100776235, "paper": 3.9616908522211034, "suggest": 3.399326473726344, "top": 5.181783550292085, "algorithm": 0.8920854338854537, "recogn": 5.027632870464827, "ident": 5.36410510708604, "subproblem": 6.68586094706836, "find": 3.58351893845611, "method": 1.8535551884965207, "introduc": 3.8380488035909903, "combin": 3.5612958016714, "posit": 4.1209115896068225, "aspect": 4.083171261623976, "compress": 5.58724865840025, "larg": 2.8791984572980396, "handl": 3.7154464814986583, "deriv": 3.2930318150767204, "expand": 5.181783550292085, "cacm": 0.00031215857909170155, "decemb": 2.4626835130032902, "martelli": 7.379008127628304, "montanari": 6.68586094706836}