{"adapt": 4.434569148461864, "numer": 3.2046208577326674, "integr": 2.984558972955866, "simpson": 5.299566585948469, "rule": 3.47703545805366, "algorithm": 0.8920854338854537, "d1": 4.545794783572089, "cacm": 0.00031215857909170155, "march": 2.546702369056466, "pike": 5.433097978572992}