{"gauss": 5.36410510708604, "method": 1.8535551884965207, "algorithm": 0.8920854338854537, "cacm": 0.00031215857909170155, "juli": 2.3683728335320486, "count": 4.9366610922591}