{"greatest": 5.674260035389879, "common": 3.9450209231431583, "divisor": 5.433097978572992, "integ": 4.140329675463924, "multipli": 5.87493073085203, "a1": 4.894101477840304, "algorithm": 0.8920854338854537, "cacm": 0.00031215857909170155, "juli": 2.3683728335320486, "bradley": 7.379008127628304}