{"numer": 6.409241715465335, "integr": 2.984558972955866, "differenti": 11.787061745390151, "differ": 7.955621491932298, "equat": 9.327932033785029, "decreas": 5.027632870464827, "time": 4.102263917677447, "lag": 38.7763043745249, "system": 1.55744261731572, "variabl": 12.43724271171337, "present": 5.4665401977863, "common": 7.890041846286317, "occurr": 5.238941964132033, "biolog": 5.87493073085203, "flow": 4.704859478201776, "rate": 4.408593662058603, "extens": 3.3359568597937543, "bodi": 5.87493073085203, "knowledg": 5.027632870464827, "exist": 3.572345637857985, "concern": 3.9612814440149386, "effect": 3.0954215657676754, "shown": 2.7940406489577327, "method": 1.8535551884965207, "reduc": 3.641338509344936, "ordinari": 4.434569148461864, "studi": 6.455936443459318, "eas": 4.9366610922591, "subsequ": 5.181783550292085, "deal": 4.461237395544026, "situat": 4.48863636973214, "multipl": 3.58351893845611, "depend": 3.929020581796717, "solut": 2.763887610787045, "cacm": 0.00031215857909170155, "april": 2.4231810700270437, "bellman": 5.507205950726713, "buell": 7.379008127628304, "kalaba": 5.992713766508414}