{"treesort": 6.462717395754149, "algorithm": 0.8920854338854537, "m1": 5.433097978572992, "cacm": 0.00031215857909170155, "decemb": 2.4626835130032902, "floyd": 5.127716329021809}