{"spectra": 26.74344378827344, "emul": 25.850869583016596, "rca": 25.850869583016596, "system": 1.55744261731572, "suppli": 5.238941964132033, "reprogram": 6.462717395754149, "aid": 4.029104040353699, "object": 6.761614851918212, "program": 2.877673749815746, "run": 3.6777061535158113, "necessit": 6.97354301952014, "code": 2.948191328784991, "execut": 3.2358734012367716, "rate": 4.408593662058603, "consider": 3.8977680382926128, "tradit": 5.36410510708604, "simul": 3.380807425959106, "increas": 3.6295040516979333, "throughput": 6.126245159132937, "capac": 5.36410510708604, "user": 3.0548754713733257, "make": 3.380807425959106, "hardwar": 3.8825005661618244, "micro": 6.97354301952014, "routin": 7.734925377594568, "softwar": 3.929020581796717, "accomplish": 4.638168103703103, "function": 2.2610143152115496, "cacm": 0.00031215857909170155, "decemb": 2.4626835130032902, "benjamin": 6.97354301952014}