{"algorithm": 1.7841708677709074, "scale1": 8.07215530818825, "scale2": 8.07215530818825, "scale3": 8.07215530818825, "determin": 3.009560275161283, "scale": 4.287965674269989, "comput": 1.3117406171048218, "gener": 1.8279884075245136, "plot": 4.9811128548299335, "j6": 6.126245159132937, "a463": 8.07215530818825, "cacm": 0.00031215857909170155, "octob": 2.4849066497880004, "lewart": 8.07215530818825}