{"addit": 3.318565117081885, "arbitrari": 4.160132302760104, "base": 2.701517280060587, "radix": 25.12158335584078, "convers": 7.734925377594568, "paper": 1.9808454261105517, "present": 1.8221800659287668, "gener": 1.8279884075245136, "program": 1.438836874907873, "techniqu": 2.240272830904733, "add": 5.87493073085203, "subtract": 5.58724865840025, "number": 4.405716790108951, "repres": 3.6062471895336663, "includ": 2.7688504001291743, "mix": 9.962225709659867, "store": 7.0577210518364915, "digit": 3.2930318150767204, "byte": 12.252490318265874, "suffici": 4.26549281841793, "size": 3.427764409046877, "unnecessari": 6.126245159132937, "loop": 4.739950798013046, "requir": 2.388575540849568, "display": 3.9450209231431583, "format": 4.1803350100776235, "applic": 2.481168327677393, "cobol": 4.545794783572089, "hexadecim": 6.97354301952014, "sum": 4.545794783572089, "discuss": 2.1972245773362196, "cacm": 0.00031215857909170155, "june": 2.3717117347975636, "soul": 8.07215530818825}