{"algorithm": 1.7841708677709074, "convert": 4.383275854074314, "integ": 8.280659350927849, "base": 5.403034560121174, "known": 3.7027074557212285, "simpl": 3.009560275161283, "convers": 3.867462688797284, "number": 2.2028583950544753, "system": 1.55744261731572, "present": 1.8221800659287668, "prove": 3.8380488035909903, "cacm": 0.00031215857909170155, "april": 2.4231810700270437, "gladwin": 8.07215530818825}