{"propos": 2.907369334264736, "input": 3.116328250586989, "output": 3.497444329684867, "convent": 3.8380488035909903, "algol": 6.487683141771898, "report": 3.4669851222001586, "subcommitte": 6.126245159132937, "acm": 4.358583241483942, "program": 1.438836874907873, "languag": 2.1750014405515095, "committe": 4.853279483320049, "cacm": 0.00031215857909170155}