{"survey": 8.97727273946428, "literatur": 9.788202955680608, "comput": 2.6234812342096436, "scienc": 7.955621491932298, "educ": 8.575931348539978, "curriculum": 10.255432658043619, "bibliographi": 12.56079167792039, "approxim": 3.380807425959106, "hundr": 6.126245159132937, "refer": 7.647320132277782, "appear": 4.48863636973214, "public": 5.127716329021809, "present": 1.8221800659287668, "preced": 4.814058770166768, "descript": 10.312278959875842, "materi": 9.479901596026092, "organ": 7.015614233440827, "categori": 6.126245159132937, "report": 3.4669851222001586, "activ": 3.977810745966149, "profession": 5.027632870464827, "philosophi": 5.238941964132033, "program": 2.877673749815746, "cours": 4.48863636973214, "cacm": 0.00031215857909170155, "januari": 2.6297375976664563, "aust": 6.462717395754149, "barn": 6.97354301952014}