{"pdel": 16.1443106163765, "languag": 10.875007202757548, "partial": 17.151862697079956, "differenti": 15.716082327186868, "equat": 12.43724271171337, "convent": 3.8380488035909903, "comput": 1.3117406171048218, "method": 1.8535551884965207, "solv": 7.015614233440827, "continu": 3.852647603012143, "system": 1.55744261731572, "problem": 5.895397261337987, "character": 4.9811128548299335, "time": 2.0511319588387233, "consum": 5.433097978572992, "cumbersom": 7.379008127628304, "conveni": 4.814058770166768, "easi": 4.358583241483942, "learn": 4.894101477840304, "high": 3.6777061535158113, "level": 3.2681342634549932, "orient": 3.977810745966149, "studi": 3.227968221729659, "design": 4.984850964404055, "practic": 3.617808011934742, "translat": 7.380257347028737, "work": 3.344767489475909, "version": 4.461237395544026, "construct": 3.189353385601879, "signific": 3.929020581796717, "portion": 4.894101477840304, "outlin": 4.160132302760104, "highlight": 6.126245159132937, "briefli": 4.5168072466988365, "summar": 5.076423034634259, "cacm": 0.00031215857909170155, "march": 2.546702369056466, "cardena": 6.97354301952014, "karplu": 8.07215530818825}