{"extern": 4.9811128548299335, "languag": 2.1750014405515095, "klipa": 8.07215530818825, "ural": 7.379008127628304, "digit": 3.2930318150767204, "comput": 1.3117406171048218, "cacm": 0.00031215857909170155, "june": 2.3717117347975636, "greniewski": 8.07215530818825, "turski": 8.07215530818825}