{"studi": 3.227968221729659, "storag": 13.697182574614404, "partit": 17.434332965935766, "mathemat": 3.6295040516979333, "model": 11.987925971817692, "local": 4.6709579265260945, "fix": 8.129644245911559, "dynam": 7.676097607181981, "procedur": 2.63843330463401, "examin": 3.641338509344936, "multiprogram": 4.160132302760104, "system": 1.55744261731572, "requir": 2.388575540849568, "program": 1.438836874907873, "stationari": 6.462717395754149, "gaussian": 5.299566585948469, "process": 2.1750014405515095, "experi": 3.4669851222001586, "justifi": 5.58724865840025, "mean": 3.2201250442686327, "shown": 2.7940406489577327, "provid": 3.015909502839942, "substanti": 4.6709579265260945, "increas": 3.6295040516979333, "util": 3.6901286735143684, "oper": 2.270036932811187, "effici": 2.7108631424788245, "cacm": 0.00031215857909170155, "march": 2.546702369056466, "coffman": 5.87493073085203, "jr": 6.487683141771898, "ryan": 8.07215530818825}