{"report": 3.4669851222001586, "input": 3.116328250586989, "output": 3.497444329684867, "procedur": 2.63843330463401, "algol": 3.243841570885949, "ifip": 6.97354301952014, "cacm": 0.00031215857909170155, "octob": 2.4849066497880004}