{"pseudo": 5.433097978572992, "random": 3.6062471895336663, "number": 2.2028583950544753, "g5": 5.238941964132033, "algorithm": 0.8920854338854537, "c266": 8.07215530818825, "cacm": 0.00031215857909170155, "decemb": 2.4626835130032902, "sullin": 8.07215530818825}