{"retriev": 10.784455481130129, "updat": 9.409718956403552, "speed": 3.823660066138891, "tradeoff": 12.252490318265874, "combin": 14.2451832066856, "indic": 20.305692138537037, "paper": 3.9616908522211034, "novemb": 2.4445341944976127, "commun": 3.7154464814986583, "acm": 4.358583241483942, "lum": 6.126245159132937, "introduc": 3.8380488035909903, "techniqu": 4.480545661809466, "index": 4.383275854074314, "name": 5.433097978572992, "permit": 3.572345637857985, "decreas": 5.027632870464827, "time": 2.0511319588387233, "cost": 7.036556833175418, "increas": 3.6295040516979333, "storag": 2.7394365149228808, "space": 3.497444329684867, "examin": 3.641338509344936, "condit": 3.39002408106403, "usag": 9.212838810777047, "fraction": 5.36410510708604, "curv": 4.1803350100776235, "develop": 2.4267084105450123, "show": 3.641338509344936, "minim": 3.39002408106403, "group": 4.1803350100776235, "partial": 4.287965674269989, "cacm": 0.00031215857909170155, "decemb": 2.4626835130032902, "mullin": 6.97354301952014}