{"suggest": 3.399326473726344, "method": 1.8535551884965207, "make": 3.380807425959106, "fuller": 6.126245159132937, "string": 3.7027074557212285, "algol": 3.243841570885949, "cacm": 0.00031215857909170155, "april": 2.4231810700270437, "shoffner": 8.07215530818825, "brown": 5.027632870464827}