{"permut": 4.287965674269989, "gener": 1.8279884075245136, "algorithm": 0.8920854338854537, "cacm": 0.00031215857909170155, "april": 2.4231810700270437, "howel": 6.280395838960195}