{"convers": 15.469850755189135, "byan": 8.07215530818825, "mean": 3.2201250442686327, "float": 14.32895532655176, "point": 9.047728508519825, "number": 8.811433580217901, "base": 10.806069120242348, "convert": 8.766551708148627, "back": 5.507205950726713, "origin": 8.487027823398309, "combin": 3.5612958016714, "round": 4.704859478201776, "truncat": 5.36410510708604, "question": 4.140329675463924, "consid": 3.152174382360125, "signific": 7.858041163593434, "digit": 6.586063630153441, "need": 3.251873742583213, "intermedi": 5.299566585948469, "allow": 3.867462688797284, "cacm": 0.00031215857909170155, "januari": 2.6297375976664563, "matula": 8.07215530818825}