{"evalu": 3.137681375057558, "pert": 6.126245159132937, "network": 3.9450209231431583, "algorithm": 0.8920854338854537, "cacm": 0.00031215857909170155, "august": 2.3750618216828454, "eisenman": 8.07215530818825, "shapiro": 6.462717395754149}