{"solut": 2.763887610787045, "diophantin": 6.97354301952014, "equat": 3.1093106779283426, "algorithm": 0.8920854338854537, "cacm": 0.00031215857909170155, "novemb": 2.4445341944976127, "peck": 6.126245159132937}