{"measur": 11.514146410772971, "segment": 22.17284574230932, "size": 10.283293227140632, "distribut": 3.497444329684867, "routin": 3.867462688797284, "oper": 2.270036932811187, "con": 6.68586094706836, "dition": 8.07215530818825, "comput": 2.6234812342096436, "system": 4.67232785194716, "util": 3.6901286735143684, "variabl": 3.1093106779283426, "burrough": 6.126245159132937, "b5500": 13.94708603904028, "discuss": 2.1972245773362196, "strike": 6.68586094706836, "featur": 6.798652947452688, "larg": 2.8791984572980396, "number": 2.2028583950544753, "small": 3.594818493710043, "percent": 4.814058770166768, "word": 3.7546671946519394, "result": 2.3750618216828454, "certainli": 7.379008127628304, "instal": 5.58724865840025, "independ": 3.8094754311469345, "influenc": 5.433097978572992, "algol": 3.243841570885949, "relev": 5.027632870464827, "design": 2.4924254822020275, "especi": 5.127716329021809, "respect": 4.26549281841793, "organ": 3.5078071167204135, "page": 3.9612814440149386, "scheme": 3.518278416587709, "cacm": 0.00031215857909170155, "march": 2.546702369056466, "batson": 6.462717395754149, "ju": 8.07215530818825, "wood": 5.87493073085203}