{"mask": 5.87493073085203, "dimension": 4.2435139116991545, "plot": 4.9811128548299335, "program": 1.438836874907873, "rotat": 5.36410510708604, "j6": 6.126245159132937, "algorithm": 0.8920854338854537, "a483": 8.07215530818825, "cacm": 0.00031215857909170155, "septemb": 2.546702369056466, "watkin": 6.97354301952014}