{"techniqu": 2.240272830904733, "comput": 1.3117406171048218, "detect": 4.310955192494688, "correct": 7.259008103395867, "spell": 6.68586094706836, "error": 12.193099149367894, "method": 1.8535551884965207, "assum": 8.717166482967883, "word": 11.264001583955817, "found": 3.852647603012143, "dictionari": 11.348520070779758, "wrong": 7.379008127628304, "miss": 6.126245159132937, "extra": 6.126245159132937, "letter": 5.769570215194204, "singl": 3.7546671946519394, "transposit": 5.992713766508414, "unidentifi": 8.07215530818825, "input": 3.116328250586989, "compar": 3.227968221729659, "test": 6.163445442819027, "time": 2.0511319588387233, "match": 4.5168072466988365, "occur": 4.310955192494688, "run": 3.6777061535158113, "garbl": 7.379008127628304, "text": 4.083171261623976, "identif": 5.238941964132033, "made": 3.2046208577326674, "percent": 4.814058770166768, "type": 3.144901623031045, "cacm": 0.00031215857909170155, "march": 2.546702369056466, "damerau": 7.379008127628304}