{"arccossin": 8.07215530818825, "algorithm": 0.8920854338854537, "b1": 6.68586094706836, "cacm": 0.00031215857909170155, "februari": 2.6211168546225494, "bowlden": 6.97354301952014}