{"algorithm": 1.7841708677709074, "assign": 8.129644245911559, "problem": 5.895397261337987, "formul": 4.545794783572089, "briefli": 4.5168072466988365, "discuss": 2.1972245773362196, "effici": 2.7108631424788245, "solut": 5.52777522157409, "present": 1.8221800659287668, "algol": 3.243841570885949, "code": 2.948191328784991, "empir": 4.358583241483942, "relat": 3.144901623031045, "time": 2.0511319588387233, "size": 3.427764409046877, "base": 2.701517280060587, "extens": 3.3359568597937543, "experi": 3.4669851222001586, "carri": 4.77631844218392, "digit": 3.2930318150767204, "comput": 1.3117406171048218, "cacm": 0.00031215857909170155, "novemb": 2.4445341944976127, "silver": 6.97354301952014}