{"microprogram": 5.87493073085203, "emul": 6.462717395754149, "program": 1.438836874907873, "languag": 10.875007202757548, "problem": 1.9651324204459957, "concern": 3.9612814440149386, "convert": 4.383275854074314, "action": 4.57564774672177, "intellectu": 7.379008127628304, "energi": 13.37172189413672, "mechan": 3.7680902149840803, "medium": 5.36410510708604, "purpos": 3.2599709528158325, "preoccupi": 7.379008127628304, "subject": 4.160132302760104, "area": 3.867462688797284, "investig": 4.26549281841793, "concentr": 5.769570215194204, "formal": 3.728349886334566, "syntax": 4.029104040353699, "semant": 4.287965674269989, "cacm": 0.00031215857909170155, "march": 2.546702369056466, "greem": 8.07215530818825}