{"implement": 5.141794195287046, "clenshaw": 12.925434791508298, "curti": 13.37172189413672, "quadratur": 13.91450431110931, "methodolog": 4.894101477840304, "experi": 6.933970244400317, "import": 3.497444329684867, "automat": 3.371674942395834, "scheme": 7.036556833175418, "varieti": 4.1209115896068225, "reason": 4.287965674269989, "especi": 5.127716329021809, "high": 3.6777061535158113, "accuraci": 4.383275854074314, "obtain": 3.116328250586989, "integrand": 6.462717395754149, "valu": 3.7027074557212285, "receiv": 5.238941964132033, "requir": 2.388575540849568, "comput": 3.9352218513144654, "cosin": 19.38815218726245, "transform": 14.661744243695987, "arithmet": 3.6901286735143684, "cost": 3.518278416587709, "prohibit": 6.462717395754149, "paper": 3.9616908522211034, "part": 6.743349884791668, "companion": 6.97354301952014, "ii": 4.140329675463924, "show": 3.641338509344936, "object": 3.380807425959106, "overcom": 5.433097978572992, "modif": 4.461237395544026, "fast": 3.9450209231431583, "fourier": 4.77631844218392, "algorithm": 0.8920854338854537, "discuss": 2.1972245773362196, "strategi": 4.6709579265260945, "error": 3.0482747873419735, "estim": 3.929020581796717, "summar": 5.076423034634259, "cacm": 0.00031215857909170155, "gentleman": 6.462717395754149}