{"requir": 4.777151081699136, "real": 7.015614233440827, "time": 4.102263917677447, "languag": 8.700005762206038, "program": 2.877673749815746, "special": 7.0791116300699874, "natur": 3.7027074557212285, "applic": 2.481168327677393, "environ": 7.5361804299681605, "object": 3.380807425959106, "execut": 6.471746802473543, "compil": 6.14988606884827, "extens": 3.3359568597937543, "ultim": 6.280395838960195, "advanc": 4.704859478201776, "develop": 2.4267084105450123, "field": 3.9946178642825303, "progress": 5.181783550292085, "made": 3.2046208577326674, "attack": 6.68586094706836, "system": 1.55744261731572, "problem": 1.9651324204459957, "solv": 3.5078071167204135, "cacm": 0.00031215857909170155, "march": 2.546702369056466, "opler": 6.68586094706836}