{"approxim": 6.761614851918212, "solut": 5.52777522157409, "axial": 16.1443106163765, "symmetr": 4.57564774672177, "problem": 5.895397261337987, "varieti": 4.1209115896068225, "physic": 4.57564774672177, "divers": 5.58724865840025, "field": 7.989235728565061, "electrostat": 8.07215530818825, "theori": 8.280659350927849, "heat": 6.68586094706836, "ideal": 5.769570215194204, "fluid": 6.97354301952014, "flow": 4.704859478201776, "stress": 5.769570215194204, "concentr": 5.769570215194204, "reduc": 3.641338509344936, "assumpt": 4.739950798013046, "symmetri": 6.462717395754149, "studi": 6.455936443459318, "ellipt": 5.238941964132033, "partial": 4.287965674269989, "differenti": 3.929020581796717, "equat": 6.218621355856685, "dirichlet": 6.97354301952014, "type": 3.144901623031045, "region": 4.894101477840304, "boundari": 4.6709579265260945, "includ": 2.7688504001291743, "nondegener": 8.07215530818825, "portion": 4.894101477840304, "axi": 6.97354301952014, "exceedingli": 7.379008127628304, "accur": 4.739950798013046, "numer": 3.2046208577326674, "method": 1.8535551884965207, "cacm": 0.00031215857909170155, "june": 2.3717117347975636, "greenspan": 6.68586094706836}