{"profession": 35.19343009325379, "comput": 5.246962468419287, "field": 3.9946178642825303, "term": 6.552729525183017, "mean": 3.2201250442686327, "thing": 5.36410510708604, "peopl": 5.507205950726713, "gener": 3.6559768150490273, "technic": 5.127716329021809, "social": 5.674260035389879, "standard": 3.1023420086122493, "appli": 3.2681342634549932, "practition": 32.31358697877074, "research": 3.977810745966149, "broad": 5.769570215194204, "definit": 3.6777061535158113, "regard": 4.77631844218392, "type": 3.144901623031045, "institut": 10.599133171896938, "academ": 5.87493073085203, "industri": 10.72821021417208, "govern": 5.181783550292085, "societi": 5.674260035389879, "educ": 4.287965674269989, "employ": 3.913272224828578, "regul": 6.126245159132937, "mold": 6.97354301952014, "contribut": 5.181783550292085, "nonprofession": 8.07215530818825, "statu": 16.76174597520075, "role": 5.027632870464827, "examin": 3.641338509344936, "shortcom": 6.68586094706836, "note": 3.497444329684867, "recommend": 4.853279483320049, "suggest": 3.399326473726344, "analysi": 2.7738379416402132, "bestow": 8.07215530818825, "earn": 7.379008127628304, "univers": 3.9946178642825303, "specif": 3.227968221729659, "make": 3.380807425959106, "improv": 3.3536564368931554, "help": 5.238941964132033, "achiev": 3.7954891891721947, "cacm": 0.00031215857909170155, "januari": 2.6297375976664563, "finerman": 6.97354301952014}