{"quadrat": 10.72821021417208, "adapt": 22.17284574230932, "rout": 51.92613193674784, "algorithm": 2.676256301656361, "analyt": 4.461237395544026, "model": 5.993962985908846, "store": 3.5288605259182457, "forward": 5.507205950726713, "commun": 3.7154464814986583, "network": 15.780083692572633, "construct": 3.189353385601879, "find": 3.58351893845611, "optim": 12.697262032949354, "messag": 5.127716329021809, "illustr": 3.47703545805366, "equilibrium": 7.379008127628304, "stationari": 6.462717395754149, "state": 7.705295206024286, "maintain": 9.276336207406207, "show": 3.641338509344936, "satisfi": 4.383275854074314, "condit": 6.78004816212806, "tend": 5.299566585948469, "overus": 8.07215530818825, "direct": 3.58351893845611, "path": 4.48863636973214, "underus": 8.07215530818825, "altern": 3.9612814440149386, "consid": 3.152174382360125, "impact": 5.076423034634259, "decis": 3.8977680382926128, "futur": 4.222007706478191, "form": 3.0954215657676754, "suggest": 3.399326473726344, "modif": 8.922474791088051, "result": 4.750123643365691, "requir": 2.388575540849568, "substitut": 5.433097978572992, "bia": 7.379008127628304, "term": 3.2763647625915087, "linear": 3.1818061799664963, "tabl": 3.4570347913469903, "node": 4.434569148461864, "simul": 3.380807425959106, "present": 1.8221800659287668, "confirm": 6.97354301952014, "theoret": 4.26549281841793, "analysi": 2.7738379416402132, "simpl": 3.009560275161283, "cacm": 0.00031215857909170155, "januari": 2.6297375976664563, "agnew": 8.07215530818825}