{"combin": 3.5612958016714, "order": 2.93049175168559, "algorithm": 0.8920854338854537, "cacm": 0.00031215857909170155, "march": 2.546702369056466, "mifsud": 6.126245159132937}