{"distribut": 10.492332989054601, "process": 10.875007202757548, "concurr": 9.962225709659867, "program": 1.438836874907873, "concept": 10.25458487409218, "languag": 2.1750014405515095, "common": 3.9450209231431583, "variabl": 3.1093106779283426, "introduc": 3.8380488035909903, "commun": 3.7154464814986583, "synchron": 5.181783550292085, "mean": 3.2201250442686327, "procedur": 5.27686660926802, "call": 3.4087162140761826, "guard": 6.68586094706836, "region": 4.894101477840304, "propos": 2.907369334264736, "real": 3.5078071167204135, "time": 2.0511319588387233, "applic": 2.481168327677393, "control": 2.954161495771495, "microcomput": 6.68586094706836, "network": 3.9450209231431583, "storag": 2.7394365149228808, "paper": 1.9808454261105517, "exampl": 3.371674942395834, "show": 3.641338509344936, "includ": 2.7688504001291743, "coroutin": 6.462717395754149, "class": 3.427764409046877, "monitor": 4.638168103703103, "semaphor": 6.68586094706836, "buffer": 5.238941964132033, "path": 4.48863636973214, "express": 3.1595004224521976, "input": 3.116328250586989, "output": 3.497444329684867, "special": 3.5395558150349937, "case": 3.2123429038265776, "cacm": 0.00031215857909170155, "novemb": 2.4445341944976127, "hansen": 5.87493073085203}