{"interfer": 17.30871064558261, "commun": 7.430892962997317, "parallel": 15.530002264647297, "process": 17.400011524412076, "kind": 4.408593662058603, "examin": 3.641338509344936, "dijkstra": 5.238941964132033, "knuth": 5.027632870464827, "solut": 8.291662832361135, "mutual": 10.477883928264067, "exclus": 10.866195957145983, "problem": 3.9302648408919914, "subproblem": 13.37172189413672, "form": 3.0954215657676754, "program": 1.438836874907873, "inform": 2.5627669715602726, "proof": 8.360670020155247, "correct": 7.259008103395867, "paper": 1.9808454261105517, "system": 3.11488523463144, "regard": 4.77631844218392, "machin": 2.918863713690471, "proce": 6.97354301952014, "state": 15.410590412048572, "collect": 4.222007706478191, "pertin": 5.674260035389879, "data": 2.1667934601336793, "valu": 3.7027074557212285, "configur": 4.739950798013046, "accord": 4.9366610922591, "transit": 14.809983276777299, "rule": 20.862212748321962, "set": 5.109404823447084, "yield": 4.545794783572089, "sequenc": 7.330872121847993, "dictat": 6.68586094706836, "behavior": 4.334485689904882, "formul": 4.545794783572089, "question": 4.140329675463924, "inclus": 5.58724865840025, "exist": 3.572345637857985, "mechan": 3.7680902149840803, "procedur": 2.63843330463401, "shown": 5.5880812979154655, "verifi": 5.507205950726713, "prove": 7.676097607181981, "discredit": 8.07215530818825, "incorrect": 6.462717395754149, "attempt": 4.1209115896068225, "respect": 4.26549281841793, "properti": 3.5395558150349937, "calcul": 7.0791116300699874, "partial": 8.575931348539978, "individu": 4.6064194053885235, "oper": 2.270036932811187, "format": 4.1803350100776235, "applic": 2.481168327677393, "hardwar": 3.8825005661618244, "softwar": 3.929020581796717, "symmetri": 6.462717395754149, "requir": 2.388575540849568, "cacm": 0.00031215857909170155, "june": 2.3717117347975636, "gilbert": 7.379008127628304, "chandler": 7.379008127628304}