{"solut": 2.763887610787045, "tri": 5.992713766508414, "diagon": 6.126245159132937, "linear": 3.1818061799664963, "equat": 3.1093106779283426, "algorithm": 0.8920854338854537, "cacm": 0.00031215857909170155, "novemb": 2.4445341944976127, "leavenworth": 6.462717395754149}