{"prime": 9.341915853052189, "number": 4.405716790108951, "gener": 3.6559768150490273, "algorithm": 2.676256301656361, "a1": 14.682304433520912, "cacm": 0.00031215857909170155, "septemb": 2.546702369056466, "chartr": 6.97354301952014}