{"variant": 5.238941964132033, "techniqu": 2.240272830904733, "count": 4.9366610922591, "cacm": 0.00031215857909170155, "august": 2.3750618216828454, "frieden": 8.07215530818825}