{"algebra": 4.0117122976418305, "translat": 3.6901286735143684, "cacm": 0.00031215857909170155, "octob": 2.4849066497880004, "kaner": 8.07215530818825}