{"numer": 3.2046208577326674, "solut": 2.763887610787045, "polynomi": 3.4087162140761826, "equat": 3.1093106779283426, "algorithm": 0.8920854338854537, "cacm": 0.00031215857909170155, "decemb": 2.4626835130032902, "ellenberg": 7.379008127628304}