{"weightcoeff": 8.07215530818825, "algorithm": 0.8920854338854537, "cacm": 0.00031215857909170155, "octob": 2.4849066497880004, "rutishaus": 6.280395838960195}