{"differ": 3.977810745966149, "deriv": 3.2930318150767204, "algorithm": 0.8920854338854537, "cacm": 0.00031215857909170155, "juli": 2.3683728335320486, "vand": 7.379008127628304, "riet": 6.97354301952014}