{"binari": 3.8094754311469345, "pattern": 4.101863394636128, "reconstruct": 5.58724865840025, "project": 4.222007706478191, "algorithm": 0.8920854338854537, "r445": 8.07215530818825, "cacm": 0.00031215857909170155, "march": 2.546702369056466, "lau": 8.07215530818825}