{"proof": 20.901675050388118, "techniqu": 2.240272830904733, "hierarch": 5.238941964132033, "structur": 7.421200047569625, "program": 7.194184374539365, "method": 7.414220753986083, "describ": 3.0954215657676754, "simplifi": 4.48863636973214, "correct": 3.6295040516979333, "present": 1.8221800659287668, "formal": 3.728349886334566, "repres": 3.6062471895336663, "term": 3.2763647625915087, "level": 9.80440279036498, "abstract": 4.434569148461864, "contain": 5.181783550292085, "nonprocedur": 6.280395838960195, "specif": 3.227968221729659, "paper": 1.9808454261105517, "applic": 2.481168327677393, "semi": 5.769570215194204, "automat": 6.743349884791668, "preliminari": 5.076423034634259, "result": 2.3750618216828454, "encourag": 5.769570215194204, "indic": 5.076423034634259, "appli": 3.2681342634549932, "larg": 2.8791984572980396, "oper": 2.270036932811187, "system": 1.55744261731572, "cacm": 0.00031215857909170155, "april": 2.4231810700270437, "robinson": 5.769570215194204, "levitt": 6.97354301952014}