{"shuttl": 6.97354301952014, "sort": 3.8825005661618244, "algorithm": 0.8920854338854537, "cacm": 0.00031215857909170155, "decemb": 2.4626835130032902, "juelich": 6.97354301952014}