{"direct": 3.58351893845611, "search": 3.47703545805366, "algorithm": 0.8920854338854537, "e4": 5.433097978572992, "cacm": 0.00031215857909170155, "juli": 2.3683728335320486, "de": 6.462717395754149, "vogelaer": 7.379008127628304}