{"curriculum": 10.255432658043619, "recommend": 4.853279483320049, "graduat": 10.477883928264067, "profession": 10.055265740929654, "program": 5.755347499631492, "inform": 5.125533943120545, "system": 3.11488523463144, "need": 3.251873742583213, "educ": 4.287965674269989, "relat": 3.144901623031045, "organ": 7.015614233440827, "discuss": 4.394449154672439, "propos": 2.907369334264736, "univers": 3.9946178642825303, "master": 6.126245159132937, "level": 3.2681342634549932, "materi": 4.739950798013046, "identifi": 4.140329675463924, "cours": 8.97727273946428, "incorpor": 4.5168072466988365, "detail": 3.447182494903979, "descript": 3.437426319958614, "present": 1.8221800659287668, "implement": 2.570897097643523, "question": 4.140329675463924, "consid": 3.152174382360125, "cacm": 0.00031215857909170155, "ashenhurst": 6.97354301952014}