{"rootfind": 6.126245159132937, "iii": 4.704859478201776, "algorithm": 0.8920854338854537, "cacm": 0.00031215857909170155, "novemb": 2.4445341944976127, "herroit": 8.07215530818825}