{"implement": 10.283588390574092, "quicksort": 23.49972292340812, "program": 2.877673749815746, "paper": 1.9808454261105517, "practic": 7.235616023869484, "studi": 3.227968221729659, "sort": 7.765001132323649, "algorithm": 0.8920854338854537, "variant": 5.238941964132033, "real": 3.5078071167204135, "comput": 1.3117406171048218, "includ": 2.7688504001291743, "appli": 3.2681342634549932, "code": 2.948191328784991, "optim": 3.1743155082373384, "techniqu": 2.240272830904733, "detail": 3.447182494903979, "combin": 3.5612958016714, "effect": 3.0954215657676754, "improv": 3.3536564368931554, "discuss": 2.1972245773362196, "assembl": 4.545794783572089, "languag": 2.1750014405515095, "analyt": 4.461237395544026, "result": 2.3750618216828454, "describ": 3.0954215657676754, "perform": 2.8094651192833644, "summar": 5.076423034634259, "varieti": 4.1209115896068225, "special": 3.5395558150349937, "situat": 4.48863636973214, "consid": 3.152174382360125, "standpoint": 6.97354301952014, "illustr": 3.47703545805366, "wide": 4.408593662058603, "applic": 2.481168327677393, "intern": 4.26549281841793, "method": 1.8535551884965207, "requir": 2.388575540849568, "neglig": 6.68586094706836, "extra": 6.126245159132937, "storag": 2.7394365149228808, "cacm": 0.00031215857909170155, "octob": 2.4849066497880004, "sedgewick": 8.07215530818825}