{"optim": 15.871577541186692, "start": 29.364608867041824, "valu": 22.216244734327372, "newton": 9.8733221845182, "raphson": 12.56079167792039, "calcul": 7.0791116300699874, "sqrt": 24.21646592456475, "problem": 5.895397261337987, "obtain": 9.348984751760968, "digit": 3.2930318150767204, "comput": 1.3117406171048218, "consid": 3.152174382360125, "shown": 2.7940406489577327, "convent": 3.8380488035909903, "uniform": 4.853279483320049, "approxim": 3.380807425959106, "provid": 3.015909502839942, "state": 3.852647603012143, "basic": 3.4181949580307265, "result": 2.3750618216828454, "prove": 3.8380488035909903, "tabl": 3.4570347913469903, "polynomi": 3.4087162140761826, "cacm": 0.00031215857909170155, "juli": 2.3683728335320486, "moursund": 8.07215530818825}