{"program": 5.755347499631492, "duplex": 20.05758284120508, "comput": 5.246962468419287, "system": 4.67232785194716, "paper": 1.9808454261105517, "describ": 3.0954215657676754, "method": 3.7071103769930414, "militari": 6.97354301952014, "defens": 7.379008127628304, "combin": 3.5612958016714, "special": 3.5395558150349937, "basic": 3.4181949580307265, "data": 2.1667934601336793, "process": 4.350002881103019, "packag": 4.814058770166768, "oper": 2.270036932811187, "greater": 4.853279483320049, "reliabl": 4.77631844218392, "achiev": 3.7954891891721947, "requir": 2.388575540849568, "level": 3.2681342634549932, "integr": 2.984558972955866, "similar": 3.7954891891721947, "input": 3.116328250586989, "continu": 3.852647603012143, "cross": 5.769570215194204, "check": 4.545794783572089, "intermedi": 5.299566585948469, "final": 3.7680902149840803, "result": 2.3750618216828454, "cacm": 0.00031215857909170155, "novemb": 2.4445341944976127, "dow": 8.07215530818825}