{"random": 3.6062471895336663, "binari": 7.618950862293869, "search": 6.95407091610732, "techniqu": 2.240272830904733, "mathemat": 3.6295040516979333, "model": 2.996981492954423, "develop": 2.4267084105450123, "mean": 3.2201250442686327, "varianc": 4.9811128548299335, "number": 2.2028583950544753, "trial": 5.674260035389879, "recov": 5.769570215194204, "document": 4.358583241483942, "randomli": 6.280395838960195, "receiv": 5.238941964132033, "list": 3.189353385601879, "method": 1.8535551884965207, "natur": 3.7027074557212285, "offer": 4.77631844218392, "potenti": 4.6709579265260945, "inform": 2.5627669715602726, "retriev": 3.594818493710043, "system": 1.55744261731572, "cacm": 0.00031215857909170155, "februari": 2.6211168546225494, "arora": 8.07215530818825, "dent": 8.07215530818825}