{"algol": 6.487683141771898, "comput": 6.558703085524109, "design": 17.446978375414194, "languag": 15.225010083860566, "idea": 4.5168072466988365, "construct": 3.189353385601879, "make": 3.380807425959106, "program": 2.877673749815746, "present": 3.6443601318575336, "benefit": 10.72821021417208, "higher": 9.628117540333536, "level": 6.5362685269099865, "user": 3.0548754713733257, "purpos": 6.519941905631665, "requir": 4.777151081699136, "enumer": 5.433097978572992, "achiev": 3.7954891891721947, "translat": 7.380257347028737, "logic": 3.6062471895336663, "set": 2.554702411723542, "boolean": 4.638168103703103, "equat": 3.1093106779283426, "term": 3.2763647625915087, "vocabulari": 5.87493073085203, "statement": 29.723571851989266, "sequenc": 7.330872121847993, "microprogram": 11.74986146170406, "includ": 2.7688504001291743, "exampl": 3.371674942395834, "identifi": 4.140329675463924, "express": 3.1595004224521976, "unari": 7.379008127628304, "binari": 3.8094754311469345, "oper": 2.270036932811187, "declar": 4.814058770166768, "transfer": 4.853279483320049, "termin": 4.101863394636128, "exchang": 6.462717395754149, "cacm": 0.00031215857909170155, "octob": 2.4849066497880004, "chu": 6.462717395754149}