{"clenshaw": 6.462717395754149, "curti": 6.68586094706836, "quadratur": 4.638168103703103, "algorithm": 0.8920854338854537, "r424": 8.07215530818825, "cacm": 0.00031215857909170155, "august": 2.3750618216828454, "good": 4.6064194053885235}