{"matrix": 3.137681375057558, "invers": 3.867462688797284, "algorithm": 0.8920854338854537, "cacm": 0.00031215857909170155, "august": 2.3750618216828454, "strubl": 7.379008127628304}