{"automat": 13.486699769583335, "data": 4.333586920267359, "compress": 27.936243292001247, "inform": 17.93936880092191, "explos": 6.68586094706836, "note": 3.497444329684867, "recent": 3.8977680382926128, "year": 4.160132302760104, "make": 3.380807425959106, "essenti": 4.434569148461864, "storag": 5.4788730298457615, "requir": 7.165726622548704, "minimum": 4.1209115896068225, "fulli": 5.299566585948469, "rapid": 4.9366610922591, "part": 3.371674942395834, "compressor": 16.1443106163765, "bodi": 5.87493073085203, "greatli": 5.238941964132033, "reduc": 3.641338509344936, "slow": 5.58724865840025, "extern": 4.9811128548299335, "increas": 3.6295040516979333, "rate": 4.408593662058603, "transmiss": 4.9811128548299335, "comput": 1.3117406171048218, "paper": 1.9808454261105517, "system": 1.55744261731572, "decod": 6.126245159132937, "item": 8.575931348539978, "basi": 4.029104040353699, "compon": 4.26549281841793, "separ": 4.2435139116991545, "accomplish": 4.638168103703103, "specif": 3.227968221729659, "task": 4.222007706478191, "discuss": 2.1972245773362196, "nupak": 8.07215530818825, "numer": 3.2046208577326674, "anpak": 8.07215530818825, "iopak": 8.07215530818825, "store": 3.5288605259182457, "tape": 4.046803617453101, "card": 5.238941964132033, "cacm": 0.00031215857909170155, "novemb": 2.4445341944976127, "marron": 8.07215530818825, "demain": 7.379008127628304}