{"optim": 3.1743155082373384, "code": 2.948191328784991, "serial": 5.076423034634259, "parallel": 3.8825005661618244, "comput": 1.3117406171048218, "cacm": 0.00031215857909170155, "decemb": 2.4626835130032902, "fateman": 8.07215530818825}