{"counterintuit": 7.379008127628304, "comput": 1.3117406171048218, "page": 3.9612814440149386, "corrigendum": 4.545794783572089, "cacm": 0.00031215857909170155, "april": 2.4231810700270437, "fagin": 6.97354301952014}