{"characterist": 3.6295040516979333, "valu": 3.7027074557212285, "vector": 4.545794783572089, "defect": 6.462717395754149, "matric": 3.929020581796717, "cacm": 0.00031215857909170155, "march": 2.546702369056466, "thompson": 5.87493073085203}