{"gener": 1.8279884075245136, "random": 3.6062471895336663, "correl": 5.433097978572992, "normal": 3.929020581796717, "variabl": 3.1093106779283426, "algorithm": 0.8920854338854537, "r425": 8.07215530818825, "cacm": 0.00031215857909170155, "june": 2.3717117347975636, "page": 3.9612814440149386}