{"permut": 4.287965674269989, "set": 2.554702411723542, "repetit": 5.433097978572992, "algorithm": 0.8920854338854537, "g6": 4.894101477840304, "cacm": 0.00031215857909170155, "octob": 2.4849066497880004, "sag": 8.07215530818825}