{"matrix": 3.137681375057558, "divis": 4.5168072466988365, "algorithm": 0.8920854338854537, "cacm": 0.00031215857909170155, "march": 2.546702369056466, "well": 5.87493073085203}