{"oper": 4.540073865622374, "gener": 1.8279884075245136, "array": 26.00691413942929, "geni": 8.07215530818825, "compil": 6.14988606884827, "vector": 4.545794783572089, "matric": 3.929020581796717, "higher": 4.814058770166768, "dimension": 4.2435139116991545, "storag": 5.4788730298457615, "standard": 3.1023420086122493, "featur": 3.399326473726344, "today": 5.674260035389879, "element": 7.765001132323649, "structur": 4.94746669837975, "restrict": 8.320264605520208, "scalar": 6.97354301952014, "sophist": 5.076423034634259, "applic": 2.481168327677393, "impos": 5.674260035389879, "cumbersom": 7.379008127628304, "data": 2.1667934601336793, "represent": 3.5503667311392095, "effici": 2.7108631424788245, "system": 4.67232785194716, "devis": 5.433097978572992, "implement": 2.570897097643523, "multidimension": 11.74986146170406, "develop": 2.4267084105450123, "locat": 4.140329675463924, "length": 3.7954891891721947, "content": 4.638168103703103, "codeword": 13.94708603904028, "interpret": 4.222007706478191, "code": 2.948191328784991, "word": 3.7546671946519394, "describ": 3.0954215657676754, "provid": 3.015909502839942, "need": 3.251873742583213, "descript": 3.437426319958614, "inform": 2.5627669715602726, "hyperstructur": 8.07215530818825, "form": 3.0954215657676754, "cacm": 0.00031215857909170155, "sitton": 8.07215530818825}