{"key": 8.129644245911559, "address": 7.826544449657156, "transform": 10.99630818277199, "techniqu": 2.240272830904733, "fundament": 10.152846069268518, "perform": 5.618930238566729, "studi": 9.683904665188976, "larg": 2.8791984572980396, "exist": 7.14469127571597, "format": 4.1803350100776235, "result": 4.750123643365691, "method": 9.267775942482604, "appli": 6.5362685269099865, "set": 2.554702411723542, "present": 1.8221800659287668, "load": 4.814058770166768, "factor": 3.852647603012143, "bucket": 6.462717395754149, "size": 3.427764409046877, "vari": 4.704859478201776, "wide": 4.408593662058603, "rang": 4.222007706478191, "addit": 3.318565117081885, "variabl": 3.1093106779283426, "pertin": 5.674260035389879, "specif": 3.227968221729659, "take": 4.160132302760104, "valu": 3.7027074557212285, "summar": 5.076423034634259, "term": 3.2763647625915087, "number": 4.405716790108951, "access": 3.6062471895336663, "requir": 2.388575540849568, "record": 7.734925377594568, "overflow": 5.87493073085203, "creat": 4.408593662058603, "peculiar": 8.07215530818825, "discuss": 2.1972245773362196, "practic": 3.617808011934742, "guidelin": 5.674260035389879, "obtain": 3.116328250586989, "state": 3.852647603012143, "final": 3.7680902149840803, "propos": 2.907369334264736, "quantit": 6.126245159132937, "outlin": 4.160132302760104, "cacm": 0.00031215857909170155, "april": 2.4231810700270437, "lum": 6.126245159132937, "yuen": 7.379008127628304, "dodd": 7.379008127628304}