{"program": 1.438836874907873, "machin": 2.918863713690471, "extend": 3.8977680382926128, "address": 3.913272224828578, "calcul": 3.5395558150349937, "mechan": 3.7680902149840803, "cacm": 0.00031215857909170155, "june": 2.3717117347975636, "schecher": 8.07215530818825}