{"minimax": 6.280395838960195, "nonlinear": 4.704859478201776, "approxim": 6.761614851918212, "subset": 4.545794783572089, "cacm": 0.00031215857909170155, "dunham": 6.462717395754149}