{"algol": 3.243841570885949, "base": 2.701517280060587, "implement": 2.570897097643523, "snobol": 6.126245159132937, "pattern": 4.101863394636128, "cacm": 0.00031215857909170155, "juli": 2.3683728335320486, "brownle": 8.07215530818825}