{"comput": 3.9352218513144654, "instruct": 7.734925377594568, "process": 4.350002881103019, "direct": 3.58351893845611, "research": 3.977810745966149, "develop": 2.4267084105450123, "survey": 4.48863636973214, "applic": 2.481168327677393, "suggest": 3.399326473726344, "profession": 5.027632870464827, "contribut": 5.181783550292085, "effect": 3.0954215657676754, "educ": 4.287965674269989, "system": 1.55744261731572, "cacm": 0.00031215857909170155, "juli": 2.3683728335320486, "zinn": 8.07215530818825}