{"find": 10.75055681536833, "zero": 22.028823802906853, "polynomi": 10.226148642228548, "algorithm": 3.5683417355418148, "method": 3.7071103769930414, "simultan": 4.1803350100776235, "develop": 2.4267084105450123, "rutishaus": 6.280395838960195, "test": 3.0817227214095135, "number": 2.2028583950544753, "real": 3.5078071167204135, "coeffici": 4.1209115896068225, "slowli": 6.68586094706836, "converg": 9.276336207406207, "quotient": 5.769570215194204, "differ": 3.977810745966149, "start": 4.894101477840304, "valu": 3.7027074557212285, "newton": 4.9366610922591, "bairstow": 6.126245159132937, "rapid": 4.9366610922591, "suffici": 4.26549281841793, "condit": 3.39002408106403, "exist": 3.572345637857985, "scheme": 7.036556833175418, "complet": 3.47703545805366, "known": 3.7027074557212285, "failur": 12.252490318265874, "occur": 4.310955192494688, "equal": 14.012873779578284, "nearli": 5.299566585948469, "magnitud": 11.985427533016829, "success": 4.083171261623976, "achiev": 3.7954891891721947, "case": 6.424685807653155, "tri": 5.992713766508414, "traceabl": 8.07215530818825, "difficulti": 4.57564774672177, "comput": 1.3117406171048218, "roundoff": 6.462717395754149, "result": 2.3750618216828454, "error": 3.0482747873419735, "spoil": 8.07215530818825, "give": 4.287965674269989, "major": 3.867462688797284, "cacm": 0.00031215857909170155, "septemb": 2.546702369056466, "henrich": 8.07215530818825, "watkin": 6.97354301952014}