{"comment": 4.064822122955779, "dijkstra": 5.238941964132033, "concurr": 4.9811128548299335, "program": 1.438836874907873, "control": 2.954161495771495, "problem": 1.9651324204459957, "cacm": 0.00031215857909170155, "novemb": 2.4445341944976127, "eisenberg": 8.07215530818825, "mcguir": 8.07215530818825}