{"univers": 11.983853592847591, "educ": 8.575931348539978, "program": 2.877673749815746, "comput": 7.870443702628931, "scienc": 19.889053729830746, "review": 8.97727273946428, "power": 3.7680902149840803, "contemporari": 6.462717395754149, "defin": 3.1595004224521976, "way": 4.77631844218392, "object": 3.380807425959106, "state": 3.852647603012143, "assert": 5.87493073085203, "north": 6.97354301952014, "american": 4.358583241483942, "achiev": 3.7954891891721947, "depart": 10.36356710058417, "stanford": 13.94708603904028, "appendic": 8.07215530818825, "includ": 2.7688504001291743, "syllab": 8.07215530818825, "ph": 5.58724865840025, "qualifi": 6.68586094706836, "examin": 3.641338509344936, "cacm": 0.00031215857909170155, "januari": 2.6297375976664563, "forsyth": 6.126245159132937}