{"precis": 8.129644245911559, "numer": 6.409241715465335, "analysi": 5.5476758832804265, "program": 2.877673749815746, "descript": 3.437426319958614, "comput": 3.9352218513144654, "solut": 2.763887610787045, "small": 3.594818493710043, "number": 6.608575185163426, "standard": 3.1023420086122493, "problem": 5.895397261337987, "accuraci": 4.383275854074314, "limit": 3.6295040516979333, "correct": 3.6295040516979333, "decim": 5.127716329021809, "place": 5.127716329021809, "bound": 3.8380488035909903, "interv": 8.97727273946428, "multipl": 3.58351893845611, "midpoint": 8.07215530818825, "arithmet": 7.380257347028737, "oper": 2.270036932811187, "involv": 3.4570347913469903, "execut": 3.2358734012367716, "accord": 4.9366610922591, "concept": 3.4181949580307265, "non": 4.638168103703103, "signific": 3.929020581796717, "digit": 3.2930318150767204, "discard": 6.68586094706836, "detail": 3.447182494903979, "suppli": 5.238941964132033, "specif": 3.227968221729659, "cacm": 0.00031215857909170155, "septemb": 2.546702369056466, "aberth": 8.07215530818825}