{"spars": 5.507205950726713, "matrix": 3.137681375057558, "packag": 4.814058770166768, "part": 3.371674942395834, "f4": 5.507205950726713, "algorithm": 0.8920854338854537, "cacm": 0.00031215857909170155, "april": 2.4231810700270437, "mcname": 8.07215530818825}