{"crout": 5.87493073085203, "ii": 4.140329675463924, "algorithm": 0.8920854338854537, "cacm": 0.00031215857909170155, "august": 2.3750618216828454, "domingo": 7.379008127628304, "rodriguez": 6.462717395754149, "gil": 6.97354301952014}