{"gan": 16.1443106163765, "system": 3.11488523463144, "gener": 7.3119536300980545, "analyz": 3.5503667311392095, "activ": 23.866864475796895, "network": 31.560167385145267, "design": 4.984850964404055, "save": 4.739950798013046, "time": 2.0511319588387233, "prepar": 4.57564774672177, "deal": 4.461237395544026, "conveni": 4.814058770166768, "program": 2.877673749815746, "defin": 3.1595004224521976, "descript": 3.437426319958614, "languag": 4.350002881103019, "set": 2.554702411723542, "standard": 3.1023420086122493, "present": 1.8221800659287668, "idea": 4.5168072466988365, "perform": 2.8094651192833644, "calcul": 3.5395558150349937, "schedul": 3.977810745966149, "cacm": 0.00031215857909170155, "octob": 2.4849066497880004, "schurmann": 8.07215530818825}