{"function": 2.2610143152115496, "minim": 3.39002408106403, "linear": 3.1818061799664963, "search": 3.47703545805366, "e4": 5.433097978572992, "algorithm": 0.8920854338854537, "cacm": 0.00031215857909170155, "august": 2.3750618216828454, "field": 3.9946178642825303}