{"fortran": 3.2681342634549932, "tausworth": 7.379008127628304, "pseudorandom": 6.280395838960195, "number": 2.2028583950544753, "gener": 1.8279884075245136, "cacm": 0.00031215857909170155, "januari": 2.6297375976664563, "payn": 6.126245159132937}