{"algol": 16.219207854429744, "compil": 6.14988606884827, "construct": 3.189353385601879, "relat": 3.144901623031045, "elabor": 5.992713766508414, "oper": 4.540073865622374, "system": 3.11488523463144, "translat": 3.6901286735143684, "prepar": 4.57564774672177, "integr": 2.984558972955866, "ibsi": 19.38815218726245, "assembl": 9.091589567144178, "featur": 6.798652947452688, "permit": 3.572345637857985, "execut": 3.2358734012367716, "option": 5.769570215194204, "list": 3.189353385601879, "deck": 6.126245159132937, "debug": 4.6064194053885235, "inform": 2.5627669715602726, "chain": 4.894101477840304, "link": 4.358583241483942, "written": 3.728349886334566, "map": 8.717166482967883, "fortran": 3.2681342634549932, "call": 3.4087162140761826, "main": 4.029104040353699, "program": 2.877673749815746, "addit": 3.318565117081885, "procedur": 2.63843330463401, "code": 2.948191328784991, "includ": 2.7688504001291743, "load": 4.814058770166768, "time": 6.15339587651617, "exce": 6.462717395754149, "total": 4.1803350100776235, "satisfactori": 5.238941964132033, "user": 3.0548754713733257, "eas": 4.9366610922591, "facil": 3.8977680382926128, "fulli": 5.299566585948469, "compens": 7.379008127628304, "cacm": 0.00031215857909170155, "march": 2.546702369056466, "boussard": 8.07215530818825}