{"propos": 2.907369334264736, "revis": 5.238941964132033, "american": 4.358583241483942, "nation": 4.9811128548299335, "standard": 3.1023420086122493, "x3": 6.126245159132937, "rectangular": 5.299566585948469, "hole": 6.97354301952014, "twelv": 6.462717395754149, "row": 5.299566585948469, "punch": 5.58724865840025, "card": 5.238941964132033, "cacm": 0.00031215857909170155, "august": 2.3750618216828454}