{"improv": 3.3536564368931554, "worst": 11.348520070779758, "case": 6.424685807653155, "run": 7.355412307031623, "time": 4.102263917677447, "boyer": 14.758016255256608, "moor": 11.014411901453427, "string": 7.405414911442457, "match": 9.033614493397673, "algorithm": 1.7841708677709074, "shown": 2.7940406489577327, "modifi": 3.8977680382926128, "linear": 3.1818061799664963, "multipl": 3.58351893845611, "occurr": 5.238941964132033, "pattern": 4.101863394636128, "present": 1.8221800659287668, "text": 4.083171261623976, "cacm": 0.00031215857909170155, "septemb": 2.546702369056466, "galil": 8.07215530818825}