{"practic": 3.617808011934742, "approach": 3.1743155082373384, "manag": 8.093607234906202, "resourc": 25.727794045619934, "avoid": 4.434569148461864, "deadlock": 28.371300176949394, "schedul": 3.977810745966149, "alloc": 3.6295040516979333, "expens": 5.992713766508414, "regard": 4.77631844218392, "time": 4.102263917677447, "space": 3.497444329684867, "multiprogram": 4.160132302760104, "share": 3.4871878295176777, "environ": 3.7680902149840803, "involv": 3.4570347913469903, "larg": 8.637595371894118, "number": 2.2028583950544753, "task": 4.222007706478191, "conflict": 5.674260035389879, "requir": 4.777151081699136, "detect": 12.932865577484062, "prevent": 17.022780106169638, "massiv": 8.07215530818825, "amount": 4.1803350100776235, "addit": 6.63713023416377, "overhead": 10.866195957145983, "effici": 2.7108631424788245, "usag": 4.6064194053885235, "maintain": 4.638168103703103, "program": 2.877673749815746, "link": 4.358583241483942, "list": 3.189353385601879, "techniqu": 2.240272830904733, "overcom": 5.433097978572992, "portion": 4.894101477840304, "run": 7.355412307031623, "part": 3.371674942395834, "scale": 4.287965674269989, "gener": 1.8279884075245136, "purpos": 3.2599709528158325, "oper": 2.270036932811187, "system": 3.11488523463144, "keep": 5.769570215194204, "activ": 3.977810745966149, "implement": 2.570897097643523, "state": 3.852647603012143, "permit": 3.572345637857985, "comprehens": 5.433097978572992, "level": 3.2681342634549932, "cost": 3.518278416587709, "incorpor": 4.5168072466988365, "due": 4.9811128548299335, "infrequ": 6.68586094706836, "situat": 4.48863636973214, "cacm": 0.00031215857909170155, "frailey": 8.07215530818825}