{"chebyshev": 4.9366610922591, "interpol": 4.6064194053885235, "quadratur": 4.638168103703103, "formula": 4.0117122976418305, "high": 3.6777061535158113, "degre": 4.222007706478191, "errata": 6.462717395754149, "cacm": 0.00031215857909170155, "juli": 2.3683728335320486, "salzer": 6.126245159132937}