{"redund": 4.9811128548299335, "check": 4.545794783572089, "algol": 3.243841570885949, "program": 1.438836874907873, "cacm": 0.00031215857909170155, "june": 2.3717117347975636, "thacher": 4.358583241483942, "jr": 3.243841570885949}