{"program": 1.438836874907873, "error": 3.0482747873419735, "correct": 3.6295040516979333, "project": 4.222007706478191, "mercuri": 7.379008127628304, "cacm": 0.00031215857909170155, "decemb": 2.4626835130032902, "dimsdal": 8.07215530818825, "weinberg": 6.462717395754149}