{"binari": 3.8094754311469345, "arithmet": 3.6901286735143684, "discret": 4.814058770166768, "variabl": 3.1093106779283426, "word": 3.7546671946519394, "length": 3.7954891891721947, "serial": 5.076423034634259, "comput": 1.3117406171048218, "cacm": 0.00031215857909170155, "april": 2.4231810700270437, "ercoli": 8.07215530818825, "vacca": 8.07215530818825}