{"abstract": 39.91112233615677, "mechan": 11.30427064495224, "clu": 44.27404876576983, "program": 11.510694999262984, "languag": 4.350002881103019, "design": 2.4924254822020275, "support": 13.30370744538559, "construct": 6.378706771203758, "work": 3.344767489475909, "methodolog": 4.894101477840304, "led": 5.992713766508414, "realiz": 5.027632870464827, "kind": 8.817187324117207, "procedur": 10.55373321853604, "control": 5.90832299154299, "especi": 5.127716329021809, "data": 4.333586920267359, "process": 2.1750014405515095, "convent": 3.8380488035909903, "subroutin": 4.1209115896068225, "addit": 3.318565117081885, "linguist": 5.36410510708604, "paper": 1.9808454261105517, "troduct": 6.97354301952014, "mean": 3.2201250442686327, "exampl": 3.371674942395834, "util": 3.6901286735143684, "illustr": 3.47703545805366, "shown": 2.7940406489577327, "written": 3.728349886334566, "implement": 2.570897097643523, "librari": 4.894101477840304, "permit": 3.572345637857985, "increment": 5.58724865840025, "develop": 2.4267084105450123, "complet": 3.47703545805366, "type": 3.144901623031045, "check": 4.545794783572089, "perform": 2.8094651192833644, "compil": 3.074943034424135, "time": 2.0511319588387233, "discuss": 2.1972245773362196, "cacm": 0.00031215857909170155, "august": 2.3750618216828454, "liskov": 6.97354301952014, "snyder": 8.07215530818825, "atkinson": 8.07215530818825, "schaffert": 8.07215530818825}