{"copi": 22.348994633601, "list": 9.568060156805636, "structur": 12.368666745949374, "bound": 7.676097607181981, "workspac": 12.925434791508298, "algorithm": 2.676256301656361, "present": 1.8221800659287668, "primarili": 5.127716329021809, "theoret": 4.26549281841793, "interest": 3.9450209231431583, "show": 3.641338509344936, "cell": 10.152846069268518, "tag": 17.97814129952524, "bit": 11.933432237898447, "task": 4.222007706478191, "perform": 2.8094651192833644, "time": 6.15339587651617, "assum": 4.358583241483942, "deliv": 6.97354301952014, "attract": 5.87493073085203, "practic": 3.617808011934742, "speed": 11.470980198416672, "noncycl": 8.07215530818825, "linear": 6.363612359932993, "cyclic": 5.87493073085203, "averag": 8.53098563683586, "nlogn": 16.1443106163765, "foreknowledg": 8.07215530818825, "cycl": 5.027632870464827, "absenc": 6.126245159132937, "achiev": 3.7954891891721947, "variat": 4.704859478201776, "solv": 3.5078071167204135, "open": 5.299566585948469, "problem": 1.9651324204459957, "concern": 3.9612814440149386, "mark": 10.255432658043619, "result": 2.3750618216828454, "demonstr": 4.0117122976418305, "aid": 4.029104040353699, "supplement": 6.280395838960195, "stack": 5.299566585948469, "cacm": 0.00031215857909170155, "april": 2.4231810700270437, "lindstrom": 8.07215530818825}