{"master": 12.252490318265874, "level": 3.2681342634549932, "comput": 1.3117406171048218, "scienc": 3.977810745966149, "curricula": 6.280395838960195, "result": 2.3750618216828454, "survey": 4.48863636973214, "cours": 4.48863636973214, "work": 3.344767489475909, "degre": 4.222007706478191, "candid": 6.68586094706836, "univers": 3.9946178642825303, "present": 1.8221800659287668, "gener": 1.8279884075245136, "comment": 4.064822122955779, "concern": 3.9612814440149386, "emphasi": 4.5168072466988365, "program": 1.438836874907873, "cacm": 0.00031215857909170155, "juli": 2.3683728335320486, "elliott": 7.379008127628304}