{"lg": 16.1443106163765, "languag": 13.050008643309056, "analyt": 8.922474791088051, "geometri": 20.920629058560422, "convers": 3.867462688797284, "program": 1.438836874907873, "aspect": 4.083171261623976, "implement": 2.570897097643523, "flexibl": 4.26549281841793, "definit": 3.6777061535158113, "geometr": 11.1744973168005, "object": 3.380807425959106, "element": 3.8825005661618244, "comput": 1.3117406171048218, "paramet": 11.345087601119577, "display": 7.890041846286317, "result": 2.3750618216828454, "capabl": 3.8094754311469345, "figur": 5.992713766508414, "collect": 4.222007706478191, "loci": 8.07215530818825, "characterist": 3.6295040516979333, "consist": 3.823660066138891, "possibl": 4.77631844218392, "design": 4.984850964404055, "user": 3.0548754713733257, "orient": 3.977810745966149, "specif": 3.227968221729659, "nonprogramm": 6.68586094706836, "easi": 4.358583241483942, "learn": 4.894101477840304, "close": 4.638168103703103, "natur": 3.7027074557212285, "cacm": 0.00031215857909170155, "april": 2.4231810700270437, "raymond": 7.379008127628304}