{"offici": 7.379008127628304, "action": 4.57564774672177, "respons": 4.461237395544026, "algol": 3.243841570885949, "program": 1.438836874907873, "languag": 2.1750014405515095, "cacm": 0.00031215857909170155, "april": 2.4231810700270437}