{"nebula": 8.07215530818825, "digit": 6.586063630153441, "comput": 5.246962468419287, "mc": 24.21646592456475, "glass": 16.1443106163765, "delay": 12.56079167792039, "line": 7.0577210518364915, "memori": 12.550725500230232, "oregon": 8.07215530818825, "state": 3.852647603012143, "univers": 3.9946178642825303, "design": 9.96970192880811, "construct": 3.189353385601879, "medium": 5.36410510708604, "speed": 3.823660066138891, "serial": 5.076423034634259, "circul": 7.379008127628304, "object": 3.380807425959106, "origin": 4.2435139116991545, "conceiv": 6.68586094706836, "special": 3.5395558150349937, "seminar": 7.379008127628304, "research": 7.955621491932298, "project": 4.222007706478191, "usabl": 6.68586094706836, "educ": 4.287965674269989, "machin": 8.756591141071414, "easili": 4.26549281841793, "modifi": 3.8977680382926128, "hardwar": 7.765001132323649, "basic": 3.4181949580307265, "system": 1.55744261731572, "unusu": 5.992713766508414, "arrang": 4.9366610922591, "inform": 2.5627669715602726, "simpl": 3.009560275161283, "interfac": 5.299566585948469, "kc": 8.07215530818825, "arithmet": 11.070386020543104, "unit": 8.487027823398309, "result": 2.3750618216828454, "effect": 6.190843131535351, "latenc": 6.68586094706836, "time": 2.0511319588387233, "possibl": 4.77631844218392, "associ": 4.704859478201776, "command": 4.57564774672177, "structur": 2.473733349189875, "similar": 3.7954891891721947, "larg": 2.8791984572980396, "parallel": 3.8825005661618244, "flip": 7.379008127628304, "flop": 8.07215530818825, "control": 5.90832299154299, "regist": 5.027632870464827, "develop": 2.4267084105450123, "aim": 5.299566585948469, "concept": 3.4181949580307265, "easi": 4.358583241483942, "modif": 4.461237395544026, "elabor": 5.992713766508414, "consol": 5.507205950726713, "man": 4.739950798013046, "interact": 3.6654360609239967, "low": 4.383275854074314, "cost": 3.518278416587709, "cacm": 0.00031215857909170155, "juli": 2.3683728335320486, "bole": 8.07215530818825, "rux": 8.07215530818825, "weingarten": 6.97354301952014, "jr": 3.243841570885949}