{"gener": 1.8279884075245136, "posit": 20.604557948034113, "test": 3.0817227214095135, "matric": 3.929020581796717, "known": 3.7027074557212285, "spectra": 6.68586094706836, "suffici": 4.26549281841793, "condit": 3.39002408106403, "real": 3.5078071167204135, "matrix": 12.550725500230232, "similar": 7.590978378344389, "result": 2.3750618216828454, "construct": 3.189353385601879, "transform": 3.6654360609239967, "appli": 3.2681342634549932, "upper": 5.36410510708604, "triangular": 6.126245159132937, "yield": 4.545794783572089, "preassign": 6.68586094706836, "spectrum": 6.97354301952014, "cacm": 0.00031215857909170155, "august": 2.3750618216828454, "hall": 5.87493073085203, "porsch": 8.07215530818825}