{"analyt": 4.461237395544026, "model": 5.993962985908846, "hasp": 16.1443106163765, "execut": 16.17936700618386, "task": 33.77606165182553, "monitor": 23.190840518515515, "period": 4.77631844218392, "rearrang": 5.992713766508414, "os": 7.379008127628304, "dispatch": 6.68586094706836, "chain": 4.894101477840304, "give": 4.287965674269989, "preemptiv": 7.379008127628304, "prioriti": 5.299566585948469, "invers": 3.867462688797284, "order": 2.93049175168559, "cpu": 10.255432658043619, "util": 3.6901286735143684, "histori": 5.076423034634259, "effect": 6.190843131535351, "bound": 7.676097607181981, "activ": 3.977810745966149, "prevent": 5.674260035389879, "lock": 6.97354301952014, "paper": 1.9808454261105517, "develop": 2.4267084105450123, "simpl": 3.009560275161283, "employ": 3.913272224828578, "studi": 3.227968221729659, "improv": 3.3536564368931554, "system": 1.55744261731572, "perform": 2.8094651192833644, "modifi": 3.8977680382926128, "strategi": 4.6709579265260945, "control": 2.954161495771495, "investig": 4.26549281841793, "case": 3.2123429038265776, "memori": 3.137681375057558, "hierarchi": 5.238941964132033, "vari": 4.704859478201776, "speed": 3.823660066138891, "cacm": 0.00031215857909170155, "decemb": 2.4626835130032902, "strauss": 7.379008127628304}