{"transient": 26.74344378827344, "free": 15.653088899314312, "work": 13.379069957903637, "set": 10.218809646894169, "statist": 19.337313443986417, "averag": 4.26549281841793, "size": 6.855528818093754, "miss": 12.252490318265874, "page": 11.883844332044816, "rate": 4.408593662058603, "finit": 4.2435139116991545, "sampl": 8.621910384989375, "refer": 7.647320132277782, "string": 11.108122367163686, "defin": 3.1595004224521976, "content": 4.638168103703103, "start": 4.894101477840304, "record": 3.867462688797284, "unknown": 5.769570215194204, "stationar": 8.07215530818825, "condit": 3.39002408106403, "hold": 5.433097978572992, "provid": 3.015909502839942, "unbias": 7.379008127628304, "estim": 7.858041163593434, "expect": 4.334485689904882, "probabl": 8.444015412956382, "terrefer": 8.07215530818825, "distanc": 5.58724865840025, "pair": 4.9811128548299335, "shown": 2.7940406489577327, "bias": 7.379008127628304, "express": 3.1595004224521976, "obtain": 3.116328250586989, "term": 3.2763647625915087, "terval": 8.07215530818825, "method": 3.7071103769930414, "comput": 2.6234812342096436, "discuss": 2.1972245773362196, "use": 5.433097978572992, "depend": 3.929020581796717, "length": 3.7954891891721947, "number": 2.2028583950544753, "distinct": 10.152846069268518, "amount": 4.1803350100776235, "main": 4.029104040353699, "storag": 2.7394365149228808, "perform": 2.8094651192833644, "calcul": 3.5395558150349937, "handl": 3.7154464814986583, "long": 4.638168103703103, "name": 5.433097978572992, "cacm": 0.00031215857909170155, "februari": 2.6211168546225494, "easton": 7.379008127628304, "bennett": 7.379008127628304}