{"semant": 4.287965674269989, "structur": 2.473733349189875, "inform": 2.5627669715602726, "system": 1.55744261731572, "cacm": 0.00031215857909170155, "januari": 2.6297375976664563, "sabl": 8.07215530818825}