{"autom": 4.57564774672177, "program": 8.63302124944724, "debug": 32.244935837719666, "automat": 3.371674942395834, "substanti": 4.6709579265260945, "reduc": 3.641338509344936, "lead": 4.48863636973214, "time": 2.0511319588387233, "code": 2.948191328784991, "effect": 3.0954215657676754, "complex": 3.137681375057558, "enforc": 6.126245159132937, "analysi": 5.5476758832804265, "criteria": 4.57564774672177, "result": 2.3750618216828454, "verifi": 5.507205950726713, "accur": 4.739950798013046, "programm": 3.977810745966149, "specifi": 5.769570215194204, "memori": 3.137681375057558, "area": 3.867462688797284, "set": 5.109404823447084, "input": 3.116328250586989, "data": 4.333586920267359, "maximum": 5.027632870464827, "repetit": 5.433097978572992, "loop": 4.739950798013046, "checkpoint": 6.68586094706836, "inform": 2.5627669715602726, "execut": 3.2358734012367716, "run": 3.6777061535158113, "perform": 2.8094651192833644, "check": 4.545794783572089, "function": 2.2610143152115496, "creat": 4.408593662058603, "trace": 5.027632870464827, "record": 3.867462688797284, "later": 5.58724865840025, "locat": 4.140329675463924, "error": 3.0482747873419735, "applic": 2.481168327677393, "flexibl": 4.26549281841793, "system": 1.55744261731572, "conjunct": 5.181783550292085, "techniqu": 2.240272830904733, "cacm": 0.00031215857909170155, "juli": 2.3683728335320486, "jacobi": 5.674260035389879, "layton": 8.07215530818825}