{"comput": 1.3117406171048218, "fourier": 4.77631844218392, "coeffici": 4.1209115896068225, "algorithm": 0.8920854338854537, "c6": 5.58724865840025, "cacm": 0.00031215857909170155, "teijelo": 8.07215530818825}