{"complementari": 6.126245159132937, "error": 3.0482747873419735, "function": 2.2610143152115496, "algorithm": 0.8920854338854537, "s15": 5.127716329021809, "cacm": 0.00031215857909170155, "decemb": 2.4626835130032902, "clausen": 8.07215530818825, "hansson": 7.379008127628304}