{"map": 4.358583241483942, "list": 3.189353385601879, "structur": 2.473733349189875, "cacm": 0.00031215857909170155, "august": 2.3750618216828454, "baecker": 6.68586094706836}