{"introduct": 4.894101477840304, "eft": 5.992713766508414, "symposium": 6.462717395754149, "cacm": 0.00031215857909170155, "decemb": 2.4626835130032902, "kling": 6.97354301952014}