{"techniqu": 4.480545661809466, "softwar": 11.787061745390151, "modul": 5.181783550292085, "specif": 12.911872886918635, "exampl": 6.743349884791668, "paper": 1.9808454261105517, "present": 1.8221800659287668, "approach": 3.1743155082373384, "write": 4.222007706478191, "part": 3.371674942395834, "system": 3.11488523463144, "main": 4.029104040353699, "goal": 14.9433385644898, "provid": 3.015909502839942, "suffici": 4.26549281841793, "precis": 4.064822122955779, "complet": 3.47703545805366, "piec": 11.985427533016829, "written": 3.728349886334566, "interact": 3.6654360609239967, "addit": 3.318565117081885, "inform": 5.125533943120545, "secondari": 5.507205950726713, "includ": 2.7688504001291743, "meet": 5.299566585948469, "illustr": 3.47703545805366, "mean": 3.2201250442686327, "varieti": 4.1209115896068225, "tutori": 5.507205950726713, "cacm": 0.00031215857909170155, "parna": 5.87493073085203}