{"oper": 4.540073865622374, "system": 6.22977046926288, "base": 2.701517280060587, "concept": 6.836389916061453, "supervisori": 19.38815218726245, "comput": 3.9352218513144654, "organ": 3.5078071167204135, "small": 7.189636987420086, "supervisor": 31.401979194800976, "set": 5.109404823447084, "independ": 3.8094754311469345, "process": 8.700005762206038, "handl": 7.430892962997317, "extern": 4.9811128548299335, "devic": 3.929020581796717, "directori": 5.992713766508414, "schedul": 3.977810745966149, "activ": 3.977810745966149, "manag": 4.046803617453101, "memori": 3.137681375057558, "error": 3.0482747873419735, "primit": 9.628117540333536, "function": 2.2610143152115496, "execut": 6.471746802473543, "abl": 5.299566585948469, "request": 4.434569148461864, "complic": 5.027632870464827, "action": 4.57564774672177, "part": 6.743349884791668, "wait": 5.36410510708604, "occurr": 5.238941964132033, "compound": 6.97354301952014, "event": 4.408593662058603, "combin": 3.5612958016714, "program": 2.877673749815746, "view": 4.334485689904882, "softwar": 3.929020581796717, "implement": 2.570897097643523, "paper": 1.9808454261105517, "develop": 2.4267084105450123, "detail": 3.447182494903979, "outlin": 4.160132302760104, "remaind": 5.87493073085203, "discuss": 2.1972245773362196, "advantag": 3.7027074557212285, "approach": 3.1743155082373384, "cacm": 0.00031215857909170155, "march": 2.546702369056466, "gain": 5.127716329021809}