{"shortest": 5.992713766508414, "path": 4.48863636973214, "forest": 7.379008127628304, "topolog": 5.433097978572992, "order": 2.93049175168559, "algorithm": 0.8920854338854537, "cacm": 0.00031215857909170155, "novemb": 2.4445341944976127, "dial": 6.68586094706836}