{"state": 11.55794280903643, "space": 6.994888659369734, "problem": 13.75592694312197, "reduct": 22.58403623349418, "theorem": 13.55042174009651, "prove": 7.676097607181981, "relationship": 12.666023119434573, "paper": 1.9808454261105517, "suggest": 3.399326473726344, "bidirect": 7.379008127628304, "represent": 10.651100193417628, "present": 3.6443601318575336, "formal": 3.728349886334566, "base": 8.104551840181761, "multipl": 7.16703787691222, "input": 6.232656501173978, "output": 3.497444329684867, "oper": 2.270036932811187, "basi": 4.029104040353699, "view": 4.334485689904882, "type": 3.144901623031045, "manner": 4.6064194053885235, "languag": 2.1750014405515095, "recognit": 4.704859478201776, "cock": 6.68586094706836, "pars": 4.383275854074314, "algorithm": 0.8920854338854537, "illustr": 3.47703545805366, "method": 1.8535551884965207, "repres": 3.6062471895336663, "order": 2.93049175168559, "logic": 3.6062471895336663, "infer": 5.36410510708604, "system": 1.55744261731572, "employ": 3.913272224828578, "resolut": 17.97814129952524, "prover": 6.97354301952014, "determin": 3.009560275161283, "set": 2.554702411723542, "claus": 6.68586094706836, "interpret": 4.222007706478191, "spacer": 8.07215530818825, "mode": 9.55263688436784, "analog": 5.299566585948469, "concept": 3.4181949580307265, "terminolog": 5.181783550292085, "refer": 3.823660066138891, "note": 3.497444329684867, "linear": 3.1818061799664963, "discuss": 2.1972245773362196, "cacm": 0.00031215857909170155, "februari": 2.6211168546225494, "vanderbrug": 8.07215530818825, "minker": 8.07215530818825}