{"gener": 3.6559768150490273, "partial": 12.863897022809967, "pass": 13.726943240165308, "block": 11.787061745390151, "sort": 27.17750396313277, "design": 4.984850964404055, "arbitrari": 4.160132302760104, "rang": 4.222007706478191, "key": 4.064822122955779, "number": 4.405716790108951, "work": 6.689534978951818, "column": 5.433097978572992, "ashenhurst": 6.97354301952014, "amphisbaen": 8.07215530818825, "nagler": 7.379008127628304, "power": 3.7680902149840803, "tabul": 5.58724865840025, "size": 3.427764409046877, "input": 3.116328250586989, "consider": 3.8977680382926128, "problem": 1.9651324204459957, "combin": 3.5612958016714, "intern": 4.26549281841793, "direct": 3.58351893845611, "access": 3.6062471895336663, "storag": 2.7394365149228808, "devic": 3.929020581796717, "cacm": 0.00031215857909170155, "juli": 2.3683728335320486, "bay": 6.126245159132937}