{"matrix": 6.275362750115116, "reduct": 9.033614493397673, "hungarian": 16.1443106163765, "method": 7.414220753986083, "gener": 3.6559768150490273, "school": 5.299566585948469, "timet": 12.56079167792039, "applic": 2.481168327677393, "kuhn": 8.07215530818825, "problem": 1.9651324204459957, "need": 3.251873742583213, "gotlieb": 5.674260035389879, "suit": 5.076423034634259, "hand": 4.894101477840304, "comput": 1.3117406171048218, "calcul": 3.5395558150349937, "devic": 3.929020581796717, "improv": 3.3536564368931554, "effici": 2.7108631424788245, "basic": 3.4181949580307265, "algorithm": 0.8920854338854537, "discuss": 2.1972245773362196, "cacm": 0.00031215857909170155, "lion": 6.97354301952014}