{"polynomi": 3.4087162140761826, "transform": 3.6654360609239967, "algorithm": 0.8920854338854537, "cacm": 0.00031215857909170155, "novemb": 2.4445341944976127, "mackinney": 7.379008127628304}