{"case": 6.424685807653155, "studi": 3.227968221729659, "code": 29.481913287849906, "gener": 1.8279884075245136, "techniqu": 4.480545661809466, "compil": 18.44965820654481, "recent": 3.8977680382926128, "develop": 2.4267084105450123, "optim": 22.22020855766137, "allow": 7.734925377594568, "design": 2.4924254822020275, "emerg": 6.126245159132937, "translat": 3.6901286735143684, "pars": 4.383275854074314, "sourc": 4.101863394636128, "lower": 10.477883928264067, "level": 9.80440279036498, "sequenc": 3.6654360609239967, "step": 8.023424595283661, "expand": 5.181783550292085, "higher": 4.814058770166768, "statement": 14.861785925994633, "block": 3.929020581796717, "perform": 2.8094651192833644, "result": 4.750123643365691, "expans": 10.72821021417208, "task": 4.222007706478191, "tailor": 6.280395838960195, "take": 4.160132302760104, "advantag": 3.7027074557212285, "special": 3.5395558150349937, "paper": 1.9808454261105517, "evid": 5.076423034634259, "strategi": 9.341915853052189, "good": 9.212838810777047, "object": 6.761614851918212, "tradit": 5.36410510708604, "difficult": 4.57564774672177, "pl": 10.255432658043619, "concaten": 11.985427533016829, "investig": 4.26549281841793, "detail": 3.447182494903979, "set": 2.554702411723542, "fairli": 5.769570215194204, "simpl": 3.009560275161283, "identifi": 4.140329675463924, "produc": 10.283293227140632, "elabor": 5.992713766508414, "improv": 3.3536564368931554, "context": 3.913272224828578, "compar": 3.227968221729659, "favor": 5.433097978572992, "convent": 3.8380488035909903, "cacm": 0.00031215857909170155, "decemb": 2.4626835130032902, "carter": 8.07215530818825}