{"determin": 3.009560275161283, "evalu": 3.137681375057558, "algorithm": 0.8920854338854537, "f3": 6.68586094706836, "cacm": 0.00031215857909170155, "novemb": 2.4445341944976127, "pfann": 8.07215530818825}