{"comment": 4.064822122955779, "brent": 6.97354301952014, "scatter": 5.87493073085203, "storag": 2.7394365149228808, "algorithm": 0.8920854338854537, "cacm": 0.00031215857909170155, "novemb": 2.4445341944976127, "feldman": 5.992713766508414, "low": 4.383275854074314}