{"smooth": 5.433097978572992, "algorithm": 0.8920854338854537, "cacm": 0.00031215857909170155, "juli": 2.3683728335320486, "rodriguez": 6.462717395754149, "gil": 6.97354301952014}