{"compil": 3.074943034424135, "subscript": 5.507205950726713, "variabl": 3.1093106779283426, "cacm": 0.00031215857909170155, "april": 2.4231810700270437, "nather": 6.97354301952014}