{"comput": 2.6234812342096436, "employ": 11.739816674485734, "relationship": 4.222007706478191, "autom": 4.57564774672177, "part": 3.371674942395834, "gener": 1.8279884075245136, "relat": 3.144901623031045, "technolog": 22.58403623349418, "chang": 8.487027823398309, "obviou": 5.769570215194204, "effect": 6.190843131535351, "increas": 3.6295040516979333, "product": 3.9946178642825303, "due": 4.9811128548299335, "elimin": 4.064822122955779, "job": 4.6064194053885235, "affect": 10.36356710058417, "individu": 4.6064194053885235, "worker": 6.280395838960195, "natur": 3.7027074557212285, "amount": 4.1803350100776235, "work": 6.689534978951818, "attitud": 5.87493073085203, "occup": 6.97354301952014, "structur": 2.473733349189875, "entir": 4.638168103703103, "labor": 6.68586094706836, "forc": 5.36410510708604, "central": 4.739950798013046, "import": 3.497444329684867, "impact": 5.076423034634259, "subject": 4.160132302760104, "extens": 3.3359568597937543, "studi": 6.455936443459318, "economist": 8.07215530818825, "sociologist": 8.07215530818825, "polit": 12.56079167792039, "scientist": 5.674260035389879, "psychologist": 8.07215530818825, "singl": 3.7546671946519394, "disciplin": 5.674260035389879, "contradictori": 7.379008127628304, "conclus": 4.814058770166768, "color": 5.992713766508414, "overton": 8.07215530818825, "wish": 5.769570215194204, "delin": 6.280395838960195, "issu": 4.704859478201776, "present": 1.8221800659287668, "argument": 4.77631844218392, "support": 4.434569148461864, "viewpoint": 6.462717395754149, "cacm": 0.00031215857909170155, "juli": 2.3683728335320486, "borodin": 8.07215530818825, "gotlieb": 5.674260035389879}