{"comput": 5.246962468419287, "urban": 20.05758284120508, "societi": 11.348520070779758, "survey": 4.48863636973214, "cover": 4.9366610922591, "broad": 5.769570215194204, "rang": 4.222007706478191, "activ": 3.977810745966149, "found": 3.852647603012143, "citi": 6.68586094706836, "futur": 8.444015412956382, "scope": 5.433097978572992, "applic": 2.481168327677393, "limit": 3.6295040516979333, "imagin": 6.97354301952014, "invent": 6.68586094706836, "system": 1.55744261731572, "design": 2.4924254822020275, "programm": 3.977810745966149, "analyst": 6.280395838960195, "decis": 3.8977680382926128, "maker": 7.379008127628304, "properli": 5.992713766508414, "respect": 4.26549281841793, "human": 4.5168072466988365, "digniti": 8.07215530818825, "civil": 8.07215530818825, "liberti": 8.07215530818825, "signific": 3.929020581796717, "factor": 3.852647603012143, "improv": 3.3536564368931554, "effici": 2.7108631424788245, "process": 2.1750014405515095, "expect": 4.334485689904882, "benefit": 5.36410510708604, "usag": 9.212838810777047, "outweigh": 8.07215530818825, "cost": 3.518278416587709, "look": 5.992713766508414, "forward": 5.507205950726713, "expans": 5.36410510708604, "cacm": 0.00031215857909170155, "juli": 2.3683728335320486, "sturman": 8.07215530818825}