{"high": 3.6777061535158113, "speed": 3.823660066138891, "multipl": 3.58351893845611, "process": 2.1750014405515095, "digit": 3.2930318150767204, "comput": 1.3117406171048218, "cacm": 0.00031215857909170155, "april": 2.4231810700270437, "gurzi": 8.07215530818825}