{"implement": 7.712691292930569, "label": 15.7168258923961, "variabl": 9.327932033785029, "mode": 4.77631844218392, "convent": 3.8380488035909903, "techniqu": 4.480545661809466, "fail": 6.126245159132937, "trap": 13.94708603904028, "program": 2.877673749815746, "error": 6.096549574683947, "fine": 6.97354301952014, "grain": 8.07215530818825, "calendar": 6.280395838960195, "clock": 6.126245159132937, "recent": 3.8977680382926128, "allow": 3.867462688797284, "varieti": 4.1209115896068225, "cacm": 0.00031215857909170155, "fenichel": 6.280395838960195}