{"ibm": 3.518278416587709, "tape": 4.046803617453101, "matrix": 3.137681375057558, "compil": 3.074943034424135, "cacm": 0.00031215857909170155, "septemb": 2.546702369056466, "hornick": 8.07215530818825}