{"textur": 29.516032510513217, "reflect": 10.866195957145983, "comput": 3.9352218513144654, "gener": 1.8279884075245136, "imag": 15.08289861139448, "catmul": 8.07215530818825, "develop": 2.4267084105450123, "algorithm": 2.676256301656361, "render": 12.925434791508298, "bivari": 6.462717395754149, "surfac": 14.114578434605328, "patch": 29.516032510513217, "paper": 1.9808454261105517, "describ": 3.0954215657676754, "extens": 3.3359568597937543, "area": 3.867462688797284, "simul": 6.761614851918212, "light": 11.014411901453427, "model": 5.993962985908846, "parameter": 6.462717395754149, "defin": 3.1595004224521976, "coordin": 4.853279483320049, "system": 1.55744261731572, "key": 4.064822122955779, "map": 13.075749724451825, "pattern": 12.305590183908384, "intens": 12.252490318265874, "pictur": 9.212838810777047, "element": 7.765001132323649, "weight": 9.55263688436784, "averag": 4.26549281841793, "region": 4.894101477840304, "definit": 3.6777061535158113, "function": 4.522028630423099, "shape": 5.076423034634259, "size": 3.427764409046877, "chosen": 4.894101477840304, "digit": 3.2930318150767204, "signal": 5.238941964132033, "process": 2.1750014405515095, "theori": 4.140329675463924, "accur": 4.739950798013046, "normal": 3.929020581796717, "permit": 3.572345637857985, "mirror": 7.379008127628304, "amount": 4.1803350100776235, "come": 5.769570215194204, "direct": 3.58351893845611, "similar": 3.7954891891721947, "manner": 4.6064194053885235, "ad": 4.408593662058603, "obtain": 3.116328250586989, "exampl": 3.371674942395834, "synthes": 5.674260035389879, "techniqu": 2.240272830904733, "includ": 2.7688504001291743, "cacm": 0.00031215857909170155, "octob": 2.4849066497880004, "blinn": 8.07215530818825, "newel": 6.126245159132937}