{"solut": 2.763887610787045, "combinatori": 10.055265740929654, "problem": 3.9302648408919914, "gener": 3.6559768150490273, "function": 4.522028630423099, "variabl": 3.1093106779283426, "field": 3.9946178642825303, "comput": 1.3117406171048218, "util": 3.6901286735143684, "solv": 3.5078071167204135, "discuss": 2.1972245773362196, "implement": 2.570897097643523, "result": 2.3750618216828454, "present": 1.8221800659287668, "evalu": 3.137681375057558, "cacm": 0.00031215857909170155, "septemb": 2.546702369056466, "weinberg": 6.462717395754149}