{"quantum": 5.87493073085203, "mechan": 3.7680902149840803, "integr": 5.969117945911732, "slater": 6.68586094706836, "type": 3.144901623031045, "cacm": 0.00031215857909170155, "novemb": 2.4445341944976127, "brown": 5.027632870464827}