{"record": 7.734925377594568, "linkag": 11.539140430388407, "special": 3.5395558150349937, "difficulti": 4.57564774672177, "encount": 5.076423034634259, "devis": 5.433097978572992, "reliabl": 4.77631844218392, "system": 3.11488523463144, "search": 3.47703545805366, "updat": 4.704859478201776, "larg": 2.8791984572980396, "document": 4.358583241483942, "identifi": 8.280659350927849, "primarili": 5.127716329021809, "basi": 4.029104040353699, "name": 5.433097978572992, "person": 5.507205950726713, "particular": 8.07215530818825, "underli": 5.127716329021809, "problem": 1.9651324204459957, "make": 3.380807425959106, "nearli": 5.299566585948469, "maximum": 5.027632870464827, "item": 4.287965674269989, "inform": 5.125533943120545, "individu": 4.6064194053885235, "unreli": 6.280395838960195, "collect": 4.222007706478191, "consider": 3.8977680382926128, "discrimin": 6.280395838960195, "power": 3.7680902149840803, "rule": 6.95407091610732, "appli": 3.2681342634549932, "gener": 1.8279884075245136, "retriev": 3.594818493710043, "develop": 2.4267084105450123, "methodolog": 4.894101477840304, "studi": 3.227968221729659, "vital": 5.992713766508414, "health": 6.68586094706836, "famili": 5.027632870464827, "group": 4.1803350100776235, "demograph": 8.07215530818825, "research": 3.977810745966149, "purpos": 3.2599709528158325, "way": 4.77631844218392, "util": 3.6901286735143684, "match": 4.5168072466988365, "optim": 3.1743155082373384, "discuss": 2.1972245773362196, "cacm": 0.00031215857909170155, "novemb": 2.4445341944976127, "newcomb": 7.379008127628304, "kennedi": 6.97354301952014}