{"perform": 5.618930238566729, "rollback": 16.1443106163765, "recoveri": 11.539140430388407, "system": 6.22977046926288, "intermitt": 13.37172189413672, "failur": 12.252490318265874, "mathemat": 3.6295040516979333, "model": 5.993962985908846, "transact": 5.433097978572992, "orient": 3.977810745966149, "propos": 2.907369334264736, "assum": 4.358583241483942, "oper": 2.270036932811187, "checkpoint": 6.68586094706836, "method": 1.8535551884965207, "ensur": 6.126245159132937, "reliabl": 4.77631844218392, "inform": 2.5627669715602726, "process": 2.1750014405515095, "deriv": 3.2930318150767204, "princip": 5.181783550292085, "measur": 3.8380488035909903, "includ": 2.7688504001291743, "avail": 5.769570215194204, "respons": 4.461237395544026, "time": 2.0511319588387233, "satur": 6.97354301952014, "point": 3.015909502839942, "cacm": 0.00031215857909170155, "june": 2.3717117347975636, "gelenb": 6.97354301952014, "derochett": 8.07215530818825}