{"interim": 8.07215530818825, "report": 3.4669851222001586, "bureau": 6.97354301952014, "ship": 8.07215530818825, "cobol": 4.545794783572089, "evalu": 3.137681375057558, "program": 1.438836874907873, "cacm": 0.00031215857909170155, "siegel": 8.07215530818825, "smith": 4.310955192494688}