{"control": 2.954161495771495, "experi": 6.933970244400317, "program": 5.755347499631492, "test": 12.326890885638054, "code": 5.896382657569982, "walkthrough": 8.07215530818825, "inspect": 11.985427533016829, "paper": 1.9808454261105517, "describ": 3.0954215657676754, "employ": 7.826544449657156, "highli": 4.638168103703103, "experienc": 6.462717395754149, "data": 2.1667934601336793, "process": 2.1750014405515095, "profession": 5.027632870464827, "method": 11.121331130979124, "small": 3.594818493710043, "pl": 5.127716329021809, "result": 2.3750618216828454, "show": 7.282677018689872, "popular": 6.126245159132937, "walk": 6.97354301952014, "effect": 6.190843131535351, "comput": 1.3117406171048218, "base": 2.701517280060587, "find": 7.16703787691222, "error": 9.14482436202592, "term": 3.2763647625915087, "found": 3.852647603012143, "cost": 3.518278416587709, "pair": 4.9811128548299335, "subject": 8.320264605520208, "independ": 3.8094754311469345, "pool": 6.280395838960195, "studi": 3.227968221729659, "tremend": 7.379008127628304, "amount": 4.1803350100776235, "variabl": 3.1093106779283426, "abil": 4.739950798013046, "detect": 4.310955192494688, "type": 3.144901623031045, "vari": 4.704859478201776, "cacm": 0.00031215857909170155, "septemb": 2.546702369056466, "myer": 7.379008127628304}