{"comment": 4.064822122955779, "moorer": 7.379008127628304, "music": 6.280395838960195, "comput": 1.3117406171048218, "composit": 4.853279483320049, "cacm": 0.00031215857909170155, "novemb": 2.4445341944976127, "smoliar": 7.379008127628304}