{"simpl": 3.009560275161283, "techniqu": 2.240272830904733, "code": 2.948191328784991, "differenti": 3.929020581796717, "equat": 3.1093106779283426, "cacm": 0.00031215857909170155, "novemb": 2.4445341944976127, "sefton": 7.379008127628304, "vaillancourt": 8.07215530818825}