{"tool": 13.91450431110931, "philosophi": 10.477883928264067, "softwar": 7.858041163593434, "educ": 4.287965674269989, "paper": 1.9808454261105517, "describ": 3.0954215657676754, "set": 2.554702411723542, "teach": 5.181783550292085, "found": 3.852647603012143, "cours": 4.48863636973214, "mit": 6.126245159132937, "past": 5.299566585948469, "year": 4.160132302760104, "includ": 2.7688504001291743, "program": 1.438836874907873, "simul": 3.380807425959106, "grader": 6.68586094706836, "compil": 3.074943034424135, "monitor": 4.638168103703103, "allow": 3.867462688797284, "instructor": 6.68586094706836, "augment": 5.507205950726713, "basic": 3.4181949580307265, "concept": 3.4181949580307265, "relev": 5.027632870464827, "excit": 8.07215530818825, "econom": 4.6709579265260945, "student": 4.310955192494688, "project": 4.222007706478191, "activ": 3.977810745966149, "cacm": 0.00031215857909170155, "august": 2.3750618216828454, "donovan": 8.07215530818825}