{"realiz": 5.027632870464827, "boolean": 4.638168103703103, "connect": 4.310955192494688, "ibm": 3.518278416587709, "cacm": 0.00031215857909170155, "juli": 2.3683728335320486, "hellerman": 6.68586094706836, "senzig": 8.07215530818825}