{"techniqu": 2.240272830904733, "depart": 5.181783550292085, "matrix": 3.137681375057558, "program": 1.438836874907873, "scheme": 3.518278416587709, "cacm": 0.00031215857909170155, "decemb": 2.4626835130032902, "friedman": 6.126245159132937}