{"high": 3.6777061535158113, "level": 6.5362685269099865, "program": 8.63302124944724, "distribut": 10.492332989054601, "comput": 2.6234812342096436, "loos": 6.462717395754149, "coupl": 5.87493073085203, "system": 1.55744261731572, "problem": 1.9651324204459957, "grow": 5.127716329021809, "interest": 3.9450209231431583, "paper": 1.9808454261105517, "describ": 3.0954215657676754, "approach": 3.1743155082373384, "gener": 1.8279884075245136, "purpos": 3.2599709528158325, "languag": 6.525004321654528, "base": 2.701517280060587, "primit": 4.814058770166768, "notion": 5.076423034634259, "modul": 5.181783550292085, "messag": 5.127716329021809, "transact": 5.433097978572992, "key": 4.064822122955779, "methodolog": 4.894101477840304, "shown": 2.7940406489577327, "independ": 3.8094754311469345, "machin": 2.918863713690471, "appear": 4.48863636973214, "wide": 4.408593662058603, "rang": 4.222007706478191, "task": 4.222007706478191, "part": 3.371674942395834, "ambiti": 7.379008127628304, "develop": 2.4267084105450123, "advanc": 4.704859478201776, "relat": 3.144901623031045, "aspect": 4.083171261623976, "project": 4.222007706478191, "discuss": 2.1972245773362196, "cacm": 0.00031215857909170155, "june": 2.3717117347975636, "feldman": 5.992713766508414}