{"pseudoinvers": 16.1443106163765, "conjug": 20.920629058560422, "gradient": 12.925434791508298, "paper": 1.9808454261105517, "devot": 5.674260035389879, "studi": 3.227968221729659, "connect": 4.310955192494688, "matric": 3.929020581796717, "direct": 3.58351893845611, "routin": 3.867462688797284, "cacm": 0.00031215857909170155, "januari": 2.6297375976664563, "hesten": 8.07215530818825}