{"top": 10.36356710058417, "bottom": 11.985427533016829, "pars": 8.766551708148627, "rehabilit": 7.379008127628304, "note": 3.497444329684867, "concern": 3.9612814440149386, "effici": 2.7108631424788245, "algorithm": 0.8920854338854537, "connect": 4.310955192494688, "program": 1.438836874907873, "languag": 2.1750014405515095, "grammar": 8.241823179213645, "shown": 2.7940406489577327, "instanc": 5.58724865840025, "retrac": 8.07215530818825, "unprofit": 8.07215530818825, "path": 4.48863636973214, "elimin": 4.064822122955779, "suitabl": 4.1803350100776235, "rearrang": 5.992713766508414, "product": 3.9946178642825303, "defin": 3.1595004224521976, "essenti": 4.434569148461864, "weak": 5.674260035389879, "method": 1.8535551884965207, "deal": 4.461237395544026, "complic": 5.027632870464827, "syntact": 4.26549281841793, "structur": 2.473733349189875, "practic": 3.617808011934742, "spars": 5.507205950726713, "occupi": 6.280395838960195, "arithmet": 3.6901286735143684, "express": 3.1595004224521976, "cacm": 0.00031215857909170155, "april": 2.4231810700270437, "brooker": 6.97354301952014}