{"document": 4.358583241483942, "program": 1.438836874907873, "languag": 2.1750014405515095, "cacm": 0.00031215857909170155, "march": 2.546702369056466, "yngve": 6.97354301952014, "sammet": 5.992713766508414}