{"correspond": 4.9366610922591, "bit": 3.977810745966149, "hollerith": 6.97354301952014, "code": 2.948191328784991, "comput": 1.3117406171048218, "environ": 3.7680902149840803, "usasi": 8.07215530818825, "tutori": 5.507205950726713, "standard": 3.1023420086122493, "cacm": 0.00031215857909170155, "novemb": 2.4445341944976127}