{"synchron": 15.545350650876255, "commun": 7.430892962997317, "process": 8.700005762206038, "formal": 7.456699772669132, "defin": 3.1595004224521976, "mechan": 7.5361804299681605, "prove": 7.676097607181981, "concurr": 4.9811128548299335, "run": 7.355412307031623, "system": 3.11488523463144, "correctli": 5.674260035389879, "demonstr": 4.0117122976418305, "consist": 3.823660066138891, "send": 6.97354301952014, "deposit": 7.379008127628304, "messag": 15.383148987065429, "buffer": 20.955767856528134, "receiv": 10.477883928264067, "remov": 4.9811128548299335, "descript": 3.437426319958614, "make": 3.380807425959106, "easi": 4.358583241483942, "overflow": 5.87493073085203, "underflow": 8.07215530818825, "sender": 8.07215530818825, "oper": 2.270036932811187, "frame": 5.58724865840025, "deadlock": 5.674260035389879, "cacm": 0.00031215857909170155, "march": 2.546702369056466, "habermann": 6.462717395754149}