{"american": 4.358583241483942, "standard": 3.1023420086122493, "code": 2.948191328784991, "inform": 2.5627669715602726, "interchang": 4.638168103703103, "cacm": 0.00031215857909170155, "august": 2.3750618216828454}