{"economis": 7.379008127628304, "sequenc": 3.6654360609239967, "algorithm": 0.8920854338854537, "cacm": 0.00031215857909170155, "march": 2.546702369056466, "mayoh": 6.68586094706836}