{"find": 3.58351893845611, "cliqu": 6.68586094706836, "undirect": 6.126245159132937, "graph": 4.029104040353699, "algorithm": 0.8920854338854537, "a457": 8.07215530818825, "cacm": 0.00031215857909170155, "septemb": 2.546702369056466, "bron": 6.280395838960195, "kerbosch": 8.07215530818825}