{"minimax": 6.280395838960195, "logarithm": 5.181783550292085, "error": 3.0482747873419735, "cacm": 0.00031215857909170155, "octob": 2.4849066497880004, "dunham": 6.462717395754149}