{"differ": 3.977810745966149, "express": 3.1595004224521976, "coeffici": 4.1209115896068225, "algorithm": 0.8920854338854537, "cacm": 0.00031215857909170155, "februari": 2.6211168546225494, "giammo": 8.07215530818825}