{"comput": 1.3117406171048218, "center": 4.6709579265260945, "cacm": 0.00031215857909170155, "octob": 2.4849066497880004}