{"optimum": 9.409718956403552, "data": 6.5003803804010385, "base": 8.104551840181761, "reorgan": 30.631225795664683, "point": 6.031819005679884, "organ": 3.5078071167204135, "scheme": 3.518278416587709, "cost": 10.554835249763126, "access": 7.212494379067333, "increas": 3.6295040516979333, "due": 4.9811128548299335, "structur": 2.473733349189875, "ineffici": 5.87493073085203, "caus": 5.58724865840025, "updat": 4.704859478201776, "reduc": 3.641338509344936, "high": 3.6777061535158113, "prohibit": 6.462717395754149, "frequent": 4.5168072466988365, "paper": 1.9808454261105517, "examin": 3.641338509344936, "strategi": 4.6709579265260945, "select": 3.617808011934742, "cacm": 0.00031215857909170155, "june": 2.3717117347975636, "shneiderman": 6.68586094706836}