{"coulomb": 5.992713766508414, "wave": 5.58724865840025, "function": 2.2610143152115496, "algorithm": 0.8920854338854537, "s22": 5.299566585948469, "cacm": 0.00031215857909170155, "decemb": 2.4626835130032902, "kolbig": 6.280395838960195}