{"sort": 3.8825005661618244, "comput": 1.3117406171048218, "cacm": 0.00031215857909170155, "gotlieb": 5.674260035389879}