{"interact": 7.330872121847993, "command": 13.726943240165308, "gener": 3.6559768150490273, "facil": 15.591072153170451, "permit": 3.572345637857985, "convers": 3.867462688797284, "control": 2.954161495771495, "task": 4.222007706478191, "execut": 3.2358734012367716, "noninteract": 7.379008127628304, "environ": 3.7680902149840803, "propos": 2.907369334264736, "mean": 3.2201250442686327, "program": 1.438836874907873, "time": 4.102263917677447, "share": 6.974375659035355, "receiv": 5.238941964132033, "output": 3.497444329684867, "respons": 4.461237395544026, "present": 1.8221800659287668, "invok": 6.97354301952014, "type": 3.144901623031045, "consol": 5.507205950726713, "keyboard": 5.674260035389879, "argu": 5.433097978572992, "help": 5.238941964132033, "overcom": 5.433097978572992, "limit": 3.6295040516979333, "man": 4.739950798013046, "comput": 1.3117406171048218, "commun": 3.7154464814986583, "set": 2.554702411723542, "function": 2.2610143152115496, "accomplish": 4.638168103703103, "embed": 5.299566585948469, "string": 3.7027074557212285, "process": 2.1750014405515095, "languag": 2.1750014405515095, "suggest": 3.399326473726344, "inform": 2.5627669715602726, "pertin": 5.674260035389879, "implement": 2.570897097643523, "exist": 3.572345637857985, "system": 1.55744261731572, "cacm": 0.00031215857909170155, "juli": 2.3683728335320486, "grant": 5.87493073085203}