{"note": 3.497444329684867, "virtual": 4.6064194053885235, "memori": 3.137681375057558, "index": 4.383275854074314, "cacm": 0.00031215857909170155, "septemb": 2.546702369056466, "mali": 6.68586094706836}