{"definit": 3.6777061535158113, "exponenti": 4.1803350100776235, "integr": 2.984558972955866, "algorithm": 0.8920854338854537, "cacm": 0.00031215857909170155, "juli": 2.3683728335320486, "kruglyak": 6.126245159132937, "whitman": 6.126245159132937}