{"find": 3.58351893845611, "preced": 4.814058770166768, "function": 2.2610143152115496, "algorithm": 0.8920854338854537, "l2": 8.07215530818825, "cacm": 0.00031215857909170155, "octob": 2.4849066497880004, "wirth": 5.238941964132033}