{"formula": 8.023424595283661, "comput": 3.9352218513144654, "orient": 3.977810745966149, "languag": 2.1750014405515095, "techniqu": 2.240272830904733, "shown": 2.7940406489577327, "enabl": 4.5168072466988365, "translat": 3.6901286735143684, "simpl": 3.009560275161283, "algebra": 4.0117122976418305, "address": 3.913272224828578, "code": 2.948191328784991, "cacm": 0.00031215857909170155, "march": 2.546702369056466, "wegstein": 6.126245159132937}