{"real": 3.5078071167204135, "time": 2.0511319588387233, "data": 2.1667934601336793, "assimil": 8.07215530818825, "cacm": 0.00031215857909170155, "juli": 2.3683728335320486, "gschwind": 8.07215530818825}