{"induct": 5.769570215194204, "approach": 3.1743155082373384, "languag": 4.350002881103019, "translat": 18.450643367571843, "possibl": 4.77631844218392, "natur": 3.7027074557212285, "mean": 3.2201250442686327, "fix": 4.064822122955779, "oper": 2.270036932811187, "consid": 3.152174382360125, "concept": 6.836389916061453, "sentenc": 4.853279483320049, "motiv": 5.674260035389879, "work": 3.344767489475909, "inform": 2.5627669715602726, "present": 3.6443601318575336, "measur": 3.8380488035909903, "physic": 4.57564774672177, "similar": 3.7954891891721947, "pair": 4.9811128548299335, "string": 3.7027074557212285, "discuss": 2.1972245773362196, "notion": 5.076423034634259, "play": 5.433097978572992, "central": 4.739950798013046, "role": 5.027632870464827, "propos": 2.907369334264736, "type": 3.144901623031045, "experiment": 3.867462688797284, "evid": 5.076423034634259, "support": 4.434569148461864, "premis": 7.379008127628304, "base": 2.701517280060587, "cacm": 0.00031215857909170155, "novemb": 2.4445341944976127, "faulk": 8.07215530818825}