{"multint": 6.97354301952014, "algorithm": 0.8920854338854537, "cacm": 0.00031215857909170155, "februari": 2.6211168546225494, "freeman": 6.68586094706836, "jr": 3.243841570885949}