{"compar": 6.455936443459318, "studi": 6.455936443459318, "comput": 2.6234812342096436, "program": 5.755347499631492, "integr": 8.953676918867597, "differenti": 7.858041163593434, "equat": 6.218621355856685, "perform": 5.618930238566729, "system": 1.55744261731572, "ordinari": 4.434569148461864, "report": 3.4669851222001586, "method": 7.414220753986083, "repres": 3.6062471895336663, "includ": 5.5377008002583485, "multistep": 6.97354301952014, "predictor": 7.379008127628304, "corrector": 8.07215530818825, "singl": 3.7546671946519394, "step": 4.0117122976418305, "rung": 5.87493073085203, "kutta": 5.58724865840025, "extrapol": 13.94708603904028, "polynomi": 3.4087162140761826, "ration": 10.055265740929654, "test": 9.245168164228541, "procedur": 2.63843330463401, "evalu": 3.137681375057558, "criteria": 9.15129549344354, "appli": 3.2681342634549932, "set": 2.554702411723542, "problem": 3.9302648408919914, "appendix": 5.674260035389879, "investig": 4.26549281841793, "found": 3.852647603012143, "base": 2.701517280060587, "show": 3.641338509344936, "cacm": 0.00031215857909170155, "novemb": 2.4445341944976127, "fox": 6.68586094706836}