{"rootfind": 6.126245159132937, "algorithm": 0.8920854338854537, "cacm": 0.00031215857909170155, "februari": 2.6211168546225494, "wegstein": 6.126245159132937}