{"characterist": 7.259008103395867, "sort": 27.17750396313277, "comput": 2.6234812342096436, "system": 6.22977046926288, "random": 18.031235947668332, "access": 18.031235947668332, "storag": 8.218309544768642, "devic": 11.787061745390151, "substanti": 4.6709579265260945, "differ": 3.977810745966149, "tape": 8.093607234906202, "dictat": 6.68586094706836, "concept": 3.4181949580307265, "object": 3.380807425959106, "program": 1.438836874907873, "design": 2.4924254822020275, "consid": 3.152174382360125, "viewpoint": 6.462717395754149, "extern": 4.9811128548299335, "medium": 5.36410510708604, "true": 5.674260035389879, "case": 3.2123429038265776, "orient": 7.955621491932298, "major": 3.867462688797284, "problem": 5.895397261337987, "minim": 3.39002408106403, "merg": 19.7466443690364, "time": 2.0511319588387233, "despit": 6.280395838960195, "limit": 3.6295040516979333, "order": 11.72196700674236, "contrast": 5.58724865840025, "encourag": 5.769570215194204, "select": 3.617808011934742, "optimum": 9.409718956403552, "discuss": 2.1972245773362196, "paper": 1.9808454261105517, "criteria": 4.57564774672177, "develop": 2.4267084105450123, "determin": 3.009560275161283, "accord": 4.9366610922591, "properti": 3.5395558150349937, "attent": 5.076423034634259, "key": 8.129644245911559, "versu": 5.992713766508414, "record": 3.867462688797284, "possibl": 4.77631844218392, "disadvantag": 5.674260035389879, "cacm": 0.00031215857909170155, "hubbard": 8.07215530818825}