{"proprietari": 14.758016255256608, "mathemat": 10.8885121550938, "program": 4.31651062472362, "impress": 14.758016255256608, "panel": 19.38815218726245, "discuss": 8.788898309344878, "sponsor": 6.97354301952014, "special": 3.5395558150349937, "interest": 3.9450209231431583, "committe": 4.853279483320049, "acm": 8.717166482967883, "hall": 5.87493073085203, "septemb": 2.546702369056466, "th": 12.252490318265874, "nation": 4.9811128548299335, "meet": 5.299566585948469, "lo": 8.07215530818825, "angel": 8.07215530818825, "note": 3.497444329684867, "consist": 3.823660066138891, "sole": 6.68586094706836, "garner": 8.07215530818825, "moder": 6.126245159132937, "necessarili": 5.507205950726713, "repres": 3.6062471895336663, "posit": 4.1209115896068225, "panelist": 7.379008127628304, "particip": 5.507205950726713, "cacm": 0.00031215857909170155, "decemb": 2.4626835130032902, "smith": 4.310955192494688}