{"context": 19.56636112414289, "sensit": 23.078280860776815, "pars": 8.766551708148627, "paper": 1.9808454261105517, "present": 3.6443601318575336, "canon": 6.126245159132937, "form": 3.0954215657676754, "deriv": 6.586063630153441, "algorithm": 5.352512603312722, "find": 3.58351893845611, "analysi": 2.7738379416402132, "amount": 4.1803350100776235, "memori": 3.137681375057558, "requir": 4.777151081699136, "essenti": 4.434569148461864, "store": 3.5288605259182457, "singl": 3.7546671946519394, "complet": 3.47703545805366, "addit": 3.318565117081885, "modifi": 3.8977680382926128, "version": 4.461237395544026, "basic": 3.4181949580307265, "block": 3.929020581796717, "infinit": 5.58724865840025, "analys": 11.539140430388407, "grammar": 8.241823179213645, "loop": 4.739950798013046, "compar": 3.227968221729659, "previou": 4.434569148461864, "parser": 5.127716329021809, "gener": 1.8279884075245136, "rewrit": 6.280395838960195, "system": 1.55744261731572, "differ": 3.977810745966149, "type": 3.144901623031045, "discuss": 2.1972245773362196, "appear": 4.48863636973214, "complementari": 6.126245159132937, "kuno": 6.280395838960195, "respect": 4.26549281841793, "includ": 2.7688504001291743, "space": 3.497444329684867, "time": 2.0511319588387233, "trade": 6.280395838960195, "degre": 4.222007706478191, "depend": 3.929020581796717, "involv": 3.4570347913469903, "cacm": 0.00031215857909170155, "juli": 2.3683728335320486, "wood": 5.87493073085203}