{"skelet": 7.379008127628304, "structur": 2.473733349189875, "pert": 12.252490318265874, "cpa": 16.1443106163765, "comput": 2.6234812342096436, "program": 4.31651062472362, "introduct": 4.894101477840304, "mechan": 3.7680902149840803, "provid": 3.015909502839942, "major": 3.867462688797284, "compon": 4.26549281841793, "purpos": 3.2599709528158325, "interrelationship": 6.68586094706836, "outlin": 4.160132302760104, "cacm": 0.00031215857909170155, "august": 2.3750618216828454, "kahn": 6.97354301952014}