{"madcap": 7.379008127628304, "scientif": 4.9366610922591, "compil": 3.074943034424135, "display": 3.9450209231431583, "formula": 4.0117122976418305, "textbook": 6.68586094706836, "languag": 2.1750014405515095, "cacm": 0.00031215857909170155, "januari": 2.6297375976664563, "well": 5.87493073085203}