{"comput": 1.3117406171048218, "method": 1.8535551884965207, "sampl": 4.310955192494688, "exponenti": 4.1803350100776235, "normal": 3.929020581796717, "distribut": 3.497444329684867, "corrigendum": 4.545794783572089, "cacm": 0.00031215857909170155, "decemb": 2.4626835130032902, "ahren": 6.462717395754149, "dieter": 6.462717395754149}