{"report": 3.4669851222001586, "writer": 5.769570215194204, "cobol": 4.545794783572089, "cacm": 0.00031215857909170155, "donal": 8.07215530818825}