{"conjug": 6.97354301952014, "gradient": 6.462717395754149, "method": 1.8535551884965207, "algorithm": 0.8920854338854537, "f4": 5.507205950726713, "cacm": 0.00031215857909170155, "august": 2.3750618216828454, "reev": 5.87493073085203}