{"georg": 5.36410510708604, "gener": 1.8279884075245136, "purpos": 3.2599709528158325, "time": 4.102263917677447, "share": 3.4871878295176777, "oper": 4.540073865622374, "system": 9.34465570389432, "run": 7.355412307031623, "wide": 4.408593662058603, "varieti": 4.1209115896068225, "configur": 4.739950798013046, "handl": 3.7154464814986583, "larg": 2.8791984572980396, "number": 2.2028583950544753, "onlin": 10.255432658043619, "consol": 5.507205950726713, "user": 9.164626414119978, "line": 7.0577210518364915, "background": 5.299566585948469, "job": 9.212838810777047, "orient": 3.977810745966149, "mode": 4.77631844218392, "batch": 4.853279483320049, "process": 2.1750014405515095, "atla": 6.280395838960195, "supervisor": 6.280395838960195, "ibsi": 6.462717395754149, "geco": 8.07215530818825, "multiaccess": 6.126245159132937, "resembl": 6.68586094706836, "ctss": 7.379008127628304, "multic": 6.126245159132937, "simultan": 4.1803350100776235, "depend": 3.929020581796717, "instal": 5.58724865840025, "adjust": 5.507205950726713, "schedul": 3.977810745966149, "common": 3.9450209231431583, "command": 4.57564774672177, "languag": 2.1750014405515095, "includ": 2.7688504001291743, "multilevel": 6.280395838960195, "devic": 3.929020581796717, "independ": 3.8094754311469345, "store": 3.5288605259182457, "cacm": 0.00031215857909170155, "novemb": 2.4445341944976127, "oestreich": 8.07215530818825, "bailey": 6.97354301952014, "strauss": 7.379008127628304}