{"fourier": 4.77631844218392, "seri": 3.8825005661618244, "approxim": 3.380807425959106, "algorithm": 0.8920854338854537, "cacm": 0.00031215857909170155, "march": 2.546702369056466, "mifsud": 6.126245159132937}