{"equival": 4.434569148461864, "hough": 7.379008127628304, "curv": 4.1803350100776235, "detect": 4.310955192494688, "templat": 7.379008127628304, "match": 4.5168072466988365, "cacm": 0.00031215857909170155, "novemb": 2.4445341944976127, "stockman": 7.379008127628304}