{"slang": 8.07215530818825, "system": 1.55744261731572, "cacm": 0.00031215857909170155, "januari": 2.6297375976664563, "sibley": 7.379008127628304}