{"parallel": 15.530002264647297, "method": 5.560665565489562, "integr": 5.969117945911732, "ordinari": 8.869138296923728, "differenti": 7.858041163593434, "equat": 6.218621355856685, "paper": 1.9808454261105517, "dedic": 6.462717395754149, "proposit": 8.07215530818825, "order": 2.93049175168559, "take": 4.160132302760104, "full": 4.545794783572089, "advantag": 3.7027074557212285, "real": 3.5078071167204135, "time": 2.0511319588387233, "comput": 3.9352218513144654, "highli": 4.638168103703103, "expect": 4.334485689904882, "futur": 4.222007706478191, "numer": 6.409241715465335, "analysi": 2.7738379416402132, "recast": 8.07215530818825, "form": 3.0954215657676754, "meant": 6.97354301952014, "serial": 10.152846069268518, "algorithm": 1.7841708677709074, "replac": 4.739950798013046, "consist": 3.823660066138891, "subtask": 14.758016255256608, "knowledg": 5.027632870464827, "result": 2.3750618216828454, "propos": 2.907369334264736, "process": 2.1750014405515095, "standard": 3.1023420086122493, "entir": 4.638168103703103, "cacm": 0.00031215857909170155, "decemb": 2.4626835130032902, "nievergelt": 7.379008127628304}