{"numer": 3.2046208577326674, "constant": 4.48863636973214, "algorithm": 0.8920854338854537, "cacm": 0.00031215857909170155, "septemb": 2.546702369056466, "dunham": 6.462717395754149}