{"estim": 7.858041163593434, "heart": 19.38815218726245, "paramet": 7.563391734079717, "skin": 24.21646592456475, "potenti": 18.683831706104378, "measur": 11.514146410772971, "fundament": 5.076423034634259, "problem": 5.895397261337987, "vector": 4.545794783572089, "cardiographi": 7.379008127628304, "state": 3.852647603012143, "basi": 8.058208080707399, "mathemat": 3.6295040516979333, "model": 2.996981492954423, "relat": 3.144901623031045, "ventricular": 8.07215530818825, "dipol": 7.379008127628304, "surfac": 4.704859478201776, "sketch": 6.68586094706836, "shown": 2.7940406489577327, "invers": 3.867462688797284, "determin": 3.009560275161283, "electr": 6.68586094706836, "view": 4.334485689904882, "nonlinear": 4.704859478201776, "multipoint": 8.07215530818825, "boundari": 4.6709579265260945, "feasibl": 4.894101477840304, "solut": 2.763887610787045, "employ": 3.913272224828578, "quasilinear": 6.68586094706836, "high": 3.6777061535158113, "speed": 3.823660066138891, "digit": 3.2930318150767204, "comput": 1.3117406171048218, "cacm": 0.00031215857909170155, "novemb": 2.4445341944976127, "bellman": 5.507205950726713, "collier": 8.07215530818825, "kagiwada": 6.462717395754149, "kalaba": 5.992713766508414, "selvest": 8.07215530818825}