{"sort": 19.41250283080912, "page": 15.845125776059755, "environ": 11.30427064495224, "studi": 6.455936443459318, "part": 3.371674942395834, "extens": 3.3359568597937543, "measur": 7.676097607181981, "project": 4.222007706478191, "undertaken": 6.68586094706836, "m44": 8.07215530818825, "experiment": 11.602388066391851, "system": 1.55744261731572, "conceiv": 6.68586094706836, "implement": 5.141794195287046, "ibm": 3.518278416587709, "research": 3.977810745966149, "order": 2.93049175168559, "explor": 5.181783550292085, "virtual": 9.212838810777047, "machin": 5.837727427380942, "concept": 3.4181949580307265, "concern": 3.9612814440149386, "procedur": 2.63843330463401, "context": 3.913272224828578, "dynam": 3.8380488035909903, "characterist": 3.6295040516979333, "memori": 3.137681375057558, "descript": 3.437426319958614, "program": 2.877673749815746, "analysi": 2.7738379416402132, "perform": 2.8094651192833644, "result": 2.3750618216828454, "obtain": 3.116328250586989, "present": 1.8221800659287668, "insight": 5.87493073085203, "gain": 5.127716329021809, "effort": 4.5168072466988365, "arriv": 5.36410510708604, "set": 2.554702411723542, "broad": 5.769570215194204, "guidelin": 5.674260035389879, "write": 4.222007706478191, "cacm": 0.00031215857909170155, "august": 2.3750618216828454, "brawn": 8.07215530818825, "gustavson": 8.07215530818825, "mankin": 8.07215530818825}