{"variant": 5.238941964132033, "method": 1.8535551884965207, "search": 3.47703545805366, "cacm": 0.00031215857909170155, "march": 2.546702369056466, "mcilroy": 6.97354301952014}