{"comput": 2.6234812342096436, "scienc": 7.955621491932298, "faculti": 18.378735477398813, "statu": 11.1744973168005, "minor": 17.97814129952524, "women": 20.920629058560422, "result": 2.3750618216828454, "survey": 4.48863636973214, "conduct": 5.238941964132033, "fall": 8.07215530818825, "determin": 3.009560275161283, "member": 10.599133171896938, "academ": 5.87493073085203, "present": 1.8221800659287668, "compar": 3.227968221729659, "respect": 4.26549281841793, "profession": 5.027632870464827, "background": 5.299566585948469, "salari": 7.379008127628304, "teach": 5.181783550292085, "load": 4.814058770166768, "public": 5.127716329021809, "record": 3.867462688797284, "research": 3.977810745966149, "grant": 5.87493073085203, "analysi": 2.7738379416402132, "data": 2.1667934601336793, "verdict": 8.07215530818825, "gener": 1.8279884075245136, "equal": 4.6709579265260945, "men": 8.07215530818825, "cacm": 0.00031215857909170155, "februari": 2.6211168546225494, "mamrak": 6.97354301952014, "montanelli": 7.379008127628304, "jr": 3.243841570885949}