{"invers": 3.867462688797284, "complex": 3.137681375057558, "matrix": 3.137681375057558, "cacm": 0.00031215857909170155, "septemb": 2.546702369056466, "tornheim": 8.07215530818825}