{"simul": 3.380807425959106, "dynam": 3.8380488035909903, "sequenti": 4.5168072466988365, "search": 3.47703545805366, "algorithm": 0.8920854338854537, "cacm": 0.00031215857909170155, "septemb": 2.546702369056466, "tenenbaum": 8.07215530818825}