{"pseudofil": 8.07215530818825, "approach": 3.1743155082373384, "system": 1.55744261731572, "interfac": 5.299566585948469, "high": 3.6777061535158113, "level": 3.2681342634549932, "languag": 4.350002881103019, "basic": 3.4181949580307265, "input": 3.116328250586989, "output": 3.497444329684867, "support": 4.434569148461864, "facil": 7.7955360765852255, "shown": 2.7940406489577327, "techniqu": 2.240272830904733, "provid": 3.015909502839942, "potenti": 4.6709579265260945, "inexpens": 6.462717395754149, "method": 1.8535551884965207, "program": 1.438836874907873, "commun": 3.7154464814986583, "deepli": 7.379008127628304, "embed": 5.299566585948469, "command": 4.57564774672177, "processor": 3.7154464814986583, "cacm": 0.00031215857909170155, "march": 2.546702369056466, "rosin": 6.462717395754149}