{"sitar": 7.379008127628304, "interact": 3.6654360609239967, "text": 4.083171261623976, "process": 2.1750014405515095, "system": 1.55744261731572, "small": 3.594818493710043, "comput": 1.3117406171048218, "corrigendum": 4.545794783572089, "cacm": 0.00031215857909170155, "octob": 2.4849066497880004, "schneider": 6.68586094706836, "jr": 3.243841570885949, "watt": 6.68586094706836}