{"real": 3.5078071167204135, "error": 3.0482747873419735, "function": 2.2610143152115496, "erf": 6.462717395754149, "algorithm": 0.8920854338854537, "cacm": 0.00031215857909170155, "june": 2.3717117347975636, "thacher": 4.358583241483942, "jr": 3.243841570885949}