{"incomplet": 5.127716329021809, "beta": 6.126245159132937, "ratio": 5.127716329021809, "algorithm": 0.8920854338854537, "r179": 8.07215530818825, "cacm": 0.00031215857909170155, "march": 2.546702369056466, "bosten": 8.07215530818825, "battist": 8.07215530818825}