{"decis": 3.8977680382926128, "rule": 3.47703545805366, "improv": 3.3536564368931554, "effici": 2.7108631424788245, "solv": 3.5078071167204135, "linear": 3.1818061799664963, "program": 1.438836874907873, "problem": 1.9651324204459957, "simplex": 5.992713766508414, "algorithm": 0.8920854338854537, "cacm": 0.00031215857909170155, "septemb": 2.546702369056466, "dickson": 6.97354301952014, "frederick": 6.97354301952014}