{"exponenti": 4.1803350100776235, "integr": 2.984558972955866, "s13": 6.68586094706836, "algorithm": 0.8920854338854537, "a471": 8.07215530818825, "cacm": 0.00031215857909170155, "decemb": 2.4626835130032902, "gautschi": 5.433097978572992}