{"propos": 2.907369334264736, "uncol": 7.379008127628304, "cacm": 0.00031215857909170155, "octob": 2.4849066497880004, "conway": 5.769570215194204}