{"serrev": 8.07215530818825, "algorithm": 0.8920854338854537, "c1": 6.280395838960195, "cacm": 0.00031215857909170155, "januari": 2.6297375976664563, "thacher": 4.358583241483942, "jr": 3.243841570885949}