{"dynam": 3.8380488035909903, "comput": 3.9352218513144654, "deriv": 23.051222705537043, "shown": 2.7940406489577327, "wengert": 13.37172189413672, "procedur": 5.27686660926802, "implement": 2.570897097643523, "conveni": 4.814058770166768, "compil": 3.074943034424135, "gener": 1.8279884075245136, "complex": 9.413044125172675, "addit": 3.318565117081885, "subtract": 5.58724865840025, "linkag": 5.769570215194204, "arithmet": 3.6901286735143684, "subroutin": 4.1209115896068225, "evalu": 6.275362750115116, "function": 4.522028630423099, "proceed": 6.126245159132937, "parallel": 3.8825005661618244, "imaginari": 5.992713766508414, "part": 6.743349884791668, "variabl": 3.1093106779283426, "declar": 4.814058770166768, "bear": 6.68586094706836, "valu": 3.7027074557212285, "real": 3.5078071167204135, "techniqu": 2.240272830904733, "simpl": 3.009560275161283, "need": 3.251873742583213, "program": 1.438836874907873, "explicit": 4.853279483320049, "formula": 4.0117122976418305, "cacm": 0.00031215857909170155, "septemb": 2.546702369056466, "lesk": 6.68586094706836}