{"schedul": 15.911242983864597, "philosophi": 5.238941964132033, "multiprocess": 12.252490318265874, "system": 4.67232785194716, "collect": 4.222007706478191, "basic": 6.836389916061453, "idea": 4.5168072466988365, "present": 3.6443601318575336, "evolv": 5.507205950726713, "worker": 6.280395838960195, "past": 5.299566585948469, "year": 4.160132302760104, "provid": 3.015909502839942, "suitabl": 4.1803350100776235, "framework": 4.9811128548299335, "design": 2.4924254822020275, "analysi": 2.7738379416402132, "notion": 5.076423034634259, "process": 8.700005762206038, "state": 3.852647603012143, "vector": 4.545794783572089, "discuss": 2.1972245773362196, "natur": 3.7027074557212285, "oper": 2.270036932811187, "consid": 6.30434876472025, "connect": 4.310955192494688, "protect": 4.704859478201776, "analyz": 7.100733462278419, "gener": 1.8279884075245136, "approach": 3.1743155082373384, "prioriti": 5.299566585948469, "orient": 7.955621491932298, "relationship": 4.222007706478191, "convent": 3.8380488035909903, "interrupt": 5.507205950726713, "explain": 4.6709579265260945, "aspect": 4.083171261623976, "time": 2.0511319588387233, "implement": 2.570897097643523, "mechan": 3.7680902149840803, "detail": 3.447182494903979, "feasibl": 4.894101477840304, "embodi": 6.126245159132937, "hardwar": 3.8825005661618244, "establish": 4.408593662058603, "final": 3.7680902149840803, "method": 1.8535551884965207, "interlock": 6.68586094706836, "execut": 3.2358734012367716, "independ": 3.8094754311469345, "compar": 3.227968221729659, "cacm": 0.00031215857909170155, "lampson": 6.462717395754149}