{"logarithm": 5.181783550292085, "complex": 3.137681375057558, "number": 2.2028583950544753, "algorithm": 0.8920854338854537, "cacm": 0.00031215857909170155, "april": 2.4231810700270437, "herndon": 5.181783550292085}