{"expect": 4.334485689904882, "time": 2.0511319588387233, "bound": 7.676097607181981, "select": 10.853424035804228, "algorithm": 0.8920854338854537, "present": 1.8221800659287668, "shown": 2.7940406489577327, "effici": 2.7108631424788245, "averag": 4.26549281841793, "theoret": 4.26549281841793, "practic": 3.617808011934742, "number": 4.405716790108951, "comparison": 3.6901286735143684, "ith": 6.97354301952014, "smallest": 6.126245159132937, "min": 6.97354301952014, "lower": 5.238941964132033, "percent": 4.814058770166768, "formula": 4.0117122976418305, "deriv": 3.2930318150767204, "cacm": 0.00031215857909170155, "march": 2.546702369056466, "floyd": 5.127716329021809, "rivest": 6.68586094706836}