{"extend": 11.693304114877838, "arithmet": 18.450643367571843, "packag": 19.25623508066707, "field": 3.9946178642825303, "algebra": 4.0117122976418305, "number": 2.2028583950544753, "theori": 4.140329675463924, "carri": 4.77631844218392, "degre": 4.222007706478191, "precis": 4.064822122955779, "exce": 6.462717395754149, "normal": 3.929020581796717, "hardwar": 3.8825005661618244, "capac": 5.36410510708604, "machin": 2.918863713690471, "case": 3.2123429038265776, "comprehens": 5.433097978572992, "easi": 4.358583241483942, "perform": 2.8094651192833644, "code": 2.948191328784991, "ibm": 3.518278416587709, "discuss": 2.1972245773362196, "gener": 1.8279884075245136, "problem": 1.9651324204459957, "design": 2.4924254822020275, "specif": 3.227968221729659, "refer": 3.823660066138891, "made": 3.2046208577326674, "program": 1.438836874907873, "cacm": 0.00031215857909170155, "blum": 7.379008127628304}