{"automat": 3.371674942395834, "simplif": 11.348520070779758, "comput": 1.3117406171048218, "program": 5.755347499631492, "present": 1.8221800659287668, "paper": 1.9808454261105517, "problem": 1.9651324204459957, "write": 4.222007706478191, "examin": 3.641338509344936, "perform": 2.8094651192833644, "detect": 4.310955192494688, "argument": 4.77631844218392, "form": 3.0954215657676754, "knowledg": 5.027632870464827, "suppos": 6.68586094706836, "cacm": 0.00031215857909170155, "june": 2.3717117347975636, "nievergelt": 7.379008127628304}