{"greatest": 5.674260035389879, "common": 3.9450209231431583, "divisor": 5.433097978572992, "algorithm": 0.8920854338854537, "a1": 4.894101477840304, "cacm": 0.00031215857909170155, "decemb": 2.4626835130032902, "bray": 5.769570215194204}