{"system": 3.11488523463144, "perform": 11.237860477133458, "evalu": 18.82608825034535, "survey": 4.48863636973214, "apprais": 6.97354301952014, "state": 3.852647603012143, "art": 5.87493073085203, "review": 4.48863636973214, "goal": 4.9811128548299335, "problem": 1.9651324204459957, "examin": 3.641338509344936, "throughput": 6.126245159132937, "turnaround": 6.126245159132937, "avail": 5.769570215194204, "defin": 3.1595004224521976, "fundament": 5.076423034634259, "measur": 7.676097607181981, "overhead": 5.433097978572992, "cpu": 5.127716329021809, "speed": 3.823660066138891, "perspect": 5.769570215194204, "appropri": 6.280395838960195, "instruct": 3.867462688797284, "mix": 4.9811128548299335, "kernel": 6.126245159132937, "simul": 6.761614851918212, "tool": 4.638168103703103, "discuss": 2.1972245773362196, "pitfal": 6.68586094706836, "encount": 5.076423034634259, "analysi": 2.7738379416402132, "synthesi": 5.674260035389879, "present": 1.8221800659287668, "level": 3.2681342634549932, "approach": 3.1743155082373384, "requir": 2.388575540849568, "success": 4.083171261623976, "greater": 4.853279483320049, "amount": 4.1803350100776235, "inform": 2.5627669715602726, "central": 4.739950798013046, "role": 5.027632870464827, "develop": 2.4267084105450123, "method": 1.8535551884965207, "explor": 5.181783550292085, "cacm": 0.00031215857909170155, "januari": 2.6297375976664563, "calingaert": 8.07215530818825}