{"effici": 8.132589427436473, "multiprogram": 24.960793816560624, "resourc": 34.30372539415991, "alloc": 25.406528361885535, "account": 23.699753990065233, "thought": 5.87493073085203, "compon": 4.26549281841793, "time": 2.0511319588387233, "share": 3.4871878295176777, "oper": 2.270036932811187, "involv": 3.4570347913469903, "broader": 6.97354301952014, "question": 8.280659350927849, "fair": 7.379008127628304, "requir": 2.388575540849568, "meet": 5.299566585948469, "respons": 4.461237395544026, "criterion": 5.58724865840025, "system": 1.55744261731572, "serv": 4.57564774672177, "maxim": 5.299566585948469, "unfair": 8.07215530818825, "hold": 5.433097978572992, "input": 3.116328250586989, "output": 3.497444329684867, "channel": 11.539140430388407, "idl": 7.379008127628304, "program": 1.438836874907873, "complet": 3.47703545805366, "small": 3.594818493710043, "amount": 4.1803350100776235, "processor": 3.7154464814986583, "usag": 4.6064194053885235, "enabl": 4.5168072466988365, "applic": 2.481168327677393, "principl": 4.5168072466988365, "suggest": 6.798652947452688, "execut": 3.2358734012367716, "dynam": 3.8380488035909903, "adjust": 5.507205950726713, "algorithm": 1.7841708677709074, "gain": 5.127716329021809, "close": 4.638168103703103, "connect": 4.310955192494688, "rais": 5.769570215194204, "problem": 1.9651324204459957, "repeat": 11.985427533016829, "minim": 3.39002408106403, "uncharg": 8.07215530818825, "overhead": 10.866195957145983, "rel": 4.200954297280359, "weight": 9.55263688436784, "charg": 6.280395838960195, "depend": 7.858041163593434, "arbitrari": 4.160132302760104, "paramet": 3.7816958670398586, "omit": 6.97354301952014, "extens": 3.3359568597937543, "paid": 6.68586094706836, "prove": 3.8380488035909903, "overcharg": 8.07215530818825, "result": 2.3750618216828454, "turn": 5.181783550292085, "memori": 6.275362750115116, "essenti": 4.434569148461864, "control": 5.90832299154299, "gener": 1.8279884075245136, "appli": 3.2681342634549932, "detail": 3.447182494903979, "provid": 3.015909502839942, "case": 3.2123429038265776, "monitor": 4.638168103703103, "virtual": 4.6064194053885235, "machin": 2.918863713690471, "cacm": 0.00031215857909170155, "june": 2.3717117347975636, "hamlet": 7.379008127628304}