{"simul": 3.380807425959106, "comput": 1.3117406171048218, "logic": 3.6062471895336663, "fortran": 3.2681342634549932, "arithmet": 3.6901286735143684, "cacm": 0.00031215857909170155, "august": 2.3750618216828454, "weingarten": 6.97354301952014}