{"statist": 7.734925377594568, "program": 2.877673749815746, "ibm": 7.036556833175418, "part": 3.371674942395834, "collect": 4.222007706478191, "descript": 3.437426319958614, "univers": 3.9946178642825303, "comput": 1.3117406171048218, "center": 4.6709579265260945, "cacm": 0.00031215857909170155, "august": 2.3750618216828454, "hamblen": 6.280395838960195}