{"function": 2.2610143152115496, "minim": 3.39002408106403, "cacm": 0.00031215857909170155, "hous": 7.379008127628304}