{"automat": 3.371674942395834, "error": 6.096549574683947, "bound": 3.8380488035909903, "simpl": 3.009560275161283, "zero": 5.507205950726713, "analyt": 8.922474791088051, "function": 6.783042945634649, "cauchi": 7.379008127628304, "ostrowski": 8.07215530818825, "theorem": 4.5168072466988365, "converg": 4.638168103703103, "newton": 4.9366610922591, "iter": 4.046803617453101, "variabl": 3.1093106779283426, "extend": 3.8977680382926128, "includ": 2.7688504001291743, "comput": 1.3117406171048218, "complex": 6.275362750115116, "interv": 4.48863636973214, "arithmet": 3.6901286735143684, "numer": 3.2046208577326674, "exampl": 3.371674942395834, "polynomi": 3.4087162140761826, "real": 3.5078071167204135, "root": 4.140329675463924, "bessel": 5.127716329021809, "kind": 4.408593662058603, "cacm": 0.00031215857909170155, "februari": 2.6211168546225494, "rokn": 6.97354301952014}