{"card": 26.194709820660165, "format": 20.901675050388118, "refer": 34.41294059525002, "inform": 7.688300914680818, "process": 6.525004321654528, "paper": 1.9808454261105517, "propos": 2.907369334264736, "suitabl": 8.360670020155247, "varieti": 4.1209115896068225, "column": 16.299293935718975, "ibm": 3.518278416587709, "divid": 4.739950798013046, "field": 11.983853592847591, "materi": 23.699753990065233, "identif": 20.955767856528134, "flexibl": 4.26549281841793, "rigid": 6.97354301952014, "includ": 5.5377008002583485, "basic": 6.836389916061453, "index": 4.383275854074314, "titl": 6.97354301952014, "sourc": 8.203726789272256, "class": 3.427764409046877, "summari": 5.36410510708604, "cross": 5.769570215194204, "entri": 8.668971379809763, "code": 2.948191328784991, "matrix": 3.137681375057558, "descriptor": 8.07215530818825, "number": 2.2028583950544753, "kind": 4.408593662058603, "major": 3.867462688797284, "interest": 3.9450209231431583, "choic": 4.57564774672177, "identifi": 8.280659350927849, "person": 5.507205950726713, "gener": 1.8279884075245136, "suffici": 4.26549281841793, "book": 6.97354301952014, "articl": 5.076423034634259, "program": 1.438836874907873, "term": 6.552729525183017, "hardwar": 3.8825005661618244, "equip": 4.9366610922591, "machin": 2.918863713690471, "system": 1.55744261731572, "abbrevi": 6.462717395754149, "standard": 3.1023420086122493, "cacm": 0.00031215857909170155, "februari": 2.6211168546225494, "grem": 6.126245159132937}