{"dilogarithm": 6.97354301952014, "function": 2.2610143152115496, "real": 3.5078071167204135, "argument": 4.77631844218392, "s22": 5.299566585948469, "algorithm": 0.8920854338854537, "cacm": 0.00031215857909170155, "april": 2.4231810700270437, "ginsberg": 8.07215530818825, "zaborowski": 8.07215530818825}