{"transpos": 6.97354301952014, "vector": 4.545794783572089, "store": 3.5288605259182457, "array": 4.334485689904882, "algorithm": 0.8920854338854537, "k2": 6.68586094706836, "cacm": 0.00031215857909170155, "boothroyd": 5.36410510708604}