{"deepli": 7.379008127628304, "nest": 5.076423034634259, "iter": 4.046803617453101, "cacm": 0.00031215857909170155, "june": 2.3717117347975636, "korphag": 8.07215530818825}