{"syntax": 4.029104040353699, "control": 2.954161495771495, "gener": 1.8279884075245136, "formal": 3.728349886334566, "languag": 2.1750014405515095, "processor": 3.7154464814986583, "cacm": 0.00031215857909170155, "august": 2.3750618216828454, "eickel": 7.379008127628304, "bauer": 5.992713766508414, "paul": 6.462717395754149, "samelson": 6.462717395754149}