{"effici": 2.7108631424788245, "prime": 4.6709579265260945, "number": 2.2028583950544753, "gener": 1.8279884075245136, "algorithm": 0.8920854338854537, "r357": 8.07215530818825, "cacm": 0.00031215857909170155, "august": 2.3750618216828454, "demorgan": 8.07215530818825}