{"intellig": 5.181783550292085, "analyz": 3.5503667311392095, "understand": 9.409718956403552, "english": 4.6064194053885235, "paper": 1.9808454261105517, "describ": 3.0954215657676754, "work": 3.344767489475909, "analysi": 2.7738379416402132, "gener": 1.8279884075245136, "program": 1.438836874907873, "natur": 3.7027074557212285, "languag": 2.1750014405515095, "handl": 3.7154464814986583, "paragraph": 8.07215530818825, "length": 3.7954891891721947, "input": 3.116328250586989, "core": 4.310955192494688, "system": 3.11488523463144, "preferenti": 6.97354301952014, "choic": 4.57564774672177, "deep": 6.68586094706836, "semant": 8.575931348539978, "pattern": 4.101863394636128, "base": 2.701517280060587, "call": 3.4087162140761826, "densiti": 5.507205950726713, "contrast": 5.58724865840025, "syntax": 4.029104040353699, "orient": 3.977810745966149, "linguist": 5.36410510708604, "approach": 6.348631016474677, "theorem": 4.5168072466988365, "prove": 3.8380488035909903, "problem": 1.9651324204459957, "cacm": 0.00031215857909170155, "wilk": 6.68586094706836}