{"approxim": 3.380807425959106, "solut": 2.763887610787045, "delta": 13.94708603904028, "dimension": 12.730541735097464, "dirichlet": 6.97354301952014, "problem": 3.9302648408919914, "fu": 8.07215530818825, "treat": 4.814058770166768, "numer": 9.613862573198002, "except": 11.985427533016829, "fast": 3.9450209231431583, "accur": 4.739950798013046, "method": 3.7071103769930414, "program": 1.438836874907873, "detail": 3.447182494903979, "exampl": 3.371674942395834, "mathemat": 3.6295040516979333, "theori": 4.140329675463924, "suppli": 5.238941964132033, "extens": 3.3359568597937543, "natur": 3.7027074557212285, "mean": 3.2201250442686327, "cacm": 0.00031215857909170155, "septemb": 2.546702369056466, "greenspan": 6.68586094706836, "yohe": 7.379008127628304}