{"gener": 1.8279884075245136, "hilbert": 6.462717395754149, "deriv": 3.2930318150767204, "test": 3.0817227214095135, "matrix": 3.137681375057558, "algorithm": 0.8920854338854537, "f1": 5.433097978572992, "cacm": 0.00031215857909170155, "januari": 2.6297375976664563, "boothroyd": 5.36410510708604}