{"random": 3.6062471895336663, "permut": 4.287965674269989, "algorithm": 0.8920854338854537, "g6": 4.894101477840304, "cacm": 0.00031215857909170155, "juli": 2.3683728335320486, "durstenfeld": 8.07215530818825}