{"complex": 3.137681375057558, "error": 3.0482747873419735, "function": 2.2610143152115496, "algorithm": 0.8920854338854537, "c363": 8.07215530818825, "cacm": 0.00031215857909170155, "june": 2.3717117347975636, "kolbig": 6.280395838960195}