{"solut": 2.763887610787045, "problem": 1.9651324204459957, "concurr": 4.9811128548299335, "program": 1.438836874907873, "control": 2.954161495771495, "number": 2.2028583950544753, "mainli": 5.769570215194204, "independ": 3.8094754311469345, "sequenti": 4.5168072466988365, "cyclic": 5.87493073085203, "process": 2.1750014405515095, "restrict": 4.160132302760104, "mean": 3.2201250442686327, "commun": 3.7154464814986583, "made": 3.2046208577326674, "moment": 5.87493073085203, "engag": 8.07215530818825, "critic": 4.814058770166768, "section": 4.853279483320049, "cycl": 5.027632870464827, "cacm": 0.00031215857909170155, "septemb": 2.546702369056466, "dijkstra": 5.238941964132033}