{"practic": 7.235616023869484, "error": 9.14482436202592, "coeffici": 8.241823179213645, "integr": 5.969117945911732, "period": 9.55263688436784, "analyt": 8.922474791088051, "function": 4.522028630423099, "trapezoid": 13.37172189413672, "rule": 6.95407091610732, "theoret": 4.26549281841793, "valu": 3.7027074557212285, "bound": 3.8380488035909903, "tabul": 5.58724865840025, "rang": 4.222007706478191, "paramet": 3.7816958670398586, "cacm": 0.00031215857909170155, "novemb": 2.4445341944976127, "rabinowitz": 6.280395838960195}