{"syminv2": 6.68586094706836, "algorithm": 0.8920854338854537, "cacm": 0.00031215857909170155, "juli": 2.3683728335320486, "evan": 5.87493073085203, "jr": 3.243841570885949}