{"solut": 2.763887610787045, "transcendent": 6.126245159132937, "equat": 3.1093106779283426, "exp": 6.97354301952014, "algorithm": 0.8920854338854537, "r443": 8.07215530818825, "cacm": 0.00031215857909170155, "april": 2.4231810700270437, "einarsson": 6.68586094706836}