{"problem": 1.9651324204459957, "storag": 2.7394365149228808, "alloc": 3.6295040516979333, "multiprocessor": 5.433097978572992, "multiprogram": 4.160132302760104, "system": 1.55744261731572, "cacm": 0.00031215857909170155, "octob": 2.4849066497880004, "maher": 7.379008127628304}