{"digit": 3.2930318150767204, "comput": 1.3117406171048218, "univers": 3.9946178642825303, "ii": 4.140329675463924, "cacm": 0.00031215857909170155, "august": 2.3750618216828454, "reev": 5.87493073085203}