{"shock": 16.1443106163765, "iii": 14.114578434605328, "comput": 2.6234812342096436, "system": 3.11488523463144, "aid": 4.029104040353699, "manag": 4.046803617453101, "critic": 9.628117540333536, "patient": 13.94708603904028, "onlin": 5.127716329021809, "digit": 3.2930318150767204, "assist": 4.9366610922591, "physician": 7.379008127628304, "nurs": 8.07215530818825, "paramed": 8.07215530818825, "personnel": 6.462717395754149, "monitor": 4.638168103703103, "report": 3.4669851222001586, "ill": 6.97354301952014, "cacm": 0.00031215857909170155, "rockwel": 8.07215530818825, "jr": 3.243841570885949, "shubin": 8.07215530818825, "weil": 6.280395838960195, "meagher": 8.07215530818825}