{"triangular": 6.126245159132937, "walk": 6.97354301952014, "pattern": 4.101863394636128, "hill": 4.814058770166768, "method": 1.8535551884965207, "solv": 3.5078071167204135, "transcendent": 6.126245159132937, "equat": 3.1093106779283426, "cacm": 0.00031215857909170155, "juli": 2.3683728335320486, "ono": 8.07215530818825}