{"comput": 3.9352218513144654, "aspect": 4.083171261623976, "multipl": 7.16703787691222, "covari": 33.4293047353418, "analysi": 24.96454147476192, "multifactor": 14.758016255256608, "structur": 2.473733349189875, "procedur": 2.63843330463401, "statist": 3.867462688797284, "discuss": 2.1972245773362196, "refer": 3.823660066138891, "varianc": 19.924451419319734, "special": 3.5395558150349937, "oper": 4.540073865622374, "calculu": 5.507205950726713, "develop": 2.4267084105450123, "hartli": 8.07215530818825, "program": 2.877673749815746, "experi": 3.4669851222001586, "extend": 3.8977680382926128, "cover": 4.9366610922591, "extens": 3.3359568597937543, "accomplish": 4.638168103703103, "util": 3.6901286735143684, "connect": 4.310955192494688, "introduc": 3.8380488035909903, "result": 2.3750618216828454, "illustr": 3.47703545805366, "numer": 3.2046208577326674, "basic": 3.4181949580307265, "shown": 2.7940406489577327, "carri": 4.77631844218392, "cacm": 0.00031215857909170155, "juli": 2.3683728335320486, "peng": 7.379008127628304}