{"comparison": 3.6901286735143684, "disk": 18.819437912807103, "tape": 12.140410852359302, "princip": 5.181783550292085, "characterist": 7.259008103395867, "magnet": 5.027632870464827, "unit": 4.2435139116991545, "summar": 5.076423034634259, "compar": 6.455936443459318, "illustr": 3.47703545805366, "sort": 3.8825005661618244, "tapesort": 8.07215530818825, "conclus": 4.814058770166768, "present": 1.8221800659287668, "competit": 7.379008127628304, "import": 3.497444329684867, "applic": 2.481168327677393, "cacm": 0.00031215857909170155, "octob": 2.4849066497880004, "hess": 8.07215530818825}