{"program": 2.877673749815746, "languag": 15.225010083860566, "histori": 15.229269103902777, "futur": 8.444015412956382, "paper": 3.9616908522211034, "discuss": 4.394449154672439, "higher": 4.814058770166768, "level": 3.2681342634549932, "difficulti": 4.57564774672177, "write": 4.222007706478191, "key": 8.129644245911559, "part": 3.371674942395834, "tree": 3.58351893845611, "show": 3.641338509344936, "chronolog": 14.758016255256608, "develop": 2.4267084105450123, "interrelationship": 6.68586094706836, "reason": 8.575931348539978, "prolifer": 7.379008127628304, "major": 7.734925377594568, "list": 3.189353385601879, "import": 3.497444329684867, "section": 4.853279483320049, "happen": 6.280395838960195, "signific": 3.929020581796717, "previou": 4.434569148461864, "time": 2.0511319588387233, "period": 4.77631844218392, "topic": 5.299566585948469, "concept": 3.4181949580307265, "specif": 3.227968221729659, "cacm": 0.00031215857909170155, "juli": 2.3683728335320486, "sammet": 5.992713766508414}