{"complex": 3.137681375057558, "error": 3.0482747873419735, "function": 2.2610143152115496, "algorithm": 0.8920854338854537, "s15": 5.127716329021809, "cacm": 0.00031215857909170155, "novemb": 2.4445341944976127, "gautschi": 5.433097978572992}