{"cost": 10.554835249763126, "util": 11.070386020543104, "measur": 7.676097607181981, "system": 6.22977046926288, "perform": 8.428395357850093, "method": 3.7071103769930414, "present": 1.8221800659287668, "evalu": 3.137681375057558, "comput": 1.3117406171048218, "term": 3.2763647625915087, "factor": 3.852647603012143, "imbal": 6.97354301952014, "coeffici": 4.1209115896068225, "extent": 5.299566585948469, "total": 4.1803350100776235, "effect": 3.0954215657676754, "includ": 2.7688504001291743, "techniqu": 2.240272830904733, "visual": 6.126245159132937, "represent": 3.5503667311392095, "cacm": 0.00031215857909170155, "march": 2.546702369056466, "borovit": 8.07215530818825, "ein": 8.07215530818825, "dor": 8.07215530818825}