{"applic": 2.481168327677393, "binari": 7.618950862293869, "number": 6.608575185163426, "comput": 1.3117406171048218, "routin": 3.867462688797284, "thought": 5.87493073085203, "altern": 3.9612814440149386, "form": 6.190843131535351, "express": 12.63800168980879, "set": 2.554702411723542, "letter": 5.769570215194204, "decim": 5.127716329021809, "equival": 8.869138296923728, "easili": 4.26549281841793, "translat": 3.6901286735143684, "characterist": 3.6295040516979333, "exampl": 3.371674942395834, "chang": 4.2435139116991545, "save": 4.739950798013046, "space": 3.497444329684867, "gain": 5.127716329021809, "power": 3.7680902149840803, "cacm": 0.00031215857909170155, "weldon": 7.379008127628304, "baker": 6.126245159132937}