{"eigenvector": 16.52161785218014, "matrix": 9.413044125172675, "known": 3.7027074557212285, "eigenvalu": 4.814058770166768, "obtain": 6.232656501173978, "smaller": 11.014411901453427, "matric": 7.858041163593434, "order": 2.93049175168559, "easili": 4.26549281841793, "construct": 3.189353385601879, "algorithm": 0.8920854338854537, "cacm": 0.00031215857909170155, "decemb": 2.4626835130032902, "charmonman": 8.07215530818825}