{"rapid": 9.8733221845182, "turnaround": 12.252490318265874, "multi": 10.055265740929654, "program": 2.877673749815746, "system": 4.67232785194716, "paper": 1.9808454261105517, "basic": 3.4181949580307265, "featur": 3.399326473726344, "characterist": 3.6295040516979333, "control": 2.954161495771495, "algorithm": 0.8920854338854537, "time": 2.0511319588387233, "cacm": 0.00031215857909170155, "march": 2.546702369056466, "iron": 5.769570215194204}