{"mirfag": 16.1443106163765, "compil": 6.14988606884827, "base": 2.701517280060587, "standard": 6.204684017224499, "mathemat": 7.259008103395867, "notat": 8.869138296923728, "plain": 14.758016255256608, "english": 9.212838810777047, "pilot": 6.97354301952014, "version": 4.461237395544026, "oper": 2.270036932811187, "chief": 6.68586094706836, "featur": 6.798652947452688, "system": 3.11488523463144, "intend": 4.894101477840304, "solut": 2.763887610787045, "scientif": 4.9366610922591, "problem": 3.9302648408919914, "present": 1.8221800659287668, "formula": 4.0117122976418305, "entir": 4.638168103703103, "textbook": 6.68586094706836, "organiz": 6.126245159132937, "instruct": 3.867462688797284, "automat": 3.371674942395834, "error": 6.096549574683947, "diagnosi": 5.87493073085203, "indic": 5.076423034634259, "actual": 4.287965674269989, "locat": 4.140329675463924, "uncompil": 8.07215530818825, "program": 2.877673749815746, "attempt": 4.1209115896068225, "minim": 3.39002408106403, "fragment": 5.769570215194204, "origin": 4.2435139116991545, "statement": 3.7154464814986583, "normal": 3.929020581796717, "cacm": 0.00031215857909170155, "septemb": 2.546702369056466, "gawlik": 8.07215530818825}