{"interact": 7.330872121847993, "inform": 2.5627669715602726, "storag": 5.4788730298457615, "retriev": 7.189636987420086, "system": 7.787213086578601, "medic": 6.126245159132937, "research": 3.977810745966149, "paper": 1.9808454261105517, "present": 1.8221800659287668, "result": 4.750123643365691, "studi": 9.683904665188976, "computer": 5.674260035389879, "monitor": 4.638168103703103, "built": 5.076423034634259, "comput": 1.3117406171048218, "provid": 3.015909502839942, "usag": 4.6064194053885235, "data": 4.333586920267359, "addit": 3.318565117081885, "user": 3.0548754713733257, "reaction": 6.126245159132937, "gath": 8.07215530818825, "red": 8.07215530818825, "questionnair": 6.97354301952014, "show": 3.641338509344936, "import": 3.497444329684867, "role": 5.027632870464827, "play": 5.433097978572992, "frequent": 4.5168072466988365, "chosen": 4.894101477840304, "laboratori": 4.9811128548299335, "refer": 3.823660066138891, "leader": 8.07215530818825, "influenc": 5.433097978572992, "implic": 4.739950798013046, "design": 2.4924254822020275, "similar": 3.7954891891721947, "discuss": 2.1972245773362196, "cacm": 0.00031215857909170155, "march": 2.546702369056466, "luca": 6.68586094706836, "jr": 3.243841570885949}