{"critic": 4.814058770166768, "path": 4.48863636973214, "schedul": 3.977810745966149, "algorithm": 0.8920854338854537, "cacm": 0.00031215857909170155, "octob": 2.4849066497880004, "hellberg": 8.07215530818825}