{"peekabit": 8.07215530818825, "comput": 2.6234812342096436, "offspr": 8.07215530818825, "punch": 16.76174597520075, "card": 10.477883928264067, "peekaboo": 16.1443106163765, "natur": 3.7027074557212285, "languag": 2.1750014405515095, "search": 13.90814183221464, "idea": 9.033614493397673, "inform": 2.5627669715602726, "retriev": 3.594818493710043, "method": 1.8535551884965207, "mate": 8.07215530818825, "superimpos": 6.97354301952014, "produc": 3.427764409046877, "program": 2.877673749815746, "techniqu": 2.240272830904733, "cut": 6.280395838960195, "run": 3.6777061535158113, "time": 4.102263917677447, "half": 4.739950798013046, "test": 3.0817227214095135, "subject": 8.320264605520208, "index": 8.766551708148627, "entri": 8.668971379809763, "devic": 3.929020581796717, "oper": 6.810110798433561, "late": 7.379008127628304, "item": 17.151862697079956, "enter": 5.299566585948469, "store": 14.115442103672983, "byte": 6.126245159132937, "mask": 29.37465365426015, "creat": 4.408593662058603, "meaning": 6.126245159132937, "word": 15.018668778607758, "inclus": 5.58724865840025, "logic": 3.6062471895336663, "product": 3.9946178642825303, "similarli": 6.68586094706836, "construct": 3.189353385601879, "question": 16.561318701855697, "equal": 9.341915853052189, "present": 3.6443601318575336, "conclus": 4.814058770166768, "unpack": 8.07215530818825, "compar": 3.227968221729659, "made": 3.2046208577326674, "estim": 3.929020581796717, "averag": 4.26549281841793, "charact": 3.6654360609239967, "longer": 5.674260035389879, "text": 4.083171261623976, "abstract": 4.434569148461864, "handl": 3.7154464814986583, "multipl": 3.58351893845611, "cacm": 0.00031215857909170155, "septemb": 2.546702369056466, "hutton": 8.07215530818825}