{"solut": 2.763887610787045, "transcendent": 6.126245159132937, "equat": 3.1093106779283426, "exp": 6.97354301952014, "c5": 5.87493073085203, "algorithm": 0.8920854338854537, "a443": 8.07215530818825, "cacm": 0.00031215857909170155, "februari": 2.6211168546225494, "fritsch": 7.379008127628304, "shafer": 7.379008127628304, "crowley": 8.07215530818825}