{"optim": 6.348631016474677, "surfac": 28.229156869210655, "reconstruct": 11.1744973168005, "planar": 6.280395838960195, "contour": 21.732391914291966, "scientif": 4.9366610922591, "technic": 5.127716329021809, "endeavor": 7.379008127628304, "dimension": 4.2435139116991545, "solid": 5.674260035389879, "serial": 5.076423034634259, "section": 9.706558966640099, "aid": 4.029104040353699, "comprehens": 5.433097978572992, "object": 3.380807425959106, "structur": 2.473733349189875, "facilit": 4.739950798013046, "automat": 3.371674942395834, "manipul": 3.437426319958614, "analysi": 2.7738379416402132, "paper": 1.9808454261105517, "present": 1.8221800659287668, "gener": 1.8279884075245136, "solut": 2.763887610787045, "problem": 3.9302648408919914, "construct": 9.568060156805636, "set": 2.554702411723542, "cross": 5.769570215194204, "compos": 5.433097978572992, "triangular": 6.126245159132937, "tile": 8.07215530818825, "separ": 4.2435139116991545, "determin": 6.019120550322566, "pair": 4.9811128548299335, "consecut": 5.87493073085203, "reduc": 3.641338509344936, "find": 7.16703787691222, "minimum": 8.241823179213645, "cost": 3.518278416587709, "cycl": 10.055265740929654, "direct": 3.58351893845611, "toroid": 8.07215530818825, "graph": 4.029104040353699, "fast": 3.9450209231431583, "algorithm": 1.7841708677709074, "util": 3.6901286735143684, "develop": 2.4267084105450123, "close": 4.638168103703103, "form": 3.0954215657676754, "express": 3.1595004224521976, "term": 3.2763647625915087, "number": 4.405716790108951, "poin": 5.87493073085203, "ts": 5.769570215194204, "upper": 5.36410510708604, "bound": 3.8380488035909903, "oper": 2.270036932811187, "requir": 2.388575540849568, "execut": 3.2358734012367716, "illustr": 3.47703545805366, "involv": 3.4570347913469903, "area": 3.867462688797284, "describ": 3.0954215657676754, "human": 4.5168072466988365, "head": 5.181783550292085, "includ": 2.7688504001291743, "cacm": 0.00031215857909170155, "octob": 2.4849066497880004, "fuch": 7.379008127628304, "kedem": 8.07215530818825, "uselton": 8.07215530818825}