{"suggest": 3.399326473726344, "algol": 3.243841570885949, "rome": 8.07215530818825, "issu": 4.704859478201776, "report": 3.4669851222001586, "american": 4.358583241483942, "standard": 3.1023420086122493, "associ": 4.704859478201776, "subcommitte": 6.126245159132937, "x3": 6.126245159132937, "cacm": 0.00031215857909170155, "januari": 2.6297375976664563, "utman": 8.07215530818825}