{"characterist": 3.6295040516979333, "applic": 7.443504983032179, "softwar": 11.787061745390151, "mainten": 27.536029753633567, "enhanc": 30.631225795664683, "consum": 16.299293935718975, "major": 3.867462688797284, "portion": 4.894101477840304, "total": 16.721340040310494, "life": 6.97354301952014, "cycl": 5.027632870464827, "cost": 3.518278416587709, "system": 4.67232785194716, "rough": 6.280395838960195, "estim": 3.929020581796717, "program": 2.877673749815746, "resourc": 8.575931348539978, "rang": 4.222007706478191, "high": 3.6777061535158113, "percent": 4.814058770166768, "categori": 6.126245159132937, "area": 11.602388066391851, "attent": 5.076423034634259, "literatur": 4.894101477840304, "analyz": 7.100733462278419, "problem": 5.895397261337987, "questionnair": 6.97354301952014, "develop": 4.853416821090025, "pretest": 8.07215530818825, "submit": 6.280395838960195, "organ": 3.5078071167204135, "respond": 6.462717395754149, "respons": 4.461237395544026, "spss": 7.379008127628304, "statist": 3.867462688797284, "packag": 4.814058770166768, "result": 2.3750618216828454, "analysi": 2.7738379416402132, "group": 4.1803350100776235, "tend": 10.599133171896938, "view": 4.334485689904882, "manag": 12.140410852359302, "import": 6.994888659369734, "orient": 7.955621491932298, "signific": 3.929020581796717, "technic": 5.127716329021809, "user": 3.0548754713733257, "demand": 4.853279483320049, "extens": 3.3359568597937543, "constitut": 5.769570215194204, "cacm": 0.00031215857909170155, "june": 2.3717117347975636, "lientz": 7.379008127628304, "swanson": 8.07215530818825, "tompkin": 7.379008127628304}