{"comput": 1.3117406171048218, "ration": 5.027632870464827, "approxim": 3.380807425959106, "continu": 3.852647603012143, "function": 2.2610143152115496, "cacm": 0.00031215857909170155, "juli": 2.3683728335320486, "fraser": 6.462717395754149, "hart": 6.97354301952014}