{"order": 2.93049175168559, "posit": 4.1209115896068225, "monoton": 6.462717395754149, "cacm": 0.00031215857909170155, "januari": 2.6297375976664563, "salzer": 6.126245159132937}