{"concern": 3.9612814440149386, "music": 6.280395838960195, "comput": 2.6234812342096436, "composit": 4.853279483320049, "linguist": 5.36410510708604, "cacm": 0.00031215857909170155, "mcmorrow": 8.07215530818825}