{"method": 3.7071103769930414, "syntax": 20.1455202017685, "check": 9.091589567144178, "algol": 9.731524712657848, "checker": 22.137024382884913, "design": 4.984850964404055, "base": 2.701517280060587, "report": 3.4669851222001586, "commun": 3.7154464814986583, "acm": 4.358583241483942, "definit": 3.6777061535158113, "element": 3.8825005661618244, "languag": 4.350002881103019, "recurs": 11.739816674485734, "desir": 4.140329675463924, "set": 2.554702411723542, "mutual": 5.238941964132033, "processor": 3.7154464814986583, "tie": 6.97354301952014, "subroutin": 4.1209115896068225, "perform": 2.8094651192833644, "bookkeep": 5.992713766508414, "function": 2.2610143152115496, "natur": 3.7027074557212285, "problem": 1.9651324204459957, "recoveri": 5.769570215194204, "error": 6.096549574683947, "requir": 2.388575540849568, "attent": 5.076423034634259, "devis": 5.433097978572992, "permit": 3.572345637857985, "program": 1.438836874907873, "complet": 3.47703545805366, "despit": 6.280395838960195, "cacm": 0.00031215857909170155, "august": 2.3750618216828454, "lietzk": 8.07215530818825}