{"comment": 4.064822122955779, "practic": 3.617808011934742, "aspect": 4.083171261623976, "comput": 1.3117406171048218, "scienc": 3.977810745966149, "educ": 4.287965674269989, "cacm": 0.00031215857909170155, "estel": 8.07215530818825}