{"laconiq": 16.1443106163765, "monitor": 13.91450431110931, "time": 4.102263917677447, "share": 3.4871878295176777, "onlin": 10.255432658043619, "dialogu": 13.94708603904028, "laboratori": 4.9811128548299335, "comput": 3.9352218513144654, "inquiri": 6.68586094706836, "develop": 2.4267084105450123, "primarili": 5.127716329021809, "support": 4.434569148461864, "non": 4.638168103703103, "numer": 3.2046208577326674, "applic": 4.962336655354786, "retriev": 7.189636987420086, "larg": 2.8791984572980396, "mean": 3.2201250442686327, "system": 4.67232785194716, "user": 3.0548754713733257, "design": 2.4924254822020275, "work": 3.344767489475909, "small": 3.594818493710043, "ibm": 3.518278416587709, "techniqu": 2.240272830904733, "resourc": 4.287965674269989, "alloc": 3.6295040516979333, "import": 3.497444329684867, "reason": 4.287965674269989, "core": 4.310955192494688, "storag": 2.7394365149228808, "facil": 3.8977680382926128, "input": 3.116328250586989, "output": 3.497444329684867, "schedul": 3.977810745966149, "unusu": 5.992713766508414, "featur": 3.399326473726344, "event": 4.408593662058603, "driven": 10.72821021417208, "clock": 6.126245159132937, "program": 1.438836874907873, "segment": 4.434569148461864, "call": 3.4087162140761826, "execut": 3.2358734012367716, "remot": 5.127716329021809, "crt": 6.280395838960195, "consol": 5.507205950726713, "invari": 5.58724865840025, "run": 3.6777061535158113, "complet": 3.47703545805366, "roll": 6.97354301952014, "brought": 6.68586094706836, "back": 5.507205950726713, "later": 5.58724865840025, "cacm": 0.00031215857909170155, "decemb": 2.4626835130032902, "drew": 8.07215530818825}