{"note": 3.497444329684867, "rang": 8.444015412956382, "transform": 7.330872121847993, "squar": 7.259008103395867, "root": 8.280659350927849, "logarithm": 10.36356710058417, "germ": 8.07215530818825, "idea": 4.5168072466988365, "previou": 4.434569148461864, "paper": 1.9808454261105517, "pick": 7.379008127628304, "year": 4.160132302760104, "function": 4.522028630423099, "desir": 4.140329675463924, "argument": 4.77631844218392, "short": 5.299566585948469, "symmetr": 4.57564774672177, "give": 4.287965674269989, "exampl": 3.371674942395834, "usag": 4.6064194053885235, "binari": 3.8094754311469345, "decim": 5.127716329021809, "machin": 2.918863713690471, "cacm": 0.00031215857909170155, "june": 2.3717117347975636, "bemer": 5.58724865840025}