{"autom": 13.726943240165308, "welfar": 16.1443106163765, "client": 24.21646592456475, "track": 11.1744973168005, "servic": 4.5168072466988365, "integr": 2.984558972955866, "polit": 12.56079167792039, "economi": 11.539140430388407, "comput": 2.6234812342096436, "impact": 15.229269103902777, "system": 6.22977046926288, "casework": 16.1443106163765, "administr": 21.198266343793875, "oper": 2.270036932811187, "agenc": 19.38815218726245, "report": 3.4669851222001586, "major": 3.867462688797284, "enhanc": 6.126245159132937, "attract": 5.87493073085203, "eye": 7.379008127628304, "funder": 8.07215530818825, "increas": 3.6295040516979333, "intern": 4.26549281841793, "effici": 2.7108631424788245, "joint": 6.280395838960195, "product": 3.9946178642825303, "technic": 5.127716329021809, "featur": 3.399326473726344, "base": 2.701517280060587, "organiz": 6.126245159132937, "demand": 4.853279483320049, "illustr": 3.47703545805366, "success": 4.083171261623976, "inform": 2.5627669715602726, "fit": 3.9946178642825303, "group": 4.1803350100776235, "cacm": 0.00031215857909170155, "june": 2.3717117347975636, "kling": 6.97354301952014}