{"hu": 6.97354301952014, "tucker": 6.462717395754149, "minimum": 4.1209115896068225, "redund": 4.9811128548299335, "alphabet": 5.58724865840025, "code": 2.948191328784991, "method": 1.8535551884965207, "algorithm": 0.8920854338854537, "r428": 8.07215530818825, "cacm": 0.00031215857909170155, "august": 2.3750618216828454, "byrn": 6.97354301952014}