{"permut": 4.287965674269989, "gener": 1.8279884075245136, "algorithm": 0.8920854338854537, "cacm": 0.00031215857909170155, "octob": 2.4849066497880004, "schrack": 6.126245159132937, "shimrat": 6.68586094706836}