{"signific": 11.787061745390151, "digit": 6.586063630153441, "arithmet": 7.380257347028737, "method": 1.8535551884965207, "handl": 3.7154464814986583, "sum": 4.545794783572089, "process": 2.1750014405515095, "geometr": 5.58724865840025, "seri": 3.8825005661618244, "shown": 2.7940406489577327, "give": 4.287965674269989, "result": 2.3750618216828454, "indic": 5.076423034634259, "wide": 4.408593662058603, "differ": 3.977810745966149, "carri": 4.77631844218392, "machin": 2.918863713690471, "incorpor": 4.5168072466988365, "cacm": 0.00031215857909170155, "januari": 2.6297375976664563, "miller": 6.462717395754149}