{"analysi": 2.7738379416402132, "algorithm": 2.676256301656361, "dutch": 16.1443106163765, "nation": 9.962225709659867, "flag": 13.94708603904028, "problem": 3.9302648408919914, "solut": 2.763887610787045, "dijkstra": 15.7168258923961, "meyer": 13.37172189413672, "start": 4.894101477840304, "simpl": 3.009560275161283, "program": 2.877673749815746, "arriv": 5.36410510708604, "improv": 3.3536564368931554, "refin": 5.87493073085203, "shown": 5.5880812979154655, "expect": 8.668971379809763, "number": 2.2028583950544753, "swap": 24.504980636531748, "valu": 3.7027074557212285, "differ": 3.977810745966149, "asymptot": 5.433097978572992, "complex": 3.137681375057558, "cacm": 0.00031215857909170155, "octob": 2.4849066497880004, "mcmaster": 8.07215530818825}