{"fast": 7.890041846286317, "storag": 5.4788730298457615, "alloc": 3.6295040516979333, "bookkeep": 5.992713766508414, "method": 1.8535551884965207, "list": 6.378706771203758, "structur": 2.473733349189875, "oper": 2.270036932811187, "situat": 4.48863636973214, "involv": 3.4570347913469903, "size": 10.283293227140632, "block": 15.716082327186868, "fix": 4.064822122955779, "locat": 4.140329675463924, "scheme": 3.518278416587709, "llllll": 8.07215530818825, "l6": 8.07215530818825, "bell": 5.433097978572992, "telephon": 5.674260035389879, "laboratori": 4.9811128548299335, "low": 4.383275854074314, "level": 3.2681342634549932, "languag": 2.1750014405515095, "make": 3.380807425959106, "comput": 1.3117406171048218, "regist": 5.027632870464827, "smaller": 5.507205950726713, "obtain": 3.116328250586989, "success": 4.083171261623976, "split": 5.87493073085203, "larger": 9.8733221845182, "half": 4.739950798013046, "reconstitut": 8.07215530818825, "part": 3.371674942395834, "simultan": 4.1803350100776235, "free": 3.913272224828578, "cacm": 0.00031215857909170155, "octob": 2.4849066497880004, "knowlton": 6.97354301952014}