{"program": 1.438836874907873, "error": 3.0482747873419735, "correct": 3.6295040516979333, "decim": 5.127716329021809, "comput": 1.3117406171048218, "cacm": 0.00031215857909170155, "april": 2.4231810700270437, "weinberg": 6.462717395754149}