{"triangular": 6.126245159132937, "factor": 3.852647603012143, "modifi": 3.8977680382926128, "matric": 3.929020581796717, "algorithm": 0.8920854338854537, "f1": 5.433097978572992, "cacm": 0.00031215857909170155, "januari": 2.6297375976664563, "green": 5.769570215194204}