{"multipl": 3.58351893845611, "precis": 4.064822122955779, "binari": 3.8094754311469345, "decim": 5.127716329021809, "integ": 4.140329675463924, "convers": 3.867462688797284, "addit": 3.318565117081885, "subtract": 5.58724865840025, "cacm": 0.00031215857909170155, "august": 2.3750618216828454, "key": 4.064822122955779, "moor": 5.507205950726713}