{"evolut": 11.74986146170406, "meta": 30.631225795664683, "assembl": 31.820563485004623, "program": 2.877673749815746, "gener": 1.8279884075245136, "call": 3.4087162140761826, "defin": 3.1595004224521976, "factor": 3.852647603012143, "contribut": 5.181783550292085, "present": 1.8221800659287668, "made": 3.2046208577326674, "function": 2.2610143152115496, "final": 3.7680902149840803, "implic": 4.739950798013046, "compil": 3.074943034424135, "design": 2.4924254822020275, "discuss": 2.1972245773362196, "cacm": 0.00031215857909170155, "march": 2.546702369056466, "ferguson": 6.462717395754149}