{"panel": 19.38815218726245, "discuss": 10.986122886681098, "comput": 3.9352218513144654, "appreci": 20.920629058560422, "session": 14.758016255256608, "acm": 4.358583241483942, "th": 6.126245159132937, "anniversari": 8.07215530818825, "confer": 6.280395838960195, "august": 2.3750618216828454, "entitl": 7.379008127628304, "educ": 4.287965674269989, "design": 2.4924254822020275, "experi": 3.4669851222001586, "half": 14.219852394039139, "consist": 3.823660066138891, "organ": 3.5078071167204135, "chair": 8.07215530818825, "elliot": 7.379008127628304, "organick": 24.21646592456475, "panelist": 22.137024382884913, "charl": 8.07215530818825, "davidson": 6.97354301952014, "bernard": 7.379008127628304, "galler": 5.433097978572992, "richard": 6.97354301952014, "ham": 7.379008127628304, "alan": 8.07215530818825, "perli": 5.58724865840025, "make": 3.380807425959106, "prepar": 4.57564774672177, "statement": 3.7154464814986583, "join": 6.68586094706836, "andri": 8.07215530818825, "van": 10.72821021417208, "dam": 16.1443106163765, "arthur": 7.379008127628304, "kohn": 8.07215530818825, "present": 1.8221800659287668, "paper": 5.942536278331655, "transcript": 6.97354301952014, "condens": 6.280395838960195, "dr": 8.07215530818825, "edit": 4.739950798013046, "remark": 4.57564774672177, "refer": 7.647320132277782, "kahn": 6.97354301952014, "pertin": 5.674260035389879, "includ": 2.7688504001291743, "cacm": 0.00031215857909170155, "april": 2.4231810700270437}