{"user": 12.219501885493303, "authent": 25.850869583016596, "scheme": 14.073113666350835, "requir": 4.777151081699136, "secreci": 16.1443106163765, "comput": 3.9352218513144654, "oper": 2.270036932811187, "system": 9.34465570389432, "enter": 5.299566585948469, "secret": 12.925434791508298, "password": 34.8677150976007, "known": 7.405414911442457, "sole": 6.68586094706836, "compar": 6.455936443459318, "record": 3.867462688797284, "tabl": 13.828139165387961, "program": 1.438836874907873, "integr": 2.984558972955866, "depend": 3.929020581796717, "keep": 5.769570215194204, "paper": 3.9616908522211034, "present": 1.8221800659287668, "aspect": 4.083171261623976, "includ": 2.7688504001291743, "relev": 5.027632870464827, "code": 2.948191328784991, "data": 2.1667934601336793, "base": 5.403034560121174, "attempt": 4.1209115896068225, "intrud": 24.21646592456475, "function": 4.522028630423099, "unabl": 7.379008127628304, "invert": 10.599133171896938, "appli": 3.2681342634549932, "result": 4.750123643365691, "entri": 4.334485689904882, "match": 4.5168072466988365, "interpret": 4.222007706478191, "know": 5.674260035389879, "access": 3.6062471895336663, "penetr": 14.758016255256608, "determin": 3.009560275161283, "input": 3.116328250586989, "produc": 3.427764409046877, "output": 3.497444329684867, "discuss": 4.394449154672439, "issu": 4.704859478201776, "surround": 6.97354301952014, "select": 3.617808011934742, "suitabl": 4.1803350100776235, "plausibl": 8.07215530818825, "argument": 4.77631844218392, "exceedingli": 7.379008127628304, "difficult": 4.57564774672177, "argu": 5.433097978572992, "rigor": 6.280395838960195, "unlik": 5.87493073085203, "final": 3.7680902149840803, "human": 4.5168072466988365, "engin": 4.814058770166768, "problem": 1.9651324204459957, "relat": 3.144901623031045, "cacm": 0.00031215857909170155, "august": 2.3750618216828454, "evan": 5.87493073085203, "jr": 3.243841570885949, "kantrowitz": 8.07215530818825, "weiss": 8.07215530818825}