{"incorpor": 4.5168072466988365, "unit": 12.730541735097464, "program": 2.877673749815746, "languag": 4.350002881103019, "issu": 4.704859478201776, "aid": 4.029104040353699, "keep": 5.769570215194204, "track": 5.58724865840025, "physic": 4.57564774672177, "feet": 16.1443106163765, "sec": 7.379008127628304, "discuss": 2.1972245773362196, "method": 1.8535551884965207, "introduct": 4.894101477840304, "relationship": 8.444015412956382, "watt": 6.68586094706836, "volt": 8.07215530818825, "amp": 8.07215530818825, "yard": 8.07215530818825, "subsequ": 5.181783550292085, "automat": 3.371674942395834, "convers": 3.867462688797284, "base": 2.701517280060587, "propos": 2.907369334264736, "syntax": 4.029104040353699, "consid": 3.152174382360125, "cacm": 0.00031215857909170155, "karr": 8.07215530818825, "loveman": 8.07215530818825, "iii": 4.704859478201776}