{"eigenvalu": 4.814058770166768, "eigen": 6.68586094706836, "vector": 4.545794783572089, "real": 3.5078071167204135, "gener": 1.8279884075245136, "matrix": 3.137681375057558, "algorithm": 0.8920854338854537, "cacm": 0.00031215857909170155, "februari": 2.6211168546225494, "knobl": 8.07215530818825}