{"euler": 5.992713766508414, "gener": 1.8279884075245136, "algol": 3.243841570885949, "formal": 3.728349886334566, "definit": 3.6777061535158113, "cacm": 0.00031215857909170155, "decemb": 2.4626835130032902, "wirth": 5.238941964132033, "weber": 6.126245159132937}