{"dynam": 3.8380488035909903, "declar": 4.814058770166768, "cacm": 0.00031215857909170155, "januari": 2.6297375976664563, "ingerman": 5.992713766508414}