{"fit": 3.9946178642825303, "data": 2.1667934601336793, "exponenti": 4.1803350100776235, "algorithm": 0.8920854338854537, "e2": 5.181783550292085, "cacm": 0.00031215857909170155, "februari": 2.6211168546225494, "spath": 6.280395838960195}