{"simpl": 9.02868082548385, "linear": 3.1818061799664963, "model": 14.984907464772114, "demand": 4.853279483320049, "page": 15.845125776059755, "perform": 5.618930238566729, "predict": 4.894101477840304, "propos": 2.907369334264736, "manag": 8.093607234906202, "multilevel": 6.280395838960195, "memori": 25.101451000460465, "system": 1.55744261731572, "requir": 2.388575540849568, "pattern": 8.203726789272256, "program": 2.877673749815746, "refer": 15.294640264555564, "inform": 5.125533943120545, "store": 3.5288605259182457, "recent": 3.8977680382926128, "experiment": 3.867462688797284, "measur": 3.8380488035909903, "multic": 6.126245159132937, "virtual": 4.6064194053885235, "suggest": 3.399326473726344, "rough": 6.280395838960195, "approxim": 3.380807425959106, "remark": 4.57564774672177, "suffic": 5.992713766508414, "combin": 3.5612958016714, "effect": 6.190843131535351, "automat": 3.371674942395834, "algorithm": 0.8920854338854537, "produc": 3.427764409046877, "singl": 3.7546671946519394, "composit": 4.853279483320049, "statement": 3.7154464814986583, "mean": 3.2201250442686327, "number": 2.2028583950544753, "except": 5.992713766508414, "increas": 3.6295040516979333, "linearli": 6.126245159132937, "size": 6.855528818093754, "result": 2.3750618216828454, "easi": 4.358583241483942, "manipul": 3.437426319958614, "applic": 2.481168327677393, "divers": 5.58724865840025, "problem": 1.9651324204459957, "choos": 5.36410510708604, "optimum": 4.704859478201776, "arrang": 4.9366610922591, "reproduc": 6.68586094706836, "usag": 4.6064194053885235, "charg": 6.280395838960195, "estim": 3.929020581796717, "amount": 4.1803350100776235, "core": 4.310955192494688, "share": 3.4871878295176777, "cacm": 0.00031215857909170155, "april": 2.4231810700270437, "saltzer": 6.68586094706836}