{"manag": 4.046803617453101, "scienc": 3.977810745966149, "view": 4.334485689904882, "nonlinear": 14.114578434605328, "program": 5.755347499631492, "histori": 5.076423034634259, "integ": 4.140329675463924, "continu": 3.852647603012143, "present": 1.8221800659287668, "obstacl": 7.379008127628304, "practic": 3.617808011934742, "mathemat": 3.6295040516979333, "techniqu": 4.480545661809466, "forecast": 6.68586094706836, "contribut": 10.36356710058417, "actual": 4.287965674269989, "made": 3.2046208577326674, "year": 4.160132302760104, "like": 12.252490318265874, "consolid": 6.97354301952014, "theoret": 4.26549281841793, "breakthrough": 8.07215530818825, "document": 4.358583241483942, "standard": 3.1023420086122493, "test": 3.0817227214095135, "problem": 3.9302648408919914, "construct": 3.189353385601879, "user": 3.0548754713733257, "orient": 3.977810745966149, "softwar": 3.929020581796717, "comparison": 3.6901286735143684, "known": 3.7027074557212285, "algorithm": 0.8920854338854537, "demonstr": 4.0117122976418305, "specif": 3.227968221729659, "cacm": 0.00031215857909170155, "juli": 2.3683728335320486, "shanno": 8.07215530818825, "weil": 6.280395838960195}