{"multipl": 3.58351893845611, "integr": 2.984558972955866, "algorithm": 0.8920854338854537, "cacm": 0.00031215857909170155, "decemb": 2.4626835130032902, "mckeeman": 5.674260035389879}