{"discret": 4.814058770166768, "linear": 6.363612359932993, "l1": 6.68586094706836, "approxim": 3.380807425959106, "interv": 4.48863636973214, "program": 1.438836874907873, "e2": 5.181783550292085, "algorithm": 0.8920854338854537, "a458": 8.07215530818825, "cacm": 0.00031215857909170155, "octob": 2.4849066497880004, "rober": 16.1443106163765}