{"parser": 15.383148987065429, "gener": 7.3119536300980545, "system": 3.11488523463144, "construct": 6.378706771203758, "compress": 5.58724865840025, "compil": 12.29977213769654, "paper": 1.9808454261105517, "describ": 3.0954215657676754, "pg": 24.21646592456475, "cdc": 5.181783550292085, "comput": 1.3117406171048218, "purdu": 6.68586094706836, "univers": 3.9946178642825303, "fortran": 6.5362685269099865, "code": 8.844573986354973, "input": 3.116328250586989, "translat": 7.380257347028737, "grammar": 4.1209115896068225, "bnf": 6.462717395754149, "syntact": 8.53098563683586, "rule": 6.95407091610732, "correspond": 4.9366610922591, "possibl": 4.77631844218392, "empti": 6.126245159132937, "realiz": 5.027632870464827, "assembl": 4.545794783572089, "languag": 2.1750014405515095, "algol": 3.243841570885949, "subroutin": 4.1209115896068225, "call": 3.4087162140761826, "appli": 3.2681342634549932, "pars": 8.766551708148627, "program": 4.31651062472362, "typic": 4.461237395544026, "pass": 4.57564774672177, "sourc": 4.101863394636128, "speed": 3.823660066138891, "approach": 3.1743155082373384, "card": 5.238941964132033, "minut": 6.280395838960195, "xpl": 8.07215530818825, "tabl": 6.914069582693981, "occupi": 6.280395838960195, "word": 11.264001583955817, "bit": 3.977810745966149, "core": 4.310955192494688, "memori": 3.137681375057558, "entri": 4.334485689904882, "link": 4.358583241483942, "cacm": 0.00031215857909170155, "novemb": 2.4445341944976127, "mickuna": 7.379008127628304, "schneider": 6.68586094706836}