{"magnet": 5.027632870464827, "tape": 4.046803617453101, "data": 2.1667934601336793, "storag": 2.7394365149228808, "oracl": 7.379008127628304, "algol": 3.243841570885949, "translat": 3.6901286735143684, "cacm": 0.00031215857909170155, "januari": 2.6297375976664563, "bottenbruch": 8.07215530818825}