{"sort": 7.765001132323649, "nonredund": 8.07215530818825, "techniqu": 2.240272830904733, "fact": 9.341915853052189, "compil": 3.074943034424135, "typic": 4.461237395544026, "structur": 2.473733349189875, "includ": 2.7688504001291743, "call": 3.4087162140761826, "non": 4.638168103703103, "redund": 4.9811128548299335, "examin": 3.641338509344936, "method": 1.8535551884965207, "discuss": 2.1972245773362196, "cacm": 0.00031215857909170155, "glore": 8.07215530818825}