{"tridiagon": 33.5234919504015, "permut": 17.151862697079956, "matrix": 9.413044125172675, "similar": 3.7954891891721947, "transform": 14.661744243695987, "import": 3.497444329684867, "comput": 2.6234812342096436, "tool": 4.638168103703103, "numer": 3.2046208577326674, "linear": 6.363612359932993, "algebra": 4.0117122976418305, "consid": 3.152174382360125, "class": 3.427764409046877, "spars": 5.507205950726713, "matric": 3.929020581796717, "row": 5.299566585948469, "column": 5.433097978572992, "advantag": 3.7027074557212285, "includ": 2.7688504001291743, "absenc": 6.126245159132937, "round": 4.704859478201776, "error": 3.0482747873419735, "improv": 3.3536564368931554, "time": 2.0511319588387233, "compar": 6.455936443459318, "standard": 6.204684017224499, "graph": 4.029104040353699, "theoret": 4.26549281841793, "algorithm": 2.676256301656361, "examin": 3.641338509344936, "arbitrari": 4.160132302760104, "determin": 3.009560275161283, "form": 9.286264697303025, "requir": 2.388575540849568, "arithmet": 3.6901286735143684, "number": 6.608575185163426, "comparison": 3.6901286735143684, "assign": 4.064822122955779, "increment": 5.58724865840025, "favor": 5.433097978572992, "method": 1.8535551884965207, "explicit": 4.853279483320049, "earli": 5.027632870464827, "reject": 6.126245159132937, "occur": 4.310955192494688, "cacm": 0.00031215857909170155, "januari": 2.6297375976664563, "gibb": 6.462717395754149, "pool": 6.280395838960195, "jr": 3.243841570885949}