{"evid": 5.076423034634259, "analysi": 2.7738379416402132, "algorithm": 2.676256301656361, "program": 2.877673749815746, "problem": 3.9302648408919914, "purpos": 3.2599709528158325, "note": 3.497444329684867, "report": 3.4669851222001586, "comput": 1.3117406171048218, "experi": 3.4669851222001586, "addit": 3.318565117081885, "recent": 3.8977680382926128, "summar": 5.076423034634259, "gue": 14.758016255256608, "al": 6.462717395754149, "linear": 3.1818061799664963, "error": 3.0482747873419735, "paper": 1.9808454261105517, "correct": 3.6295040516979333, "util": 3.6901286735143684, "suboptim": 8.07215530818825, "cacm": 0.00031215857909170155, "januari": 2.6297375976664563, "proll": 6.126245159132937}