{"comput": 2.6234812342096436, "extens": 6.671913719587509, "variat": 9.409718956403552, "differ": 7.955621491932298, "method": 3.7071103769930414, "present": 1.8221800659287668, "develop": 2.4267084105450123, "tintner": 8.07215530818825, "cacm": 0.00031215857909170155, "march": 2.546702369056466, "scheinok": 8.07215530818825}