{"assign": 4.064822122955779, "algorithm": 0.8920854338854537, "cacm": 0.00031215857909170155, "octob": 2.4849066497880004, "filsak": 8.07215530818825, "vrchovecka": 8.07215530818825}