{"object": 6.761614851918212, "code": 2.948191328784991, "optim": 6.348631016474677, "method": 1.8535551884965207, "analyz": 3.5503667311392095, "control": 2.954161495771495, "flow": 9.409718956403552, "data": 2.1667934601336793, "program": 2.877673749815746, "compil": 3.074943034424135, "appli": 3.2681342634549932, "transform": 3.6654360609239967, "improv": 3.3536564368931554, "time": 2.0511319588387233, "effici": 2.7108631424788245, "domin": 5.769570215194204, "relationship": 4.222007706478191, "indic": 5.076423034634259, "statement": 3.7154464814986583, "necessarili": 5.507205950726713, "execut": 3.2358734012367716, "global": 5.127716329021809, "common": 3.9450209231431583, "express": 3.1595004224521976, "elimin": 4.064822122955779, "loop": 4.739950798013046, "identif": 5.238941964132033, "implement": 2.570897097643523, "os": 7.379008127628304, "fortran": 3.2681342634549932, "cacm": 0.00031215857909170155, "januari": 2.6297375976664563, "lowri": 7.379008127628304, "medlock": 7.379008127628304}