{"distribut": 10.492332989054601, "program": 5.755347499631492, "primari": 20.110531481859308, "fast": 11.835062769429475, "buffer": 26.194709820660165, "storag": 5.4788730298457615, "virtual": 4.6064194053885235, "memori": 12.550725500230232, "comput": 1.3117406171048218, "system": 1.55744261731572, "cach": 6.462717395754149, "central": 4.739950798013046, "process": 2.1750014405515095, "unit": 4.2435139116991545, "consid": 3.152174382360125, "optim": 3.1743155082373384, "studi": 3.227968221729659, "lifetim": 6.462717395754149, "function": 2.2610143152115496, "express": 3.1595004224521976, "maxim": 5.299566585948469, "fraction": 5.36410510708604, "cost": 3.518278416587709, "time": 2.0511319588387233, "integr": 2.984558972955866, "obtain": 3.116328250586989, "swap": 6.126245159132937, "nonswap": 8.07215530818825, "manag": 4.046803617453101, "polici": 4.894101477840304, "cacm": 0.00031215857909170155, "juli": 2.3683728335320486, "gelenb": 6.97354301952014}