{"select": 10.853424035804228, "optim": 12.697262032949354, "tab": 40.36077654094125, "set": 12.773512058617712, "gener": 1.8279884075245136, "comput": 3.9352218513144654, "termin": 4.101863394636128, "featur": 3.399326473726344, "reduc": 7.282677018689872, "number": 6.608575185163426, "charact": 10.99630818277199, "need": 3.251873742583213, "repres": 3.6062471895336663, "document": 8.717166482967883, "transmiss": 4.9811128548299335, "print": 5.027632870464827, "note": 3.497444329684867, "algorithm": 1.7841708677709074, "stop": 18.841187516880584, "minim": 3.39002408106403, "transmit": 10.599133171896938, "implement": 2.570897097643523, "percent": 9.628117540333536, "requir": 2.388575540849568, "prepass": 14.758016255256608, "matrix": 3.137681375057558, "determin": 3.009560275161283, "fix": 4.064822122955779, "heurist": 4.6064194053885235, "altern": 3.9612814440149386, "achiev": 3.7954891891721947, "cacm": 0.00031215857909170155, "decemb": 2.4626835130032902, "peterson": 6.462717395754149, "bitner": 6.97354301952014, "howard": 6.462717395754149}