{"vision": 22.137024382884913, "technolog": 22.58403623349418, "educ": 12.863897022809967, "fashion": 5.992713766508414, "branch": 5.58724865840025, "aspect": 4.083171261623976, "gener": 1.8279884075245136, "known": 3.7027074557212285, "idea": 4.5168072466988365, "discoveri": 6.68586094706836, "invent": 6.68586094706836, "unknown": 5.769570215194204, "potenti": 14.012873779578284, "actual": 4.287965674269989, "time": 2.0511319588387233, "scale": 4.287965674269989, "ignor": 14.758016255256608, "stem": 6.97354301952014, "larg": 2.8791984572980396, "social": 11.348520070779758, "respons": 8.922474791088051, "chang": 4.2435139116991545, "object": 3.380807425959106, "paper": 1.9808454261105517, "present": 1.8221800659287668, "rais": 5.769570215194204, "question": 4.140329675463924, "mode": 4.77631844218392, "adapt": 4.434569148461864, "like": 6.126245159132937, "evok": 7.379008127628304, "cacm": 0.00031215857909170155, "juli": 2.3683728335320486, "oetting": 6.68586094706836}