{"incomplet": 5.127716329021809, "ellipt": 5.238941964132033, "integr": 2.984558972955866, "algorithm": 0.8920854338854537, "cacm": 0.00031215857909170155, "april": 2.4231810700270437, "van": 5.36410510708604, "de": 6.462717395754149, "riet": 6.97354301952014}