{"ber": 6.97354301952014, "bei": 6.97354301952014, "function": 2.2610143152115496, "algorithm": 0.8920854338854537, "cacm": 0.00031215857909170155, "juli": 2.3683728335320486, "relph": 5.769570215194204}