{"librari": 4.894101477840304, "load": 4.814058770166768, "altern": 3.9612814440149386, "routin": 3.867462688797284, "select": 3.617808011934742, "cacm": 0.00031215857909170155, "novemb": 2.4445341944976127, "moor": 5.507205950726713}