{"recurs": 7.826544449657156, "induct": 11.539140430388407, "principl": 4.5168072466988365, "method": 1.8535551884965207, "prove": 7.676097607181981, "thing": 5.36410510708604, "defin": 3.1595004224521976, "function": 4.522028630423099, "shown": 2.7940406489577327, "partial": 4.287965674269989, "equival": 4.434569148461864, "applic": 2.481168327677393, "proof": 4.1803350100776235, "interpret": 4.222007706478191, "program": 1.438836874907873, "languag": 2.1750014405515095, "cacm": 0.00031215857909170155, "morri": 5.299566585948469, "jr": 3.243841570885949}