{"ambigu": 5.127716329021809, "phrase": 5.238941964132033, "structur": 2.473733349189875, "languag": 2.1750014405515095, "cacm": 0.00031215857909170155, "octob": 2.4849066497880004, "floyd": 5.127716329021809}