{"implement": 7.712691292930569, "basic": 6.836389916061453, "system": 4.67232785194716, "multiprogram": 8.320264605520208, "environ": 3.7680902149840803, "remot": 5.127716329021809, "termin": 4.101863394636128, "context": 3.913272224828578, "exist": 3.572345637857985, "comput": 1.3117406171048218, "burrough": 6.126245159132937, "b5500": 6.97354301952014, "combin": 3.5612958016714, "uniqu": 5.076423034634259, "mixtur": 6.126245159132937, "machin": 2.918863713690471, "languag": 2.1750014405515095, "interpret": 4.222007706478191, "techniqu": 2.240272830904733, "increment": 5.58724865840025, "compil": 3.074943034424135, "cacm": 0.00031215857909170155, "octob": 2.4849066497880004, "braden": 8.07215530818825, "wulf": 6.68586094706836}