{"propos": 2.907369334264736, "interpret": 4.222007706478191, "algol": 3.243841570885949, "cacm": 0.00031215857909170155, "decemb": 2.4626835130032902, "iron": 5.769570215194204, "acton": 6.97354301952014}