{"comment": 4.064822122955779, "techniqu": 2.240272830904733, "count": 4.9366610922591, "cacm": 0.00031215857909170155, "octob": 2.4849066497880004, "sherman": 6.68586094706836}