{"person": 16.52161785218014, "match": 13.55042174009651, "electron": 5.181783550292085, "method": 1.8535551884965207, "record": 15.469850755189135, "linkag": 5.769570215194204, "updat": 4.704859478201776, "accomplish": 4.638168103703103, "establish": 4.408593662058603, "preassign": 13.37172189413672, "number": 11.014291975272377, "payrol": 8.07215530818825, "custom": 6.126245159132937, "social": 5.674260035389879, "secur": 5.238941964132033, "vital": 5.992713766508414, "health": 13.37172189413672, "uniqu": 5.076423034634259, "gener": 3.6559768150490273, "individu": 13.81925821616557, "purpos": 3.2599709528158325, "report": 10.400955366600476, "servic": 4.5168072466988365, "receiv": 5.238941964132033, "depart": 5.181783550292085, "order": 8.79147525505677, "determin": 3.009560275161283, "physician": 7.379008127628304, "refer": 7.647320132277782, "identif": 5.238941964132033, "compar": 3.227968221729659, "labori": 7.379008127628304, "oper": 2.270036932811187, "subject": 4.160132302760104, "error": 3.0482747873419735, "misspel": 6.68586094706836, "marriag": 6.68586094706836, "problem": 1.9651324204459957, "interest": 3.9450209231431583, "mainten": 11.014411901453427, "psychiatr": 24.21646592456475, "case": 3.2123429038265776, "regist": 10.055265740929654, "maryland": 8.07215530818825, "hundr": 6.126245159132937, "agenc": 6.462717395754149, "patient": 6.97354301952014, "link": 4.358583241483942, "provid": 3.015909502839942, "undupl": 8.07215530818825, "count": 4.9366610922591, "care": 5.181783550292085, "longitudin": 8.07215530818825, "histori": 5.076423034634259, "earlier": 5.076423034634259, "paper": 1.9808454261105517, "describ": 3.0954215657676754, "procedur": 5.27686660926802, "digit": 3.2930318150767204, "comput": 1.3117406171048218, "honeywel": 6.462717395754149, "present": 1.8221800659287668, "detail": 3.447182494903979, "initi": 4.2435139116991545, "process": 2.1750014405515095, "elicit": 8.07215530818825, "comment": 4.064822122955779, "suggest": 3.399326473726344, "experi": 3.4669851222001586, "cacm": 0.00031215857909170155, "juli": 2.3683728335320486, "phillip": 6.280395838960195, "jr": 3.243841570885949, "bahn": 8.07215530818825, "miyasaki": 8.07215530818825}