{"problem": 1.9651324204459957, "statist": 11.602388066391851, "analysi": 8.32151382492064, "simul": 10.14242227787732, "experi": 13.867940488800635, "comparison": 3.6901286735143684, "mean": 9.660375132805898, "length": 7.590978378344389, "sampl": 17.24382076997875, "record": 7.734925377594568, "research": 3.977810745966149, "continu": 3.852647603012143, "autocorrel": 13.37172189413672, "time": 2.0511319588387233, "seri": 3.8825005661618244, "shown": 5.5880812979154655, "estim": 7.858041163593434, "need": 3.251873742583213, "larg": 2.8791984572980396, "result": 4.750123643365691, "measur": 3.8380488035909903, "stabil": 5.58724865840025, "analog": 5.299566585948469, "data": 2.1667934601336793, "independ": 3.8094754311469345, "observ": 4.9811128548299335, "test": 3.0817227214095135, "differ": 3.977810745966149, "suggest": 3.399326473726344, "varianc": 4.9811128548299335, "relat": 3.144901623031045, "spectrum": 6.97354301952014, "gener": 1.8279884075245136, "process": 2.1750014405515095, "quantiti": 5.507205950726713, "interest": 3.9450209231431583, "expand": 5.181783550292085, "possibl": 4.77631844218392, "spectral": 6.68586094706836, "appli": 3.2681342634549932, "cacm": 0.00031215857909170155, "februari": 2.6211168546225494, "fishman": 6.462717395754149}