{"frequenc": 4.739950798013046, "distribut": 3.497444329684867, "algorithm": 0.8920854338854537, "cacm": 0.00031215857909170155, "octob": 2.4849066497880004, "gray": 5.238941964132033}