{"buffer": 31.4336517847922, "alloc": 21.7770243101876, "merg": 19.7466443690364, "sort": 19.41250283080912, "fix": 4.064822122955779, "present": 1.8221800659287668, "minim": 3.39002408106403, "number": 6.608575185163426, "input": 12.465313002347957, "output": 13.989777318739469, "oper": 4.540073865622374, "order": 2.93049175168559, "movabl": 14.758016255256608, "arm": 14.758016255256608, "disk": 9.409718956403552, "seek": 12.56079167792039, "equal": 4.6709579265260945, "time": 6.15339587651617, "control": 2.954161495771495, "standard": 3.1023420086122493, "terminolog": 5.181783550292085, "introduc": 3.8380488035909903, "method": 1.8535551884965207, "analysi": 8.32151382492064, "improv": 3.3536564368931554, "expect": 4.334485689904882, "convent": 3.8380488035909903, "make": 3.380807425959106, "distribut": 10.492332989054601, "function": 4.522028630423099, "complet": 3.47703545805366, "yield": 4.545794783572089, "similar": 3.7954891891721947, "result": 4.750123643365691, "suggest": 3.399326473726344, "depend": 3.929020581796717, "optimum": 4.704859478201776, "size": 3.427764409046877, "determin": 3.009560275161283, "conclud": 4.814058770166768, "significantli": 5.127716329021809, "reduc": 3.641338509344936, "data": 4.333586920267359, "random": 7.212494379067333, "cacm": 0.00031215857909170155, "juli": 2.3683728335320486, "ferguson": 6.462717395754149}