{"faster": 4.9811128548299335, "retriev": 21.568910962260258, "context": 19.56636112414289, "tree": 10.75055681536833, "corrigendum": 4.545794783572089, "provid": 3.015909502839942, "conveni": 4.814058770166768, "store": 3.5288605259182457, "data": 6.5003803804010385, "view": 4.334485689904882, "hierarchi": 5.238941964132033, "note": 3.497444329684867, "present": 1.8221800659287668, "algorithm": 2.676256301656361, "improv": 3.3536564368931554, "previou": 8.869138296923728, "base": 2.701517280060587, "observ": 4.9811128548299335, "typic": 4.461237395544026, "infrequ": 6.68586094706836, "rel": 4.200954297280359, "cach": 6.462717395754149, "speed": 3.823660066138891, "start": 4.894101477840304, "posit": 4.1209115896068225, "auxiliari": 5.299566585948469, "structur": 2.473733349189875, "built": 5.076423034634259, "make": 3.380807425959106, "search": 3.47703545805366, "rapid": 4.9366610922591, "addit": 3.318565117081885, "delet": 5.181783550292085, "garbag": 5.127716329021809, "collect": 4.222007706478191, "outlin": 4.160132302760104, "cacm": 0.00031215857909170155, "septemb": 2.546702369056466, "wegbreit": 6.280395838960195}