{"bessel": 5.127716329021809, "function": 2.2610143152115496, "kind": 4.408593662058603, "algorithm": 0.8920854338854537, "s17": 6.462717395754149, "cacm": 0.00031215857909170155, "februari": 2.6211168546225494, "gautschi": 5.433097978572992}