{"microprogram": 41.124515115964215, "implement": 5.141794195287046, "euler": 11.985427533016829, "ibm": 7.036556833175418, "system": 7.787213086578601, "model": 5.993962985908846, "experiment": 3.867462688797284, "process": 4.350002881103019, "algorithm": 0.8920854338854537, "languag": 10.875007202757548, "read": 4.57564774672177, "storag": 5.4788730298457615, "unit": 4.2435139116991545, "consist": 3.823660066138891, "compil": 6.14988606884827, "string": 3.7027074557212285, "interpret": 16.888030825912764, "control": 2.954161495771495, "program": 1.438836874907873, "written": 3.728349886334566, "machin": 2.918863713690471, "result": 2.3750618216828454, "term": 3.2763647625915087, "main": 4.029104040353699, "space": 3.497444329684867, "requir": 2.388575540849568, "perform": 2.8094651192833644, "obtain": 3.116328250586989, "role": 5.027632870464827, "stress": 5.769570215194204, "open": 5.299566585948469, "dimens": 5.181783550292085, "code": 2.948191328784991, "structur": 2.473733349189875, "content": 4.638168103703103, "higher": 4.814058770166768, "level": 3.2681342634549932, "match": 4.5168072466988365, "execut": 3.2358734012367716, "effici": 2.7108631424788245, "exist": 3.572345637857985, "comput": 1.3117406171048218, "hardwar": 3.8825005661618244, "cacm": 0.00031215857909170155, "septemb": 2.546702369056466, "weber": 6.126245159132937}