{"demand": 19.413117933280198, "page": 15.845125776059755, "util": 3.6901286735143684, "work": 13.379069957903637, "set": 10.218809646894169, "maniac": 32.288621232753, "ii": 16.561318701855697, "hardwar": 11.647501698485474, "implement": 5.141794195287046, "comput": 1.3117406171048218, "model": 8.99094447886327, "introduc": 3.8380488035909903, "den": 5.36410510708604, "discuss": 4.394449154672439, "characterist": 3.6295040516979333, "descript": 6.874852639917228, "basic": 3.4181949580307265, "scheme": 3.518278416587709, "associ": 4.704859478201776, "memori": 3.137681375057558, "ad": 4.408593662058603, "final": 3.7680902149840803, "design": 2.4924254822020275, "specif": 3.227968221729659, "action": 4.57564774672177, "condit": 3.39002408106403, "aris": 4.704859478201776, "oper": 2.270036932811187, "full": 4.545794783572089, "system": 1.55744261731572, "cacm": 0.00031215857909170155, "octob": 2.4849066497880004, "morri": 5.299566585948469}