{"bitwis": 8.07215530818825, "oper": 2.270036932811187, "cacm": 0.00031215857909170155, "march": 2.546702369056466, "strachey": 7.379008127628304}