{"dynam": 7.676097607181981, "storag": 10.957746059691523, "alloc": 14.518016206791733, "system": 6.22977046926288, "recent": 3.8977680382926128, "comput": 2.6234812342096436, "design": 2.4924254822020275, "hardwar": 7.765001132323649, "facil": 11.693304114877838, "provid": 9.047728508519825, "eas": 4.9366610922591, "problem": 1.9651324204459957, "method": 1.8535551884965207, "character": 4.9811128548299335, "accord": 4.9366610922591, "function": 2.2610143152115496, "capabl": 3.8094754311469345, "underli": 5.127716329021809, "techniqu": 2.240272830904733, "present": 1.8221800659287668, "basic": 3.4181949580307265, "purpos": 3.2599709528158325, "paper": 1.9808454261105517, "perspect": 5.769570215194204, "util": 3.6901286735143684, "assess": 5.507205950726713, "survey": 4.48863636973214, "repres": 3.6062471895336663, "includ": 2.7688504001291743, "appendix": 5.674260035389879, "cacm": 0.00031215857909170155, "randel": 6.126245159132937, "kuehner": 7.379008127628304}