{"comparison": 3.6901286735143684, "iter": 8.093607234906202, "method": 5.560665565489562, "calcul": 7.0791116300699874, "nth": 13.37172189413672, "root": 8.280659350927849, "includ": 2.7688504001291743, "propos": 2.907369334264736, "author": 4.287965674269989, "compar": 6.455936443459318, "way": 4.77631844218392, "theoret": 4.26549281841793, "converg": 4.638168103703103, "estim": 7.858041163593434, "macrocompil": 8.07215530818825, "machin": 2.918863713690471, "run": 7.355412307031623, "time": 4.102263917677447, "varieti": 4.1209115896068225, "input": 3.116328250586989, "data": 2.1667934601336793, "cacm": 0.00031215857909170155, "march": 2.546702369056466, "traub": 5.992713766508414}