{"gener": 3.6559768150490273, "time": 6.15339587651617, "vari": 9.409718956403552, "system": 7.787213086578601, "error": 6.096549574683947, "sensit": 11.539140430388407, "program": 7.194184374539365, "evalu": 3.137681375057558, "propag": 6.280395838960195, "varianc": 4.9811128548299335, "techniqu": 4.480545661809466, "initi": 4.2435139116991545, "condit": 3.39002408106403, "paramet": 3.7816958670398586, "involv": 3.4570347913469903, "determin": 6.019120550322566, "depend": 3.929020581796717, "partial": 4.287965674269989, "deriv": 3.2930318150767204, "matric": 7.858041163593434, "requir": 4.777151081699136, "led": 5.992713766508414, "separ": 4.2435139116991545, "investig": 4.26549281841793, "util": 3.6901286735143684, "wengert": 6.68586094706836, "differenti": 3.929020581796717, "specif": 3.227968221729659, "equat": 3.1093106779283426, "suppli": 5.238941964132033, "subroutin": 4.1209115896068225, "form": 3.0954215657676754, "execut": 3.2358734012367716, "elimin": 4.064822122955779, "need": 3.251873742583213, "individu": 4.6064194053885235, "presag": 8.07215530818825, "develop": 2.4267084105450123, "extrem": 5.507205950726713, "comput": 1.3117406171048218, "cacm": 0.00031215857909170155, "decemb": 2.4626835130032902, "wilkin": 7.379008127628304}