{"trdiag": 8.07215530818825, "algorithm": 0.8920854338854537, "cacm": 0.00031215857909170155, "septemb": 2.546702369056466, "spragu": 7.379008127628304, "iii": 4.704859478201776}