{"intermitt": 33.4293047353418, "assert": 35.249584385112186, "prove": 11.514146410772971, "program": 7.194184374539365, "correct": 18.147520258489667, "paper": 1.9808454261105517, "explor": 5.181783550292085, "techniqu": 4.480545661809466, "termin": 12.305590183908384, "simultan": 4.1803350100776235, "approach": 3.1743155082373384, "method": 9.267775942482604, "involv": 3.4570347913469903, "document": 4.358583241483942, "true": 11.348520070779758, "time": 4.102263917677447, "control": 2.954161495771495, "pass": 4.57564774672177, "point": 3.015909502839942, "need": 3.251873742583213, "introduc": 3.8380488035909903, "burstal": 8.07215530818825, "promis": 5.58724865840025, "provid": 3.015909502839942, "valuabl": 5.58724865840025, "complement": 5.674260035389879, "convent": 11.514146410772971, "present": 1.8221800659287668, "number": 2.2028583950544753, "exampl": 3.371674942395834, "proof": 16.721340040310494, "markedli": 8.07215530818825, "simpler": 5.674260035389879, "counterpart": 8.07215530818825, "hand": 4.894101477840304, "shown": 5.5880812979154655, "rephras": 8.07215530818825, "directli": 4.408593662058603, "final": 3.7680902149840803, "appli": 3.2681342634549932, "valid": 4.894101477840304, "transform": 3.6654360609239967, "continu": 3.852647603012143, "oper": 2.270036932811187, "cacm": 0.00031215857909170155, "februari": 2.6211168546225494, "manna": 6.126245159132937, "walding": 6.97354301952014}