{"real": 7.015614233440827, "time": 4.102263917677447, "program": 4.31651062472362, "specif": 6.455936443459318, "problem": 3.9302648408919914, "implement": 2.570897097643523, "larg": 2.8791984572980396, "applic": 2.481168327677393, "treat": 4.814058770166768, "suggest": 3.399326473726344, "guidelin": 5.674260035389879, "develop": 2.4267084105450123, "delin": 6.280395838960195, "occur": 4.310955192494688, "system": 1.55744261731572, "cacm": 0.00031215857909170155, "juli": 2.3683728335320486, "head": 5.181783550292085}