{"note": 3.497444329684867, "compil": 9.224829103272405, "algorithm": 0.8920854338854537, "gener": 1.8279884075245136, "arithmet": 3.6901286735143684, "express": 3.1595004224521976, "discuss": 2.1972245773362196, "present": 1.8221800659287668, "experiment": 3.867462688797284, "improv": 3.3536564368931554, "suggest": 3.399326473726344, "speierman": 8.07215530818825, "burrough": 6.126245159132937, "cacm": 0.00031215857909170155, "march": 2.546702369056466, "anderson": 6.126245159132937}