{"remark": 4.57564774672177, "sampl": 4.310955192494688, "tape": 4.046803617453101, "ii": 4.140329675463924, "cacm": 0.00031215857909170155, "octob": 2.4849066497880004, "nadler": 6.68586094706836}