{"simpl": 9.02868082548385, "lr": 17.97814129952524, "grammar": 28.846381127247756, "class": 6.855528818093754, "context": 3.913272224828578, "free": 3.913272224828578, "call": 3.4087162140761826, "slr": 13.94708603904028, "defin": 3.1595004224521976, "shown": 5.5880812979154655, "includ": 2.7688504001291743, "weak": 5.674260035389879, "preced": 14.442176310500304, "proper": 5.076423034634259, "subset": 4.545794783572089, "construct": 9.568060156805636, "parser": 20.510865316087237, "techniqu": 4.480545661809466, "extend": 3.8977680382926128, "cover": 9.8733221845182, "knuth": 5.027632870464827, "implement": 2.570897097643523, "direct": 3.58351893845611, "comparison": 3.6901286735143684, "prove": 3.8380488035909903, "superior": 4.77631844218392, "rang": 4.222007706478191, "speed": 7.647320132277782, "size": 3.427764409046877, "result": 2.3750618216828454, "cacm": 0.00031215857909170155, "juli": 2.3683728335320486, "derem": 7.379008127628304}