{"link": 8.717166482967883, "segment": 4.434569148461864, "subprogram": 5.769570215194204, "languag": 2.1750014405515095, "loader": 6.68586094706836, "cacm": 0.00031215857909170155, "juli": 2.3683728335320486, "mccarthi": 6.97354301952014, "corbato": 8.07215530818825, "daggett": 8.07215530818825}