{"think": 6.68586094706836, "piec": 5.992713766508414, "cacm": 0.00031215857909170155, "januari": 2.6297375976664563, "bagley": 7.379008127628304}