{"exponenti": 12.54100503023287, "method": 3.7071103769930414, "numer": 6.409241715465335, "integr": 8.953676918867597, "ordinari": 4.434569148461864, "differenti": 7.858041163593434, "equat": 6.218621355856685, "formula": 16.046849190567322, "prepar": 4.57564774672177, "involv": 3.4570347913469903, "term": 3.2763647625915087, "compar": 3.227968221729659, "standard": 3.1023420086122493, "shown": 2.7940406489577327, "larg": 8.637595371894118, "class": 3.427764409046877, "superior": 4.77631844218392, "stabil": 5.58724865840025, "properti": 3.5395558150349937, "step": 8.023424595283661, "size": 6.855528818093754, "decreas": 5.027632870464827, "total": 4.1803350100776235, "comput": 1.3117406171048218, "time": 2.0511319588387233, "solut": 2.763887610787045, "significantli": 5.127716329021809, "engin": 4.814058770166768, "problem": 1.9651324204459957, "high": 3.6777061535158113, "accuraci": 4.383275854074314, "need": 3.251873742583213, "cacm": 0.00031215857909170155, "august": 2.3750618216828454, "pope": 6.97354301952014}