{"common": 7.890041846286317, "phrase": 20.955767856528134, "minimum": 4.1209115896068225, "space": 6.994888659369734, "text": 16.332685046495904, "storag": 10.957746059691523, "method": 3.7071103769930414, "save": 4.739950798013046, "string": 7.405414911442457, "compil": 3.074943034424135, "diagnost": 5.433097978572992, "messag": 15.383148987065429, "reli": 5.58724865840025, "hand": 4.894101477840304, "select": 3.617808011934742, "set": 2.554702411723542, "store": 3.5288605259182457, "techniqu": 2.240272830904733, "rise": 6.462717395754149, "mathemat": 3.6295040516979333, "optim": 3.1743155082373384, "problem": 5.895397261337987, "determin": 3.009560275161283, "minim": 3.39002408106403, "requir": 2.388575540849568, "nontrivi": 7.379008127628304, "overlap": 5.674260035389879, "exist": 3.572345637857985, "dynam": 3.8380488035909903, "program": 1.438836874907873, "algorithm": 1.7841708677709074, "present": 1.8221800659287668, "solv": 3.5078071167204135, "time": 2.0511319588387233, "grow": 5.127716329021809, "linearli": 6.126245159132937, "number": 2.2028583950544753, "charact": 3.6654360609239967, "appli": 3.2681342634549932, "paper": 1.9808454261105517, "cacm": 0.00031215857909170155, "march": 2.546702369056466, "wagner": 6.462717395754149}