{"contour": 16.299293935718975, "map": 8.717166482967883, "program": 2.877673749815746, "ray": 5.507205950726713, "crystallographi": 6.97354301952014, "fortran": 3.2681342634549932, "ibm": 3.518278416587709, "system": 1.55744261731572, "plotter": 5.769570215194204, "produc": 3.427764409046877, "matrix": 3.137681375057558, "point": 3.015909502839942, "evenli": 8.07215530818825, "space": 3.497444329684867, "dimens": 5.181783550292085, "scale": 4.287965674269989, "factor": 3.852647603012143, "axe": 13.94708603904028, "need": 3.251873742583213, "perpendicular": 8.07215530818825, "cacm": 0.00031215857909170155, "octob": 2.4849066497880004, "dayhoff": 8.07215530818825}