{"test": 3.0817227214095135, "matric": 3.929020581796717, "determin": 3.009560275161283, "invers": 3.867462688797284, "pracniqu": 8.07215530818825, "cacm": 0.00031215857909170155, "decemb": 2.4626835130032902, "englar": 8.07215530818825}