{"studi": 3.227968221729659, "comput": 1.3117406171048218, "graduat": 5.238941964132033, "school": 5.299566585948469, "busi": 4.814058770166768, "cacm": 0.00031215857909170155, "april": 2.4231810700270437, "luca": 6.68586094706836, "jr": 3.243841570885949, "montgomeri": 8.07215530818825, "larrech": 8.07215530818825}