{"altern": 3.9612814440149386, "form": 3.0954215657676754, "uncol": 7.379008127628304, "diagram": 5.36410510708604, "cacm": 0.00031215857909170155, "march": 2.546702369056466, "bratman": 8.07215530818825}