{"cubic": 12.252490318265874, "spline": 10.866195957145983, "solut": 5.52777522157409, "fourth": 11.014411901453427, "order": 8.79147525505677, "boundari": 4.6709579265260945, "problem": 1.9651324204459957, "approxim": 6.761614851918212, "differenti": 3.929020581796717, "equat": 3.1093106779283426, "shown": 5.5880812979154655, "reduc": 3.641338509344936, "term": 3.2763647625915087, "recurr": 5.87493073085203, "relationship": 4.222007706478191, "special": 3.5395558150349937, "case": 3.2123429038265776, "simpli": 5.36410510708604, "relat": 3.144901623031045, "finit": 4.2435139116991545, "differ": 3.977810745966149, "represent": 3.5503667311392095, "local": 4.6709579265260945, "truncat": 5.36410510708604, "error": 3.0482747873419735, "delta": 6.97354301952014, "cacm": 0.00031215857909170155, "june": 2.3717117347975636, "hoskin": 7.379008127628304}