{"set": 2.554702411723542, "test": 3.0817227214095135, "matric": 3.929020581796717, "algorithm": 0.8920854338854537, "cacm": 0.00031215857909170155, "august": 2.3750618216828454, "gilbert": 7.379008127628304}