{"multi": 5.027632870464827, "tape": 4.046803617453101, "infinit": 11.1744973168005, "state": 11.55794280903643, "automata": 17.97814129952524, "survey": 8.97727273946428, "machin": 17.51318228214283, "power": 7.5361804299681605, "finit": 12.730541735097464, "gener": 1.8279884075245136, "ture": 13.94708603904028, "present": 1.8221800659287668, "felt": 6.126245159132937, "categori": 6.126245159132937, "close": 4.638168103703103, "relat": 3.144901623031045, "digit": 3.2930318150767204, "comput": 2.6234812342096436, "unrestrict": 6.126245159132937, "intermedi": 5.299566585948469, "creat": 4.408593662058603, "adjoin": 8.07215530818825, "memori": 9.413044125172675, "perform": 2.8094651192833644, "restrict": 8.320264605520208, "manner": 9.212838810777047, "unbound": 6.97354301952014, "portion": 4.894101477840304, "access": 3.6062471895336663, "bound": 3.8380488035909903, "number": 2.2028583950544753, "step": 4.0117122976418305, "allow": 3.867462688797284, "increas": 3.6295040516979333, "recurs": 3.913272224828578, "function": 2.2610143152115496, "length": 3.7954891891721947, "input": 3.116328250586989, "total": 4.1803350100776235, "amount": 4.1803350100776235, "exampl": 3.371674942395834, "class": 3.427764409046877, "properti": 3.5395558150349937, "discuss": 2.1972245773362196, "cacm": 0.00031215857909170155, "decemb": 2.4626835130032902, "fischer": 6.462717395754149}