{"document": 4.358583241483942, "ipl": 6.68586094706836, "cacm": 0.00031215857909170155, "march": 2.546702369056466, "newel": 6.126245159132937}