{"approach": 3.1743155082373384, "match": 4.5168072466988365, "search": 10.431106374160981, "problem": 1.9651324204459957, "set": 2.554702411723542, "key": 16.259288491823117, "find": 3.58351893845611, "closest": 16.1443106163765, "queri": 4.739950798013046, "discuss": 2.1972245773362196, "term": 3.2763647625915087, "metric": 12.925434791508298, "space": 3.497444329684867, "suitabl": 4.1803350100776235, "defin": 3.1595004224521976, "structur": 2.473733349189875, "present": 3.6443601318575336, "algorithm": 0.8920854338854537, "intend": 4.894101477840304, "reduc": 3.641338509344936, "number": 2.2028583950544753, "comparison": 3.6901286735143684, "requir": 2.388575540849568, "achiev": 3.7954891891721947, "desir": 4.140329675463924, "result": 4.750123643365691, "method": 3.7071103769930414, "deriv": 3.2930318150767204, "inequ": 6.68586094706836, "satisfi": 4.383275854074314, "graph": 4.029104040353699, "theoret": 4.26549281841793, "concept": 3.4181949580307265, "empir": 4.358583241483942, "compar": 3.227968221729659, "effici": 2.7108631424788245, "cacm": 0.00031215857909170155, "april": 2.4231810700270437, "burkhard": 8.07215530818825, "keller": 6.97354301952014}