{"preliminari": 5.076423034634259, "report": 3.4669851222001586, "intern": 4.26549281841793, "algebra": 4.0117122976418305, "languag": 2.1750014405515095, "cacm": 0.00031215857909170155, "decemb": 2.4626835130032902, "perli": 5.58724865840025, "samelson": 6.462717395754149}