{"comparison": 3.6901286735143684, "heap": 6.68586094706836, "tl": 8.07215530818825, "structur": 2.473733349189875, "simul": 3.380807425959106, "event": 4.408593662058603, "set": 2.554702411723542, "cacm": 0.00031215857909170155, "octob": 2.4849066497880004, "franta": 7.379008127628304, "mali": 6.68586094706836}