{"algebra": 4.0117122976418305, "set": 2.554702411723542, "algorithm": 0.8920854338854537, "cacm": 0.00031215857909170155, "august": 2.3750618216828454, "bosworth": 6.68586094706836}