{"ethernet": 40.36077654094125, "distribut": 13.989777318739469, "packet": 48.81480113664098, "switch": 10.72821021417208, "local": 14.012873779578284, "comput": 3.9352218513144654, "network": 7.890041846286317, "branch": 5.58724865840025, "broadcast": 22.137024382884913, "commun": 11.146339444495975, "system": 3.11488523463144, "carri": 4.77631844218392, "digit": 3.2930318150767204, "data": 2.1667934601336793, "station": 19.38815218726245, "transport": 6.126245159132937, "mechan": 3.7680902149840803, "provid": 3.015909502839942, "build": 5.076423034634259, "view": 4.334485689904882, "loos": 6.462717395754149, "coupl": 5.87493073085203, "multiprocessor": 5.433097978572992, "share": 3.4871878295176777, "facil": 3.8977680382926128, "ether": 24.21646592456475, "passiv": 6.97354301952014, "medium": 5.36410510708604, "central": 4.739950798013046, "control": 8.862484487314486, "coordin": 4.853279483320049, "access": 3.6062471895336663, "contend": 6.97354301952014, "transmit": 5.299566585948469, "statist": 3.867462688797284, "arbitr": 8.07215530818825, "destin": 8.07215530818825, "receiv": 5.238941964132033, "address": 3.913272224828578, "recognit": 4.704859478201776, "design": 2.4924254822020275, "principl": 4.5168072466988365, "implement": 2.570897097643523, "base": 2.701517280060587, "experi": 3.4669851222001586, "oper": 2.270036932811187, "node": 4.434569148461864, "kilomet": 8.07215530818825, "coaxial": 8.07215530818825, "cabl": 8.07215530818825, "model": 2.996981492954423, "estim": 3.929020581796717, "perform": 2.8094651192833644, "heavi": 6.462717395754149, "load": 4.814058770166768, "protocol": 6.68586094706836, "error": 3.0482747873419735, "includ": 2.7688504001291743, "complet": 3.47703545805366, "cacm": 0.00031215857909170155, "juli": 2.3683728335320486, "metcalf": 7.379008127628304, "bogg": 8.07215530818825}