{"complex": 3.137681375057558, "comput": 1.3117406171048218, "corrigendum": 4.545794783572089, "cacm": 0.00031215857909170155, "march": 2.546702369056466, "rabin": 6.97354301952014}