{"method": 11.121331130979124, "evalu": 21.963769625402907, "polynomi": 13.63486485630473, "approxim": 6.761614851918212, "function": 6.783042945634649, "routin": 11.602388066391851, "nest": 10.152846069268518, "multipl": 10.75055681536833, "commonli": 5.127716329021809, "develop": 2.4267084105450123, "recent": 3.8977680382926128, "year": 4.160132302760104, "requir": 2.388575540849568, "fewer": 5.674260035389879, "prefer": 5.58724865840025, "practic": 3.617808011934742, "round": 4.704859478201776, "error": 3.0482747873419735, "difficulti": 4.57564774672177, "low": 4.383275854074314, "degre": 4.222007706478191, "found": 3.852647603012143, "satisfactori": 5.238941964132033, "illustr": 3.47703545805366, "cacm": 0.00031215857909170155, "march": 2.546702369056466}