{"tabl": 3.4570347913469903, "automat": 3.371674942395834, "comput": 1.3117406171048218, "cacm": 0.00031215857909170155, "januari": 2.6297375976664563, "wilf": 8.07215530818825}