{"merg": 4.9366610922591, "sort": 3.8825005661618244, "algorithm": 1.7841708677709074, "m1": 5.433097978572992, "a426": 8.07215530818825, "cacm": 0.00031215857909170155, "bron": 6.280395838960195}