{"perfect": 22.137024382884913, "hash": 24.07029385083384, "function": 9.044057260846198, "singl": 7.509334389303879, "probe": 11.985427533016829, "retriev": 10.784455481130129, "method": 18.53555188496521, "static": 10.72821021417208, "set": 17.882916882064794, "refin": 5.87493073085203, "item": 4.287965674269989, "tabl": 13.828139165387961, "consid": 3.152174382360125, "identifi": 4.140329675463924, "present": 3.6443601318575336, "build": 5.076423034634259, "mechan": 3.7680902149840803, "transform": 3.6654360609239967, "element": 7.765001132323649, "uniqu": 5.076423034634259, "address": 3.913272224828578, "quotient": 5.769570215194204, "reduct": 9.033614493397673, "shown": 2.7940406489577327, "complet": 6.95407091610732, "sens": 9.479901596026092, "smallest": 6.126245159132937, "store": 3.5288605259182457, "construct": 3.189353385601879, "found": 3.852647603012143, "nonuniformli": 8.07215530818825, "distribut": 3.497444329684867, "give": 8.575931348539978, "spars": 5.507205950726713, "remaind": 5.87493073085203, "minim": 6.78004816212806, "kind": 4.408593662058603, "techniqu": 2.240272830904733, "applic": 4.962336655354786, "directli": 4.408593662058603, "small": 3.594818493710043, "extend": 3.8977680382926128, "result": 2.3750618216828454, "larger": 4.9366610922591, "rough": 6.280395838960195, "comparison": 3.6901286735143684, "ordinari": 4.434569148461864, "show": 3.641338509344936, "conveni": 4.814058770166768, "practic": 3.617808011934742, "cacm": 0.00031215857909170155, "novemb": 2.4445341944976127, "sprugnoli": 8.07215530818825}