{"gener": 7.3119536300980545, "perspect": 5.769570215194204, "inform": 2.5627669715602726, "system": 6.22977046926288, "develop": 9.70683364218005, "categor": 7.379008127628304, "point": 3.015909502839942, "view": 8.668971379809763, "parallel": 3.8825005661618244, "commonli": 5.127716329021809, "comput": 1.3117406171048218, "scope": 5.433097978572992, "project": 4.222007706478191, "technolog": 4.5168072466988365, "world": 5.507205950726713, "examin": 3.641338509344936, "cacm": 0.00031215857909170155, "juli": 2.3683728335320486, "benjamin": 6.97354301952014}