{"consider": 3.8977680382926128, "design": 7.477276446606083, "multipl": 3.58351893845611, "comput": 2.6234812342096436, "system": 4.67232785194716, "extend": 11.693304114877838, "core": 12.932865577484062, "storag": 10.957746059691523, "larg": 2.8791984572980396, "quantiti": 5.507205950726713, "address": 3.913272224828578, "execut": 3.2358734012367716, "fast": 3.9450209231431583, "random": 7.212494379067333, "access": 7.212494379067333, "memori": 6.275362750115116, "heighten": 8.07215530818825, "multiprogram": 4.160132302760104, "perform": 2.8094651192833644, "multicomput": 8.07215530818825, "discuss": 2.1972245773362196, "gener": 3.6559768150490273, "hardwar": 3.8825005661618244, "arrang": 4.9366610922591, "softwar": 3.929020581796717, "compon": 4.26549281841793, "function": 2.2610143152115496, "base": 2.701517280060587, "plan": 4.638168103703103, "configur": 9.479901596026092, "dual": 5.769570215194204, "cdc": 5.181783550292085, "share": 3.4871878295176777, "million": 6.97354301952014, "word": 3.7546671946519394, "special": 3.5395558150349937, "emphasi": 4.5168072466988365, "estim": 3.929020581796717, "expect": 4.334485689904882, "gain": 5.127716329021809, "compar": 3.227968221729659, "tradit": 5.36410510708604, "separ": 4.2435139116991545, "independ": 3.8094754311469345, "observ": 4.9811128548299335, "made": 3.2046208577326674, "convent": 3.8380488035909903, "slower": 5.87493073085203, "speed": 3.823660066138891, "devic": 3.929020581796717, "place": 5.127716329021809, "faster": 4.9811128548299335, "cacm": 0.00031215857909170155, "fuchel": 8.07215530818825, "heller": 7.379008127628304}