{"list": 12.757413542407516, "set": 22.99232170551188, "gener": 7.3119536300980545, "construct": 6.378706771203758, "evalu": 9.413044125172675, "express": 9.478501267356593, "defin": 3.1595004224521976, "algorithm": 0.8920854338854537, "ad": 4.408593662058603, "process": 2.1750014405515095, "system": 3.11488523463144, "handl": 3.7154464814986583, "effici": 5.421726284957649, "result": 4.750123643365691, "involv": 3.4570347913469903, "oper": 2.270036932811187, "deriv": 3.2930318150767204, "parallel": 3.8825005661618244, "subexpress": 5.769570215194204, "arriv": 5.36410510708604, "final": 3.7680902149840803, "cacm": 0.00031215857909170155, "decemb": 2.4626835130032902, "shapiro": 6.462717395754149}