{"numer": 3.2046208577326674, "invers": 3.867462688797284, "laplac": 6.68586094706836, "transform": 3.6654360609239967, "cacm": 0.00031215857909170155, "march": 2.546702369056466, "schmittroth": 8.07215530818825}