{"invert": 5.299566585948469, "algorithm": 0.8920854338854537, "cacm": 0.00031215857909170155, "januari": 2.6297375976664563, "naur": 5.127716329021809}