{"algorithm": 2.676256301656361, "plan": 9.276336207406207, "collis": 19.38815218726245, "free": 7.826544449657156, "path": 8.97727273946428, "polyhedr": 24.21646592456475, "obstacl": 22.137024382884913, "paper": 1.9808454261105517, "describ": 3.0954215657676754, "avoid": 8.869138296923728, "safe": 12.252490318265874, "object": 10.14242227787732, "move": 10.36356710058417, "known": 3.7027074557212285, "transform": 7.330872121847993, "repres": 3.6062471895336663, "locu": 7.379008127628304, "forbidden": 16.1443106163765, "posit": 4.1209115896068225, "arbitrari": 4.160132302760104, "refer": 7.647320132277782, "point": 6.031819005679884, "trajectori": 13.37172189413672, "region": 4.894101477840304, "found": 3.852647603012143, "search": 3.47703545805366, "network": 3.9450209231431583, "vertex": 6.97354301952014, "vertic": 5.433097978572992, "reach": 5.87493073085203, "cacm": 0.00031215857909170155, "octob": 2.4849066497880004, "lozano": 7.379008127628304, "perez": 7.379008127628304, "wesley": 8.07215530818825}