{"propos": 2.907369334264736, "gener": 1.8279884075245136, "card": 5.238941964132033, "code": 2.948191328784991, "charact": 3.6654360609239967, "cacm": 0.00031215857909170155, "septemb": 2.546702369056466, "bemer": 5.58724865840025}