{"model": 11.987925971817692, "simul": 10.14242227787732, "digit": 19.758190890460323, "network": 23.67012553885895, "comput": 1.3117406171048218, "engin": 4.814058770166768, "effect": 3.0954215657676754, "mean": 3.2201250442686327, "analyz": 3.5503667311392095, "time": 6.15339587651617, "quantiz": 8.07215530818825, "logic": 3.6062471895336663, "behavior": 4.334485689904882, "set": 2.554702411723542, "depend": 3.929020581796717, "independ": 3.8094754311469345, "boolean": 4.638168103703103, "transform": 7.330872121847993, "describ": 3.0954215657676754, "input": 3.116328250586989, "output": 3.497444329684867, "relationship": 4.222007706478191, "element": 3.8825005661618244, "compris": 6.97354301952014, "mode": 4.77631844218392, "simplic": 10.866195957145983, "util": 3.6901286735143684, "fortran": 3.2681342634549932, "iv": 4.77631844218392, "program": 2.877673749815746, "system": 1.55744261731572, "discuss": 2.1972245773362196, "illustr": 3.47703545805366, "deriv": 3.2930318150767204, "common": 3.9450209231431583, "techniqu": 2.240272830904733, "applic": 2.481168327677393, "combin": 3.5612958016714, "sequenti": 4.5168072466988365, "systemat": 5.181783550292085, "approach": 3.1743155082373384, "cacm": 0.00031215857909170155, "larsen": 6.97354301952014, "mano": 6.97354301952014}