{"shift": 22.348994633601, "regist": 20.110531481859308, "code": 29.481913287849906, "index": 4.383275854074314, "applic": 4.962336655354786, "commun": 7.430892962997317, "call": 6.817432428152365, "wireless": 8.07215530818825, "telemet": 16.1443106163765, "station": 25.850869583016596, "fix": 4.064822122955779, "cyclic": 5.87493073085203, "order": 2.93049175168559, "high": 3.6777061535158113, "degre": 4.222007706478191, "redund": 4.9811128548299335, "permit": 7.14469127571597, "singl": 3.7546671946519394, "error": 6.096549574683947, "correct": 3.6295040516979333, "minimum": 4.1209115896068225, "distanc": 5.58724865840025, "bit": 3.977810745966149, "word": 3.7546671946519394, "employ": 11.739816674485734, "identif": 5.238941964132033, "embed": 5.299566585948469, "period": 4.77631844218392, "punctuat": 8.07215530818825, "receiv": 10.477883928264067, "simpli": 5.36410510708604, "put": 5.674260035389879, "zero": 5.507205950726713, "time": 2.0511319588387233, "combin": 7.1225916033428, "aris": 4.704859478201776, "identifi": 4.140329675463924, "bar": 8.07215530818825, "tuitou": 8.07215530818825, "low": 4.383275854074314, "probabl": 4.222007706478191, "describ": 3.0954215657676754, "properti": 3.5395558150349937, "detail": 3.447182494903979, "find": 3.58351893845611, "ural": 7.379008127628304, "soviet": 6.462717395754149, "built": 5.076423034634259, "drum": 5.127716329021809, "comput": 1.3117406171048218, "donat": 8.07215530818825, "indian": 8.07215530818825, "statist": 3.867462688797284, "institut": 5.299566585948469, "unit": 4.2435139116991545, "nation": 4.9811128548299335, "technic": 5.127716329021809, "aid": 4.029104040353699, "administr": 5.299566585948469, "untaa": 8.07215530818825, "cacm": 0.00031215857909170155, "octob": 2.4849066497880004, "nadler": 6.68586094706836, "sengupta": 8.07215530818825}