{"uniform": 4.853279483320049, "pseudorandom": 12.56079167792039, "number": 4.405716790108951, "gener": 7.3119536300980545, "multipl": 3.58351893845611, "congruenti": 6.68586094706836, "discuss": 2.1972245773362196, "modulu": 13.37172189413672, "largest": 6.280395838960195, "prime": 9.341915853052189, "accumul": 5.127716329021809, "capac": 5.36410510708604, "multipli": 5.87493073085203, "primit": 4.814058770166768, "root": 4.140329675463924, "pass": 4.57564774672177, "usual": 5.299566585948469, "statist": 3.867462688797284, "test": 3.0817227214095135, "addit": 3.318565117081885, "signific": 7.858041163593434, "bit": 7.955621491932298, "random": 3.6062471895336663, "properti": 3.5395558150349937, "possess": 5.36410510708604, "cacm": 0.00031215857909170155, "june": 2.3717117347975636, "hutchinson": 6.462717395754149}