{"sort": 19.41250283080912, "larg": 2.8791984572980396, "volum": 5.58724865840025, "random": 7.212494379067333, "access": 7.212494379067333, "drum": 10.255432658043619, "storag": 2.7394365149228808, "approach": 3.1743155082373384, "record": 7.734925377594568, "memori": 3.137681375057558, "program": 1.438836874907873, "design": 2.4924254822020275, "gener": 5.483965222573541, "applic": 2.481168327677393, "varieti": 4.1209115896068225, "statement": 3.7154464814986583, "descript": 3.437426319958614, "divid": 4.739950798013046, "part": 10.1150248271875, "present": 1.8221800659287668, "oper": 2.270036932811187, "environ": 3.7680902149840803, "defin": 3.1595004224521976, "solut": 2.763887610787045, "describ": 3.0954215657676754, "intern": 4.26549281841793, "merg": 4.9366610922591, "techniqu": 2.240272830904733, "cacm": 0.00031215857909170155, "falkin": 8.07215530818825, "savastano": 8.07215530818825, "jr": 3.243841570885949}