{"netflow": 6.462717395754149, "algorithm": 0.8920854338854537, "cacm": 0.00031215857909170155, "februari": 2.6211168546225494, "brigg": 6.97354301952014}