{"evolut": 11.74986146170406, "storag": 2.7394365149228808, "structur": 7.421200047569625, "data": 6.5003803804010385, "base": 2.701517280060587, "manag": 4.046803617453101, "system": 1.55744261731572, "grown": 6.126245159132937, "rapidli": 6.126245159132937, "power": 3.7680902149840803, "complex": 3.137681375057558, "year": 4.160132302760104, "histori": 5.076423034634259, "process": 2.1750014405515095, "commerci": 6.126245159132937, "comput": 1.3117406171048218, "origin": 4.2435139116991545, "concept": 13.672779832122906, "split": 11.74986146170406, "term": 3.2763647625915087, "adopt": 5.992713766508414, "refer": 3.823660066138891, "diagram": 5.36410510708604, "graphic": 4.2435139116991545, "techniqu": 2.240272830904733, "illustr": 3.47703545805366, "relat": 3.144901623031045, "exist": 3.572345637857985, "point": 3.015909502839942, "cacm": 0.00031215857909170155, "juli": 2.3683728335320486, "bachman": 6.97354301952014}