{"numer": 3.2046208577326674, "solut": 2.763887610787045, "polynomi": 3.4087162140761826, "equat": 3.1093106779283426, "algorithm": 0.8920854338854537, "c2": 5.87493073085203, "cacm": 0.00031215857909170155, "kohfeld": 8.07215530818825}