{"organ": 17.539035583602068, "structur": 4.94746669837975, "data": 8.667173840534717, "integr": 2.984558972955866, "part": 3.371674942395834, "process": 2.1750014405515095, "system": 7.787213086578601, "select": 3.617808011934742, "critic": 4.814058770166768, "oper": 2.270036932811187, "effici": 2.7108631424788245, "paper": 1.9808454261105517, "design": 4.984850964404055, "inform": 2.5627669715602726, "sourc": 4.101863394636128, "describ": 3.0954215657676754, "ten": 5.238941964132033, "techniqu": 2.240272830904733, "employ": 3.913272224828578, "characterist": 3.6295040516979333, "applic": 2.481168327677393, "independ": 3.8094754311469345, "provid": 3.015909502839942, "refer": 3.823660066138891, "limit": 3.6295040516979333, "number": 2.2028583950544753, "consid": 3.152174382360125, "cacm": 0.00031215857909170155, "juli": 2.3683728335320486, "dzubak": 8.07215530818825, "warburton": 8.07215530818825}