{"construct": 3.189353385601879, "set": 5.109404823447084, "test": 6.163445442819027, "matric": 7.858041163593434, "paper": 1.9808454261105517, "develop": 2.4267084105450123, "equat": 3.1093106779283426, "properti": 3.5395558150349937, "determin": 6.019120550322566, "accuraci": 4.383275854074314, "routin": 3.867462688797284, "find": 3.58351893845611, "invers": 3.867462688797284, "eigenvalu": 4.814058770166768, "matrix": 3.137681375057558, "cacm": 0.00031215857909170155, "august": 2.3750618216828454, "aegert": 8.07215530818825}