{"comment": 4.064822122955779, "doubl": 5.769570215194204, "chain": 4.894101477840304, "tree": 3.58351893845611, "cacm": 0.00031215857909170155, "april": 2.4231810700270437, "hu": 6.97354301952014}