{"orient": 7.955621491932298, "comput": 3.9352218513144654, "scienc": 19.889053729830746, "student": 17.24382076997875, "technolog": 13.55042174009651, "nontechnolog": 8.07215530818825, "investig": 4.26549281841793, "special": 3.5395558150349937, "attent": 5.076423034634259, "complex": 6.275362750115116, "structur": 4.94746669837975, "close": 4.638168103703103, "contrast": 5.58724865840025, "social": 11.348520070779758, "aloof": 8.07215530818825, "confirm": 6.97354301952014, "rate": 4.408593662058603, "univers": 3.9946178642825303, "minnesota": 8.07215530818825, "major": 7.734925377594568, "found": 3.852647603012143, "cacm": 0.00031215857909170155, "march": 2.546702369056466, "anderson": 6.126245159132937}