{"algorithm": 0.8920854338854537, "invert": 5.299566585948469, "alg": 16.1443106163765, "gauss": 5.36410510708604, "method": 1.8535551884965207, "invers": 3.867462688797284, "ii": 4.140329675463924, "gjr": 8.07215530818825, "cacm": 0.00031215857909170155, "august": 2.3750618216828454, "naur": 5.127716329021809}