{"organ": 3.5078071167204135, "sequenti": 9.033614493397673, "search": 17.385177290268302, "heurist": 13.81925821616557, "paper": 1.9808454261105517, "examin": 3.641338509344936, "class": 3.427764409046877, "maintain": 4.638168103703103, "list": 3.189353385601879, "approxim": 3.380807425959106, "optim": 9.522946524712015, "order": 2.93049175168559, "respect": 4.26549281841793, "averag": 4.26549281841793, "time": 2.0511319588387233, "requir": 2.388575540849568, "element": 7.765001132323649, "assum": 4.358583241483942, "fix": 4.064822122955779, "probabl": 8.444015412956382, "independ": 3.8094754311469345, "previou": 4.434569148461864, "perform": 2.8094651192833644, "move": 5.181783550292085, "front": 6.97354301952014, "transposit": 17.97814129952524, "shown": 5.5880812979154655, "constant": 4.48863636973214, "factor": 3.852647603012143, "rule": 3.47703545805366, "effici": 2.7108631424788245, "empir": 4.358583241483942, "evid": 5.076423034634259, "suggest": 3.399326473726344, "fact": 4.6709579265260945, "distribut": 3.497444329684867, "cacm": 0.00031215857909170155, "februari": 2.6211168546225494, "rivest": 6.68586094706836}