{"evalu": 3.137681375057558, "determin": 3.009560275161283, "algorithm": 0.8920854338854537, "cacm": 0.00031215857909170155, "septemb": 2.546702369056466, "freed": 6.68586094706836}