{"note": 3.497444329684867, "condit": 6.78004816212806, "express": 6.319000844904395, "evalu": 3.137681375057558, "succeed": 8.07215530818825, "decid": 5.58724865840025, "predic": 6.280395838960195, "diverg": 6.97354301952014, "altern": 3.9612814440149386, "record": 3.867462688797284, "node": 4.434569148461864, "field": 3.9946178642825303, "content": 4.638168103703103, "cacm": 0.00031215857909170155, "novemb": 2.4445341944976127, "friedman": 6.126245159132937, "wise": 6.462717395754149}