{"catalogu": 7.379008127628304, "entri": 4.334485689904882, "retriev": 3.594818493710043, "system": 1.55744261731572, "scheff": 7.379008127628304, "cacm": 0.00031215857909170155, "juli": 2.3683728335320486}