{"oper": 4.540073865622374, "environ": 7.5361804299681605, "dynam": 11.514146410772971, "recurs": 11.739816674485734, "comput": 2.6234812342096436, "program": 7.194184374539365, "system": 4.67232785194716, "present": 1.8221800659287668, "paper": 1.9808454261105517, "nontechn": 7.379008127628304, "introduct": 4.894101477840304, "oedipu": 8.07215530818825, "serv": 4.57564774672177, "servic": 4.5168072466988365, "includ": 2.7688504001291743, "alloc": 3.6295040516979333, "storag": 2.7394365149228808, "contigu": 6.126245159132937, "block": 3.929020581796717, "arbitrari": 4.160132302760104, "size": 3.427764409046877, "input": 3.116328250586989, "output": 3.497444329684867, "hierarchi": 5.238941964132033, "data": 2.1667934601336793, "type": 3.144901623031045, "public": 5.127716329021809, "pushdown": 6.126245159132937, "list": 3.189353385601879, "automat": 3.371674942395834, "rudimentari": 7.379008127628304, "compil": 3.074943034424135, "subroutin": 4.1209115896068225, "commun": 3.7154464814986583, "bookkeep": 5.992713766508414, "debug": 4.6064194053885235, "aid": 4.029104040353699, "cacm": 0.00031215857909170155, "june": 2.3717117347975636, "brown": 5.027632870464827}