{"focu": 37.68237503376117, "microcomput": 13.37172189413672, "number": 6.608575185163426, "system": 4.67232785194716, "support": 4.434569148461864, "comput": 2.6234812342096436, "algorithm": 1.7841708677709074, "especi": 5.127716329021809, "control": 2.954161495771495, "signal": 5.238941964132033, "process": 2.1750014405515095, "applic": 4.962336655354786, "wide": 4.408593662058603, "rang": 4.222007706478191, "charact": 3.6654360609239967, "float": 9.55263688436784, "point": 9.047728508519825, "uniform": 4.853279483320049, "state": 3.852647603012143, "distribut": 3.497444329684867, "give": 4.287965674269989, "twofold": 6.97354301952014, "accuraci": 4.383275854074314, "advantag": 3.7027074557212285, "equal": 4.6709579265260945, "word": 3.7546671946519394, "length": 3.7954891891721947, "typic": 4.461237395544026, "time": 2.0511319588387233, "faster": 4.9811128548299335, "singl": 3.7546671946519394, "precis": 4.064822122955779, "fix": 4.064822122955779, "integ": 4.140329675463924, "arithmet": 7.380257347028737, "mixtur": 6.126245159132937, "oper": 2.270036932811187, "compar": 3.227968221729659, "speed": 3.823660066138891, "hardwar": 3.8825005661618244, "bit": 7.955621491932298, "implement": 2.570897097643523, "includ": 2.7688504001291743, "cacm": 0.00031215857909170155, "march": 2.546702369056466, "edgar": 8.07215530818825, "lee": 6.280395838960195}