{"start": 9.788202955680608, "approxim": 10.14242227787732, "squar": 10.8885121550938, "root": 12.420989026391773, "calcul": 7.0791116300699874, "ibm": 10.554835249763126, "system": 4.67232785194716, "newton": 4.9366610922591, "method": 1.8535551884965207, "present": 1.8221800659287668, "form": 3.0954215657676754, "facilit": 4.739950798013046, "routin": 3.867462688797284, "includ": 2.7688504001291743, "rang": 4.222007706478191, "interv": 4.48863636973214, "primari": 5.027632870464827, "interest": 3.9450209231431583, "cacm": 0.00031215857909170155, "april": 2.4231810700270437, "fike": 7.379008127628304}