{"order": 2.93049175168559, "correct": 10.8885121550938, "regular": 11.014411901453427, "languag": 4.350002881103019, "method": 5.560665565489562, "present": 3.6443601318575336, "calcul": 7.0791116300699874, "string": 14.810829822884914, "belong": 6.462717395754149, "nearest": 7.379008127628304, "number": 4.405716790108951, "edit": 4.739950798013046, "oper": 2.270036932811187, "input": 3.116328250586989, "view": 4.334485689904882, "reason": 4.287965674269989, "possibl": 4.77631844218392, "erron": 8.07215530818825, "origin": 4.2435139116991545, "intend": 4.894101477840304, "requir": 2.388575540849568, "time": 2.0511319588387233, "proport": 5.076423034634259, "charact": 3.6654360609239967, "find": 3.58351893845611, "applic": 2.481168327677393, "inform": 2.5627669715602726, "retriev": 3.594818493710043, "artifici": 5.36410510708604, "intellig": 5.181783550292085, "spell": 6.68586094706836, "system": 1.55744261731572, "cacm": 0.00031215857909170155, "wagner": 6.462717395754149}