{"program": 1.438836874907873, "digit": 3.2930318150767204, "comput": 1.3117406171048218, "cacm": 0.00031215857909170155, "april": 2.4231810700270437, "perli": 5.58724865840025}