{"characterist": 3.6295040516979333, "valu": 3.7027074557212285, "solut": 2.763887610787045, "mathieu": 6.97354301952014, "differenti": 3.929020581796717, "equat": 3.1093106779283426, "algorithm": 0.8920854338854537, "s22": 5.299566585948469, "cacm": 0.00031215857909170155, "decemb": 2.4626835130032902, "sale": 6.280395838960195}