{"count": 4.9366610922591, "ibm": 3.518278416587709, "cacm": 0.00031215857909170155, "august": 2.3750618216828454, "kutler": 8.07215530818825}