{"eleven": 8.07215530818825, "sixteenth": 8.07215530818825, "inch": 6.68586094706836, "perfor": 6.126245159132937, "paper": 1.9808454261105517, "tape": 4.046803617453101, "propos": 2.907369334264736, "american": 4.358583241483942, "standard": 3.1023420086122493, "cacm": 0.00031215857909170155}