{"multiprogram": 4.160132302760104, "environ": 3.7680902149840803, "onlin": 5.127716329021809, "data": 8.667173840534717, "acqui": 16.1443106163765, "ition": 16.1443106163765, "analysi": 8.32151382492064, "experiment": 3.867462688797284, "system": 1.55744261731572, "larg": 5.758396914596079, "bodi": 5.87493073085203, "deriv": 3.2930318150767204, "scientif": 4.9366610922591, "experi": 3.4669851222001586, "architectur": 5.076423034634259, "implement": 2.570897097643523, "base": 2.701517280060587, "object": 3.380807425959106, "characterist": 3.6295040516979333, "gener": 1.8279884075245136, "scheme": 3.518278416587709, "earli": 5.027632870464827, "applic": 2.481168327677393, "orient": 3.977810745966149, "investig": 4.26549281841793, "obtain": 3.116328250586989, "biolog": 5.87493073085203, "research": 3.977810745966149, "problem": 1.9651324204459957, "encount": 5.076423034634259, "chosen": 4.894101477840304, "approach": 3.1743155082373384, "discuss": 2.1972245773362196, "cacm": 0.00031215857909170155, "decemb": 2.4626835130032902, "lockemann": 7.379008127628304, "knutsen": 7.379008127628304}