{"regress": 5.674260035389879, "direct": 3.58351893845611, "product": 3.9946178642825303, "matric": 3.929020581796717, "algorithm": 0.8920854338854537, "g2": 6.97354301952014, "cacm": 0.00031215857909170155, "decemb": 2.4626835130032902, "claringbold": 7.379008127628304}