{"digit": 3.2930318150767204, "comput": 1.3117406171048218, "univers": 3.9946178642825303, "iii": 4.704859478201776, "cacm": 0.00031215857909170155, "septemb": 2.546702369056466, "reev": 5.87493073085203}