{"note": 3.497444329684867, "multipli": 5.87493073085203, "boolean": 4.638168103703103, "matric": 3.929020581796717, "ii": 4.140329675463924, "cacm": 0.00031215857909170155, "januari": 2.6297375976664563, "comstock": 8.07215530818825}