{"number": 2.2028583950544753, "digit": 3.2930318150767204, "shorthand": 8.07215530818825, "present": 5.4665401977863, "commun": 3.7154464814986583, "system": 3.11488523463144, "transmit": 5.299566585948469, "singl": 7.509334389303879, "charact": 14.661744243695987, "group": 4.1803350100776235, "code": 5.896382657569982, "puls": 6.97354301952014, "simpl": 3.009560275161283, "termin": 8.203726789272256, "equip": 4.9366610922591, "english": 4.6064194053885235, "word": 11.264001583955817, "form": 3.0954215657676754, "spars": 5.507205950726713, "set": 2.554702411723542, "alphabet": 5.58724865840025, "combin": 3.5612958016714, "method": 1.8535551884965207, "ineffici": 5.87493073085203, "comput": 1.3117406171048218, "substitut": 5.433097978572992, "numer": 6.409241715465335, "represent": 7.100733462278419, "entir": 4.638168103703103, "common": 3.9450209231431583, "phrase": 5.238941964132033, "requir": 2.388575540849568, "approxim": 3.380807425959106, "transmiss": 14.9433385644898, "time": 2.0511319588387233, "save": 4.739950798013046, "reflect": 5.433097978572992, "cost": 3.518278416587709, "benefit": 5.36410510708604, "accru": 7.379008127628304, "languag": 2.1750014405515095, "translat": 3.6901286735143684, "scheme": 3.518278416587709, "provis": 5.58724865840025, "made": 3.2046208577326674, "pure": 5.769570215194204, "binari": 3.8094754311469345, "stream": 5.992713766508414, "non": 4.638168103703103, "dictionari": 5.674260035389879, "name": 5.433097978572992, "peopl": 5.507205950726713, "place": 5.127716329021809, "cacm": 0.00031215857909170155, "octob": 2.4849066497880004, "bemer": 5.58724865840025}