{"propos": 2.907369334264736, "american": 4.358583241483942, "nation": 4.9811128548299335, "standard": 3.1023420086122493, "cacm": 0.00031215857909170155, "august": 2.3750618216828454, "kerpelman": 8.07215530818825}