{"model": 8.99094447886327, "verif": 10.866195957145983, "data": 4.333586920267359, "secur": 26.194709820660165, "oper": 9.080147731244748, "system": 7.787213086578601, "program": 1.438836874907873, "appli": 3.2681342634549932, "kernel": 6.126245159132937, "architectur": 5.076423034634259, "form": 3.0954215657676754, "promis": 5.58724865840025, "method": 1.8535551884965207, "provid": 3.015909502839942, "uncircumvent": 8.07215530818825, "share": 3.4871878295176777, "comput": 1.3117406171048218, "precis": 4.064822122955779, "definit": 3.6777061535158113, "develop": 2.4267084105450123, "term": 3.2763647625915087, "gener": 1.8279884075245136, "suitabl": 4.1803350100776235, "basi": 4.029104040353699, "verifi": 5.507205950726713, "properti": 3.5395558150349937, "assur": 6.462717395754149, "reliabl": 4.77631844218392, "enforc": 6.126245159132937, "applic": 2.481168327677393, "approach": 3.1743155082373384, "ucla": 7.379008127628304, "discuss": 2.1972245773362196, "cacm": 0.00031215857909170155, "septemb": 2.546702369056466, "popek": 7.379008127628304, "farber": 7.379008127628304}