{"prove": 3.8380488035909903, "theorem": 4.5168072466988365, "pattern": 4.101863394636128, "recognit": 4.704859478201776, "cacm": 0.00031215857909170155, "april": 2.4231810700270437, "wang": 6.97354301952014}