{"factor": 3.852647603012143, "algorithm": 0.8920854338854537, "cacm": 0.00031215857909170155, "januari": 2.6297375976664563, "peck": 6.126245159132937}