{"arithmet": 7.380257347028737, "express": 6.319000844904395, "tree": 7.16703787691222, "descript": 3.437426319958614, "repres": 7.212494379067333, "evalu": 3.137681375057558, "drawn": 5.127716329021809, "number": 2.2028583950544753, "accumul": 5.127716329021809, "need": 3.251873742583213, "comput": 2.6234812342096436, "straightforward": 5.433097978572992, "manner": 4.6064194053885235, "represent": 3.5503667311392095, "reduc": 3.641338509344936, "choic": 4.57564774672177, "order": 2.93049175168559, "specif": 3.227968221729659, "problem": 3.9302648408919914, "theori": 4.140329675463924, "graph": 4.029104040353699, "algorithm": 0.8920854338854537, "solv": 3.5078071167204135, "present": 1.8221800659287668, "cacm": 0.00031215857909170155, "februari": 2.6211168546225494, "redziejowski": 8.07215530818825}