{"complex": 3.137681375057558, "number": 2.2028583950544753, "real": 3.5078071167204135, "power": 3.7680902149840803, "algorithm": 0.8920854338854537, "cacm": 0.00031215857909170155, "decemb": 2.4626835130032902, "erwin": 8.07215530818825, "jr": 3.243841570885949}