{"pitch": 29.516032510513217, "period": 14.32895532655176, "determin": 6.019120550322566, "speech": 26.74344378827344, "sound": 11.74986146170406, "comput": 2.6234812342096436, "procedur": 5.27686660926802, "recognit": 4.704859478201776, "peak": 6.68586094706836, "structur": 2.473733349189875, "waveform": 13.94708603904028, "sampl": 4.310955192494688, "microphon": 8.07215530818825, "analog": 5.299566585948469, "digit": 3.2930318150767204, "convert": 4.383275854074314, "attach": 6.126245159132937, "interconnect": 6.126245159132937, "ibm": 7.036556833175418, "pdp": 5.507205950726713, "system": 1.55744261731572, "utter": 6.97354301952014, "record": 3.867462688797284, "normal": 3.929020581796717, "nois": 6.68586094706836, "level": 3.2681342634549932, "room": 8.07215530818825, "band": 6.68586094706836, "compress": 5.58724865840025, "phase": 5.027632870464827, "distort": 7.379008127628304, "manner": 4.6064194053885235, "sequenc": 3.6654360609239967, "oper": 2.270036932811187, "defin": 3.1595004224521976, "wave": 5.58724865840025, "select": 3.617808011934742, "list": 3.189353385601879, "point": 3.015909502839942, "candid": 6.68586094706836, "marker": 14.758016255256608, "valid": 4.894101477840304, "error": 3.0482747873419735, "detect": 4.310955192494688, "correct": 3.6295040516979333, "percent": 4.814058770166768, "recogn": 5.027632870464827, "correctli": 5.674260035389879, "time": 4.102263917677447, "real": 3.5078071167204135, "cacm": 0.00031215857909170155, "june": 2.3717117347975636, "reddi": 8.07215530818825}