{"rel": 8.401908594560718, "effect": 9.286264697303025, "central": 4.739950798013046, "processor": 3.7154464814986583, "input": 6.232656501173978, "output": 6.994888659369734, "speed": 15.294640264555564, "throughput": 6.126245159132937, "larg": 2.8791984572980396, "comput": 2.6234812342096436, "present": 1.8221800659287668, "paper": 1.9808454261105517, "techniqu": 2.240272830904733, "determin": 6.019120550322566, "intern": 4.26549281841793, "unit": 4.2435139116991545, "system": 1.55744261731572, "equat": 3.1093106779283426, "deriv": 3.2930318150767204, "permit": 3.572345637857985, "hardwar": 3.8825005661618244, "usag": 4.6064194053885235, "measur": 3.8380488035909903, "cacm": 0.00031215857909170155, "decemb": 2.4626835130032902, "white": 6.280395838960195}