{"design": 2.4924254822020275, "improv": 3.3536564368931554, "transmiss": 4.9811128548299335, "data": 2.1667934601336793, "process": 2.1750014405515095, "code": 2.948191328784991, "cacm": 0.00031215857909170155, "bemer": 5.58724865840025, "smith": 4.310955192494688, "jr": 6.487683141771898, "william": 5.507205950726713}