{"machin": 2.918863713690471, "program": 2.877673749815746, "theorem": 4.5168072466988365, "prove": 3.8380488035909903, "proof": 4.1803350100776235, "procedur": 2.63843330463401, "discuss": 2.1972245773362196, "connect": 4.310955192494688, "trial": 5.674260035389879, "run": 3.6777061535158113, "improv": 3.3536564368931554, "cacm": 0.00031215857909170155, "juli": 2.3683728335320486, "davi": 6.462717395754149, "logemann": 8.07215530818825, "loveland": 8.07215530818825}