{"implement": 5.141794195287046, "phrase": 10.477883928264067, "structur": 9.8949333967595, "product": 7.989235728565061, "pl": 10.255432658043619, "method": 1.8535551884965207, "context": 3.913272224828578, "free": 3.913272224828578, "grammar": 8.241823179213645, "procedur": 2.63843330463401, "statement": 3.7154464814986583, "parallel": 3.8825005661618244, "notat": 4.434569148461864, "cacm": 0.00031215857909170155, "juli": 2.3683728335320486, "irwin": 8.07215530818825}