{"storag": 5.4788730298457615, "alloc": 7.259008103395867, "iter": 12.140410852359302, "process": 6.525004321654528, "method": 5.560665565489562, "core": 4.310955192494688, "estim": 3.929020581796717, "machin": 2.918863713690471, "time": 2.0511319588387233, "requir": 2.388575540849568, "applic": 2.481168327677393, "input": 6.232656501173978, "data": 4.333586920267359, "item": 4.287965674269989, "chosen": 4.894101477840304, "need": 3.251873742583213, "continu": 3.852647603012143, "reloc": 6.280395838960195, "space": 3.497444329684867, "made": 3.2046208577326674, "apport": 8.07215530818825, "output": 3.497444329684867, "tabl": 3.4570347913469903, "overflow": 5.87493073085203, "occur": 8.621910384989375, "import": 3.497444329684867, "special": 3.5395558150349937, "case": 3.2123429038265776, "consid": 3.152174382360125, "consider": 3.8977680382926128, "simplif": 5.674260035389879, "cacm": 0.00031215857909170155, "june": 2.3717117347975636, "abramowich": 8.07215530818825}