{"global": 5.127716329021809, "parser": 5.127716329021809, "context": 3.913272224828578, "free": 3.913272224828578, "phrase": 5.238941964132033, "structur": 2.473733349189875, "grammar": 4.1209115896068225, "cacm": 0.00031215857909170155, "june": 2.3717117347975636, "unger": 6.97354301952014}