{"incomplet": 5.127716329021809, "ellipt": 5.238941964132033, "integr": 2.984558972955866, "algorithm": 0.8920854338854537, "cacm": 0.00031215857909170155, "februari": 2.6211168546225494, "meyer": 6.68586094706836}