{"shellsort": 6.68586094706836, "algorithm": 0.8920854338854537, "cacm": 0.00031215857909170155, "june": 2.3717117347975636, "batti": 8.07215530818825}