{"multipl": 3.58351893845611, "shoot": 7.379008127628304, "method": 1.8535551884965207, "point": 3.015909502839942, "boundari": 4.6709579265260945, "problem": 1.9651324204459957, "cacm": 0.00031215857909170155, "decemb": 2.4626835130032902, "morrison": 8.07215530818825, "riley": 8.07215530818825, "zancanaro": 8.07215530818825}