{"comput": 3.9352218513144654, "teach": 10.36356710058417, "introductori": 6.462717395754149, "statist": 11.602388066391851, "obviou": 11.539140430388407, "aid": 8.058208080707399, "calcul": 3.5395558150349937, "offer": 9.55263688436784, "forc": 5.36410510708604, "chang": 4.2435139116991545, "curricula": 6.280395838960195, "mathemat": 3.6295040516979333, "physic": 4.57564774672177, "engin": 4.814058770166768, "cours": 4.48863636973214, "pedagog": 6.280395838960195, "subject": 4.160132302760104, "matter": 5.674260035389879, "possibl": 4.77631844218392, "give": 4.287965674269989, "student": 4.310955192494688, "technic": 5.127716329021809, "conceptu": 5.181783550292085, "understand": 4.704859478201776, "explor": 5.181783550292085, "number": 2.2028583950544753, "year": 4.160132302760104, "colleg": 5.674260035389879, "medicin": 6.462717395754149, "univers": 3.9946178642825303, "cincinnati": 7.379008127628304, "report": 3.4669851222001586, "cacm": 0.00031215857909170155, "april": 2.4231810700270437, "sterl": 6.280395838960195, "pollack": 5.992713766508414}