{"newton": 4.9366610922591, "interpol": 4.6064194053885235, "forward": 5.507205950726713, "divid": 4.739950798013046, "differ": 3.977810745966149, "algorithm": 0.8920854338854537, "cacm": 0.00031215857909170155, "septemb": 2.546702369056466, "thacher": 4.358583241483942, "jr": 3.243841570885949}