{"share": 3.4871878295176777, "secret": 6.462717395754149, "paper": 1.9808454261105517, "show": 3.641338509344936, "divid": 4.739950798013046, "data": 2.1667934601336793, "piec": 29.963568832542073, "easili": 4.26549281841793, "reconstruct": 5.58724865840025, "complet": 3.47703545805366, "knowledg": 5.027632870464827, "reveal": 5.181783550292085, "olut": 8.07215530818825, "inform": 2.5627669715602726, "techniqu": 2.240272830904733, "enabl": 4.5168072466988365, "construct": 3.189353385601879, "robust": 7.379008127628304, "key": 4.064822122955779, "manag": 4.046803617453101, "scheme": 3.518278416587709, "cryptograph": 6.68586094706836, "system": 1.55744261731572, "function": 2.2610143152115496, "secur": 10.477883928264067, "reliabl": 4.77631844218392, "misfortun": 8.07215530818825, "destroy": 6.68586094706836, "half": 4.739950798013046, "breach": 6.97354301952014, "expos": 6.68586094706836, "remain": 5.127716329021809, "cacm": 0.00031215857909170155, "novemb": 2.4445341944976127, "shamir": 6.97354301952014}