{"comput": 1.3117406171048218, "spline": 5.433097978572992, "factor": 3.852647603012143, "method": 1.8535551884965207, "e2": 5.181783550292085, "algorithm": 0.8920854338854537, "a485": 8.07215530818825, "cacm": 0.00031215857909170155, "septemb": 2.546702369056466, "eidson": 8.07215530818825, "schumak": 6.97354301952014}