{"power": 7.5361804299681605, "tree": 28.66815150764888, "class": 6.855528818093754, "pk": 16.1443106163765, "present": 1.8221800659287668, "height": 12.252490318265874, "balanc": 5.076423034634259, "maintain": 4.638168103703103, "node": 17.738276593847456, "iye": 8.07215530818825, "path": 4.48863636973214, "number": 4.405716790108951, "asymptot": 5.433097978572992, "grow": 5.127716329021809, "worst": 5.674260035389879, "case": 3.2123429038265776, "procedur": 5.27686660926802, "insert": 9.8733221845182, "consid": 3.152174382360125, "restrict": 4.160132302760104, "ipk": 8.07215530818825, "buildabl": 8.07215530818825, "averag": 4.26549281841793, "behavior": 4.334485689904882, "studi": 3.227968221729659, "extens": 3.3359568597937543, "set": 2.554702411723542, "simul": 3.380807425959106, "run": 3.6777061535158113, "close": 4.638168103703103, "avl": 6.126245159132937, "famili": 5.027632870464827, "ipo": 8.07215530818825, "main": 4.029104040353699, "advantag": 3.7027074557212285, "reduc": 3.641338509344936, "restructur": 5.87493073085203, "requir": 2.388575540849568, "analyz": 3.5503667311392095, "cacm": 0.00031215857909170155, "novemb": 2.4445341944976127, "luccio": 6.68586094706836, "pagli": 8.07215530818825}