{"propos": 5.814738668529472, "feasibl": 4.894101477840304, "program": 15.827205623986604, "system": 3.11488523463144, "paper": 1.9808454261105517, "design": 2.4924254822020275, "facil": 11.693304114877838, "involv": 3.4570347913469903, "digit": 3.2930318150767204, "comput": 3.9352218513144654, "assist": 4.9366610922591, "prepar": 9.15129549344354, "larg": 5.758396914596079, "scale": 4.287965674269989, "real": 3.5078071167204135, "time": 2.0511319588387233, "capabl": 3.8094754311469345, "varieti": 4.1209115896068225, "machin": 2.918863713690471, "characterist": 7.259008103395867, "similar": 3.7954891891721947, "basic": 3.4181949580307265, "assumpt": 9.479901596026092, "random": 3.6062471895336663, "access": 3.6062471895336663, "storag": 2.7394365149228808, "avoid": 4.434569148461864, "necess": 6.126245159132937, "segment": 4.434569148461864, "construct": 9.568060156805636, "fashion": 5.992713766508414, "trivial": 6.68586094706836, "unrealist": 8.07215530818825, "intend": 4.894101477840304, "provid": 3.015909502839942, "opportun": 5.992713766508414, "concentr": 5.769570215194204, "aspect": 4.083171261623976, "stress": 5.769570215194204, "discoveri": 6.68586094706836, "sourc": 4.101863394636128, "statement": 3.7154464814986583, "error": 3.0482747873419735, "attempt": 4.1209115896068225, "object": 3.380807425959106, "advoc": 6.97354301952014, "interrupt": 5.507205950726713, "scheme": 3.518278416587709, "set": 2.554702411723542, "charact": 3.6654360609239967, "indirect": 6.126245159132937, "address": 3.913272224828578, "cacm": 0.00031215857909170155, "august": 2.3750618216828454, "bagley": 7.379008127628304}