{"dynam": 3.8380488035909903, "microprogram": 5.87493073085203, "processor": 3.7154464814986583, "organ": 3.5078071167204135, "program": 1.438836874907873, "corrigendum": 4.545794783572089, "cacm": 0.00031215857909170155, "februari": 2.6211168546225494, "tucker": 6.462717395754149}