{"peephol": 16.1443106163765, "optim": 9.522946524712015, "redund": 4.9811128548299335, "instruct": 3.867462688797284, "discard": 6.68586094706836, "final": 3.7680902149840803, "stage": 4.9811128548299335, "compil": 3.074943034424135, "simpl": 3.009560275161283, "techniqu": 2.240272830904733, "call": 3.4087162140761826, "method": 1.8535551884965207, "examplesar": 8.07215530818825, "cacm": 0.00031215857909170155, "juli": 2.3683728335320486, "mckeeman": 5.674260035389879}