{"multi": 5.027632870464827, "dimension": 4.2435139116991545, "squar": 3.6295040516979333, "polynomi": 3.4087162140761826, "curv": 4.1803350100776235, "fit": 3.9946178642825303, "cacm": 0.00031215857909170155, "septemb": 2.546702369056466, "lesh": 8.07215530818825}