{"schedul": 7.955621491932298, "algorithm": 2.676256301656361, "comput": 2.6234812342096436, "assist": 9.8733221845182, "registr": 14.758016255256608, "system": 3.11488523463144, "paper": 1.9808454261105517, "present": 3.6443601318575336, "univers": 3.9946178642825303, "tennesse": 8.07215530818825, "notat": 4.434569148461864, "defin": 3.1595004224521976, "logic": 3.6062471895336663, "implement": 5.141794195287046, "educ": 4.287965674269989, "polici": 4.894101477840304, "result": 2.3750618216828454, "term": 3.2763647625915087, "cacm": 0.00031215857909170155, "march": 2.546702369056466, "winter": 8.07215530818825}