{"except": 29.963568832542073, "handl": 11.146339444495975, "issu": 9.409718956403552, "propos": 8.722108002794208, "notat": 4.434569148461864, "paper": 1.9808454261105517, "defin": 3.1595004224521976, "condit": 3.39002408106403, "discuss": 2.1972245773362196, "requir": 2.388575540849568, "languag": 6.525004321654528, "featur": 10.197979421179031, "satisfi": 4.383275854074314, "deal": 4.461237395544026, "orderli": 6.68586094706836, "reliabl": 4.77631844218392, "serv": 4.57564774672177, "highlight": 6.126245159132937, "show": 3.641338509344936, "defici": 6.97354301952014, "approach": 3.1743155082373384, "remedi": 6.97354301952014, "cacm": 0.00031215857909170155, "decemb": 2.4626835130032902, "goodenough": 6.97354301952014}