{"properti": 3.5395558150349937, "work": 3.344767489475909, "set": 2.554702411723542, "model": 2.996981492954423, "corrigendum": 4.545794783572089, "cacm": 0.00031215857909170155, "februari": 2.6211168546225494, "den": 5.36410510708604, "schwartz": 5.674260035389879}