{"complex": 3.137681375057558, "divis": 4.5168072466988365, "algorithm": 0.8920854338854537, "cacm": 0.00031215857909170155, "august": 2.3750618216828454, "smith": 4.310955192494688}