{"program": 5.755347499631492, "teach": 25.908917751460425, "system": 3.11488523463144, "develop": 2.4267084105450123, "mit": 6.126245159132937, "eas": 4.9366610922591, "cost": 3.518278416587709, "improv": 3.3536564368931554, "result": 4.750123643365691, "elementari": 4.5168072466988365, "instruct": 3.867462688797284, "student": 4.310955192494688, "offer": 4.77631844218392, "loos": 6.462717395754149, "guid": 5.127716329021809, "experi": 6.933970244400317, "convers": 3.867462688797284, "languag": 2.1750014405515095, "design": 2.4924254822020275, "mind": 6.68586094706836, "faculti": 6.126245159132937, "involv": 3.4570347913469903, "minim": 3.39002408106403, "term": 3.2763647625915087, "discuss": 2.1972245773362196, "pedagog": 6.280395838960195, "appear": 4.48863636973214, "success": 8.166342523247952, "straightforward": 5.433097978572992, "reimplement": 7.379008127628304, "make": 3.380807425959106, "econom": 4.6709579265260945, "similar": 3.7954891891721947, "profound": 7.379008127628304, "tutori": 5.507205950726713, "skill": 6.280395838960195, "extend": 3.8977680382926128, "research": 7.955621491932298, "outlin": 4.160132302760104, "begin": 5.238941964132033, "clear": 5.674260035389879, "cacm": 0.00031215857909170155, "march": 2.546702369056466, "fenichel": 6.280395838960195, "weizenbaum": 6.126245159132937, "yochelson": 7.379008127628304}