{"algorithm": 1.7841708677709074, "gener": 1.8279884075245136, "ise": 8.07215530818825, "configur": 4.739950798013046, "cacm": 0.00031215857909170155, "octob": 2.4849066497880004, "simo": 6.462717395754149}