{"product": 3.9946178642825303, "type": 3.144901623031045, "point": 3.015909502839942, "gauss": 5.36410510708604, "legendr": 5.58724865840025, "simpson": 5.299566585948469, "integr": 2.984558972955866, "d1": 4.545794783572089, "algorithm": 0.8920854338854537, "a439": 8.07215530818825, "cacm": 0.00031215857909170155, "decemb": 2.4626835130032902, "boland": 6.68586094706836}