{"feasibl": 14.682304433520912, "voic": 6.68586094706836, "input": 9.348984751760968, "line": 7.0577210518364915, "comput": 5.246962468419287, "process": 4.350002881103019, "system": 4.67232785194716, "digit": 3.2930318150767204, "consid": 6.30434876472025, "ordinari": 4.434569148461864, "telephon": 5.674260035389879, "complet": 3.47703545805366, "termin": 4.101863394636128, "devic": 3.929020581796717, "provid": 3.015909502839942, "sequenc": 3.6654360609239967, "spoken": 6.97354301952014, "word": 11.264001583955817, "output": 3.497444329684867, "user": 9.164626414119978, "audio": 7.379008127628304, "respons": 4.461237395544026, "machin": 5.837727427380942, "implement": 2.570897097643523, "fortran": 3.2681342634549932, "algebra": 4.0117122976418305, "compil": 3.074943034424135, "object": 3.380807425959106, "processor": 3.7154464814986583, "detail": 3.447182494903979, "specif": 3.227968221729659, "recognit": 4.704859478201776, "program": 1.438836874907873, "techniqu": 2.240272830904733, "depend": 3.929020581796717, "simplifi": 4.48863636973214, "restrict": 4.160132302760104, "small": 3.594818493710043, "vocabulari": 5.87493073085203, "set": 2.554702411723542, "known": 3.7027074557212285, "speaker": 7.379008127628304, "moment": 5.87493073085203, "silenc": 8.07215530818825, "experiment": 7.734925377594568, "result": 4.750123643365691, "present": 1.8221800659287668, "give": 4.287965674269989, "error": 3.0482747873419735, "rate": 4.408593662058603, "condit": 3.39002408106403, "resourc": 4.287965674269989, "requir": 2.388575540849568, "accommod": 6.68586094706836, "time": 6.15339587651617, "show": 3.641338509344936, "econom": 4.6709579265260945, "logic": 3.6062471895336663, "handl": 3.7154464814986583, "ibm": 3.518278416587709, "cacm": 0.00031215857909170155, "june": 2.3717117347975636, "elder": 8.07215530818825}