{"brad": 14.758016255256608, "brookhaven": 14.758016255256608, "raster": 12.56079167792039, "display": 39.450209231431586, "multiconsol": 8.07215530818825, "comput": 5.246962468419287, "system": 3.11488523463144, "design": 2.4924254822020275, "rich": 7.379008127628304, "low": 4.383275854074314, "unit": 4.2435139116991545, "cost": 7.036556833175418, "consol": 5.507205950726713, "plot": 4.9811128548299335, "ten": 5.238941964132033, "thousand": 6.97354301952014, "point": 18.09545701703965, "charact": 3.6654360609239967, "frame": 5.58724865840025, "initi": 4.2435139116991545, "invest": 6.97354301952014, "teletyp": 6.462717395754149, "techniqu": 4.480545661809466, "employ": 3.913272224828578, "programmat": 8.07215530818825, "gener": 7.3119536300980545, "binari": 3.8094754311469345, "imag": 15.08289861139448, "desir": 4.140329675463924, "written": 3.728349886334566, "rotat": 5.36410510708604, "drum": 5.127716329021809, "memori": 3.137681375057558, "independ": 3.8094754311469345, "read": 4.57564774672177, "head": 5.181783550292085, "continu": 3.852647603012143, "pictur": 4.6064194053885235, "swept": 8.07215530818825, "horizont": 6.126245159132937, "line": 3.5288605259182457, "standard": 3.1023420086122493, "tv": 7.379008127628304, "monitor": 4.638168103703103, "serv": 4.57564774672177, "devic": 3.929020581796717, "drawback": 6.462717395754149, "interact": 3.6654360609239967, "difficult": 4.57564774672177, "function": 2.2610143152115496, "coordin": 14.559838449960148, "screen": 12.56079167792039, "invers": 7.734925377594568, "map": 8.717166482967883, "process": 4.350002881103019, "requir": 4.777151081699136, "calcul": 7.0791116300699874, "select": 3.617808011934742, "input": 3.116328250586989, "space": 3.497444329684867, "cacm": 0.00031215857909170155, "june": 2.3717117347975636, "ophir": 7.379008127628304, "rankowitz": 8.07215530818825, "shepherd": 7.379008127628304, "spinrad": 7.379008127628304}