{"note": 3.497444329684867, "modif": 4.461237395544026, "nordsieck": 8.07215530818825, "method": 1.8535551884965207, "step": 4.0117122976418305, "point": 3.015909502839942, "cacm": 0.00031215857909170155, "decemb": 2.4626835130032902, "blumberg": 8.07215530818825, "foulk": 8.07215530818825}