{"inform": 5.125533943120545, "refer": 11.470980198416672, "code": 17.689147972709947, "item": 8.575931348539978, "busi": 9.628117540333536, "system": 4.67232785194716, "identifi": 4.140329675463924, "later": 5.58724865840025, "data": 6.5003803804010385, "key": 4.064822122955779, "process": 2.1750014405515095, "larg": 2.8791984572980396, "collect": 4.222007706478191, "integr": 2.984558972955866, "databas": 5.238941964132033, "vital": 5.992713766508414, "assign": 4.064822122955779, "method": 3.7071103769930414, "control": 2.954161495771495, "futur": 4.222007706478191, "extens": 3.3359568597937543, "maintain": 4.638168103703103, "correct": 3.6295040516979333, "program": 1.438836874907873, "action": 4.57564774672177, "principl": 4.5168072466988365, "discuss": 2.1972245773362196, "logic": 3.6062471895336663, "connect": 4.310955192494688, "reflect": 5.433097978572992, "framework": 4.9811128548299335, "shown": 2.7940406489577327, "set": 2.554702411723542, "theoret": 4.26549281841793, "model": 2.996981492954423, "cacm": 0.00031215857909170155, "januari": 2.6297375976664563, "florentin": 8.07215530818825}