{"argument": 4.77631844218392, "moratorium": 8.07215530818825, "construct": 6.378706771203758, "commun": 14.861785925994633, "inform": 10.25106788624109, "util": 14.760514694057473, "articl": 5.076423034634259, "author": 4.287965674269989, "urg": 8.07215530818825, "prudent": 7.379008127628304, "decentr": 6.97354301952014, "approach": 3.1743155082373384, "question": 4.140329675463924, "design": 4.984850964404055, "desir": 8.280659350927849, "computer": 5.674260035389879, "accept": 9.15129549344354, "inevit": 7.379008127628304, "technolog": 4.5168072466988365, "sure": 7.379008127628304, "feasibl": 4.894101477840304, "intern": 4.26549281841793, "extern": 4.9811128548299335, "propos": 8.722108002794208, "project": 8.444015412956382, "wait": 5.36410510708604, "complementari": 6.126245159132937, "techniqu": 4.480545661809466, "evalu": 3.137681375057558, "supplementari": 8.07215530818825, "establish": 4.408593662058603, "exist": 3.572345637857985, "demand": 4.853279483320049, "take": 4.160132302760104, "step": 4.0117122976418305, "involv": 3.4570347913469903, "repres": 3.6062471895336663, "group": 4.1803350100776235, "ultim": 6.280395838960195, "user": 3.0548754713733257, "system": 1.55744261731572, "care": 5.181783550292085, "think": 6.68586094706836, "side": 5.299566585948469, "effect": 3.0954215657676754, "man": 4.739950798013046, "world": 5.507205950726713, "view": 4.334485689904882, "examin": 3.641338509344936, "framework": 4.9811128548299335, "conclus": 4.814058770166768, "drawn": 5.127716329021809, "societi": 5.674260035389879, "posit": 4.1209115896068225, "justifi": 5.58724865840025, "prototyp": 6.68586094706836, "polici": 4.894101477840304, "favor": 5.433097978572992, "widespread": 5.769570215194204, "implement": 2.570897097643523, "cacm": 0.00031215857909170155, "decemb": 2.4626835130032902, "press": 6.68586094706836}