{"adapt": 4.434569148461864, "nimer": 8.07215530818825, "integr": 2.984558972955866, "simpson": 5.299566585948469, "rule": 3.47703545805366, "algorithm": 0.8920854338854537, "cacm": 0.00031215857909170155, "decemb": 2.4626835130032902, "mckeeman": 5.674260035389879}