{"simplex": 11.985427533016829, "method": 5.560665565489562, "linear": 6.363612359932993, "program": 2.877673749815746, "lu": 12.56079167792039, "decomposit": 10.36356710058417, "standard": 3.1023420086122493, "comput": 2.6234812342096436, "implement": 12.854485488217616, "dantzig": 7.379008127628304, "base": 5.403034560121174, "form": 3.0954215657676754, "invers": 7.734925377594568, "basic": 6.836389916061453, "matrix": 6.275362750115116, "updat": 4.704859478201776, "step": 4.0117122976418305, "bad": 6.68586094706836, "round": 9.409718956403552, "error": 6.096549574683947, "properti": 3.5395558150349937, "paper": 1.9808454261105517, "theoret": 4.26549281841793, "background": 5.299566585948469, "row": 5.299566585948469, "interchang": 4.638168103703103, "slow": 5.58724865840025, "good": 4.6064194053885235, "behavior": 4.334485689904882, "appear": 4.48863636973214, "cacm": 0.0006243171581834031, "algorithm": 0.8920854338854537, "bartel": 6.462717395754149, "goulub": 6.97354301952014}