{"telefil": 14.758016255256608, "case": 3.2123429038265776, "studi": 3.227968221729659, "line": 17.64430262959123, "save": 14.219852394039139, "bank": 34.045560212339275, "applic": 2.481168327677393, "develop": 4.853416821090025, "comput": 1.3117406171048218, "system": 4.67232785194716, "institut": 5.299566585948469, "trace": 5.027632870464827, "earli": 5.027632870464827, "conceptu": 5.181783550292085, "need": 3.251873742583213, "consumm": 8.07215530818825, "design": 2.4924254822020275, "teleregist": 16.1443106163765, "corpor": 11.74986146170406, "equip": 4.9366610922591, "criteria": 4.57564774672177, "led": 5.992713766508414, "oper": 2.270036932811187, "program": 1.438836874907873, "statist": 3.867462688797284, "cite": 8.07215530818825, "reliabl": 4.77631844218392, "perform": 2.8094651192833644, "benefit": 5.36410510708604, "discuss": 4.394449154672439, "banker": 8.07215530818825, "point": 3.015909502839942, "view": 4.334485689904882, "indic": 5.076423034634259, "futur": 4.222007706478191, "trend": 5.87493073085203, "field": 3.9946178642825303, "cacm": 0.00031215857909170155, "decemb": 2.4626835130032902, "sander": 8.07215530818825}