{"eigenvalu": 4.814058770166768, "eigenvector": 5.507205950726713, "real": 3.5078071167204135, "gener": 1.8279884075245136, "matrix": 3.137681375057558, "f2": 5.674260035389879, "cacm": 0.00031215857909170155, "decemb": 2.4626835130032902, "grad": 7.379008127628304, "brebner": 7.379008127628304}