{"experi": 3.4669851222001586, "user": 3.0548754713733257, "orient": 3.977810745966149, "comput": 3.9352218513144654, "system": 6.22977046926288, "version": 4.461237395544026, "softwar": 3.929020581796717, "hardwar": 3.8825005661618244, "purpos": 3.2599709528158325, "facilit": 4.739950798013046, "program": 1.438836874907873, "analysi": 2.7738379416402132, "formul": 4.545794783572089, "problem": 3.9302648408919914, "modifi": 3.8977680382926128, "flexowrit": 8.07215530818825, "gener": 1.8279884075245136, "accept": 4.57564774672177, "input": 3.116328250586989, "equat": 3.1093106779283426, "request": 4.434569148461864, "type": 6.28980324606209, "manner": 4.6064194053885235, "convent": 3.8380488035909903, "mathemat": 3.6295040516979333, "text": 4.083171261623976, "languag": 2.1750014405515095, "rule": 3.47703545805366, "flexibl": 4.26549281841793, "unrestrict": 6.126245159132937, "compil": 3.074943034424135, "part": 3.371674942395834, "effici": 2.7108631424788245, "broader": 6.97354301952014, "aspect": 4.083171261623976, "tool": 4.638168103703103, "studi": 3.227968221729659, "solv": 3.5078071167204135, "teach": 5.181783550292085, "cacm": 0.00031215857909170155, "klerer": 7.379008127628304}