{"algorithm": 3.5683417355418148, "class": 6.855528818093754, "schedul": 7.955621491932298, "section": 14.559838449960148, "prefer": 16.76174597520075, "assign": 8.129644245911559, "student": 8.621910384989375, "fix": 4.064822122955779, "time": 2.0511319588387233, "give": 4.287965674269989, "cours": 4.48863636973214, "consist": 3.823660066138891, "object": 3.380807425959106, "balanc": 5.076423034634259, "honor": 8.07215530818825, "stochast": 5.58724865840025, "mont": 5.769570215194204, "carlo": 5.769570215194204, "natur": 3.7027074557212285, "result": 2.3750618216828454, "compar": 3.227968221729659, "nonprefer": 8.07215530818825, "cacm": 0.00031215857909170155, "septemb": 2.546702369056466, "busam": 7.379008127628304}