{"simul": 3.380807425959106, "analysi": 2.7738379416402132, "biochemci": 8.07215530818825, "system": 1.55744261731572, "ii": 4.140329675463924, "solut": 2.763887610787045, "differenti": 3.929020581796717, "equat": 3.1093106779283426, "cacm": 0.00031215857909170155, "januari": 2.6297375976664563, "larson": 7.379008127628304, "seller": 8.07215530818825, "meyer": 6.68586094706836}