{"storag": 8.218309544768642, "alloc": 7.259008103395867, "scheme": 7.036556833175418, "algol": 6.487683141771898, "machin": 2.918863713690471, "instruct": 3.867462688797284, "core": 4.310955192494688, "store": 7.0577210518364915, "magnet": 5.027632870464827, "drum": 10.255432658043619, "program": 2.877673749815746, "block": 3.929020581796717, "data": 2.1667934601336793, "direct": 3.58351893845611, "programm": 3.977810745966149, "auxiliari": 5.299566585948469, "inform": 2.5627669715602726, "administr": 5.299566585948469, "routin": 3.867462688797284, "control": 2.954161495771495, "run": 3.6777061535158113, "time": 2.0511319588387233, "full": 4.545794783572089, "detail": 3.447182494903979, "cacm": 0.00031215857909170155, "octob": 2.4849066497880004, "jensen": 8.07215530818825, "mondrup": 8.07215530818825, "naur": 5.127716329021809}