{"experiment": 3.867462688797284, "data": 8.667173840534717, "behavior": 8.668971379809763, "program": 8.63302124944724, "page": 23.767688664089633, "environ": 3.7680902149840803, "result": 2.3750618216828454, "summar": 5.076423034634259, "empir": 4.358583241483942, "studi": 3.227968221729659, "direct": 3.58351893845611, "measur": 3.8380488035909903, "oper": 2.270036932811187, "multiprogram": 4.160132302760104, "system": 1.55744261731572, "organ": 3.5078071167204135, "fix": 4.064822122955779, "length": 3.7954891891721947, "collect": 4.222007706478191, "interpret": 4.222007706478191, "execut": 9.707620203710315, "number": 2.2028583950544753, "describ": 3.0954215657676754, "frequenc": 9.479901596026092, "fault": 6.126245159132937, "instant": 6.97354301952014, "requir": 2.388575540849568, "instruct": 3.867462688797284, "main": 4.029104040353699, "core": 4.310955192494688, "memori": 3.137681375057558, "evalu": 3.137681375057558, "replac": 4.739950798013046, "algorithm": 0.8920854338854537, "assess": 5.507205950726713, "effect": 3.0954215657676754, "perform": 2.8094651192833644, "amount": 4.1803350100776235, "storag": 2.7394365149228808, "alloc": 3.6295040516979333, "cacm": 0.00031215857909170155, "juli": 2.3683728335320486, "coffman": 5.87493073085203, "varian": 8.07215530818825}