{"merg": 14.809983276777299, "parallel": 15.530002264647297, "processor": 11.146339444495975, "consid": 3.152174382360125, "linearli": 6.126245159132937, "order": 5.86098350337118, "set": 2.554702411723542, "work": 3.344767489475909, "synchron": 5.181783550292085, "paper": 1.9808454261105517, "present": 1.8221800659287668, "algorithm": 4.460427169427269, "requir": 9.554302163398273, "log2": 35.95628259905048, "step": 16.046849190567322, "integ": 4.140329675463924, "case": 9.637028711479733, "magnitud": 5.992713766508414, "km": 24.21646592456475, "constant": 4.48863636973214, "perform": 2.8094651192833644, "compar": 3.227968221729659, "favor": 5.433097978572992, "previou": 4.434569148461864, "batcher": 8.07215530818825, "gener": 1.8279884075245136, "special": 3.5395558150349937, "cacm": 0.00031215857909170155, "octob": 2.4849066497880004, "gavril": 8.07215530818825}