{"gener": 5.483965222573541, "canon": 6.126245159132937, "prefix": 13.94708603904028, "encod": 15.383148987065429, "comput": 1.3117406171048218, "program": 4.31651062472362, "minimum": 4.1209115896068225, "redund": 4.9811128548299335, "exhaust": 5.507205950726713, "huffman": 7.379008127628304, "frequenc": 4.739950798013046, "tree": 3.58351893845611, "determin": 3.009560275161283, "structur": 2.473733349189875, "function": 2.2610143152115496, "assign": 4.064822122955779, "code": 2.948191328784991, "cacm": 0.00031215857909170155, "march": 2.546702369056466, "schwartz": 5.674260035389879, "kallick": 8.07215530818825}