{"method": 11.121331130979124, "numer": 6.409241715465335, "integr": 5.969117945911732, "appli": 6.5362685269099865, "system": 3.11488523463144, "trivial": 13.37172189413672, "function": 4.522028630423099, "evalu": 6.275362750115116, "studi": 3.227968221729659, "made": 3.2046208577326674, "determin": 3.009560275161283, "requir": 2.388575540849568, "comput": 1.3117406171048218, "time": 2.0511319588387233, "amount": 4.1803350100776235, "truncat": 5.36410510708604, "error": 3.0482747873419735, "ordinari": 4.434569148461864, "differenti": 3.929020581796717, "equat": 3.1093106779283426, "recent": 3.8977680382926128, "due": 9.962225709659867, "butcher": 16.1443106163765, "gear": 6.462717395754149, "compar": 3.227968221729659, "classic": 5.238941964132033, "rung": 5.87493073085203, "kutta": 11.1744973168005, "nystrom": 8.07215530818825, "adam": 5.992713766508414, "newer": 7.379008127628304, "step": 4.0117122976418305, "found": 7.705295206024286, "slightli": 5.769570215194204, "superior": 4.77631844218392, "great": 5.433097978572992, "advantag": 3.7027074557212285, "applic": 2.481168327677393, "problem": 1.9651324204459957, "cacm": 0.00031215857909170155, "april": 2.4231810700270437, "water": 8.07215530818825}