{"design": 9.96970192880811, "tree": 25.08463256919277, "structur": 2.473733349189875, "effici": 2.7108631424788245, "queri": 9.479901596026092, "standard": 3.1023420086122493, "inform": 2.5627669715602726, "retriev": 3.594818493710043, "oper": 2.270036932811187, "determin": 3.009560275161283, "record": 3.867462688797284, "data": 6.5003803804010385, "collect": 4.222007706478191, "satisfi": 4.383275854074314, "express": 3.1595004224521976, "term": 3.2763647625915087, "valu": 3.7027074557212285, "process": 2.1750014405515095, "locat": 4.140329675463924, "desir": 4.140329675463924, "respons": 4.461237395544026, "repres": 3.6062471895336663, "search": 13.90814183221464, "model": 5.993962985908846, "paper": 3.9616908522211034, "pose": 5.87493073085203, "optim": 6.348631016474677, "problem": 3.9302648408919914, "serv": 4.57564774672177, "applic": 4.962336655354786, "academ": 5.87493073085203, "sens": 4.739950798013046, "ordinarili": 8.07215530818825, "implement": 2.570897097643523, "mean": 3.2201250442686327, "practic": 7.235616023869484, "techniqu": 2.240272830904733, "hand": 4.894101477840304, "potenti": 4.6709579265260945, "comparison": 3.6901286735143684, "afford": 7.379008127628304, "observ": 4.9811128548299335, "perform": 2.8094651192833644, "intuit": 6.462717395754149, "attract": 5.87493073085203, "ideal": 11.539140430388407, "procedur": 2.63843330463401, "consid": 3.152174382360125, "scheme": 3.518278416587709, "base": 2.701517280060587, "bit": 7.955621491932298, "vector": 9.091589567144178, "represent": 3.5503667311392095, "show": 3.641338509344936, "essenti": 4.434569148461864, "algorithm": 0.8920854338854537, "experiment": 3.867462688797284, "studi": 3.227968221729659, "small": 3.594818493710043, "format": 4.1803350100776235, "illustr": 3.47703545805366, "concept": 3.4181949580307265, "cacm": 0.00031215857909170155, "septemb": 2.546702369056466, "casey": 7.379008127628304}