{"implement": 2.570897097643523, "clenshaw": 19.38815218726245, "curti": 20.05758284120508, "quadratur": 18.552672414812413, "ii": 4.140329675463924, "comput": 5.246962468419287, "cosin": 51.70173916603319, "transform": 32.98892454831597, "companion": 6.97354301952014, "paper": 3.9616908522211034, "methodolog": 4.894101477840304, "experi": 3.4669851222001586, "automat": 6.743349884791668, "scheme": 10.554835249763126, "formula": 4.0117122976418305, "requir": 9.554302163398273, "integrand": 12.925434791508298, "valu": 7.405414911442457, "shown": 2.7940406489577327, "high": 3.6777061535158113, "cost": 3.518278416587709, "drawback": 6.462717395754149, "problem": 3.9302648408919914, "relat": 6.28980324606209, "troubl": 6.280395838960195, "convent": 3.8380488035909903, "recurr": 5.87493073085203, "numer": 3.2046208577326674, "unstabl": 6.68586094706836, "low": 4.383275854074314, "frequenc": 4.739950798013046, "largest": 6.280395838960195, "effect": 3.0954215657676754, "integr": 2.984558972955866, "case": 3.2123429038265776, "refin": 5.87493073085203, "sampl": 4.310955192494688, "storag": 2.7394365149228808, "save": 4.739950798013046, "part": 3.371674942395834, "show": 3.641338509344936, "modif": 8.922474791088051, "fast": 3.9450209231431583, "fourier": 4.77631844218392, "overcom": 5.433097978572992, "applic": 2.481168327677393, "circumst": 5.87493073085203, "sine": 6.97354301952014, "polynomi": 3.4087162140761826, "interpol": 4.6064194053885235, "chebyshev": 4.9366610922591, "point": 3.015909502839942, "cacm": 0.00031215857909170155, "gentleman": 6.462717395754149}