{"note": 3.497444329684867, "effici": 2.7108631424788245, "lisp": 9.15129549344354, "comput": 1.3117406171048218, "page": 3.9612814440149386, "machin": 2.918863713690471, "problem": 3.9302648408919914, "level": 3.2681342634549932, "storag": 2.7394365149228808, "program": 1.438836874907873, "explor": 5.181783550292085, "context": 3.913272224828578, "system": 1.55744261731572, "core": 4.310955192494688, "memori": 6.275362750115116, "buffer": 5.238941964132033, "larg": 2.8791984572980396, "virtual": 4.6064194053885235, "store": 3.5288605259182457, "drum": 5.127716329021809, "detail": 3.447182494903979, "time": 2.0511319588387233, "cacm": 0.00031215857909170155, "august": 2.3750618216828454, "borrow": 6.97354301952014, "murphi": 6.97354301952014}