{"stochast": 5.58724865840025, "approach": 3.1743155082373384, "grammat": 6.126245159132937, "code": 11.792765315139963, "english": 9.212838810777047, "comput": 1.3117406171048218, "program": 2.877673749815746, "assign": 8.129644245911559, "word": 22.528003167911635, "text": 4.083171261623976, "form": 6.190843131535351, "class": 10.283293227140632, "part": 3.371674942395834, "speech": 6.68586094706836, "oper": 2.270036932811187, "high": 3.6777061535158113, "speed": 3.823660066138891, "limit": 3.6295040516979333, "storag": 2.7394365149228808, "space": 3.497444329684867, "half": 4.739950798013046, "event": 4.408593662058603, "corpu": 16.1443106163765, "identifi": 8.280659350927849, "small": 3.594818493710043, "dictionari": 5.674260035389879, "function": 2.2610143152115496, "frequent": 4.5168072466988365, "occur": 8.621910384989375, "lexic": 6.462717395754149, "suffix": 8.07215530818825, "test": 3.0817227214095135, "logic": 3.6062471895336663, "decis": 3.8977680382926128, "rule": 3.47703545805366, "employ": 3.913272224828578, "addit": 3.318565117081885, "final": 3.7680902149840803, "remain": 5.127716329021809, "basi": 8.058208080707399, "probabl": 8.444015412956382, "context": 3.913272224828578, "condit": 3.39002408106403, "empir": 4.358583241483942, "deriv": 3.2930318150767204, "separ": 4.2435139116991545, "hand": 4.894101477840304, "preliminari": 5.076423034634259, "trial": 5.674260035389879, "accuraci": 4.383275854074314, "coder": 7.379008127628304, "obviou": 5.769570215194204, "way": 4.77631844218392, "improv": 3.3536564368931554, "algorithm": 0.8920854338854537, "suggest": 3.399326473726344, "analysi": 2.7738379416402132, "result": 2.3750618216828454, "cacm": 0.00031215857909170155, "june": 2.3717117347975636, "stolz": 8.07215530818825, "tannenbaum": 8.07215530818825, "carstensen": 8.07215530818825}