{"transit": 9.8733221845182, "matric": 3.929020581796717, "compil": 6.14988606884827, "algorithm": 0.8920854338854537, "construct": 3.189353385601879, "suitabl": 4.1803350100776235, "bnf": 6.462717395754149, "grammar": 4.1209115896068225, "effici": 2.7108631424788245, "left": 5.769570215194204, "recogn": 15.08289861139448, "sentenc": 4.853279483320049, "languag": 2.1750014405515095, "type": 3.144901623031045, "number": 2.2028583950544753, "oper": 2.270036932811187, "pushdown": 6.126245159132937, "stack": 5.299566585948469, "matrix": 3.137681375057558, "exampl": 3.371674942395834, "illustr": 3.47703545805366, "effect": 3.0954215657676754, "purpos": 3.2599709528158325, "usual": 5.299566585948469, "syntax": 4.029104040353699, "check": 4.545794783572089, "cacm": 0.00031215857909170155, "januari": 2.6297375976664563, "gri": 5.992713766508414}