{"normal": 3.929020581796717, "distribut": 3.497444329684867, "function": 2.2610143152115496, "algorithm": 0.8920854338854537, "cacm": 0.00031215857909170155, "cyvin": 6.97354301952014}