{"adapt": 4.434569148461864, "correct": 3.6295040516979333, "program": 4.31651062472362, "statement": 7.430892962997317, "method": 3.7071103769930414, "analyz": 3.5503667311392095, "languag": 2.1750014405515095, "toler": 6.462717395754149, "consider": 3.8977680382926128, "inaccuraci": 7.379008127628304, "specif": 3.227968221729659, "propos": 2.907369334264736, "involv": 3.4570347913469903, "principl": 13.55042174009651, "present": 3.6443601318575336, "mainli": 5.769570215194204, "confin": 6.126245159132937, "studi": 3.227968221729659, "area": 3.867462688797284, "artifici": 5.36410510708604, "intellig": 5.181783550292085, "featur": 3.399326473726344, "extract": 5.076423034634259, "approxim": 3.380807425959106, "tree": 3.58351893845611, "match": 9.033614493397673, "strategi": 4.6709579265260945, "improv": 3.3536564368931554, "feedback": 5.992713766508414, "process": 2.1750014405515095, "pilot": 6.97354301952014, "incorpor": 4.5168072466988365, "preliminari": 5.076423034634259, "oper": 2.270036932811187, "result": 2.3750618216828454, "final": 3.7680902149840803, "section": 4.853279483320049, "survey": 4.48863636973214, "investig": 4.26549281841793, "cacm": 0.00031215857909170155, "januari": 2.6297375976664563, "jame": 6.97354301952014, "partridg": 7.379008127628304}