{"filon": 6.97354301952014, "quadratur": 4.638168103703103, "algorithm": 0.8920854338854537, "d1": 4.545794783572089, "cacm": 0.00031215857909170155, "april": 2.4231810700270437, "fosdick": 6.68586094706836, "einarsson": 6.68586094706836, "bo": 8.07215530818825}