{"glypnir": 16.1443106163765, "program": 2.877673749815746, "languag": 8.700005762206038, "illiac": 13.94708603904028, "iv": 9.55263688436784, "earliest": 7.379008127628304, "exist": 3.572345637857985, "design": 2.4924254822020275, "comput": 2.6234812342096436, "syntax": 4.029104040353699, "base": 2.701517280060587, "algol": 3.243841570885949, "extend": 3.8977680382926128, "allow": 3.867462688797284, "programm": 3.977810745966149, "explicitli": 5.36410510708604, "parallel": 7.765001132323649, "algorithm": 0.8920854338854537, "term": 3.2763647625915087, "word": 3.7546671946519394, "vector": 4.545794783572089, "paper": 1.9808454261105517, "describ": 3.0954215657676754, "characterist": 3.6295040516979333, "goal": 4.9811128548299335, "philosophi": 5.238941964132033, "discuss": 2.1972245773362196, "problem": 1.9651324204459957, "architectur": 5.076423034634259, "cacm": 0.00031215857909170155, "march": 2.546702369056466, "lawri": 8.07215530818825, "layman": 7.379008127628304, "baer": 6.97354301952014, "randal": 6.97354301952014}