{"simul": 13.523229703836424, "radioisotop": 22.137024382884913, "scan": 24.470507389201522, "comput": 2.6234812342096436, "field": 3.9946178642825303, "assum": 4.358583241483942, "increas": 10.8885121550938, "import": 6.994888659369734, "medic": 6.126245159132937, "diagnosi": 5.87493073085203, "dimension": 4.2435139116991545, "pattern": 4.101863394636128, "made": 3.2046208577326674, "dot": 13.37172189413672, "area": 7.734925377594568, "sourc": 4.101863394636128, "activ": 3.977810745966149, "repres": 3.6062471895336663, "densiti": 5.507205950726713, "studi": 3.227968221729659, "output": 10.492332989054601, "scanner": 6.462717395754149, "characterist": 3.6295040516979333, "program": 2.877673749815746, "written": 3.728349886334566, "pdp": 5.507205950726713, "auxiliari": 5.299566585948469, "disk": 4.704859478201776, "storag": 2.7394365149228808, "cathod": 6.280395838960195, "ray": 5.507205950726713, "tube": 6.462717395754149, "display": 3.9450209231431583, "past": 5.299566585948469, "present": 1.8221800659287668, "research": 3.977810745966149, "shown": 2.7940406489577327, "flexibl": 4.26549281841793, "system": 3.11488523463144, "structur": 2.473733349189875, "quantum": 5.87493073085203, "limit": 3.6295040516979333, "cacm": 0.00031215857909170155, "pizer": 8.07215530818825}