{"comput": 1.3117406171048218, "key": 4.064822122955779, "total": 4.1803350100776235, "system": 1.55744261731572, "control": 2.954161495771495, "industri": 5.36410510708604, "viewpoint": 6.462717395754149, "man": 9.479901596026092, "machin": 2.918863713690471, "process": 2.1750014405515095, "character": 4.9811128548299335, "main": 4.029104040353699, "type": 6.28980324606209, "market": 6.280395838960195, "shown": 2.7940406489577327, "estim": 3.929020581796717, "cacm": 0.00031215857909170155, "march": 2.546702369056466, "carlson": 6.97354301952014}