{"comput": 3.9352218513144654, "engin": 14.442176310500304, "classroom": 7.379008127628304, "instruct": 3.867462688797284, "april": 2.4231810700270437, "committe": 9.706558966640099, "colleg": 5.674260035389879, "univers": 3.9946178642825303, "michigan": 6.280395838960195, "act": 6.97354301952014, "steer": 7.379008127628304, "ford": 16.1443106163765, "foundat": 5.992713766508414, "project": 8.444015412956382, "educ": 4.287965674269989, "held": 5.769570215194204, "special": 3.5395558150349937, "confer": 12.56079167792039, "discuss": 2.1972245773362196, "time": 2.0511319588387233, "topic": 10.599133171896938, "pertin": 5.674260035389879, "report": 3.4669851222001586, "condens": 6.280395838960195, "transcript": 6.97354301952014, "key": 4.064822122955779, "idea": 4.5168072466988365, "offer": 4.77631844218392, "attende": 8.07215530818825, "select": 3.617808011934742, "cacm": 0.00031215857909170155, "octob": 2.4849066497880004, "katz": 6.280395838960195}