{"hough": 14.758016255256608, "transform": 3.6654360609239967, "todetect": 8.07215530818825, "line": 7.0577210518364915, "curv": 8.360670020155247, "pictur": 9.212838810777047, "propos": 2.907369334264736, "interest": 3.9450209231431583, "comput": 2.6234812342096436, "effici": 5.421726284957649, "procedur": 2.63843330463401, "detect": 4.310955192494688, "paper": 1.9808454261105517, "point": 3.015909502839942, "angl": 5.992713766508414, "radiu": 6.97354301952014, "slope": 7.379008127628304, "intercept": 8.07215530818825, "paramet": 3.7816958670398586, "simplifi": 4.48863636973214, "show": 3.641338509344936, "method": 1.8535551884965207, "gener": 1.8279884075245136, "fit": 3.9946178642825303, "altern": 3.9612814440149386, "interpret": 4.222007706478191, "explain": 4.6709579265260945, "sourc": 4.101863394636128, "cacm": 0.00031215857909170155, "januari": 2.6297375976664563, "duda": 8.07215530818825, "hart": 6.97354301952014}