{"public": 10.255432658043619, "protect": 4.704859478201776, "educ": 8.575931348539978, "eft": 17.97814129952524, "research": 11.933432237898447, "reveal": 10.36356710058417, "exist": 3.572345637857985, "widespread": 5.769570215194204, "misinform": 8.07215530818825, "lack": 5.58724865840025, "knowledg": 5.027632870464827, "busi": 4.814058770166768, "govern": 5.181783550292085, "consum": 10.866195957145983, "result": 2.3750618216828454, "effort": 9.033614493397673, "stimul": 6.68586094706836, "meaning": 6.126245159132937, "particip": 5.507205950726713, "decis": 3.8977680382926128, "introduct": 4.894101477840304, "system": 4.67232785194716, "requir": 2.388575540849568, "coordin": 4.853279483320049, "consider": 3.8977680382926128, "scale": 4.287965674269989, "addit": 3.318565117081885, "shortcom": 6.68586094706836, "present": 3.6443601318575336, "defin": 3.1595004224521976, "respons": 8.922474791088051, "liabil": 6.68586094706836, "avenu": 6.68586094706836, "recours": 8.07215530818825, "articl": 5.076423034634259, "altern": 3.9612814440149386, "improv": 3.3536564368931554, "ongo": 6.97354301952014, "need": 6.503747485166426, "assur": 6.462717395754149, "action": 4.57564774672177, "chang": 4.2435139116991545, "environ": 3.7680902149840803, "cacm": 0.00031215857909170155, "decemb": 2.4626835130032902, "long": 4.638168103703103}