{"techniqu": 4.480545661809466, "pseudorandom": 12.56079167792039, "number": 6.608575185163426, "comput": 1.3117406171048218, "simul": 6.761614851918212, "algorithm": 0.8920854338854537, "uniform": 4.853279483320049, "integ": 4.140329675463924, "construct": 3.189353385601879, "binari": 3.8094754311469345, "probabl": 4.222007706478191, "bit": 7.955621491932298, "word": 3.7546671946519394, "assum": 4.358583241483942, "desir": 4.140329675463924, "paramet": 3.7816958670398586, "make": 3.380807425959106, "program": 1.438836874907873, "cacm": 0.00031215857909170155, "juli": 2.3683728335320486, "donnelli": 6.97354301952014}