{"free": 3.913272224828578, "field": 3.9946178642825303, "read": 4.57564774672177, "algorithm": 0.8920854338854537, "i5": 7.379008127628304, "cacm": 0.00031215857909170155, "august": 2.3750618216828454, "mckeeman": 5.674260035389879}