{"interact": 7.330872121847993, "graphic": 8.487027823398309, "display": 7.890041846286317, "region": 14.682304433520912, "partit": 13.075749724451825, "linear": 6.363612359932993, "program": 2.877673749815746, "system": 1.55744261731572, "implement": 2.570897097643523, "solv": 3.5078071167204135, "design": 2.4924254822020275, "problem": 1.9651324204459957, "nonoverlap": 8.07215530818825, "subregion": 8.07215530818825, "area": 7.734925377594568, "proport": 10.152846069268518, "total": 4.1803350100776235, "cost": 7.036556833175418, "servic": 9.033614493397673, "minimum": 4.1209115896068225, "convers": 3.867462688797284, "manner": 4.6064194053885235, "user": 3.0548754713733257, "easili": 4.26549281841793, "obtain": 3.116328250586989, "modifi": 3.8977680382926128, "boundari": 4.6709579265260945, "center": 4.6709579265260945, "locat": 4.140329675463924, "function": 2.2610143152115496, "exampl": 3.371674942395834, "includ": 2.7688504001291743, "cacm": 0.00031215857909170155, "septemb": 2.546702369056466, "cheung": 8.07215530818825}