{"indirect": 6.126245159132937, "chain": 14.682304433520912, "method": 7.414220753986083, "address": 3.913272224828578, "secondari": 5.507205950726713, "key": 16.259288491823117, "enter": 5.299566585948469, "random": 7.212494379067333, "access": 3.6062471895336663, "basi": 4.029104040353699, "briefli": 4.5168072466988365, "survey": 4.48863636973214, "wide": 4.408593662058603, "base": 2.701517280060587, "pseudo": 5.433097978572992, "transform": 3.6654360609239967, "review": 4.48863636973214, "detail": 3.447182494903979, "effici": 2.7108631424788245, "gener": 1.8279884075245136, "permit": 3.572345637857985, "recoveri": 5.769570215194204, "addit": 3.318565117081885, "present": 1.8221800659287668, "cacm": 0.00031215857909170155, "johnson": 5.58724865840025}