{"modifi": 3.8977680382926128, "romberg": 5.58724865840025, "quadratur": 4.638168103703103, "algorithm": 0.8920854338854537, "d1": 4.545794783572089, "cacm": 0.00031215857909170155, "april": 2.4231810700270437, "cook": 6.97354301952014}