{"calcul": 3.5395558150349937, "fourier": 4.77631844218392, "integr": 2.984558972955866, "d1": 4.545794783572089, "algorithm": 0.8920854338854537, "a418": 8.07215530818825, "cacm": 0.00031215857909170155, "januari": 2.6297375976664563, "einarsson": 6.68586094706836}