{"bessel": 5.127716329021809, "funtion": 8.07215530818825, "seri": 3.8825005661618244, "expans": 5.36410510708604, "algorithm": 0.8920854338854537, "cacm": 0.00031215857909170155, "april": 2.4231810700270437, "clark": 5.433097978572992}