{"method": 1.8535551884965207, "compar": 3.227968221729659, "intern": 4.26549281841793, "oper": 2.270036932811187, "speed": 3.823660066138891, "comput": 1.3117406171048218, "cacm": 0.00031215857909170155, "raichelson": 8.07215530818825, "collin": 5.87493073085203}