{"optim": 9.522946524712015, "perform": 8.428395357850093, "relat": 15.724508115155224, "algebra": 12.035136892925491, "databas": 5.238941964132033, "interfac": 21.198266343793875, "approach": 6.348631016474677, "implement": 5.141794195287046, "smart": 7.379008127628304, "support": 4.434569148461864, "view": 4.334485689904882, "data": 2.1667934601336793, "propos": 2.907369334264736, "basic": 3.4181949580307265, "idea": 4.5168072466988365, "employ": 7.826544449657156, "automat": 3.371674942395834, "program": 1.438836874907873, "techniqu": 2.240272830904733, "analyz": 3.5503667311392095, "effici": 2.7108631424788245, "refin": 5.87493073085203, "high": 3.6777061535158113, "level": 3.2681342634549932, "queri": 18.959803192052185, "specif": 3.227968221729659, "suppli": 5.238941964132033, "user": 6.109750942746651, "call": 3.4087162140761826, "squiral": 16.1443106163765, "design": 2.4924254822020275, "detail": 3.447182494903979, "seek": 6.280395838960195, "minim": 3.39002408106403, "respons": 4.461237395544026, "time": 2.0511319588387233, "space": 3.497444329684867, "util": 3.6901286735143684, "global": 5.127716329021809, "exploit": 5.674260035389879, "disjoint": 6.97354301952014, "pipelin": 6.97354301952014, "concurr": 4.9811128548299335, "coordin": 4.853279483320049, "sort": 3.8825005661618244, "order": 2.93049175168559, "temporari": 6.126245159132937, "directori": 5.992713766508414, "analysi": 2.7738379416402132, "maintain": 4.638168103703103, "local": 4.6709579265260945, "page": 3.9612814440149386, "refer": 3.823660066138891, "algorithm": 0.8920854338854537, "oper": 2.270036932811187, "codd": 6.462717395754149, "present": 1.8221800659287668, "methodolog": 4.894101477840304, "compos": 5.433097978572992, "cacm": 0.00031215857909170155, "octob": 2.4849066497880004, "smith": 4.310955192494688, "yen": 8.07215530818825, "tang": 6.97354301952014, "chang": 4.2435139116991545}