{"exact": 4.853279483320049, "probabl": 4.222007706478191, "conting": 6.68586094706836, "tabl": 3.4570347913469903, "algorithm": 0.8920854338854537, "r434": 7.379008127628304, "cacm": 0.00031215857909170155, "june": 2.3717117347975636, "boulton": 8.07215530818825}