{"implement": 2.570897097643523, "sharer2": 8.07215530818825, "time": 4.102263917677447, "share": 6.974375659035355, "system": 4.67232785194716, "simpl": 3.009560275161283, "mechan": 3.7680902149840803, "execut": 3.2358734012367716, "part": 3.371674942395834, "program": 2.877673749815746, "memori": 3.137681375057558, "protect": 4.704859478201776, "act": 6.97354301952014, "suboper": 8.07215530818825, "improv": 3.3536564368931554, "version": 4.461237395544026, "sharer": 7.379008127628304, "featur": 3.399326473726344, "cacm": 0.00031215857909170155, "decemb": 2.4626835130032902, "harrison": 5.992713766508414}