{"set": 2.554702411723542, "associ": 4.704859478201776, "legendr": 5.58724865840025, "polynomi": 3.4087162140761826, "kind": 4.408593662058603, "algorithm": 0.8920854338854537, "cacm": 0.00031215857909170155, "decemb": 2.4626835130032902, "herndon": 5.181783550292085}