{"oper": 11.350184664055936, "system": 10.90209832121004, "perform": 8.428395357850093, "overview": 6.462717395754149, "futur": 8.444015412956382, "posit": 4.1209115896068225, "respect": 4.26549281841793, "great": 5.433097978572992, "deal": 4.461237395544026, "inform": 2.5627669715602726, "larg": 2.8791984572980396, "number": 2.2028583950544753, "model": 5.993962985908846, "subsystem": 11.348520070779758, "develop": 4.853416821090025, "gap": 8.07215530818825, "exist": 3.572345637857985, "knowledg": 5.027632870464827, "sever": 12.56079167792039, "interact": 3.6654360609239967, "total": 8.360670020155247, "abl": 5.299566585948469, "analyz": 3.5503667311392095, "design": 7.477276446606083, "aspect": 4.083171261623976, "except": 5.992713766508414, "today": 5.674260035389879, "project": 4.222007706478191, "increasingli": 6.126245159132937, "common": 3.9450209231431583, "philosophi": 5.238941964132033, "clearli": 6.280395838960195, "impact": 5.076423034634259, "modular": 5.992713766508414, "comput": 1.3117406171048218, "cacm": 0.00031215857909170155, "juli": 2.3683728335320486, "lynch": 6.126245159132937}