{"stabl": 22.028823802906853, "marriag": 26.74344378827344, "problem": 3.9302648408919914, "origin": 4.2435139116991545, "work": 3.344767489475909, "gale": 8.07215530818825, "shapley": 8.07215530818825, "assign": 12.194466368867339, "method": 1.8535551884965207, "criterion": 5.58724865840025, "extend": 3.8977680382926128, "find": 7.16703787691222, "algorithm": 1.7841708677709074, "deriv": 3.2930318150767204, "prove": 3.8380488035909903, "satisfi": 4.383275854074314, "condit": 3.39002408106403, "appli": 3.2681342634549932, "paper": 1.9808454261105517, "cacm": 0.00031215857909170155, "juli": 2.3683728335320486, "mcviti": 7.379008127628304, "wilson": 6.126245159132937}