{"solut": 2.763887610787045, "linear": 3.1818061799664963, "program": 1.438836874907873, "algorithm": 0.8920854338854537, "cacm": 0.00031215857909170155, "decemb": 2.4626835130032902, "proll": 6.126245159132937}