{"experiment": 7.734925377594568, "model": 11.987925971817692, "system": 9.34465570389432, "problem": 3.9302648408919914, "predict": 4.894101477840304, "perform": 5.618930238566729, "modern": 5.992713766508414, "comput": 1.3117406171048218, "formid": 8.07215530818825, "gener": 3.6559768150490273, "techniqu": 4.480545661809466, "eas": 4.9366610922591, "macroscop": 8.07215530818825, "simul": 6.761614851918212, "paper": 3.9616908522211034, "report": 3.4669851222001586, "applic": 2.481168327677393, "describ": 3.0954215657676754, "hardwar": 7.765001132323649, "softwar": 7.858041163593434, "environ": 3.7680902149840803, "measur": 3.8380488035909903, "produc": 3.427764409046877, "consist": 7.647320132277782, "statist": 3.867462688797284, "relat": 3.144901623031045, "turnaround": 6.126245159132937, "time": 2.0511319588387233, "throughput": 6.126245159132937, "util": 7.380257347028737, "queue": 4.894101477840304, "process": 2.1750014405515095, "mechan": 3.7680902149840803, "simscript": 6.68586094706836, "statement": 3.7154464814986583, "auxiliari": 5.299566585948469, "program": 1.438836874907873, "job": 9.212838810777047, "creat": 4.408593662058603, "properti": 3.5395558150349937, "cacm": 0.00031215857909170155, "novemb": 2.4445341944976127, "katz": 6.280395838960195}