{"mechan": 11.30427064495224, "program": 5.755347499631492, "analysi": 8.32151382492064, "mean": 3.2201250442686327, "analyz": 7.100733462278419, "perform": 2.8094651192833644, "deriv": 3.2930318150767204, "close": 9.276336207406207, "form": 6.190843131535351, "express": 9.478501267356593, "execut": 3.2358734012367716, "behavior": 4.334485689904882, "paper": 3.9616908522211034, "discuss": 4.394449154672439, "describ": 6.190843131535351, "system": 1.55744261731572, "metric": 12.925434791508298, "abl": 5.299566585948469, "simpl": 3.009560275161283, "lisp": 4.57564774672177, "produc": 3.427764409046877, "run": 3.6777061535158113, "time": 2.0511319588387233, "term": 3.2763647625915087, "size": 3.427764409046877, "input": 3.116328250586989, "present": 1.8221800659287668, "reason": 4.287965674269989, "oper": 2.270036932811187, "explain": 4.6709579265260945, "implement": 2.570897097643523, "limit": 3.6295040516979333, "cacm": 0.00031215857909170155, "septemb": 2.546702369056466, "wegbreit": 6.280395838960195}