{"abscissa": 6.97354301952014, "weight": 4.77631844218392, "gregori": 6.462717395754149, "quadratur": 4.638168103703103, "d1": 4.545794783572089, "cacm": 0.00031215857909170155, "april": 2.4231810700270437, "welsch": 6.68586094706836}