{"data": 8.667173840534717, "manipul": 10.312278959875842, "program": 5.755347499631492, "problem": 1.9651324204459957, "automat": 10.1150248271875, "inform": 12.813834857801362, "retriev": 14.379273974840173, "requir": 4.777151081699136, "varieti": 8.241823179213645, "structur": 7.421200047569625, "includ": 2.7688504001291743, "linear": 3.1818061799664963, "text": 4.083171261623976, "spars": 5.507205950726713, "matric": 3.929020581796717, "tree": 3.58351893845611, "list": 3.189353385601879, "main": 4.029104040353699, "perform": 2.8094651192833644, "system": 1.55744261731572, "briefli": 4.5168072466988365, "review": 4.48863636973214, "represent": 3.5503667311392095, "describ": 3.0954215657676754, "examin": 7.282677018689872, "characterist": 3.6295040516979333, "process": 2.1750014405515095, "languag": 4.350002881103019, "outlin": 4.160132302760104, "light": 5.507205950726713, "procedur": 2.63843330463401, "implement": 2.570897097643523, "advantag": 3.7027074557212285, "applic": 2.481168327677393, "suggest": 3.399326473726344, "made": 3.2046208577326674, "design": 2.4924254822020275, "facil": 3.8977680382926128, "aid": 4.029104040353699, "cacm": 0.00031215857909170155, "march": 2.546702369056466, "salton": 6.126245159132937}