{"weight": 4.77631844218392, "buddi": 6.126245159132937, "method": 1.8535551884965207, "dynam": 3.8380488035909903, "storag": 2.7394365149228808, "alloc": 3.6295040516979333, "corrigendum": 4.545794783572089, "cacm": 0.00031215857909170155, "april": 2.4231810700270437, "shen": 6.97354301952014, "peterson": 6.462717395754149}