{"compar": 6.455936443459318, "evalu": 3.137681375057558, "version": 17.844949582176103, "basic": 13.672779832122906, "incept": 7.379008127628304, "languag": 2.1750014405515095, "grown": 6.126245159132937, "term": 3.2763647625915087, "usag": 9.212838810777047, "scope": 5.433097978572992, "featur": 6.798652947452688, "articl": 5.076423034634259, "ten": 5.238941964132033, "earlier": 5.076423034634259, "propos": 2.907369334264736, "standard": 3.1023420086122493, "minim": 3.39002408106403, "comparison": 7.380257347028737, "arrang": 4.9366610922591, "comput": 2.6234812342096436, "time": 2.0511319588387233, "process": 2.1750014405515095, "cost": 3.518278416587709, "cacm": 0.00031215857909170155, "april": 2.4231810700270437, "lientz": 7.379008127628304}