{"consum": 10.866195957145983, "difficulti": 4.57564774672177, "computer": 11.348520070779758, "transact": 5.433097978572992, "empir": 4.358583241483942, "investig": 4.26549281841793, "preval": 7.379008127628304, "error": 15.241373936709868, "encount": 5.076423034634259, "end": 5.127716329021809, "target": 6.97354301952014, "process": 2.1750014405515095, "assess": 5.507205950726713, "type": 6.28980324606209, "occur": 4.310955192494688, "easili": 4.26549281841793, "correct": 10.8885121550938, "reaction": 6.126245159132937, "failur": 6.126245159132937, "learn": 4.894101477840304, "design": 4.984850964404055, "larg": 5.758396914596079, "manag": 8.093607234906202, "packag": 14.442176310500304, "data": 2.1667934601336793, "result": 4.750123643365691, "show": 3.641338509344936, "present": 1.8221800659287668, "state": 3.852647603012143, "art": 5.87493073085203, "approxim": 3.380807425959106, "percent": 9.628117540333536, "individu": 4.6064194053885235, "household": 7.379008127628304, "averag": 4.26549281841793, "contact": 7.379008127628304, "account": 4.739950798013046, "experi": 3.4669851222001586, "year": 4.160132302760104, "eighti": 8.07215530818825, "relat": 3.144901623031045, "bill": 6.97354301952014, "attempt": 4.1209115896068225, "turn": 5.181783550292085, "difficult": 4.57564774672177, "success": 4.083171261623976, "appear": 4.48863636973214, "conflict": 5.674260035389879, "comput": 1.3117406171048218, "organ": 3.5078071167204135, "public": 5.127716329021809, "role": 5.027632870464827, "poor": 12.252490318265874, "man": 4.739950798013046, "agement": 8.07215530818825, "includ": 2.7688504001291743, "softwar": 3.929020581796717, "system": 1.55744261731572, "adequ": 5.507205950726713, "survey": 4.48863636973214, "rais": 5.769570215194204, "concern": 3.9612814440149386, "timeli": 8.07215530818825, "number": 2.2028583950544753, "link": 4.358583241483942, "program": 1.438836874907873, "eft": 5.992713766508414, "instanc": 5.58724865840025, "cacm": 0.00031215857909170155, "sterl": 6.280395838960195}