{"fast": 3.9450209231431583, "algorithm": 4.460427169427269, "copi": 11.1744973168005, "list": 15.946766928009396, "structur": 7.421200047569625, "present": 1.8221800659287668, "arbitrarili": 6.126245159132937, "link": 4.358583241483942, "block": 3.929020581796717, "contigu": 6.126245159132937, "storag": 5.4788730298457615, "locat": 4.140329675463924, "destroy": 6.68586094706836, "origin": 4.2435139116991545, "fix": 4.064822122955779, "number": 2.2028583950544753, "program": 1.438836874907873, "variabl": 3.1093106779283426, "auxiliari": 5.299566585948469, "stack": 10.599133171896938, "need": 3.251873742583213, "mark": 5.127716329021809, "bit": 3.977810745966149, "oper": 4.540073865622374, "linear": 6.363612359932993, "time": 4.102263917677447, "shown": 2.7940406489577327, "significantli": 5.127716329021809, "faster": 4.9811128548299335, "fisher": 6.126245159132937, "fastest": 8.07215530818825, "previou": 4.434569148461864, "problem": 1.9651324204459957, "speed": 3.823660066138891, "come": 5.769570215194204, "mainli": 5.769570215194204, "effici": 2.7108631424788245, "travers": 6.280395838960195, "techniqu": 2.240272830904733, "fold": 6.68586094706836, "process": 4.350002881103019, "built": 5.076423034634259, "classif": 5.181783550292085, "cell": 5.076423034634259, "type": 6.28980324606209, "enabl": 4.5168072466988365, "optim": 3.1743155082373384, "cacm": 0.00031215857909170155, "clark": 5.433097978572992}