{"enlarg": 7.379008127628304, "group": 4.1803350100776235, "algorithm": 0.8920854338854537, "cacm": 0.00031215857909170155, "novemb": 2.4445341944976127, "well": 5.87493073085203}