{"comput": 1.3117406171048218, "patent": 6.462717395754149, "disclosur": 8.07215530818825, "cacm": 0.00031215857909170155, "octob": 2.4849066497880004, "kate": 8.07215530818825}