{"determin": 3.009560275161283, "squar": 3.6295040516979333, "root": 4.140329675463924, "posit": 4.1209115896068225, "definit": 3.6777061535158113, "matrix": 3.137681375057558, "algorithm": 0.8920854338854537, "f1": 5.433097978572992, "cacm": 0.00031215857909170155, "june": 2.3717117347975636, "duke": 8.07215530818825}