{"cobol": 4.545794783572089, "compat": 4.853279483320049, "cacm": 0.00031215857909170155, "lippitt": 8.07215530818825}