{"method": 1.8535551884965207, "determin": 3.009560275161283, "linear": 9.545418539899488, "preced": 38.51247016133414, "function": 6.783042945634649, "grammar": 8.241823179213645, "relat": 3.144901623031045, "precis": 4.064822122955779, "dimension": 4.2435139116991545, "matrix": 9.413044125172675, "inform": 2.5627669715602726, "repres": 3.6062471895336663, "concis": 5.87493073085203, "pair": 4.9811128548299335, "vector": 4.545794783572089, "call": 3.4087162140761826, "algorithm": 1.7841708677709074, "present": 1.8221800659287668, "obtain": 3.116328250586989, "shown": 2.7940406489577327, "possess": 5.36410510708604, "comput": 1.3117406171048218, "advantag": 3.7027074557212285, "cacm": 0.00031215857909170155, "octob": 2.4849066497880004, "bell": 5.433097978572992}