{"numer": 6.409241715465335, "solut": 8.291662832361135, "nonlinear": 9.409718956403552, "point": 9.047728508519825, "boundari": 14.012873779578284, "problem": 9.825662102229979, "finit": 12.730541735097464, "differ": 11.933432237898447, "method": 7.414220753986083, "extrem": 5.507205950726713, "difficult": 9.15129549344354, "task": 4.222007706478191, "question": 4.140329675463924, "realiti": 8.07215530818825, "uniqu": 5.076423034634259, "establish": 4.408593662058603, "techniqu": 4.480545661809466, "present": 1.8221800659287668, "shoot": 7.379008127628304, "easiest": 8.07215530818825, "attack": 6.68586094706836, "fail": 6.126245159132937, "obtain": 3.116328250586989, "paper": 1.9808454261105517, "exampl": 3.371674942395834, "discuss": 2.1972245773362196, "non": 4.638168103703103, "linear": 3.1818061799664963, "cacm": 0.00031215857909170155, "june": 2.3717117347975636, "holt": 6.280395838960195}