{"preliminari": 5.076423034634259, "report": 3.4669851222001586, "system": 1.55744261731572, "gener": 1.8279884075245136, "space": 10.492332989054601, "plan": 9.276336207406207, "comput": 1.3117406171048218, "languag": 10.875007202757548, "set": 2.554702411723542, "program": 2.877673749815746, "allow": 3.867462688797284, "formul": 4.545794783572089, "solv": 7.015614233440827, "class": 3.427764409046877, "problem": 3.9302648408919914, "extens": 3.3359568597937543, "algol": 3.243841570885949, "includ": 2.7688504001291743, "mean": 3.2201250442686327, "repres": 3.6062471895336663, "object": 3.380807425959106, "manipul": 3.437426319958614, "test": 3.0817227214095135, "result": 2.3750618216828454, "arrang": 4.9366610922591, "accord": 4.9366610922591, "varieti": 4.1209115896068225, "constraint": 4.358583241483942, "algorithm": 1.7841708677709074, "express": 3.1595004224521976, "reli": 5.58724865840025, "heurist": 4.6064194053885235, "search": 3.47703545805366, "detail": 3.447182494903979, "cacm": 0.00031215857909170155, "februari": 2.6211168546225494, "eastman": 7.379008127628304}