{"design": 7.477276446606083, "implement": 2.570897097643523, "diagnost": 21.732391914291966, "compil": 18.44965820654481, "pl": 46.14944696119628, "dialect": 6.462717395754149, "object": 3.380807425959106, "provid": 9.047728508519825, "maximum": 5.027632870464827, "degre": 4.222007706478191, "assist": 19.7466443690364, "batch": 4.853279483320049, "process": 2.1750014405515095, "environ": 3.7680902149840803, "part": 3.371674942395834, "implicit": 5.507205950726713, "remark": 4.57564774672177, "characterist": 3.6295040516979333, "persever": 8.07215530818825, "complet": 3.47703545805366, "translat": 7.380257347028737, "program": 2.877673749815746, "submit": 6.280395838960195, "continu": 3.852647603012143, "execut": 6.471746802473543, "user": 6.109750942746651, "establish": 4.408593662058603, "error": 6.096549574683947, "limit": 3.6295040516979333, "reach": 5.87493073085203, "requir": 2.388575540849568, "repair": 7.379008127628304, "encount": 5.076423034634259, "domin": 5.769570215194204, "consider": 3.8977680382926128, "introduc": 3.8380488035909903, "explicit": 4.853279483320049, "control": 2.954161495771495, "facil": 3.8977680382926128, "test": 6.163445442819027, "accommod": 6.68586094706836, "extens": 3.3359568597937543, "abandon": 6.97354301952014, "compat": 4.853279483320049, "ibm": 3.518278416587709, "permit": 3.572345637857985, "pseudo": 5.433097978572992, "comment": 8.129644245911559, "construct": 3.189353385601879, "content": 4.638168103703103, "option": 5.769570215194204, "consid": 3.152174382360125, "sourc": 8.203726789272256, "spite": 6.68586094706836, "effort": 4.5168072466988365, "fast": 3.9450209231431583, "effici": 2.7108631424788245, "processor": 3.7154464814986583, "effect": 3.0954215657676754, "demonstr": 4.0117122976418305, "customarili": 8.07215530818825, "offer": 4.77631844218392, "sophist": 5.076423034634259, "languag": 2.1750014405515095, "employ": 3.913272224828578, "need": 3.251873742583213, "prohibit": 6.462717395754149, "costli": 6.462717395754149, "cacm": 0.00031215857909170155, "march": 2.546702369056466, "conway": 5.769570215194204, "wilcox": 6.97354301952014}