{"addendum": 6.68586094706836, "multipl": 3.58351893845611, "precis": 4.064822122955779, "divis": 4.5168072466988365, "algorithm": 0.8920854338854537, "cacm": 0.00031215857909170155, "octob": 2.4849066497880004, "mifsud": 6.126245159132937, "bohlen": 8.07215530818825}