{"gener": 1.8279884075245136, "order": 2.93049175168559, "arithmet": 3.6901286735143684, "algorithm": 0.8920854338854537, "cacm": 0.00031215857909170155, "octob": 2.4849066497880004, "georg": 5.36410510708604}