{"hidden": 11.1744973168005, "line": 7.0577210518364915, "elimin": 4.064822122955779, "rotat": 32.18463064251624, "object": 10.14242227787732, "method": 1.8535551884965207, "present": 1.8221800659287668, "determin": 6.019120550322566, "part": 3.371674942395834, "dimension": 4.2435139116991545, "visibl": 12.56079167792039, "invis": 8.07215530818825, "axi": 20.920629058560422, "paper": 1.9808454261105517, "describ": 3.0954215657676754, "polygon": 27.936243292001247, "comparison": 3.6901286735143684, "scheme": 3.518278416587709, "relationship": 12.666023119434573, "classifi": 5.674260035389879, "tree": 3.58351893845611, "type": 3.144901623031045, "discuss": 2.1972245773362196, "chang": 4.2435139116991545, "pair": 9.962225709659867, "tabl": 3.4570347913469903, "defin": 3.1595004224521976, "remain": 5.127716329021809, "fix": 4.064822122955779, "long": 4.638168103703103, "mean": 3.2201250442686327, "rapidli": 6.126245159132937, "addit": 3.318565117081885, "work": 3.344767489475909, "extend": 3.8977680382926128, "approach": 3.1743155082373384, "simultan": 4.1803350100776235, "axe": 6.97354301952014, "cacm": 0.00031215857909170155, "april": 2.4231810700270437, "matsushita": 8.07215530818825}