{"core": 4.310955192494688, "alloc": 3.6295040516979333, "base": 2.701517280060587, "probabl": 4.222007706478191, "cacm": 0.00031215857909170155, "octob": 2.4849066497880004, "riskin": 8.07215530818825}