{"time": 10.255659794193617, "share": 6.974375659035355, "comput": 2.6234812342096436, "small": 10.784455481130129, "memori": 12.550725500230232, "techniqu": 4.480545661809466, "make": 3.380807425959106, "attract": 5.87493073085203, "central": 4.739950798013046, "present": 1.8221800659287668, "mean": 3.2201250442686327, "user": 3.0548754713733257, "program": 1.438836874907873, "monitor": 4.638168103703103, "fit": 3.9946178642825303, "depend": 3.929020581796717, "level": 13.072537053819973, "secondari": 5.507205950726713, "storag": 2.7394365149228808, "larger": 9.8733221845182, "main": 4.029104040353699, "fast": 3.9450209231431583, "slower": 5.87493073085203, "cacm": 0.00031215857909170155, "februari": 2.6211168546225494, "fisher": 6.126245159132937, "shepard": 8.07215530818825}