{"organ": 3.5078071167204135, "matric": 3.929020581796717, "matrix": 18.82608825034535, "oper": 4.540073865622374, "page": 31.69025155211951, "memori": 12.550725500230232, "system": 3.11488523463144, "represent": 10.651100193417628, "examin": 7.282677018689872, "purpos": 3.2599709528158325, "minim": 3.39002408106403, "fault": 18.378735477398813, "occur": 8.621910384989375, "shown": 2.7940406489577327, "care": 5.181783550292085, "design": 2.4924254822020275, "algorithm": 3.5683417355418148, "lead": 4.48863636973214, "enorm": 6.126245159132937, "save": 4.739950798013046, "number": 6.608575185163426, "small": 3.594818493710043, "part": 3.371674942395834, "total": 4.1803350100776235, "main": 8.058208080707399, "time": 2.0511319588387233, "addit": 3.318565117081885, "multipl": 3.58351893845611, "invers": 3.867462688797284, "show": 3.641338509344936, "partit": 8.717166482967883, "submatrix": 7.379008127628304, "case": 3.2123429038265776, "induc": 5.87493073085203, "fewer": 5.674260035389879, "row": 10.599133171896938, "pull": 8.07215530818825, "requir": 2.388575540849568, "manipul": 3.437426319958614, "studi": 3.227968221729659, "function": 2.2610143152115496, "cacm": 0.00031215857909170155, "march": 2.546702369056466, "mckellar": 8.07215530818825, "coffman": 5.87493073085203, "jr": 3.243841570885949}