{"implement": 5.141794195287046, "secur": 26.194709820660165, "measur": 3.8380488035909903, "inform": 5.125533943120545, "system": 7.787213086578601, "repres": 3.6062471895336663, "model": 5.993962985908846, "matrix": 6.275362750115116, "element": 3.8825005661618244, "decis": 7.7955360765852255, "rule": 6.95407091610732, "row": 5.299566585948469, "column": 5.433097978572992, "indic": 5.076423034634259, "user": 3.0548754713733257, "data": 6.5003803804010385, "item": 4.287965674269989, "set": 2.554702411723542, "function": 2.2610143152115496, "access": 3.6062471895336663, "translat": 7.380257347028737, "execut": 6.471746802473543, "time": 6.15339587651617, "distinguish": 5.36410510708604, "depend": 3.929020581796717, "independ": 3.8094754311469345, "enabl": 4.5168072466988365, "perform": 2.8094651192833644, "check": 4.545794783572089, "repeatedli": 6.68586094706836, "explain": 4.6709579265260945, "featur": 3.399326473726344, "exist": 3.572345637857985, "serv": 4.57564774672177, "framework": 4.9811128548299335, "propos": 2.907369334264736, "gener": 1.8279884075245136, "today": 5.674260035389879, "languag": 2.1750014405515095, "oper": 2.270036932811187, "cacm": 0.00031215857909170155, "april": 2.4231810700270437, "conway": 5.769570215194204, "maxwel": 6.68586094706836, "morgan": 6.126245159132937}