{"exercis": 5.992713766508414, "prove": 11.514146410772971, "parallel": 11.647501698485474, "program": 5.755347499631492, "correct": 10.8885121550938, "dijkstra": 5.238941964132033, "fli": 6.97354301952014, "garbag": 5.127716329021809, "collector": 5.87493073085203, "proof": 8.360670020155247, "method": 1.8535551884965207, "develop": 2.4267084105450123, "owicki": 7.379008127628304, "fine": 6.97354301952014, "degre": 4.222007706478191, "terleav": 7.379008127628304, "make": 3.380807425959106, "especi": 5.127716329021809, "difficult": 4.57564774672177, "understand": 4.704859478201776, "complic": 5.027632870464827, "greatli": 5.238941964132033, "difficulti": 4.57564774672177, "discuss": 2.1972245773362196, "cacm": 0.00031215857909170155, "decemb": 2.4626835130032902, "gri": 5.992713766508414}