{"algorithm": 1.7841708677709074, "identifi": 8.280659350927849, "ergod": 16.1443106163765, "subchain": 16.1443106163765, "transient": 13.37172189413672, "state": 7.705295206024286, "stochast": 16.76174597520075, "matrix": 6.275362750115116, "present": 1.8221800659287668, "applic": 2.481168327677393, "markov": 5.769570215194204, "renew": 8.07215530818825, "program": 1.438836874907873, "construct": 3.189353385601879, "variabl": 3.1093106779283426, "length": 3.7954891891721947, "code": 2.948191328784991, "review": 4.48863636973214, "updat": 4.704859478201776, "procedur": 2.63843330463401, "deal": 4.461237395544026, "sequenc": 3.6654360609239967, "matric": 3.929020581796717, "discuss": 2.1972245773362196, "comput": 1.3117406171048218, "time": 2.0511319588387233, "investig": 4.26549281841793, "experiment": 3.867462688797284, "compar": 3.227968221729659, "recent": 3.8977680382926128, "propos": 2.907369334264736, "method": 1.8535551884965207, "cacm": 0.00031215857909170155, "septemb": 2.546702369056466, "fox": 6.68586094706836, "landi": 7.379008127628304}