{"everyman": 8.07215530818825, "inform": 10.25106788624109, "retriev": 17.974092468550214, "system": 1.55744261731572, "problem": 3.9302648408919914, "solut": 11.05555044314818, "present": 3.6443601318575336, "pose": 5.87493073085203, "technic": 5.127716329021809, "librari": 4.894101477840304, "limit": 3.6295040516979333, "bubget": 8.07215530818825, "personnel": 6.462717395754149, "gener": 1.8279884075245136, "applic": 2.481168327677393, "type": 3.144901623031045, "method": 1.8535551884965207, "make": 6.761614851918212, "group": 4.1803350100776235, "previous": 4.739950798013046, "dismiss": 8.07215530818825, "program": 4.31651062472362, "expens": 5.992713766508414, "difficult": 4.57564774672177, "stand": 6.280395838960195, "point": 3.015909502839942, "reconsid": 6.97354301952014, "posit": 4.1209115896068225, "instal": 5.58724865840025, "month": 5.769570215194204, "equip": 4.9366610922591, "cacm": 0.00031215857909170155, "march": 2.546702369056466, "whitley": 6.97354301952014}