{"non": 4.638168103703103, "heurist": 4.6064194053885235, "program": 1.438836874907873, "prove": 3.8380488035909903, "elementari": 4.5168072466988365, "logic": 3.6062471895336663, "theorem": 4.5168072466988365, "paper": 1.9808454261105517, "discuss": 2.1972245773362196, "problem": 3.9302648408919914, "involv": 3.4570347913469903, "design": 2.4924254822020275, "devic": 3.929020581796717, "capabl": 3.8094754311469345, "distinguish": 5.36410510708604, "speech": 6.68586094706836, "event": 4.408593662058603, "recogn": 5.027632870464827, "nativ": 8.07215530818825, "speaker": 7.379008127628304, "languag": 2.1750014405515095, "parallel": 3.8825005661618244, "chemic": 6.462717395754149, "analysi": 2.7738379416402132, "point": 3.015909502839942, "cacm": 0.00031215857909170155, "januari": 2.6297375976664563, "dunham": 6.462717395754149, "fridshal": 8.07215530818825, "sward": 8.07215530818825}