{"structur": 7.421200047569625, "program": 11.510694999262984, "languag": 13.050008643309056, "identifi": 4.140329675463924, "major": 3.867462688797284, "compon": 12.79647845525379, "elementari": 13.55042174009651, "statement": 14.861785925994633, "mechan": 3.7680902149840803, "link": 4.358583241483942, "mean": 6.440250088537265, "obtain": 3.116328250586989, "data": 10.833967300668396, "input": 6.232656501173978, "altern": 7.922562888029877, "form": 12.381686263070701, "compar": 3.227968221729659, "evalu": 3.137681375057558, "exampl": 3.371674942395834, "frequent": 4.5168072466988365, "list": 3.189353385601879, "process": 2.1750014405515095, "illustr": 3.47703545805366, "take": 4.160132302760104, "command": 13.726943240165308, "requir": 9.554302163398273, "implicit": 11.014411901453427, "specif": 6.455936443459318, "imper": 6.68586094706836, "action": 13.726943240165308, "describ": 3.0954215657676754, "effect": 6.190843131535351, "achiev": 7.590978378344389, "say": 6.97354301952014, "similar": 3.7954891891721947, "programm": 3.977810745966149, "understand": 4.704859478201776, "desir": 4.140329675463924, "subroutin": 12.362734768820467, "enter": 5.299566585948469, "explicitli": 10.72821021417208, "execut": 6.471746802473543, "call": 13.63486485630473, "function": 6.783042945634649, "composit": 9.706558966640099, "gener": 1.8279884075245136, "special": 3.5395558150349937, "linkag": 5.769570215194204, "convent": 3.8380488035909903, "syntact": 4.26549281841793, "indistinguish": 6.68586094706836, "basic": 3.4181949580307265, "instruct": 3.867462688797284, "conveni": 9.628117540333536, "explicit": 4.853279483320049, "princip": 5.181783550292085, "way": 9.55263688436784, "get": 6.97354301952014, "routin": 3.867462688797284, "refer": 11.470980198416672, "implicitli": 6.68586094706836, "variabl": 3.1093106779283426, "name": 5.433097978572992, "entri": 4.334485689904882, "point": 3.015909502839942, "perman": 6.280395838960195, "error": 3.0482747873419735, "caus": 5.58724865840025, "distract": 8.07215530818825, "context": 3.913272224828578, "author": 4.287965674269989, "discuss": 2.1972245773362196, "advantag": 3.7027074557212285, "disadvantag": 5.674260035389879, "factor": 3.852647603012143, "influenc": 5.433097978572992, "choic": 4.57564774672177, "conclud": 4.814058770166768, "suggest": 3.399326473726344, "evolut": 5.87493073085203, "permit": 3.572345637857985, "organ": 3.5078071167204135, "system": 1.55744261731572, "referenc": 5.674260035389879, "cacm": 0.00031215857909170155, "march": 2.546702369056466, "raphael": 6.97354301952014}