{"design": 4.984850964404055, "venu": 16.1443106163765, "oper": 6.810110798433561, "system": 10.90209832121004, "experiment": 3.867462688797284, "multiprogram": 4.160132302760104, "support": 4.434569148461864, "concurr": 4.9811128548299335, "user": 3.0548754713733257, "small": 3.594818493710043, "comput": 1.3117406171048218, "produc": 3.427764409046877, "test": 3.0817227214095135, "effect": 3.0954215657676754, "machin": 5.837727427380942, "architectur": 10.152846069268518, "complex": 3.137681375057558, "softwar": 11.787061745390151, "defin": 9.478501267356593, "combin": 3.5612958016714, "microprogram": 11.74986146170406, "unusu": 5.992713766508414, "featur": 6.798652947452688, "exploit": 5.674260035389879, "simpli": 5.36410510708604, "paper": 1.9808454261105517, "develop": 2.4267084105450123, "emphasi": 4.5168072466988365, "principl": 4.5168072466988365, "guid": 5.127716329021809, "cacm": 0.00031215857909170155, "march": 2.546702369056466, "liskov": 6.97354301952014}