{"techniqu": 2.240272830904733, "automat": 3.371674942395834, "toler": 19.38815218726245, "control": 2.954161495771495, "linear": 6.363612359932993, "program": 2.877673749815746, "technic": 5.127716329021809, "note": 3.497444329684867, "numer": 9.613862573198002, "step": 8.023424595283661, "simplex": 5.992713766508414, "method": 3.7071103769930414, "review": 4.48863636973214, "need": 3.251873742583213, "procedur": 2.63843330463401, "defin": 3.1595004224521976, "object": 3.380807425959106, "criteria": 4.57564774672177, "accomplish": 4.638168103703103, "calcul": 3.5395558150349937, "cacm": 0.00031215857909170155, "novemb": 2.4445341944976127, "clasen": 8.07215530818825}