{"note": 6.994888659369734, "geometr": 11.1744973168005, "weight": 9.55263688436784, "check": 9.091589567144178, "digit": 6.586063630153441, "verif": 5.433097978572992, "describ": 3.0954215657676754, "method": 1.8535551884965207, "util": 3.6901286735143684, "modulu": 6.68586094706836, "comput": 1.3117406171048218, "multipl": 3.58351893845611, "divis": 4.5168072466988365, "addit": 3.318565117081885, "attempt": 4.1209115896068225, "made": 3.2046208577326674, "show": 3.641338509344936, "limit": 3.6295040516979333, "system": 1.55744261731572, "cacm": 0.00031215857909170155, "decemb": 2.4626835130032902, "wilson": 6.126245159132937}