{"introduct": 4.894101477840304, "algol": 3.243841570885949, "cacm": 0.00031215857909170155, "februari": 2.6211168546225494, "schwarz": 8.07215530818825}