{"characterist": 3.6295040516979333, "program": 8.63302124944724, "local": 42.03862133873485, "term": 9.829094287774526, "denot": 6.462717395754149, "subset": 4.545794783572089, "segment": 4.434569148461864, "referenc": 5.674260035389879, "phase": 10.055265740929654, "execut": 3.2358734012367716, "behavior": 13.003457069714646, "character": 4.9811128548299335, "resid": 5.433097978572992, "size": 6.855528818093754, "lifetim": 12.925434791508298, "transit": 4.9366610922591, "paper": 1.9808454261105517, "concept": 3.4181949580307265, "made": 3.2046208577326674, "explicit": 4.853279483320049, "formal": 3.728349886334566, "definit": 11.033118460547435, "constitut": 5.769570215194204, "refer": 7.647320132277782, "mechan": 3.7680902149840803, "detect": 4.310955192494688, "actual": 8.575931348539978, "string": 3.7027074557212285, "exist": 3.572345637857985, "hierarchi": 5.238941964132033, "time": 2.0511319588387233, "reason": 4.287965674269989, "support": 4.434569148461864, "exampl": 3.371674942395834, "empir": 4.358583241483942, "data": 2.1667934601336793, "sampl": 4.310955192494688, "product": 3.9946178642825303, "algol": 3.243841570885949, "display": 3.9450209231431583, "distribut": 3.497444329684867, "result": 2.3750618216828454, "discuss": 2.1972245773362196, "implic": 4.739950798013046, "model": 2.996981492954423, "memori": 6.275362750115116, "manag": 4.046803617453101, "virtual": 4.6064194053885235, "system": 1.55744261731572, "cacm": 0.00031215857909170155, "madison": 8.07215530818825, "batson": 6.462717395754149}