{"numer": 9.613862573198002, "integr": 5.969117945911732, "formula": 12.035136892925491, "fourier": 14.32895532655176, "analysi": 8.32151382492064, "present": 1.8221800659287668, "unequ": 6.97354301952014, "sampl": 4.310955192494688, "interv": 8.97727273946428, "equal": 4.6709579265260945, "space": 3.497444329684867, "log": 4.9811128548299335, "scale": 4.287965674269989, "formul": 4.545794783572089, "improv": 3.3536564368931554, "accuraci": 4.383275854074314, "eas": 4.9366610922591, "usag": 4.6064194053885235, "complet": 3.47703545805366, "set": 2.554702411723542, "cacm": 0.00031215857909170155, "januari": 2.6297375976664563, "meisel": 8.07215530818825}