{"cl": 8.07215530818825, "environ": 3.7680902149840803, "compil": 3.074943034424135, "flexibl": 4.26549281841793, "larg": 5.758396914596079, "scale": 4.287965674269989, "program": 2.877673749815746, "system": 3.11488523463144, "facilit": 4.739950798013046, "solut": 2.763887610787045, "inform": 2.5627669715602726, "process": 2.1750014405515095, "problem": 1.9651324204459957, "provid": 3.015909502839942, "intercommun": 8.07215530818825, "programm": 3.977810745966149, "develop": 2.4267084105450123, "realiz": 5.027632870464827, "ibm": 3.518278416587709, "comput": 1.3117406171048218, "base": 2.701517280060587, "master": 6.126245159132937, "concept": 6.836389916061453, "provis": 5.58724865840025, "accept": 4.57564774672177, "store": 3.5288605259182457, "retriev": 3.594818493710043, "descript": 13.749705279834457, "instanc": 5.58724865840025, "complex": 3.137681375057558, "data": 8.667173840534717, "set": 5.109404823447084, "algorithm": 1.7841708677709074, "defin": 3.1595004224521976, "express": 3.1595004224521976, "famili": 5.027632870464827, "command": 4.57564774672177, "languag": 2.1750014405515095, "distinct": 5.076423034634259, "content": 4.638168103703103, "discuss": 2.1972245773362196, "detail": 3.447182494903979, "cacm": 0.00031215857909170155, "januari": 2.6297375976664563, "cheatham": 6.97354301952014, "jr": 6.487683141771898, "collin": 5.87493073085203, "leonard": 7.379008127628304}