{"machin": 2.918863713690471, "control": 2.954161495771495, "analysi": 5.5476758832804265, "varianc": 9.962225709659867, "major": 3.867462688797284, "problem": 3.9302648408919914, "number": 4.405716790108951, "factor": 3.852647603012143, "increas": 3.6295040516979333, "exponenti": 4.1803350100776235, "rise": 6.462717395754149, "interact": 10.99630818277199, "experiment": 7.734925377594568, "interest": 3.9450209231431583, "imposs": 6.68586094706836, "ignor": 7.379008127628304, "design": 2.4924254822020275, "get": 6.97354301952014, "error": 3.0482747873419735, "term": 3.2763647625915087, "natur": 3.7027074557212285, "look": 5.992713766508414, "comput": 3.9352218513144654, "handl": 3.7154464814986583, "bulk": 6.97354301952014, "work": 3.344767489475909, "involv": 3.4570347913469903, "program": 1.438836874907873, "devic": 3.929020581796717, "cacm": 0.00031215857909170155, "august": 2.3750618216828454, "weldon": 7.379008127628304}