{"random": 3.6062471895336663, "algorithm": 0.8920854338854537, "cacm": 0.00031215857909170155, "april": 2.4231810700270437, "poor": 6.126245159132937, "jr": 3.243841570885949}