{"solut": 5.52777522157409, "transcendent": 6.126245159132937, "equat": 9.327932033785029, "seri": 11.647501698485474, "revers": 5.299566585948469, "algorithm": 1.7841708677709074, "develop": 2.4267084105450123, "express": 3.1595004224521976, "power": 7.5361804299681605, "x0": 16.1443106163765, "root": 4.140329675463924, "y0": 8.07215530818825, "known": 3.7027074557212285, "illustr": 3.47703545805366, "ln": 13.94708603904028, "cacm": 0.00031215857909170155, "januari": 2.6297375976664563, "thacher": 4.358583241483942, "jr": 3.243841570885949}