{"acm": 4.358583241483942, "execut": 3.2358734012367716, "committe": 4.853279483320049, "posit": 4.1209115896068225, "crisi": 7.379008127628304, "experiment": 3.867462688797284, "comput": 1.3117406171048218, "scienc": 3.977810745966149, "cacm": 0.00031215857909170155, "septemb": 2.546702369056466, "mccracken": 8.07215530818825, "ccp": 8.07215530818825, "den": 5.36410510708604, "brandin": 8.07215530818825}