{"permut": 4.287965674269989, "lexicograph": 5.674260035389879, "order": 2.93049175168559, "algorithm": 0.8920854338854537, "cacm": 0.00031215857909170155, "june": 2.3717117347975636, "schrack": 6.126245159132937, "shimrat": 6.68586094706836}