{"propos": 2.907369334264736, "usa": 11.348520070779758, "standard": 3.1023420086122493, "data": 2.1667934601336793, "commun": 3.7154464814986583, "control": 2.954161495771495, "procedur": 2.63843330463401, "standarad": 8.07215530818825, "code": 2.948191328784991, "inform": 2.5627669715602726, "interchang": 4.638168103703103, "cacm": 0.00031215857909170155, "march": 2.546702369056466}