{"matrix": 3.137681375057558, "transposit": 5.992713766508414, "place": 5.127716329021809, "f1": 5.433097978572992, "algorithm": 0.8920854338854537, "a467": 8.07215530818825, "cacm": 0.00031215857909170155, "novemb": 2.4445341944976127, "brenner": 7.379008127628304}