{"string": 22.216244734327372, "process": 6.525004321654528, "techniqu": 6.7208184927142, "intern": 4.26549281841793, "organ": 3.5078071167204135, "system": 3.11488523463144, "discuss": 2.1972245773362196, "data": 2.1667934601336793, "structur": 2.473733349189875, "present": 1.8221800659287668, "evalu": 3.137681375057558, "basi": 4.029104040353699, "creation": 5.992713766508414, "examin": 3.641338509344936, "alter": 5.674260035389879, "speed": 3.823660066138891, "oper": 2.270036932811187, "storag": 2.7394365149228808, "requir": 2.388575540849568, "effect": 3.0954215657676754, "page": 3.9612814440149386, "programm": 3.977810745966149, "conveni": 4.814058770166768, "consid": 3.152174382360125, "singl": 3.7546671946519394, "word": 3.7546671946519394, "link": 4.358583241483942, "block": 3.929020581796717, "demonstr": 4.0117122976418305, "implement": 2.570897097643523, "snobol": 6.126245159132937, "languag": 2.1750014405515095, "ibm": 3.518278416587709, "cacm": 0.00031215857909170155, "juli": 2.3683728335320486, "madnick": 8.07215530818825}