{"rout": 5.769570215194204, "problem": 1.9651324204459957, "algorithm": 0.8920854338854537, "a456": 8.07215530818825, "cacm": 0.00031215857909170155, "septemb": 2.546702369056466, "fencl": 8.07215530818825}