{"simpson": 5.299566585948469, "integr": 2.984558972955866, "algorithm": 0.8920854338854537, "cacm": 0.00031215857909170155, "april": 2.4231810700270437, "hennion": 6.280395838960195}