{"interact": 10.99630818277199, "display": 7.890041846286317, "approxim": 13.523229703836424, "linear": 9.545418539899488, "program": 4.31651062472362, "graphic": 4.2435139116991545, "develop": 2.4267084105450123, "data": 2.1667934601336793, "mean": 3.2201250442686327, "combin": 3.5612958016714, "function": 2.2610143152115496, "includ": 2.7688504001291743, "spline": 5.433097978572992, "select": 3.617808011934742, "user": 3.0548754713733257, "coeffici": 4.1209115896068225, "determin": 3.009560275161283, "minim": 3.39002408106403, "error": 3.0482747873419735, "l1": 6.68586094706836, "infin": 6.68586094706836, "norm": 5.769570215194204, "auxiliari": 5.299566585948469, "condit": 3.39002408106403, "monoton": 6.462717395754149, "convex": 5.87493073085203, "impos": 5.674260035389879, "system": 1.55744261731572, "exampl": 3.371674942395834, "cacm": 0.00031215857909170155, "novemb": 2.4445341944976127, "lafata": 8.07215530818825, "rosen": 6.280395838960195}