{"reciproc": 6.462717395754149, "gamma": 4.814058770166768, "function": 2.2610143152115496, "real": 3.5078071167204135, "argument": 4.77631844218392, "algorithm": 0.8920854338854537, "cacm": 0.00031215857909170155, "march": 2.546702369056466, "holsten": 8.07215530818825}