{"optim": 6.348631016474677, "express": 6.319000844904395, "fortran": 9.80440279036498, "method": 5.560665565489562, "comput": 2.6234812342096436, "arithmet": 3.6901286735143684, "index": 8.766551708148627, "program": 2.877673749815746, "present": 3.6443601318575336, "base": 2.701517280060587, "linear": 3.1818061799664963, "analysi": 2.7738379416402132, "definit": 3.6777061535158113, "point": 3.015909502839942, "variabl": 6.218621355856685, "branch": 5.58724865840025, "loop": 9.479901596026092, "structur": 2.473733349189875, "object": 6.761614851918212, "process": 2.1750014405515095, "elimin": 4.064822122955779, "redund": 4.9811128548299335, "calcul": 7.0791116300699874, "refer": 3.823660066138891, "made": 3.2046208577326674, "common": 3.9450209231431583, "subexpress": 5.769570215194204, "valu": 3.7027074557212285, "remov": 4.9811128548299335, "invari": 5.58724865840025, "effici": 5.421726284957649, "subscript": 5.507205950726713, "iter": 4.046803617453101, "provid": 3.015909502839942, "regist": 5.027632870464827, "usag": 4.6064194053885235, "requir": 2.388575540849568, "pass": 4.57564774672177, "compil": 9.224829103272405, "scan": 4.894101477840304, "backward": 5.87493073085203, "develop": 2.4267084105450123, "prove": 3.8380488035909903, "produc": 3.427764409046877, "excel": 6.280395838960195, "code": 2.948191328784991, "significantli": 5.127716329021809, "reduc": 3.641338509344936, "speed": 3.823660066138891, "cacm": 0.00031215857909170155, "decemb": 2.4626835130032902, "busam": 7.379008127628304, "england": 8.07215530818825}