{"partit": 4.358583241483942, "quicksort": 5.87493073085203, "find": 3.58351893845611, "algorithm": 0.8920854338854537, "cacm": 0.00031215857909170155, "august": 2.3750618216828454, "hillmor": 6.280395838960195}