{"spline": 16.299293935718975, "function": 4.522028630423099, "method": 7.414220753986083, "nonlinear": 9.409718956403552, "boundari": 9.341915853052189, "problem": 1.9651324204459957, "solut": 2.763887610787045, "differenti": 7.858041163593434, "equat": 9.327932033785029, "point": 6.031819005679884, "condit": 3.39002408106403, "approxim": 3.380807425959106, "quintic": 14.758016255256608, "cubic": 6.126245159132937, "suit": 5.076423034634259, "nonuniform": 6.97354301952014, "mesh": 26.74344378827344, "size": 10.283293227140632, "dynam": 3.8380488035909903, "alloc": 3.6295040516979333, "uniform": 4.853279483320049, "error": 6.096549574683947, "typic": 4.461237395544026, "numerov": 8.07215530818825, "requir": 2.388575540849568, "satisfi": 4.383275854074314, "result": 2.3750618216828454, "set": 2.554702411723542, "differ": 3.977810745966149, "block": 3.929020581796717, "tridiagon": 5.58724865840025, "easili": 4.26549281841793, "solv": 3.5078071167204135, "relax": 5.769570215194204, "standard": 3.1023420086122493, "cacm": 0.00031215857909170155, "june": 2.3717117347975636, "blue": 8.07215530818825}