{"educ": 4.287965674269989, "program": 1.438836874907873, "comput": 1.3117406171048218, "cacm": 0.00031215857909170155, "august": 2.3750618216828454, "hollingsworth": 7.379008127628304}