{"ten": 5.238941964132033, "subroutin": 4.1209115896068225, "manipul": 3.437426319958614, "chebyshev": 4.9366610922591, "seri": 3.8825005661618244, "algorithm": 0.8920854338854537, "r446": 8.07215530818825, "c446": 8.07215530818825, "cacm": 0.00031215857909170155, "piessen": 6.462717395754149, "merten": 8.07215530818825}