{"quick": 6.280395838960195, "calcul": 3.5395558150349937, "jacobian": 6.97354301952014, "ellipt": 5.238941964132033, "function": 2.2610143152115496, "cacm": 0.00031215857909170155, "juli": 2.3683728335320486, "salzer": 6.126245159132937}