{"polynomi": 3.4087162140761826, "evalu": 3.137681375057558, "revis": 5.238941964132033, "cacm": 0.00031215857909170155, "juli": 2.3683728335320486, "eisman": 8.07215530818825}