{"multidimension": 5.87493073085203, "mont": 5.769570215194204, "carlo": 5.769570215194204, "quadratur": 4.638168103703103, "adapt": 4.434569148461864, "stratifi": 7.379008127628304, "sampl": 4.310955192494688, "d1": 4.545794783572089, "algorithm": 0.8920854338854537, "a440": 8.07215530818825, "cacm": 0.00031215857909170155, "januari": 2.6297375976664563, "gallah": 7.379008127628304}