{"schedul": 11.933432237898447, "meet": 26.497832929742344, "comput": 2.6234812342096436, "paper": 1.9808454261105517, "develop": 4.853416821090025, "feder": 6.68586094706836, "american": 4.358583241483942, "societi": 5.674260035389879, "experiment": 3.867462688797284, "biolog": 5.87493073085203, "faseb": 24.21646592456475, "largest": 6.280395838960195, "scientif": 4.9366610922591, "held": 5.769570215194204, "unit": 4.2435139116991545, "state": 3.852647603012143, "year": 4.160132302760104, "techniqu": 2.240272830904733, "appli": 3.2681342634549932, "parallel": 3.8825005661618244, "session": 7.379008127628304, "cacm": 0.00031215857909170155, "septemb": 2.546702369056466, "schultz": 7.379008127628304, "brook": 6.97354301952014, "schwartz": 5.674260035389879}