{"exponenti": 4.1803350100776235, "method": 9.267775942482604, "solut": 5.52777522157409, "system": 7.787213086578601, "ordinari": 8.869138296923728, "differenti": 11.787061745390151, "equat": 9.327932033785029, "explicit": 4.853279483320049, "coupl": 5.87493073085203, "singl": 3.7546671946519394, "step": 4.0117122976418305, "numer": 3.2046208577326674, "initi": 4.2435139116991545, "problem": 3.9302648408919914, "present": 1.8221800659287668, "design": 2.4924254822020275, "gener": 3.6559768150490273, "purpos": 3.2599709528158325, "natur": 3.7027074557212285, "especi": 5.127716329021809, "effici": 2.7108631424788245, "deal": 4.461237395544026, "stiff": 20.920629058560422, "order": 11.72196700674236, "case": 6.424685807653155, "linear": 6.363612359932993, "constant": 4.48863636973214, "coeffici": 4.1209115896068225, "forc": 5.36410510708604, "term": 3.2763647625915087, "implement": 5.141794195287046, "put": 5.674260035389879, "routin": 3.867462688797284, "usag": 4.6064194053885235, "biolog": 5.87493073085203, "applic": 2.481168327677393, "frequent": 4.5168072466988365, "appear": 4.48863636973214, "favor": 5.433097978572992, "result": 2.3750618216828454, "compar": 6.455936443459318, "standard": 3.1023420086122493, "fourth": 5.507205950726713, "rung": 5.87493073085203, "kutta": 5.58724865840025, "comput": 1.3117406171048218, "time": 2.0511319588387233, "requir": 2.388575540849568, "rang": 4.222007706478191, "nonstiff": 8.07215530818825, "magnitud": 5.992713766508414, "faster": 4.9811128548299335, "highli": 4.638168103703103, "cacm": 0.00031215857909170155, "decemb": 2.4626835130032902, "chu": 6.462717395754149, "berman": 7.379008127628304}