{"report": 3.4669851222001586, "visit": 6.280395838960195, "discuss": 2.1972245773362196, "common": 3.9450209231431583, "program": 1.438836874907873, "languag": 2.1750014405515095, "czechoslovakia": 8.07215530818825, "poland": 8.07215530818825, "cacm": 0.00031215857909170155, "novemb": 2.4445341944976127, "gosden": 8.07215530818825, "merner": 6.97354301952014, "gay": 8.07215530818825, "jone": 6.126245159132937, "christoph": 8.07215530818825}