{"divid": 9.479901596026092, "correct": 7.259008103395867, "method": 5.560665565489562, "multipl": 10.75055681536833, "precis": 16.259288491823117, "divis": 13.55042174009651, "problem": 3.9302648408919914, "defin": 3.1595004224521976, "notat": 4.434569148461864, "relat": 3.144901623031045, "oper": 2.270036932811187, "digit": 3.2930318150767204, "comput": 1.3117406171048218, "introduc": 3.8380488035909903, "basic": 3.4181949580307265, "formul": 4.545794783572089, "known": 3.7027074557212285, "properti": 3.5395558150349937, "briefli": 4.5168072466988365, "review": 4.48863636973214, "interest": 3.9450209231431583, "fact": 4.6709579265260945, "produc": 3.427764409046877, "step": 4.0117122976418305, "set": 2.554702411723542, "estim": 3.929020581796717, "desir": 4.140329675463924, "result": 2.3750618216828454, "exact": 4.853279483320049, "cacm": 0.00031215857909170155, "august": 2.3750618216828454, "stein": 6.68586094706836}