{"gener": 1.8279884075245136, "random": 3.6062471895336663, "permut": 4.287965674269989, "algorithm": 0.8920854338854537, "g6": 4.894101477840304, "cacm": 0.00031215857909170155, "novemb": 2.4445341944976127, "robson": 7.379008127628304}