{"marriag": 6.68586094706836, "problem": 1.9651324204459957, "cacm": 0.00031215857909170155, "februari": 2.6211168546225494, "shuchter": 8.07215530818825}