{"blnsi": 16.1443106163765, "oper": 4.540073865622374, "system": 10.90209832121004, "braill": 26.74344378827344, "capabl": 3.8094754311469345, "design": 2.4924254822020275, "common": 3.9450209231431583, "option": 5.769570215194204, "featur": 3.399326473726344, "attach": 6.126245159132937, "tape": 8.093607234906202, "drive": 5.507205950726713, "print": 5.027632870464827, "output": 10.492332989054601, "execut": 12.943493604947086, "program": 5.755347499631492, "english": 4.6064194053885235, "written": 3.728349886334566, "small": 3.594818493710043, "machin": 2.918863713690471, "minim": 3.39002408106403, "peripher": 6.68586094706836, "equip": 4.9366610922591, "job": 4.6064194053885235, "batch": 9.706558966640099, "card": 15.7168258923961, "handl": 3.7154464814986583, "lost": 7.379008127628304, "process": 2.1750014405515095, "time": 2.0511319588387233, "minimum": 4.1209115896068225, "perform": 2.8094651192833644, "user": 6.109750942746651, "function": 2.2610143152115496, "assembl": 4.545794783572089, "sp": 7.379008127628304, "sourc": 4.101863394636128, "deck": 18.378735477398813, "post": 5.992713766508414, "list": 12.757413542407516, "produc": 3.427764409046877, "condens": 6.280395838960195, "uncondens": 16.1443106163765, "object": 6.761614851918212, "input": 6.232656501173978, "punch": 5.58724865840025, "provid": 3.015909502839942, "storag": 2.7394365149228808, "dump": 6.68586094706836, "submit": 6.280395838960195, "debug": 4.6064194053885235, "trace": 5.027632870464827, "control": 2.954161495771495, "convers": 3.867462688797284, "ibsi": 6.462717395754149, "updat": 4.704859478201776, "duplic": 7.379008127628304, "ouput": 8.07215530818825, "subroutin": 4.1209115896068225, "includ": 2.7688504001291743, "cacm": 0.00031215857909170155, "landwehr": 8.07215530818825, "mclaughlin": 8.07215530818825, "mueller": 7.379008127628304, "lichstein": 7.379008127628304, "pollack": 5.992713766508414}