{"optim": 6.348631016474677, "convers": 3.867462688797284, "extend": 7.7955360765852255, "entri": 8.668971379809763, "decis": 11.693304114877838, "tabl": 6.914069582693981, "gener": 3.6559768150490273, "cost": 7.036556833175418, "criteria": 9.15129549344354, "dynam": 3.8380488035909903, "program": 1.438836874907873, "algorithm": 0.8920854338854537, "convert": 4.383275854074314, "limit": 3.6295040516979333, "mix": 4.9811128548299335, "tree": 3.58351893845611, "present": 1.8221800659287668, "take": 4.160132302760104, "account": 4.739950798013046, "rule": 13.90814183221464, "frequenc": 4.739950798013046, "probabl": 4.222007706478191, "minimum": 4.1209115896068225, "time": 2.0511319588387233, "space": 3.497444329684867, "common": 3.9450209231431583, "action": 4.57564774672177, "set": 2.554702411723542, "compress": 5.58724865840025, "sequenc": 3.6654360609239967, "constraint": 4.358583241483942, "condit": 6.78004816212806, "test": 3.0817227214095135, "exclud": 6.97354301952014, "combin": 3.5612958016714, "ambigu": 5.127716329021809, "interrupt": 5.507205950726713, "mask": 5.87493073085203, "cacm": 0.00031215857909170155, "april": 2.4231810700270437, "lew": 8.07215530818825}