{"cobol": 13.637384350716268, "librarian": 8.07215530818825, "key": 4.064822122955779, "object": 6.761614851918212, "program": 2.877673749815746, "effici": 5.421726284957649, "answer": 9.8733221845182, "question": 4.140329675463924, "compil": 3.074943034424135, "forc": 5.36410510708604, "gener": 1.8279884075245136, "purpos": 3.2599709528158325, "articl": 5.076423034634259, "present": 1.8221800659287668, "creation": 5.992713766508414, "full": 4.545794783572089, "util": 3.6901286735143684, "construct": 3.189353385601879, "librari": 4.894101477840304, "cacm": 0.00031215857909170155, "hick": 7.379008127628304}