{"recurs": 3.913272224828578, "iter": 4.046803617453101, "cacm": 0.00031215857909170155, "februari": 2.6211168546225494, "rice": 6.68586094706836}