{"choic": 13.726943240165308, "refer": 22.941960396833345, "poin": 35.249584385112186, "ts": 23.078280860776815, "match": 9.033614493397673, "search": 10.431106374160981, "improv": 6.707312873786311, "exhaust": 5.507205950726713, "method": 1.8535551884965207, "previous": 4.739950798013046, "achiev": 7.590978378344389, "preprocess": 6.68586094706836, "step": 4.0117122976418305, "involv": 3.4570347913469903, "calcul": 3.5395558150349937, "distanc": 5.58724865840025, "paper": 1.9808454261105517, "discuss": 2.1972245773362196, "proper": 10.152846069268518, "extend": 3.8977680382926128, "previou": 4.434569148461864, "algorithm": 0.8920854338854537, "shown": 2.7940406489577327, "locat": 8.280659350927849, "data": 2.1667934601336793, "cluster": 5.58724865840025, "result": 2.3750618216828454, "comput": 1.3117406171048218, "simul": 3.380807425959106, "present": 1.8221800659287668, "show": 3.641338509344936, "larg": 2.8791984572980396, "multipl": 3.58351893845611, "cacm": 0.00031215857909170155, "shapiro": 6.462717395754149}