{"approxim": 3.380807425959106, "transcendent": 6.126245159132937, "number": 2.2028583950544753, "continu": 3.852647603012143, "fraction": 5.36410510708604, "cacm": 0.00031215857909170155, "april": 2.4231810700270437, "karst": 8.07215530818825}