{"ten": 5.238941964132033, "subroutin": 4.1209115896068225, "manipul": 3.437426319958614, "chebyshev": 4.9366610922591, "seri": 3.8825005661618244, "c1": 6.280395838960195, "algorithm": 0.8920854338854537, "a446": 8.07215530818825, "cacm": 0.00031215857909170155, "april": 2.4231810700270437, "brouck": 8.07215530818825}