{"dynam": 3.8380488035909903, "format": 12.54100503023287, "specif": 6.455936443459318, "implement": 2.570897097643523, "fortran": 6.5362685269099865, "convers": 3.867462688797284, "discuss": 2.1972245773362196, "type": 3.144901623031045, "give": 4.287965674269989, "programm": 3.977810745966149, "control": 2.954161495771495, "input": 3.116328250586989, "output": 3.497444329684867, "execut": 3.2358734012367716, "time": 2.0511319588387233, "cacm": 0.00031215857909170155, "august": 2.3750618216828454, "ranelletti": 7.379008127628304}