{"solut": 2.763887610787045, "simultan": 4.1803350100776235, "non": 4.638168103703103, "linear": 3.1818061799664963, "equat": 3.1093106779283426, "algorithm": 0.8920854338854537, "c5": 5.87493073085203, "cacm": 0.00031215857909170155, "novemb": 2.4445341944976127, "brown": 5.027632870464827}