{"decis": 7.7955360765852255, "matrix": 6.275362750115116, "basi": 4.029104040353699, "simpl": 3.009560275161283, "data": 4.333586920267359, "input": 6.232656501173978, "routin": 7.734925377594568, "great": 5.433097978572992, "deal": 4.461237395544026, "time": 2.0511319588387233, "effort": 4.5168072466988365, "spent": 6.462717395754149, "develop": 2.4267084105450123, "bigger": 7.379008127628304, "compil": 3.074943034424135, "languag": 2.1750014405515095, "multiprogram": 4.160132302760104, "execut": 3.2358734012367716, "system": 4.67232785194716, "implement": 2.570897097643523, "method": 3.7071103769930414, "procedur": 2.63843330463401, "instantan": 6.97354301952014, "occur": 4.310955192494688, "evolutionari": 6.97354301952014, "process": 2.1750014405515095, "concern": 3.9612814440149386, "problem": 3.9302648408919914, "maintain": 4.638168103703103, "improv": 3.3536564368931554, "incorpor": 4.5168072466988365, "idea": 4.5168072466988365, "exist": 3.572345637857985, "neglect": 8.07215530818825, "area": 3.867462688797284, "author": 4.287965674269989, "interest": 3.9450209231431583, "employ": 3.913272224828578, "present": 1.8221800659287668, "handl": 3.7154464814986583, "standard": 3.1023420086122493, "program": 1.438836874907873, "provid": 3.015909502839942, "cacm": 0.00031215857909170155, "decemb": 2.4626835130032902, "vasilako": 8.07215530818825}