{"interest": 3.9450209231431583, "algorithm": 0.8920854338854537, "cacm": 0.00031215857909170155, "septemb": 2.546702369056466, "wright": 6.126245159132937}