{"bessel": 5.127716329021809, "function": 2.2610143152115496, "set": 2.554702411723542, "integ": 4.140329675463924, "order": 2.93049175168559, "cacm": 0.00031215857909170155, "april": 2.4231810700270437, "stafford": 7.379008127628304}