{"special": 3.5395558150349937, "seri": 3.8825005661618244, "summat": 5.674260035389879, "arbitrari": 4.160132302760104, "precis": 4.064822122955779, "algorithm": 0.8920854338854537, "r393": 8.07215530818825, "cacm": 0.00031215857909170155, "june": 2.3717117347975636, "sale": 6.280395838960195}