{"lucid": 48.4329318491295, "nonprocedur": 6.280395838960195, "languag": 6.525004321654528, "iter": 8.093607234906202, "formal": 3.728349886334566, "system": 1.55744261731572, "program": 10.071858124355112, "written": 3.728349886334566, "proof": 12.54100503023287, "carri": 4.77631844218392, "easi": 4.358583241483942, "follow": 6.126245159132937, "straightforward": 5.433097978572992, "produc": 3.427764409046877, "statement": 14.861785925994633, "simpli": 5.36410510708604, "axiom": 12.252490318265874, "proce": 6.97354301952014, "convent": 7.676097607181981, "logic": 3.6062471895336663, "reason": 4.287965674269989, "help": 5.238941964132033, "rule": 3.47703545805366, "infer": 5.36410510708604, "special": 3.5395558150349937, "function": 2.2610143152115496, "unconvent": 6.68586094706836, "thing": 5.36410510708604, "order": 2.93049175168559, "irrelev": 7.379008127628304, "assign": 8.129644245911559, "equat": 3.1093106779283426, "need": 3.251873742583213, "look": 5.992713766508414, "structur": 2.473733349189875, "condit": 3.39002408106403, "loop": 4.739950798013046, "cacm": 0.00031215857909170155, "juli": 2.3683728335320486, "ashcrof": 8.07215530818825, "wadg": 8.07215530818825}