{"impact": 5.076423034634259, "comput": 9.182184319733754, "undergradu": 11.348520070779758, "mathemat": 25.406528361885535, "curriculum": 15.383148987065429, "permit": 10.717036913573954, "widespread": 5.769570215194204, "applic": 2.481168327677393, "idea": 13.55042174009651, "requir": 2.388575540849568, "scienc": 3.977810745966149, "technolog": 4.5168072466988365, "extrem": 5.507205950726713, "signific": 3.929020581796717, "understand": 9.409718956403552, "societi": 5.674260035389879, "student": 4.310955192494688, "interest": 3.9450209231431583, "develop": 2.4267084105450123, "intens": 12.252490318265874, "properli": 5.992713766508414, "util": 7.380257347028737, "yield": 4.545794783572089, "concept": 6.836389916061453, "program": 2.877673749815746, "logic": 3.6062471895336663, "structur": 2.473733349189875, "introduc": 3.8380488035909903, "field": 3.9946178642825303, "present": 1.8221800659287668, "paper": 1.9808454261105517, "suggest": 3.399326473726344, "portion": 4.894101477840304, "prepar": 4.57564774672177, "person": 5.507205950726713, "profession": 5.027632870464827, "mathematician": 7.379008127628304, "modifi": 3.8977680382926128, "includ": 2.7688504001291743, "extens": 3.3359568597937543, "clarif": 6.68586094706836, "earli": 5.027632870464827, "introduct": 9.788202955680608, "desir": 4.140329675463924, "continu": 3.852647603012143, "automat": 3.371674942395834, "illustr": 3.47703545805366, "clarifi": 5.674260035389879, "calculu": 5.507205950726713, "equat": 3.1093106779283426, "stage": 4.9811128548299335, "numer": 3.2046208577326674, "analysi": 2.7738379416402132, "ad": 4.408593662058603, "addit": 3.318565117081885, "provid": 3.015909502839942, "compet": 6.68586094706836, "techniqu": 2.240272830904733, "sophist": 5.076423034634259, "advanc": 4.704859478201776, "complex": 3.137681375057558, "variabl": 3.1093106779283426, "transform": 3.6654360609239967, "theori": 4.140329675463924, "cacm": 0.00031215857909170155, "septemb": 2.546702369056466, "murray": 8.07215530818825}