{"algorithm": 1.7841708677709074, "extract": 5.076423034634259, "phrase": 5.238941964132033, "space": 3.497444329684867, "optim": 3.1743155082373384, "fashion": 5.992713766508414, "a444": 8.07215530818825, "cacm": 0.00031215857909170155, "march": 2.546702369056466, "wagner": 6.462717395754149}