{"structur": 2.473733349189875, "standard": 6.204684017224499, "process": 4.350002881103019, "organ": 3.5078071167204135, "comput": 2.6234812342096436, "area": 3.867462688797284, "line": 3.5288605259182457, "acm": 8.717166482967883, "polici": 4.894101477840304, "statement": 3.7154464814986583, "comm": 5.769570215194204, "nov": 7.379008127628304, "organiz": 6.126245159132937, "descript": 3.437426319958614, "provid": 3.015909502839942, "order": 2.93049175168559, "describ": 3.0954215657676754, "activ": 3.977810745966149, "pertin": 5.674260035389879, "inform": 2.5627669715602726, "cacm": 0.00031215857909170155, "june": 2.3717117347975636, "gorn": 5.87493073085203, "bemer": 5.58724865840025, "green": 5.769570215194204}