{"effici": 2.7108631424788245, "algorithm": 1.7841708677709074, "sort": 3.8825005661618244, "minim": 3.39002408106403, "storag": 2.7394365149228808, "m1": 5.433097978572992, "cacm": 0.00031215857909170155, "januari": 2.6297375976664563, "griffin": 8.07215530818825, "redish": 6.97354301952014}