{"algorithm": 0.8920854338854537, "defin": 3.1595004224521976, "algol": 3.243841570885949, "assign": 4.064822122955779, "statement": 3.7154464814986583, "cacm": 0.00031215857909170155, "march": 2.546702369056466, "floyd": 5.127716329021809}