{"alloc": 3.6295040516979333, "storag": 2.7394365149228808, "array": 4.334485689904882, "algol": 3.243841570885949, "cacm": 0.00031215857909170155, "januari": 2.6297375976664563, "sattley": 7.379008127628304}