{"combin": 3.5612958016714, "object": 3.380807425959106, "algorithm": 0.8920854338854537, "g6": 4.894101477840304, "cacm": 0.00031215857909170155, "june": 2.3717117347975636, "chase": 6.126245159132937}