{"method": 9.267775942482604, "analyz": 7.100733462278419, "data": 4.333586920267359, "comput": 2.6234812342096436, "simul": 10.14242227787732, "experi": 3.4669851222001586, "paper": 3.9616908522211034, "address": 3.913272224828578, "problem": 1.9651324204459957, "gener": 1.8279884075245136, "econom": 4.6709579265260945, "system": 1.55744261731572, "turn": 5.181783550292085, "hypothet": 6.126245159132937, "firm": 16.1443106163765, "oper": 4.540073865622374, "repres": 3.6062471895336663, "singl": 3.7546671946519394, "channel": 5.769570215194204, "multist": 8.07215530818825, "queue": 4.894101477840304, "model": 2.996981492954423, "seek": 6.280395838960195, "maxim": 5.299566585948469, "total": 8.360670020155247, "expect": 4.334485689904882, "profit": 7.379008127628304, "come": 5.769570215194204, "period": 4.77631844218392, "select": 3.617808011934742, "plan": 27.82900862221862, "incorpor": 4.5168072466988365, "market": 6.280395838960195, "strategi": 4.6709579265260945, "alloc": 3.6295040516979333, "product": 3.9946178642825303, "input": 3.116328250586989, "cost": 3.518278416587709, "result": 2.3750618216828454, "activ": 3.977810745966149, "subject": 4.160132302760104, "test": 9.245168164228541, "multipl": 14.33407575382444, "comparison": 7.380257347028737, "rank": 13.37172189413672, "illustr": 3.47703545805366, "compar": 3.227968221729659, "evalu": 3.137681375057558, "techniqu": 4.480545661809466, "adopt": 5.992713766508414, "posit": 4.1209115896068225, "analysi": 2.7738379416402132, "possibl": 4.77631844218392, "chosen": 4.894101477840304, "experiment": 7.734925377594568, "express": 3.1595004224521976, "object": 3.380807425959106, "homogen": 6.462717395754149, "quantifi": 6.462717395754149, "differ": 3.977810745966149, "directli": 4.408593662058603, "identifi": 4.140329675463924, "cacm": 0.00031215857909170155, "novemb": 2.4445341944976127, "naylor": 6.68586094706836, "wertz": 8.07215530818825, "wonnacott": 8.07215530818825}