{"empir": 4.358583241483942, "studi": 3.227968221729659, "list": 22.325473699213152, "structur": 9.8949333967595, "lisp": 9.15129549344354, "static": 5.36410510708604, "measur": 11.514146410772971, "larg": 2.8791984572980396, "program": 2.877673749815746, "report": 3.4669851222001586, "analyz": 3.5503667311392095, "paper": 1.9808454261105517, "reveal": 5.181783550292085, "substanti": 4.6709579265260945, "regular": 16.52161785218014, "predict": 4.894101477840304, "poin": 23.49972292340812, "ter": 22.137024382884913, "atom": 12.925434791508298, "especi": 5.127716329021809, "pointer": 5.674260035389879, "found": 3.852647603012143, "obey": 7.379008127628304, "roughli": 6.462717395754149, "zipf": 8.07215530818825, "law": 5.674260035389879, "govern": 5.181783550292085, "word": 3.7546671946519394, "frequenc": 4.739950798013046, "natur": 3.7027074557212285, "languag": 2.1750014405515095, "locat": 8.280659350927849, "physic": 4.57564774672177, "nearbi": 7.379008127628304, "memori": 6.275362750115116, "space": 3.497444329684867, "effici": 2.7108631424788245, "represent": 3.5503667311392095, "discuss": 2.1972245773362196, "linear": 6.363612359932993, "success": 4.083171261623976, "cdr": 14.758016255256608, "car": 13.94708603904028, "consecut": 5.87493073085203, "greatli": 5.238941964132033, "strengthen": 7.379008127628304, "observ": 4.9811128548299335, "shown": 2.7940406489577327, "reason": 4.287965674269989, "assumpt": 4.739950798013046, "entropi": 7.379008127628304, "inform": 2.5627669715602726, "content": 4.638168103703103, "pair": 4.9811128548299335, "bit": 7.955621491932298, "cacm": 0.00031215857909170155, "februari": 2.6211168546225494, "clark": 5.433097978572992, "green": 5.769570215194204}