{"perman": 6.280395838960195, "function": 2.2610143152115496, "squar": 3.6295040516979333, "matrix": 3.137681375057558, "ii": 4.140329675463924, "algorithm": 0.8920854338854537, "g6": 4.894101477840304, "cacm": 0.00031215857909170155, "june": 2.3717117347975636, "shriver": 7.379008127628304, "eberlein": 7.379008127628304, "dixon": 6.97354301952014}