{"method": 7.414220753986083, "bivari": 12.925434791508298, "interpol": 18.425677621554094, "smooth": 10.866195957145983, "surfac": 4.704859478201776, "fit": 3.9946178642825303, "base": 5.403034560121174, "local": 9.341915853052189, "procedur": 5.27686660926802, "design": 2.4924254822020275, "valu": 3.7027074557212285, "point": 6.031819005679884, "rectangular": 10.599133171896938, "grid": 20.05758284120508, "plane": 5.433097978572992, "function": 4.522028630423099, "bicub": 8.07215530818825, "polynomi": 3.4087162140761826, "cell": 5.076423034634259, "emphasi": 4.5168072466988365, "avoid": 4.434569148461864, "excess": 6.126245159132937, "undul": 8.07215530818825, "propos": 2.907369334264736, "extens": 3.3359568597937543, "univari": 7.379008127628304, "develop": 2.4267084105450123, "earlier": 5.076423034634259, "author": 4.287965674269989, "likewis": 8.07215530818825, "cacm": 0.00031215857909170155, "januari": 2.6297375976664563, "akima": 6.97354301952014}