{"architectur": 20.305692138537037, "ibm": 7.036556833175418, "system": 6.22977046926288, "paper": 1.9808454261105517, "discuss": 2.1972245773362196, "design": 2.4924254822020275, "consider": 3.8977680382926128, "extens": 3.3359568597937543, "distinguish": 5.36410510708604, "comment": 4.064822122955779, "experi": 3.4669851222001586, "origin": 4.2435139116991545, "object": 6.761614851918212, "effort": 4.5168072466988365, "achiev": 3.7954891891721947, "describ": 3.0954215657676754, "reason": 4.287965674269989, "extend": 3.8977680382926128, "cover": 4.9366610922591, "virtual": 4.6064194053885235, "storag": 2.7394365149228808, "program": 1.438836874907873, "control": 2.954161495771495, "data": 2.1667934601336793, "manipul": 3.437426319958614, "instruct": 3.867462688797284, "time": 2.0511319588387233, "facil": 3.8977680382926128, "multiprocess": 6.126245159132937, "debug": 4.6064194053885235, "monitor": 4.638168103703103, "error": 3.0482747873419735, "handl": 3.7154464814986583, "input": 3.116328250586989, "output": 3.497444329684867, "oper": 2.270036932811187, "final": 3.7680902149840803, "section": 4.853279483320049, "tabul": 5.58724865840025, "import": 3.497444329684867, "paramet": 3.7816958670398586, "machin": 2.918863713690471, "implement": 2.570897097643523, "cacm": 0.00031215857909170155, "januari": 2.6297375976664563, "case": 3.2123429038265776, "padg": 8.07215530818825}