{"arrow": 8.07215530818825, "preced": 4.814058770166768, "network": 3.9450209231431583, "transform": 3.6654360609239967, "algorithm": 0.8920854338854537, "a481": 8.07215530818825, "cacm": 0.00031215857909170155, "august": 2.3750618216828454, "crandal": 8.07215530818825}