{"code": 29.481913287849906, "extens": 20.015741158762527, "ascii": 11.985427533016829, "asa": 5.992713766508414, "tutori": 5.507205950726713, "american": 4.358583241483942, "standard": 3.1023420086122493, "inform": 7.688300914680818, "interchang": 9.276336207406207, "number": 2.2028583950544753, "control": 2.954161495771495, "charact": 14.661744243695987, "principl": 9.033614493397673, "represent": 7.100733462278419, "directli": 4.408593662058603, "repres": 3.6062471895336663, "mean": 3.2201250442686327, "manner": 4.6064194053885235, "previous": 4.739950798013046, "complet": 3.47703545805366, "paper": 3.9616908522211034, "present": 1.8221800659287668, "set": 5.109404823447084, "mutual": 5.238941964132033, "consist": 3.823660066138891, "philosophi": 5.238941964132033, "regard": 4.77631844218392, "applic": 9.924673310709572, "suggest": 3.399326473726344, "corollari": 8.07215530818825, "doctrin": 7.379008127628304, "distinct": 5.076423034634259, "drawn": 5.127716329021809, "concept": 3.4181949580307265, "graphic": 4.2435139116991545, "substitut": 5.433097978572992, "syntact": 4.26549281841793, "meet": 5.299566585948469, "similar": 3.7954891891721947, "requir": 2.388575540849568, "cover": 4.9366610922591, "topic": 5.299566585948469, "truli": 6.97354301952014, "concern": 3.9612814440149386, "link": 4.358583241483942, "discuss": 2.1972245773362196, "materi": 4.739950798013046, "equal": 4.6709579265260945, "propos": 2.907369334264736, "iso": 8.07215530818825, "intern": 4.26549281841793, "bit": 3.977810745966149, "cacm": 0.00031215857909170155, "octob": 2.4849066497880004}