{"note": 3.497444329684867, "subexpress": 5.769570215194204, "order": 2.93049175168559, "execut": 6.471746802473543, "arithmet": 3.6901286735143684, "express": 3.1595004224521976, "counterexampl": 6.97354301952014, "suppos": 6.68586094706836, "optim": 3.1743155082373384, "algorithm": 0.8920854338854537, "gener": 1.8279884075245136, "schedul": 3.977810745966149, "tree": 3.58351893845611, "task": 4.222007706478191, "unequ": 6.97354301952014, "time": 2.0511319588387233, "present": 1.8221800659287668, "comparison": 3.6901286735143684, "critic": 4.814058770166768, "path": 4.48863636973214, "heurist": 4.6064194053885235, "discuss": 2.1972245773362196, "cacm": 0.00031215857909170155, "novemb": 2.4445341944976127, "den": 5.36410510708604, "graham": 5.299566585948469}