{"hidden": 5.58724865840025, "line": 3.5288605259182457, "plot": 4.9811128548299335, "program": 1.438836874907873, "algorithm": 0.8920854338854537, "r420": 6.462717395754149, "cacm": 0.00031215857909170155, "juli": 2.3683728335320486, "macleod": 6.97354301952014, "collin": 5.87493073085203}