{"adapt": 4.434569148461864, "integr": 5.969117945911732, "multipl": 3.58351893845611, "algorithm": 0.8920854338854537, "cacm": 0.00031215857909170155, "august": 2.3750618216828454, "mckeeman": 5.674260035389879}