{"perform": 8.428395357850093, "system": 3.11488523463144, "data": 2.1667934601336793, "transmiss": 4.9811128548299335, "transfer": 14.559838449960148, "rate": 22.042968310293016, "inform": 15.376601829361636, "bit": 7.955621491932298, "asa": 5.992713766508414, "tutori": 5.507205950726713, "standard": 6.204684017224499, "thruput": 24.21646592456475, "characterist": 10.8885121550938, "discuss": 4.394449154672439, "includ": 2.7688504001291743, "pertin": 5.674260035389879, "aspect": 4.083171261623976, "determin": 6.019120550322566, "trib": 24.21646592456475, "residu": 12.252490318265874, "error": 6.096549574683947, "measur": 3.8380488035909903, "condit": 3.39002408106403, "paper": 1.9808454261105517, "present": 1.8221800659287668, "orderli": 6.68586094706836, "arrang": 4.9366610922591, "paramet": 3.7816958670398586, "affect": 5.181783550292085, "exampl": 3.371674942395834, "procedur": 2.63843330463401, "term": 3.2763647625915087, "conclud": 4.814058770166768, "involv": 3.4570347913469903, "express": 3.1595004224521976, "conjunct": 5.181783550292085, "cacm": 0.00031215857909170155}