{"harrison": 5.992713766508414, "substr": 6.280395838960195, "test": 3.0817227214095135, "techniqu": 2.240272830904733, "cacm": 0.00031215857909170155, "march": 2.546702369056466, "bookstein": 8.07215530818825}