{"psycholog": 6.462717395754149, "learn": 9.788202955680608, "basic": 6.836389916061453, "paper": 1.9808454261105517, "address": 3.913272224828578, "question": 4.140329675463924, "person": 5.507205950726713, "know": 5.674260035389879, "program": 1.438836874907873, "underli": 5.127716329021809, "conceptu": 5.181783550292085, "structur": 2.473733349189875, "identifi": 4.140329675463924, "transact": 10.866195957145983, "event": 4.408593662058603, "occur": 8.621910384989375, "comput": 1.3117406171048218, "involv": 3.4570347913469903, "oper": 2.270036932811187, "object": 3.380807425959106, "locat": 4.140329675463924, "prestat": 16.1443106163765, "set": 2.554702411723542, "line": 7.0577210518364915, "code": 5.896382657569982, "chunk": 8.07215530818825, "frequent": 4.5168072466988365, "configur": 4.739950798013046, "cacm": 0.00031215857909170155, "novemb": 2.4445341944976127, "mayer": 6.97354301952014}