{"flow": 14.114578434605328, "diagram": 32.18463064251624, "ture": 27.89417207808056, "machin": 20.4320459958333, "languag": 2.1750014405515095, "format": 4.1803350100776235, "rule": 3.47703545805366, "part": 6.743349884791668, "paper": 3.9616908522211034, "introduc": 7.676097607181981, "repres": 3.6062471895336663, "inter": 6.97354301952014, "al": 6.462717395754149, "map": 8.717166482967883, "set": 5.109404823447084, "decompos": 5.992713766508414, "finit": 4.2435139116991545, "number": 2.2028583950544753, "base": 5.403034560121174, "true": 5.674260035389879, "semant": 4.287965674269989, "level": 3.2681342634549932, "due": 4.9811128548299335, "suitabl": 4.1803350100776235, "extens": 3.3359568597937543, "basic": 3.4181949580307265, "defin": 3.1595004224521976, "normal": 3.929020581796717, "method": 3.7071103769930414, "appli": 3.2681342634549932, "theori": 4.140329675463924, "provid": 3.015909502839942, "half": 4.739950798013046, "tape": 8.093607234906202, "similar": 3.7954891891721947, "essenti": 4.434569148461864, "job": 4.6064194053885235, "work": 3.344767489475909, "obtain": 3.116328250586989, "interspers": 6.97354301952014, "altern": 3.9612814440149386, "blank": 6.97354301952014, "squar": 3.6295040516979333, "belong": 6.462717395754149, "famili": 15.08289861139448, "gener": 1.8279884075245136, "composit": 4.853279483320049, "iter": 4.046803617453101, "proper": 5.076423034634259, "subfamili": 8.07215530818825, "cacm": 0.00031215857909170155, "bohm": 7.379008127628304, "jacopini": 7.379008127628304}