{"interest": 3.9450209231431583, "algorithm": 0.8920854338854537, "cacm": 0.00031215857909170155, "april": 2.4231810700270437, "ingerman": 5.992713766508414}