{"bessel": 5.127716329021809, "function": 2.2610143152115496, "set": 2.554702411723542, "integ": 4.140329675463924, "order": 2.93049175168559, "algorithm": 0.8920854338854537, "cacm": 0.00031215857909170155, "novemb": 2.4445341944976127, "borsch": 8.07215530818825, "supan": 8.07215530818825}