{"quantum": 5.87493073085203, "mechan": 3.7680902149840803, "integr": 2.984558972955866, "slater": 6.68586094706836, "type": 3.144901623031045, "orbit": 6.68586094706836, "cacm": 0.00031215857909170155, "juli": 2.3683728335320486, "kruglyak": 6.126245159132937, "whitman": 6.126245159132937}