{"improv": 6.707312873786311, "local": 9.341915853052189, "critic": 9.628117540333536, "work": 13.379069957903637, "set": 10.218809646894169, "approach": 3.1743155082373384, "program": 2.877673749815746, "restructur": 17.624792192556093, "method": 9.267775942482604, "suit": 5.076423034634259, "system": 4.67232785194716, "primari": 5.027632870464827, "memori": 6.275362750115116, "manag": 4.046803617453101, "accord": 4.9366610922591, "strategi": 4.6709579265260945, "base": 2.701517280060587, "concept": 3.4181949580307265, "refer": 3.823660066138891, "data": 2.1667934601336793, "oper": 4.540073865622374, "extract": 5.076423034634259, "trace": 5.027632870464827, "shown": 5.5880812979154655, "special": 3.5395558150349937, "case": 3.2123429038265776, "optimum": 4.704859478201776, "experiment": 3.867462688797284, "result": 2.3750618216828454, "obtain": 3.116328250586989, "interact": 3.6654360609239967, "text": 4.083171261623976, "editor": 5.674260035389879, "modul": 5.181783550292085, "substanti": 4.6709579265260945, "superior": 4.77631844218392, "propos": 2.907369334264736, "literatur": 4.894101477840304, "cacm": 0.00031215857909170155, "novemb": 2.4445341944976127, "ferrari": 7.379008127628304}