{"lattic": 18.841187516880584, "model": 8.99094447886327, "secur": 47.1504776771883, "inform": 15.376601829361636, "flow": 28.229156869210655, "paper": 1.9808454261105517, "investig": 4.26549281841793, "mechan": 15.072360859936321, "guarante": 5.58724865840025, "comput": 1.3117406171048218, "system": 4.67232785194716, "examin": 3.641338509344936, "mathemat": 3.6295040516979333, "framework": 4.9811128548299335, "suitabl": 4.1803350100776235, "formul": 9.091589567144178, "requir": 4.777151081699136, "class": 6.855528818093754, "central": 4.739950798013046, "compon": 4.26549281841793, "structur": 2.473733349189875, "deriv": 3.2930318150767204, "justifi": 5.58724865840025, "semant": 4.287965674269989, "properti": 3.5395558150349937, "permit": 3.572345637857985, "concis": 5.87493073085203, "exist": 3.572345637857985, "facilit": 4.739950798013046, "construct": 6.378706771203758, "enforc": 6.126245159132937, "unifi": 5.674260035389879, "view": 4.334485689904882, "restrict": 4.160132302760104, "enabl": 4.5168072466988365, "classif": 5.181783550292085, "accord": 4.9366610922591, "object": 3.380807425959106, "suggest": 3.399326473726344, "approach": 3.1743155082373384, "lead": 4.48863636973214, "automat": 3.371674942395834, "program": 2.877673749815746, "certif": 5.769570215194204, "verifi": 5.507205950726713, "cacm": 0.00031215857909170155, "den": 5.36410510708604}