{"prime": 4.6709579265260945, "number": 2.2028583950544753, "gener": 1.8279884075245136, "algorithm": 0.8920854338854537, "a1": 4.894101477840304, "cacm": 0.00031215857909170155, "septemb": 2.546702369056466, "chartr": 6.97354301952014}