{"lion": 6.97354301952014, "counter": 5.992713766508414, "gotlieb": 5.674260035389879, "method": 1.8535551884965207, "construct": 3.189353385601879, "school": 5.299566585948469, "timet": 25.12158335584078, "problem": 9.825662102229979, "essenti": 4.434569148461864, "discret": 9.628117540333536, "feasibl": 4.894101477840304, "solut": 8.291662832361135, "exist": 3.572345637857985, "equival": 4.434569148461864, "continu": 3.852647603012143, "nondiscret": 8.07215530818825, "interpret": 4.222007706478191, "set": 2.554702411723542, "differ": 3.977810745966149, "week": 13.94708603904028, "satisfi": 4.383275854074314, "long": 4.638168103703103, "term": 3.2763647625915087, "requir": 2.388575540849568, "cacm": 0.00031215857909170155, "april": 2.4231810700270437, "smith": 4.310955192494688, "sefton": 7.379008127628304}