{"basic": 3.4181949580307265, "compil": 3.074943034424135, "arithmet": 3.6901286735143684, "express": 3.1595004224521976, "cacm": 0.00031215857909170155, "januari": 2.6297375976664563, "huskey": 6.68586094706836, "wattenburg": 6.97354301952014}