{"undergradu": 5.674260035389879, "curriculum": 5.127716329021809, "numer": 3.2046208577326674, "analysi": 2.7738379416402132, "cacm": 0.00031215857909170155, "april": 2.4231810700270437, "forsyth": 6.126245159132937}