{"comput": 6.558703085524109, "user": 3.0548754713733257, "orient": 3.977810745966149, "system": 4.67232785194716, "languag": 4.350002881103019, "develop": 2.4267084105450123, "make": 3.380807425959106, "fast": 3.9450209231431583, "prepar": 13.726943240165308, "manag": 8.093607234906202, "report": 6.933970244400317, "regardless": 6.97354301952014, "complex": 3.137681375057558, "format": 4.1803350100776235, "varieti": 4.1209115896068225, "cost": 3.518278416587709, "suffici": 4.26549281841793, "low": 4.383275854074314, "individu": 4.6064194053885235, "tailor": 6.280395838960195, "requir": 2.388575540849568, "initi": 4.2435139116991545, "larg": 2.8791984572980396, "data": 6.5003803804010385, "bank": 5.674260035389879, "elementari": 4.5168072466988365, "form": 6.190843131535351, "special": 3.5395558150349937, "extract": 10.152846069268518, "matran": 8.07215530818825, "permit": 3.572345637857985, "select": 3.617808011934742, "subset": 4.545794783572089, "effici": 2.7108631424788245, "process": 2.1750014405515095, "sequenc": 3.6654360609239967, "flexibl": 4.26549281841793, "present": 1.8221800659287668, "result": 2.3750618216828454, "tabular": 5.674260035389879, "graphic": 4.2435139116991545, "matrix": 3.137681375057558, "algebra": 4.0117122976418305, "fundament": 5.076423034634259, "vehicl": 5.992713766508414, "accomplish": 4.638168103703103, "manipul": 3.437426319958614, "cacm": 0.00031215857909170155, "februari": 2.6211168546225494, "montillon": 8.07215530818825}