{"mechan": 3.7680902149840803, "tediou": 5.769570215194204, "algebra": 8.023424595283661, "newcomb": 29.516032510513217, "oper": 13.620221596867122, "planetari": 14.758016255256608, "theori": 8.280659350927849, "comput": 1.3117406171048218, "program": 4.31651062472362, "written": 3.728349886334566, "gener": 3.6559768150490273, "tabl": 3.4570347913469903, "formula": 8.023424595283661, "express": 3.1595004224521976, "polynomi": 6.817432428152365, "variabl": 3.1093106779283426, "stand": 6.280395838960195, "simpl": 6.019120550322566, "differenti": 3.929020581796717, "arbitrari": 4.160132302760104, "integ": 4.140329675463924, "recurr": 5.87493073085203, "scheme": 3.518278416587709, "code": 2.948191328784991, "fortran": 3.2681342634549932, "array": 4.334485689904882, "manipul": 3.437426319958614, "techniqu": 2.240272830904733, "perform": 2.8094651192833644, "produc": 3.427764409046877, "typeset": 6.68586094706836, "photograph": 6.280395838960195, "photon": 7.379008127628304, "system": 1.55744261731572, "cacm": 0.00031215857909170155, "januari": 2.6297375976664563, "gerard": 7.379008127628304, "izsak": 8.07215530818825, "barnett": 5.87493073085203}