{"cobol": 18.183179134288356, "control": 5.90832299154299, "sampl": 4.310955192494688, "set": 2.554702411723542, "program": 1.438836874907873, "standard": 12.409368034448997, "offer": 4.77631844218392, "constrain": 5.58724865840025, "code": 2.948191328784991, "develop": 2.4267084105450123, "structur": 4.94746669837975, "form": 3.0954215657676754, "data": 2.1667934601336793, "requir": 2.388575540849568, "syntax": 4.029104040353699, "exist": 3.572345637857985, "languag": 2.1750014405515095, "fact": 4.6709579265260945, "util": 3.6901286735143684, "typic": 4.461237395544026, "limit": 3.6295040516979333, "subset": 4.545794783572089, "an": 7.379008127628304, "prove": 3.8380488035909903, "extrem": 5.507205950726713, "valuabl": 5.58724865840025, "practic": 3.617808011934742, "reduc": 3.641338509344936, "cost": 3.518278416587709, "time": 2.0511319588387233, "produc": 3.427764409046877, "maintain": 4.638168103703103, "larg": 2.8791984572980396, "softwar": 3.929020581796717, "system": 1.55744261731572, "deploy": 7.379008127628304, "live": 6.126245159132937, "multipl": 3.58351893845611, "custom": 6.126245159132937, "environ": 3.7680902149840803, "cacm": 0.00031215857909170155, "novemb": 2.4445341944976127, "ledgard": 6.462717395754149, "cave": 8.07215530818825}