{"posit": 8.241823179213645, "norm": 40.38699150635942, "line": 3.5288605259182457, "joint": 6.280395838960195, "work": 3.344767489475909, "household": 7.379008127628304, "charact": 3.6654360609239967, "algebra": 4.0117122976418305, "method": 1.8535551884965207, "theori": 4.140329675463924, "demonstr": 4.0117122976418305, "result": 2.3750618216828454, "concern": 7.922562888029877, "valu": 3.7027074557212285, "archimedian": 8.07215530818825, "vector": 4.545794783572089, "lattic": 6.280395838960195, "necessarili": 5.507205950726713, "total": 4.1803350100776235, "order": 5.86098350337118, "gener": 1.8279884075245136, "unit": 4.2435139116991545, "applic": 2.481168327677393, "oper": 4.540073865622374, "contract": 6.68586094706836, "properti": 3.5395558150349937, "cacm": 0.00031215857909170155, "januari": 2.6297375976664563, "bauer": 5.992713766508414}