{"interact": 14.661744243695987, "softwar": 11.787061745390151, "system": 4.67232785194716, "comput": 6.558703085524109, "aid": 12.087312121061098, "design": 24.924254822020274, "applic": 7.443504983032179, "circuit": 21.198266343793875, "project": 4.222007706478191, "characterist": 3.6295040516979333, "intend": 4.894101477840304, "constitut": 5.769570215194204, "interfac": 5.299566585948469, "step": 4.0117122976418305, "process": 2.1750014405515095, "present": 1.8221800659287668, "main": 4.029104040353699, "emphasi": 4.5168072466988365, "descript": 3.437426319958614, "featur": 3.399326473726344, "high": 3.6777061535158113, "level": 6.5362685269099865, "user": 6.109750942746651, "orient": 7.955621491932298, "languag": 10.875007202757548, "oper": 2.270036932811187, "base": 2.701517280060587, "imol": 8.07215530818825, "monitor": 4.638168103703103, "perform": 5.618930238566729, "control": 2.954161495771495, "function": 4.522028630423099, "criteria": 9.15129549344354, "provid": 6.031819005679884, "command": 4.57564774672177, "simpl": 3.009560275161283, "effici": 2.7108631424788245, "order": 2.93049175168559, "need": 6.503747485166426, "coif": 8.07215530818825, "graphic": 12.730541735097464, "describ": 3.0954215657676754, "gener": 3.6559768150490273, "manipul": 3.437426319958614, "problem": 1.9651324204459957, "specif": 3.227968221729659, "extens": 3.3359568597937543, "fortran": 6.5362685269099865, "type": 3.144901623031045, "variabl": 3.1093106779283426, "familiar": 5.58724865840025, "learn": 4.894101477840304, "examin": 3.641338509344936, "hand": 4.894101477840304, "adopt": 5.992713766508414, "suffici": 4.26549281841793, "extend": 3.8977680382926128, "assist": 4.9366610922591, "cacm": 0.00031215857909170155, "septemb": 2.546702369056466, "bracchi": 7.379008127628304, "somalvico": 8.07215530818825}