{"enumer": 5.433097978572992, "full": 9.091589567144178, "time": 4.102263917677447, "programm": 11.933432237898447, "data": 2.1667934601336793, "censu": 6.97354301952014, "depart": 5.181783550292085, "labor": 6.68586094706836, "area": 3.867462688797284, "wage": 8.07215530818825, "survey": 4.48863636973214, "deriv": 3.2930318150767204, "estim": 3.929020581796717, "number": 2.2028583950544753, "employ": 3.913272224828578, "year": 4.160132302760104, "figur": 5.992713766508414, "consider": 3.8977680382926128, "suggest": 3.399326473726344, "earlier": 5.076423034634259, "report": 3.4669851222001586, "recommend": 4.853279483320049, "educ": 4.287965674269989, "administr": 5.299566585948469, "consid": 3.152174382360125, "cours": 4.48863636973214, "aim": 5.299566585948469, "train": 5.36410510708604, "justifi": 5.58724865840025, "vocat": 8.07215530818825, "basi": 4.029104040353699, "cacm": 0.00031215857909170155, "octob": 2.4849066497880004, "gilchrist": 7.379008127628304, "weber": 6.126245159132937}