{"guid": 5.127716329021809, "teach": 15.545350650876255, "cobol": 18.183179134288356, "divid": 4.739950798013046, "main": 4.029104040353699, "subject": 4.160132302760104, "area": 3.867462688797284, "syntax": 8.058208080707399, "solv": 7.015614233440827, "problem": 5.895397261337987, "program": 4.31651062472362, "concept": 3.4181949580307265, "gener": 1.8279884075245136, "accept": 4.57564774672177, "knowledg": 5.027632870464827, "hardwar": 7.765001132323649, "comput": 2.6234812342096436, "logic": 7.212494379067333, "possess": 5.36410510708604, "programm": 3.977810745966149, "aris": 4.704859478201776, "determin": 3.009560275161283, "student": 8.621910384989375, "know": 5.674260035389879, "write": 4.222007706478191, "unfortun": 6.68586094706836, "histor": 6.280395838960195, "data": 2.1667934601336793, "concern": 3.9612814440149386, "profici": 6.97354301952014, "non": 4.638168103703103, "exist": 3.572345637857985, "difficult": 4.57564774672177, "measur": 3.8380488035909903, "approach": 3.1743155082373384, "cacm": 0.00031215857909170155, "green": 5.769570215194204}