{"gener": 1.8279884075245136, "purpos": 3.2599709528158325, "alphanumer": 5.992713766508414, "keyboard": 5.674260035389879, "arrang": 4.9366610922591, "inform": 2.5627669715602726, "interchang": 4.638168103703103, "propos": 2.907369334264736, "usa": 5.674260035389879, "standard": 3.1023420086122493, "cacm": 0.00031215857909170155, "februari": 2.6211168546225494}