{"strateg": 13.94708603904028, "plan": 23.190840518515515, "methodolog": 24.470507389201522, "comput": 5.246962468419287, "effort": 9.033614493397673, "higher": 9.628117540333536, "educ": 8.575931348539978, "empir": 4.358583241483942, "evalu": 3.137681375057558, "find": 3.58351893845611, "studi": 3.227968221729659, "design": 2.4924254822020275, "address": 3.913272224828578, "press": 6.68586094706836, "problem": 1.9651324204459957, "present": 1.8221800659287668, "develop": 2.4267084105450123, "test": 6.163445442819027, "implement": 5.141794195287046, "univers": 3.9946178642825303, "year": 4.160132302760104, "effect": 3.0954215657676754, "assess": 5.507205950726713, "term": 3.2763647625915087, "improv": 6.707312873786311, "deliveri": 14.758016255256608, "servic": 9.033614493397673, "major": 3.867462688797284, "institut": 15.898699757845407, "role": 5.027632870464827, "instruct": 3.867462688797284, "research": 7.955621491932298, "administr": 5.299566585948469, "control": 2.954161495771495, "employ": 3.913272224828578, "contrast": 5.58724865840025, "result": 2.3750618216828454, "significantli": 5.127716329021809, "enhanc": 6.126245159132937, "cacm": 0.00031215857909170155, "decemb": 2.4626835130032902, "wetherb": 8.07215530818825, "dock": 8.07215530818825}