{"simpson": 5.299566585948469, "rule": 3.47703545805366, "multipl": 3.58351893845611, "integr": 2.984558972955866, "algorithm": 0.8920854338854537, "d1": 4.545794783572089, "cacm": 0.00031215857909170155, "august": 2.3750618216828454, "proll": 6.126245159132937}