{"interarriv": 32.288621232753, "statist": 7.734925377594568, "time": 12.30679175303234, "share": 10.461563488553033, "system": 4.67232785194716, "optim": 3.1743155082373384, "perform": 2.8094651192833644, "requir": 2.388575540849568, "descript": 6.874852639917228, "stochast": 5.58724865840025, "process": 6.525004321654528, "govern": 5.181783550292085, "user": 6.109750942746651, "input": 9.348984751760968, "program": 1.438836874907873, "activ": 3.977810745966149, "paper": 1.9808454261105517, "sdc": 7.379008127628304, "arpa": 6.462717395754149, "gener": 1.8279884075245136, "purpos": 3.2599709528158325, "tss": 8.07215530818825, "assum": 4.358583241483942, "stationari": 6.462717395754149, "defin": 3.1595004224521976, "distribut": 10.492332989054601, "data": 6.5003803804010385, "obtain": 6.232656501173978, "justifi": 11.1744973168005, "satisfactorili": 7.379008127628304, "common": 3.9450209231431583, "assumpt": 9.479901596026092, "serial": 5.076423034634259, "independ": 3.8094754311469345, "rough": 6.280395838960195, "approxim": 6.761614851918212, "usual": 5.299566585948469, "exponenti": 4.1803350100776235, "satisfactori": 5.238941964132033, "biphas": 8.07215530818825, "triphas": 8.07215530818825, "hyperexponenti": 6.97354301952014, "cacm": 0.00031215857909170155, "juli": 2.3683728335320486, "coffman": 5.87493073085203, "wood": 5.87493073085203}