{"fast": 3.9450209231431583, "random": 3.6062471895336663, "number": 2.2028583950544753, "gener": 1.8279884075245136, "ibm": 3.518278416587709, "cacm": 0.00031215857909170155, "decemb": 2.4626835130032902, "seraphin": 8.07215530818825}