{"complet": 3.47703545805366, "ellipt": 5.238941964132033, "integr": 2.984558972955866, "kind": 4.408593662058603, "algorithm": 0.8920854338854537, "cacm": 0.00031215857909170155, "april": 2.4231810700270437, "herndon": 5.181783550292085}