{"grammat": 12.252490318265874, "infer": 10.72821021417208, "design": 14.954552893212165, "program": 2.877673749815746, "languag": 8.700005762206038, "extend": 3.8977680382926128, "exist": 3.572345637857985, "face": 5.674260035389879, "problem": 3.9302648408919914, "deriv": 3.2930318150767204, "natur": 3.7027074557212285, "grammar": 20.604557948034113, "propos": 2.907369334264736, "interact": 3.6654360609239967, "approach": 3.1743155082373384, "present": 3.6443601318575336, "sampl": 4.310955192494688, "sentenc": 4.853279483320049, "structur": 2.473733349189875, "input": 3.116328250586989, "algorithm": 2.676256301656361, "construct": 3.189353385601879, "reason": 4.287965674269989, "gener": 1.8279884075245136, "exampl": 3.371674942395834, "submit": 6.280395838960195, "implement": 2.570897097643523, "restrict": 4.160132302760104, "subclass": 7.379008127628304, "oper": 2.270036932811187, "preced": 4.814058770166768, "outlin": 4.160132302760104, "appli": 3.2681342634549932, "larger": 4.9366610922591, "class": 3.427764409046877, "context": 3.913272224828578, "free": 3.913272224828578, "cacm": 0.00031215857909170155, "februari": 2.6211168546225494, "crespi": 7.379008127628304, "reghizzi": 7.379008127628304, "melkanoff": 8.07215530818825, "lichten": 8.07215530818825}