{"model": 11.987925971817692, "autom": 4.57564774672177, "program": 2.877673749815746, "design": 7.477276446606083, "busi": 9.628117540333536, "applic": 4.962336655354786, "system": 3.11488523463144, "paper": 3.9616908522211034, "discuss": 2.1972245773362196, "find": 3.58351893845611, "effici": 2.7108631424788245, "implement": 2.570897097643523, "logic": 3.6062471895336663, "specif": 3.227968221729659, "determin": 6.019120550322566, "advanc": 4.704859478201776, "view": 4.334485689904882, "problem": 3.9302648408919914, "systemat": 5.181783550292085, "coordin": 4.853279483320049, "configur": 4.739950798013046, "dataset": 32.288621232753, "comput": 9.182184319733754, "straight": 6.126245159132937, "forward": 5.507205950726713, "search": 3.47703545805366, "techniqu": 2.240272830904733, "aggreg": 12.925434791508298, "devic": 3.929020581796717, "organ": 3.5078071167204135, "key": 8.129644245911559, "order": 5.86098350337118, "data": 2.1667934601336793, "set": 2.554702411723542, "access": 3.6062471895336663, "method": 1.8535551884965207, "pair": 4.9811128548299335, "result": 2.3750618216828454, "present": 1.8221800659287668, "sampl": 4.310955192494688, "involv": 3.4570347913469903, "main": 4.029104040353699, "point": 3.015909502839942, "underli": 5.127716329021809, "work": 3.344767489475909, "simpl": 3.009560275161283, "adapt": 4.434569148461864, "situat": 4.48863636973214, "cacm": 0.00031215857909170155, "june": 2.3717117347975636, "alter": 5.674260035389879}