{"simscript": 26.74344378827344, "fortran": 9.80440279036498, "case": 3.2123429038265776, "studi": 3.227968221729659, "program": 10.071858124355112, "vehicl": 5.992713766508414, "dispatch": 6.68586094706836, "model": 14.984907464772114, "written": 3.728349886334566, "iv": 4.77631844218392, "compar": 3.227968221729659, "comparison": 7.380257347028737, "made": 3.2046208577326674, "term": 3.2763647625915087, "basic": 6.836389916061453, "design": 9.96970192880811, "decis": 3.8977680382926128, "storag": 8.218309544768642, "requir": 4.777151081699136, "comput": 3.9352218513144654, "time": 6.15339587651617, "eas": 4.9366610922591, "make": 3.380807425959106, "primari": 5.027632870464827, "consider": 3.8977680382926128, "center": 4.6709579265260945, "choic": 4.57564774672177, "variabl": 3.1093106779283426, "chang": 4.2435139116991545, "event": 4.408593662058603, "test": 3.0817227214095135, "problem": 1.9651324204459957, "relat": 3.144901623031045, "represent": 3.5503667311392095, "passag": 7.379008127628304, "alloc": 3.6295040516979333, "organ": 3.5078071167204135, "input": 3.116328250586989, "data": 2.1667934601336793, "differ": 3.977810745966149, "show": 3.641338509344936, "fewer": 5.674260035389879, "introduc": 3.8380488035909903, "revis": 5.238941964132033, "cacm": 0.00031215857909170155, "decemb": 2.4626835130032902, "weinert": 8.07215530818825}