{"machin": 5.837727427380942, "independ": 7.618950862293869, "technolog": 4.5168072466988365, "econom": 9.341915853052189, "survey": 4.48863636973214, "offer": 4.77631844218392, "techniqu": 4.480545661809466, "transfer": 4.853279483320049, "program": 1.438836874907873, "especi": 5.127716329021809, "compil": 3.074943034424135, "comput": 2.6234812342096436, "method": 1.8535551884965207, "examin": 3.641338509344936, "bootstrap": 12.925434791508298, "singl": 3.7546671946519394, "detail": 3.447182494903979, "discuss": 4.394449154672439, "emphasi": 4.5168072466988365, "consider": 3.8977680382926128, "determin": 3.009560275161283, "applic": 2.481168327677393, "specif": 3.227968221729659, "case": 3.2123429038265776, "attempt": 4.1209115896068225, "made": 3.2046208577326674, "assign": 4.064822122955779, "qualit": 6.68586094706836, "weight": 4.77631844218392, "final": 3.7680902149840803, "reason": 4.287965674269989, "believ": 6.462717395754149, "problem": 1.9651324204459957, "substanti": 4.6709579265260945, "diminish": 8.07215530818825, "trend": 5.87493073085203, "design": 4.984850964404055, "process": 2.1750014405515095, "converg": 4.638168103703103, "hardwar": 3.8825005661618244, "forese": 7.379008127628304, "softwar": 3.929020581796717, "develop": 2.4267084105450123, "lead": 4.48863636973214, "satisfactori": 5.238941964132033, "resolut": 5.992713766508414, "cacm": 0.00031215857909170155, "decemb": 2.4626835130032902, "halpern": 6.97354301952014}