{"math": 6.97354301952014, "comput": 1.3117406171048218, "program": 1.438836874907873, "corrigendum": 4.545794783572089, "cacm": 0.00031215857909170155, "mill": 6.68586094706836}