{"gamma": 4.814058770166768, "function": 2.2610143152115496, "algorithm": 0.8920854338854537, "cacm": 0.00031215857909170155, "decemb": 2.4626835130032902, "behrenz": 6.280395838960195}