{"addendum": 6.68586094706836, "patrick": 6.97354301952014, "paper": 1.9808454261105517, "cacm": 0.00031215857909170155, "april": 2.4231810700270437, "simmon": 6.126245159132937}