{"represent": 3.5503667311392095, "standard": 6.204684017224499, "ecma": 14.758016255256608, "bit": 3.977810745966149, "code": 2.948191328784991, "punch": 5.58724865840025, "card": 5.238941964132033, "cacm": 0.00031215857909170155, "juli": 2.3683728335320486}