{"solut": 2.763887610787045, "simultan": 4.1803350100776235, "linear": 3.1818061799664963, "diophantin": 6.97354301952014, "equat": 3.1093106779283426, "algorithm": 0.8920854338854537, "f4": 5.507205950726713, "cacm": 0.00031215857909170155, "juli": 2.3683728335320486, "blankinship": 7.379008127628304}