{"random": 3.6062471895336663, "deviat": 5.58724865840025, "dipol": 7.379008127628304, "distribut": 3.497444329684867, "g5": 5.238941964132033, "algorithm": 0.8920854338854537, "a441": 8.07215530818825, "cacm": 0.00031215857909170155, "januari": 2.6297375976664563, "knop": 6.68586094706836}