{"program": 2.877673749815746, "translat": 3.6901286735143684, "view": 4.334485689904882, "gener": 1.8279884075245136, "data": 4.333586920267359, "process": 4.350002881103019, "problem": 1.9651324204459957, "effici": 5.421726284957649, "dictat": 6.68586094706836, "effect": 3.0954215657676754, "compil": 9.224829103272405, "increas": 3.6295040516979333, "mean": 3.2201250442686327, "substanti": 4.6709579265260945, "life": 6.97354301952014, "need": 3.251873742583213, "clear": 5.674260035389879, "logic": 3.6062471895336663, "structur": 4.94746669837975, "reliabl": 14.32895532655176, "sound": 5.87493073085203, "techniqu": 2.240272830904733, "base": 2.701517280060587, "fix": 4.064822122955779, "convent": 7.676097607181981, "preserv": 5.433097978572992, "empti": 6.126245159132937, "option": 5.769570215194204, "default": 8.07215530818825, "violat": 6.68586094706836, "dictum": 8.07215530818825, "associ": 4.704859478201776, "part": 3.371674942395834, "economi": 5.769570215194204, "featur": 3.399326473726344, "promot": 8.07215530818825, "clariti": 7.379008127628304, "cacm": 0.00031215857909170155, "march": 2.546702369056466, "naur": 5.127716329021809}