{"invers": 3.867462688797284, "convers": 3.867462688797284, "tabl": 3.4570347913469903, "cacm": 0.00031215857909170155, "june": 2.3717117347975636, "sanborn": 8.07215530818825}