{"rosenbrock": 6.97354301952014, "function": 2.2610143152115496, "minim": 3.39002408106403, "algorithm": 0.8920854338854537, "r450": 7.379008127628304, "cacm": 0.00031215857909170155, "octob": 2.4849066497880004, "kleme": 8.07215530818825, "klemsa": 8.07215530818825}