{"algebra": 16.046849190567322, "simplif": 34.045560212339275, "guid": 5.127716329021809, "perplex": 8.07215530818825, "examin": 3.641338509344936, "point": 6.031819005679884, "view": 8.668971379809763, "user": 6.109750942746651, "need": 3.251873742583213, "comprehend": 7.379008127628304, "larg": 2.8791984572980396, "express": 12.63800168980879, "design": 4.984850964404055, "want": 6.68586094706836, "construct": 3.189353385601879, "effici": 2.7108631424788245, "system": 4.67232785194716, "describ": 6.190843131535351, "techniqu": 4.480545661809466, "akin": 7.379008127628304, "substitut": 5.433097978572992, "decreas": 5.027632870464827, "thesiz": 7.379008127628304, "make": 3.380807425959106, "intellig": 5.181783550292085, "delin": 6.280395838960195, "spectrum": 6.97354301952014, "approach": 3.1743155082373384, "automat": 3.371674942395834, "capabl": 3.8094754311469345, "manipul": 6.874852639917228, "divid": 4.739950798013046, "type": 6.28980324606209, "facil": 3.8977680382926128, "final": 3.7680902149840803, "discuss": 2.1972245773362196, "theoret": 8.53098563683586, "result": 7.125185465048537, "relat": 3.144901623031045, "posit": 4.1209115896068225, "exist": 3.572345637857985, "power": 3.7680902149840803, "algorithm": 1.7841708677709074, "number": 2.2028583950544753, "conjectur": 6.68586094706836, "reli": 5.58724865840025, "nonexist": 7.379008127628304, "class": 3.427764409046877, "includ": 2.7688504001291743, "cacm": 0.00031215857909170155, "august": 2.3750618216828454, "mose": 6.68586094706836}