{"merg": 4.9366610922591, "sort": 3.8825005661618244, "algorithm": 0.8920854338854537, "r426": 8.07215530818825, "cacm": 0.00031215857909170155, "decemb": 2.4626835130032902, "bron": 6.280395838960195}