{"float": 4.77631844218392, "point": 3.015909502839942, "arithmet": 7.380257347028737, "bit": 3.977810745966149, "number": 4.405716790108951, "classic": 5.238941964132033, "straightforward": 5.433097978572992, "techniqu": 2.240272830904733, "present": 1.8221800659287668, "limit": 3.6295040516979333, "size": 3.427764409046877, "type": 3.144901623031045, "represent": 3.5503667311392095, "multipl": 3.58351893845611, "precis": 4.064822122955779, "cacm": 0.00031215857909170155, "januari": 2.6297375976664563, "gregori": 6.462717395754149, "raney": 7.379008127628304}