{"distribut": 3.497444329684867, "algorithm": 0.8920854338854537, "s14": 5.027632870464827, "cacm": 0.00031215857909170155, "februari": 2.6211168546225494, "dorrer": 7.379008127628304}