{"correl": 5.433097978572992, "coeffici": 4.1209115896068225, "matrix": 3.137681375057558, "multipl": 3.58351893845611, "algorithm": 0.8920854338854537, "cacm": 0.00031215857909170155, "march": 2.546702369056466, "sassouni": 8.07215530818825}