{"success": 4.083171261623976, "approxim": 3.380807425959106, "comput": 1.3117406171048218, "storag": 2.7394365149228808, "problem": 1.9651324204459957, "ordinari": 4.434569148461864, "differenti": 3.929020581796717, "equat": 3.1093106779283426, "cacm": 0.00031215857909170155, "bellman": 5.507205950726713}