{"method": 3.7071103769930414, "locat": 4.140329675463924, "zero": 11.014411901453427, "complex": 3.137681375057558, "function": 4.522028630423099, "comput": 1.3117406171048218, "index": 4.383275854074314, "wind": 8.07215530818825, "number": 2.2028583950544753, "develop": 2.4267084105450123, "appli": 3.2681342634549932, "problem": 1.9651324204459957, "find": 3.58351893845611, "plane": 10.866195957145983, "cacm": 0.00031215857909170155, "april": 2.4231810700270437, "cain": 7.379008127628304, "jr": 3.243841570885949}