{"multipl": 3.58351893845611, "exist": 3.572345637857985, "loop": 4.739950798013046, "label": 5.238941964132033, "cacm": 0.00031215857909170155, "novemb": 2.4445341944976127, "evan": 5.87493073085203}