{"squar": 3.6295040516979333, "fit": 3.9946178642825303, "orthogon": 5.127716329021809, "polynomi": 3.4087162140761826, "algorithm": 0.8920854338854537, "e2": 5.181783550292085, "cacm": 0.00031215857909170155, "makinson": 6.97354301952014}