{"quicksort": 5.87493073085203, "algorithm": 0.8920854338854537, "cacm": 0.00031215857909170155, "juli": 2.3683728335320486, "hoar": 5.299566585948469}