{"simpl": 6.019120550322566, "proof": 8.360670020155247, "lewin": 24.21646592456475, "order": 8.79147525505677, "retriev": 10.784455481130129, "theorem": 9.033614493397673, "associ": 9.409718956403552, "memori": 25.101451000460465, "effici": 2.7108631424788245, "method": 7.414220753986083, "binari": 11.428426293440804, "word": 15.018668778607758, "base": 2.701517280060587, "special": 3.5395558150349937, "readout": 14.758016255256608, "circuit": 15.898699757845407, "digit": 16.465159075383603, "valu": 7.405414911442457, "present": 3.6443601318575336, "individu": 9.212838810777047, "column": 16.299293935718975, "empti": 6.126245159132937, "paper": 3.9616908522211034, "term": 3.2763647625915087, "indic": 5.076423034634259, "reduc": 3.641338509344936, "consider": 3.8977680382926128, "number": 8.811433580217901, "access": 10.818741568600998, "distinct": 10.152846069268518, "prove": 7.676097607181981, "unlik": 5.87493073085203, "independ": 3.8094754311469345, "length": 3.7954891891721947, "deriv": 3.2930318150767204, "elementari": 4.5168072466988365, "aspect": 4.083171261623976, "structur": 2.473733349189875, "set": 2.554702411723542, "cacm": 0.00031215857909170155, "juli": 2.3683728335320486, "wolinski": 8.07215530818825}