{"investig": 4.26549281841793, "analyt": 8.922474791088051, "method": 1.8535551884965207, "numer": 6.409241715465335, "deriv": 9.879095445230162, "evalu": 6.275362750115116, "recent": 3.8977680382926128, "propos": 2.907369334264736, "approach": 3.1743155082373384, "discuss": 2.1972245773362196, "techniqu": 2.240272830904733, "shown": 2.7940406489577327, "accur": 4.739950798013046, "easi": 4.358583241483942, "appli": 3.2681342634549932, "modif": 4.461237395544026, "requir": 4.777151081699136, "greatli": 5.238941964132033, "facilit": 4.739950798013046, "write": 4.222007706478191, "debug": 4.6064194053885235, "program": 1.438836874907873, "highli": 4.638168103703103, "complex": 3.137681375057558, "function": 2.2610143152115496, "cacm": 0.00031215857909170155, "august": 2.3750618216828454, "wilkin": 7.379008127628304}