{"comparison": 3.6901286735143684, "list": 3.189353385601879, "schedul": 11.933432237898447, "parallel": 3.8825005661618244, "process": 2.1750014405515095, "system": 1.55744261731572, "problem": 1.9651324204459957, "processor": 3.7154464814986583, "minim": 3.39002408106403, "execut": 16.17936700618386, "time": 10.255659794193617, "program": 2.877673749815746, "consist": 3.823660066138891, "set": 2.554702411723542, "partial": 4.287965674269989, "order": 2.93049175168559, "task": 8.444015412956382, "studi": 3.227968221729659, "case": 6.424685807653155, "determinist": 5.769570215194204, "random": 7.212494379067333, "variabl": 6.218621355856685, "analyz": 3.5503667311392095, "shown": 2.7940406489577327, "algorithm": 0.8920854338854537, "suggest": 3.399326473726344, "literatur": 4.894101477840304, "vari": 4.704859478201776, "significantli": 5.127716329021809, "coffman": 5.87493073085203, "graham": 5.299566585948469, "optim": 3.1743155082373384, "dynam": 3.8380488035909903, "solut": 2.763887610787045, "present": 1.8221800659287668, "cacm": 0.00031215857909170155, "decemb": 2.4626835130032902, "adam": 5.992713766508414, "chandi": 6.68586094706836, "dickson": 6.97354301952014}