{"permut": 17.151862697079956, "gener": 3.6559768150490273, "lexicograph": 11.348520070779758, "order": 5.86098350337118, "algorithm": 3.5683417355418148, "g6": 19.576405911361217, "cacm": 0.00031215857909170155, "juli": 2.3683728335320486, "ord": 6.68586094706836, "smith": 4.310955192494688}