{"gauss": 5.36410510708604, "method": 1.8535551884965207, "algorithm": 0.8920854338854537, "cacm": 0.00031215857909170155, "januari": 2.6297375976664563, "naur": 5.127716329021809}