{"comput": 6.558703085524109, "polynomi": 17.043581070380913, "result": 7.125185465048537, "bezout": 32.288621232753, "determin": 15.047801375806415, "collin": 17.624792192556093, "reduc": 10.924015528034808, "algorithm": 5.352512603312722, "variabl": 3.1093106779283426, "key": 4.064822122955779, "repetit": 5.433097978572992, "step": 4.0117122976418305, "solv": 3.5078071167204135, "system": 1.55744261731572, "equat": 3.1093106779283426, "elimin": 4.064822122955779, "studi": 3.227968221729659, "implement": 2.570897097643523, "depend": 3.929020581796717, "extent": 10.599133171896938, "extran": 7.379008127628304, "factor": 3.852647603012143, "introduc": 3.8380488035909903, "propag": 6.280395838960195, "error": 6.096549574683947, "caus": 5.58724865840025, "truncat": 5.36410510708604, "real": 3.5078071167204135, "coeffici": 4.1209115896068225, "memori": 3.137681375057558, "requir": 2.388575540849568, "speed": 3.823660066138891, "preliminari": 5.076423034634259, "consider": 3.8977680382926128, "narrow": 6.68586094706836, "choic": 4.57564774672177, "remaind": 5.87493073085203, "sequenc": 3.6654360609239967, "detail": 6.894364989807958, "test": 6.163445442819027, "perform": 2.8094651192833644, "sampl": 4.310955192494688, "problem": 1.9651324204459957, "conclus": 4.814058770166768, "show": 3.641338509344936, "superior": 9.55263688436784, "respect": 4.26549281841793, "univari": 7.379008127628304, "case": 3.2123429038265776, "faster": 4.9811128548299335, "prove": 3.8380488035909903, "strikingli": 8.07215530818825, "numer": 3.2046208577326674, "accuraci": 4.383275854074314, "display": 3.9450209231431583, "excel": 6.280395838960195, "stabil": 5.58724865840025, "regard": 4.77631844218392, "round": 4.704859478201776, "report": 3.4669851222001586, "cacm": 0.00031215857909170155, "januari": 2.6297375976664563, "ku": 8.07215530818825, "adler": 8.07215530818825}