{"order": 2.93049175168559, "approxim": 3.380807425959106, "optimum": 4.704859478201776, "checkpoint": 6.68586094706836, "interv": 4.48863636973214, "cacm": 0.00031215857909170155, "septemb": 2.546702369056466, "young": 7.379008127628304}