{"exponenti": 4.1803350100776235, "integr": 2.984558972955866, "ei": 7.379008127628304, "algorithm": 0.8920854338854537, "s13": 6.68586094706836, "cacm": 0.00031215857909170155, "decemb": 2.4626835130032902, "redish": 6.97354301952014}