{"comput": 1.3117406171048218, "program": 1.438836874907873, "edit": 4.739950798013046, "news": 7.379008127628304, "cacm": 0.00031215857909170155, "august": 2.3750618216828454, "danielson": 8.07215530818825, "brigg": 6.97354301952014}