{"monitor": 4.638168103703103, "oper": 2.270036932811187, "system": 1.55744261731572, "structur": 2.473733349189875, "concept": 3.4181949580307265, "corrigendum": 4.545794783572089, "cacm": 0.00031215857909170155, "februari": 2.6211168546225494, "hoar": 5.299566585948469}