{"cellular": 41.841258117120844, "array": 34.67588551923905, "solut": 13.819438053935224, "graph": 20.1455202017685, "problem": 11.790794522675974, "dimension": 4.2435139116991545, "checkerboard": 8.07215530818825, "type": 6.28980324606209, "interconnect": 6.126245159132937, "ident": 5.36410510708604, "modul": 5.181783550292085, "cell": 20.305692138537037, "bit": 3.977810745966149, "memori": 3.137681375057558, "small": 3.594818493710043, "amount": 4.1803350100776235, "combin": 3.5612958016714, "logic": 7.212494379067333, "commun": 3.7154464814986583, "mainli": 5.769570215194204, "neighbor": 6.68586094706836, "chief": 6.68586094706836, "comput": 2.6234812342096436, "advantag": 3.7027074557212285, "offer": 4.77631844218392, "improv": 3.3536564368931554, "speed": 3.823660066138891, "achiev": 3.7954891891721947, "virtu": 6.280395838960195, "possibl": 9.55263688436784, "parallel": 11.647501698485474, "process": 2.1750014405515095, "paper": 1.9808454261105517, "shown": 2.7940406489577327, "inher": 10.72821021417208, "suit": 5.076423034634259, "adjac": 5.769570215194204, "matrix": 6.275362750115116, "easili": 4.26549281841793, "map": 4.358583241483942, "element": 3.8825005661618244, "store": 3.5288605259182457, "typic": 4.461237395544026, "row": 5.299566585948469, "column": 5.433097978572992, "oper": 2.270036932811187, "readili": 5.507205950726713, "implement": 7.712691292930569, "simpl": 3.009560275161283, "major": 3.867462688797284, "challeng": 7.379008127628304, "effect": 3.0954215657676754, "determin": 3.009560275161283, "algorithm": 3.5683417355418148, "exploit": 5.674260035389879, "especi": 5.127716329021809, "serial": 10.152846069268518, "present": 1.8221800659287668, "span": 5.299566585948469, "tree": 3.58351893845611, "distanc": 5.58724865840025, "path": 4.48863636973214, "direct": 3.58351893845611, "applic": 2.481168327677393, "wire": 6.462717395754149, "rout": 5.769570215194204, "pert": 6.126245159132937, "chart": 5.674260035389879, "analysi": 5.5476758832804265, "network": 3.9450209231431583, "exhibit": 5.769570215194204, "time": 2.0511319588387233, "case": 3.2123429038265776, "grow": 5.127716329021809, "rate": 4.408593662058603, "exceed": 6.68586094706836, "log2": 5.992713766508414, "number": 2.2028583950544753, "node": 4.434569148461864, "straightforward": 5.433097978572992, "known": 3.7027074557212285, "requir": 4.777151081699136, "step": 8.023424595283661, "noncellular": 8.07215530818825, "cacm": 0.00031215857909170155, "septemb": 2.546702369056466, "levitt": 6.97354301952014, "kautz": 7.379008127628304}