{"head": 5.181783550292085, "format": 4.1803350100776235, "data": 2.1667934601336793, "transmiss": 4.9811128548299335, "usaai": 8.07215530818825, "tutori": 5.507205950726713, "standard": 3.1023420086122493, "cacm": 0.00031215857909170155, "june": 2.3717117347975636}