{"note": 3.497444329684867, "subexpress": 5.769570215194204, "order": 2.93049175168559, "evalu": 3.137681375057558, "arithmet": 3.6901286735143684, "express": 3.1595004224521976, "cacm": 0.00031215857909170155, "august": 2.3750618216828454, "den": 5.36410510708604, "graham": 5.299566585948469}