{"wylbur": 32.288621232753, "interact": 3.6654360609239967, "text": 16.332685046495904, "edit": 4.739950798013046, "remot": 10.255432658043619, "job": 9.212838810777047, "entri": 8.668971379809763, "system": 4.67232785194716, "comprehens": 5.433097978572992, "manipul": 3.437426319958614, "kind": 4.408593662058603, "comput": 2.6234812342096436, "program": 1.438836874907873, "letter": 5.769570215194204, "manuscript": 7.379008127628304, "typewrit": 6.280395838960195, "termin": 4.101863394636128, "connect": 4.310955192494688, "facil": 7.7955360765852255, "retriev": 3.594818493710043, "align": 6.97354301952014, "justif": 6.126245159132937, "power": 3.7680902149840803, "method": 1.8535551884965207, "address": 3.913272224828578, "content": 4.638168103703103, "provid": 3.015909502839942, "paper": 1.9808454261105517, "describ": 3.0954215657676754, "extern": 4.9811128548299335, "appear": 4.48863636973214, "intern": 4.26549281841793, "structur": 2.473733349189875, "short": 5.299566585948469, "descript": 3.437426319958614, "major": 3.867462688797284, "featur": 3.399326473726344, "orvyl": 8.07215530818825, "gener": 1.8279884075245136, "purpos": 3.2599709528158325, "time": 2.0511319588387233, "share": 3.4871878295176777, "oper": 2.270036932811187, "conjunct": 5.181783550292085, "includ": 2.7688504001291743, "cacm": 0.00031215857909170155, "fajman": 8.07215530818825, "borgelt": 8.07215530818825}