{"fresnel": 5.992713766508414, "integr": 2.984558972955866, "algorithm": 0.8920854338854537, "s20": 6.68586094706836, "cacm": 0.00031215857909170155, "novemb": 2.4445341944976127, "lotsch": 8.07215530818825}