{"ortho": 7.379008127628304, "algorithm": 0.8920854338854537, "f5": 8.07215530818825, "cacm": 0.00031215857909170155, "februari": 2.6211168546225494, "barrodal": 7.379008127628304}