{"factori": 6.280395838960195, "analysi": 2.7738379416402132, "varianc": 4.9811128548299335, "algorithm": 0.8920854338854537, "g1": 6.68586094706836, "cacm": 0.00031215857909170155, "novemb": 2.4445341944976127, "howel": 6.280395838960195}