{"signific": 15.716082327186868, "event": 17.634374648234413, "simul": 13.523229703836424, "paper": 1.9808454261105517, "compar": 3.227968221729659, "method": 14.828441507972165, "organ": 3.5078071167204135, "call": 6.817432428152365, "clock": 12.252490318265874, "puls": 13.94708603904028, "exampl": 3.371674942395834, "automobil": 8.07215530818825, "traffic": 5.674260035389879, "model": 8.99094447886327, "found": 3.852647603012143, "effici": 8.132589427436473, "low": 4.383275854074314, "level": 6.5362685269099865, "system": 3.11488523463144, "interact": 3.6654360609239967, "high": 3.6777061535158113, "simpl": 3.009560275161283, "mathemat": 3.6295040516979333, "trade": 6.280395838960195, "rel": 4.200954297280359, "run": 3.6777061535158113, "time": 2.0511319588387233, "develop": 2.4267084105450123, "aid": 4.029104040353699, "choos": 5.36410510708604, "experi": 3.4669851222001586, "conclud": 4.814058770166768, "comput": 1.3117406171048218, "suffici": 4.26549281841793, "import": 3.497444329684867, "cacm": 0.00031215857909170155, "june": 2.3717117347975636, "babich": 8.07215530818825, "grason": 8.07215530818825, "parna": 5.87493073085203}