{"mathemat": 3.6295040516979333, "program": 1.438836874907873, "updat": 9.409718956403552, "method": 5.560665565489562, "modifi": 7.7955360765852255, "given": 13.94708603904028, "transform": 7.330872121847993, "appli": 3.2681342634549932, "lp": 6.97354301952014, "problem": 5.895397261337987, "effici": 5.421726284957649, "numer": 3.2046208577326674, "stabl": 5.507205950726713, "present": 3.6443601318575336, "orthogon": 5.127716329021809, "decomposit": 5.181783550292085, "matrix": 3.137681375057558, "column": 21.732391914291966, "row": 26.497832929742344, "vector": 4.545794783572089, "fundament": 5.076423034634259, "idea": 9.033614493397673, "add": 5.87493073085203, "analog": 5.299566585948469, "ad": 4.408593662058603, "addit": 6.63713023416377, "data": 2.1667934601336793, "linear": 3.1818061799664963, "squar": 7.259008103395867, "drop": 6.462717395754149, "formal": 3.728349886334566, "scale": 4.287965674269989, "imaginari": 5.992713766508414, "unit": 4.2435139116991545, "elimin": 4.064822122955779, "process": 2.1750014405515095, "procedur": 2.63843330463401, "success": 4.083171261623976, "ssive": 8.07215530818825, "applic": 2.481168327677393, "form": 3.0954215657676754, "illustr": 3.47703545805366, "implement": 2.570897097643523, "revis": 10.477883928264067, "simplex": 11.985427533016829, "algorithm": 1.7841708677709074, "gener": 1.8279884075245136, "purpos": 3.2599709528158325, "account": 4.739950798013046, "structur": 2.473733349189875, "sparsiti": 7.379008127628304, "equat": 3.1093106779283426, "suggest": 3.399326473726344, "comput": 2.6234812342096436, "test": 6.163445442819027, "determin": 3.009560275161283, "sign": 5.507205950726713, "control": 2.954161495771495, "paramet": 3.7816958670398586, "mention": 5.507205950726713, "simpl": 3.009560275161283, "mean": 3.2201250442686327, "construct": 3.189353385601879, "case": 3.2123429038265776, "sampl": 4.310955192494688, "time": 2.0511319588387233, "cacm": 0.00031215857909170155, "april": 2.4231810700270437, "hanson": 5.992713766508414, "wisniewski": 8.07215530818825}