{"normal": 3.929020581796717, "random": 3.6062471895336663, "algorithm": 0.8920854338854537, "g5": 5.238941964132033, "cacm": 0.00031215857909170155, "septemb": 2.546702369056466, "pike": 5.433097978572992}