{"find": 3.58351893845611, "minimum": 4.1209115896068225, "rout": 5.769570215194204, "network": 3.9450209231431583, "turn": 5.181783550292085, "penalti": 6.97354301952014, "cacm": 0.00031215857909170155, "februari": 2.6211168546225494, "caldwel": 8.07215530818825}