{"calcul": 3.5395558150349937, "prime": 4.6709579265260945, "mean": 3.2201250442686327, "gp": 8.07215530818825, "algorithm": 0.8920854338854537, "cacm": 0.00031215857909170155, "januari": 2.6297375976664563, "naur": 5.127716329021809}