{"experi": 6.933970244400317, "automat": 6.743349884791668, "theorem": 18.067228986795346, "prover": 20.920629058560422, "havingparti": 8.07215530818825, "order": 11.72196700674236, "infer": 10.72821021417208, "rule": 13.90814183221464, "need": 3.251873742583213, "made": 3.2046208577326674, "effici": 2.7108631424788245, "mind": 6.68586094706836, "slagl": 12.252490318265874, "shown": 2.7940406489577327, "axiom": 6.126245159132937, "partial": 12.863897022809967, "replac": 4.739950798013046, "built": 5.076423034634259, "prove": 3.8380488035909903, "algorithm": 0.8920854338854537, "base": 2.701517280060587, "hyper": 7.379008127628304, "resolut": 5.992713766508414, "paramodul": 8.07215530818825, "embodi": 6.126245159132937, "transit": 4.9366610922591, "close": 4.638168103703103, "relationship": 4.222007706478191, "predic": 6.280395838960195, "program": 2.877673749815746, "develop": 2.4267084105450123, "modifi": 3.8977680382926128, "version": 4.461237395544026, "found": 3.852647603012143, "power": 3.7680902149840803, "solv": 3.5078071167204135, "problem": 1.9651324204459957, "involv": 3.4570347913469903, "paper": 1.9808454261105517, "present": 1.8221800659287668, "detail": 3.447182494903979, "descript": 3.437426319958614, "comprehens": 5.433097978572992, "account": 4.739950798013046, "perform": 2.8094651192833644, "cacm": 0.00031215857909170155, "novemb": 2.4445341944976127, "norton": 8.07215530818825}