{"control": 5.90832299154299, "respons": 17.844949582176103, "time": 10.255659794193617, "multi": 5.027632870464827, "class": 17.138822045234384, "system": 9.34465570389432, "memori": 12.550725500230232, "alloc": 7.259008103395867, "possibl": 4.77631844218392, "give": 4.287965674269989, "qualiti": 5.507205950726713, "servic": 4.5168072466988365, "job": 18.425677621554094, "regul": 6.126245159132937, "examin": 3.641338509344936, "context": 3.913272224828578, "page": 7.922562888029877, "comput": 1.3117406171048218, "parameter": 6.462717395754149, "algorithm": 1.7841708677709074, "partit": 4.358583241483942, "main": 4.029104040353699, "consid": 3.152174382360125, "initi": 4.2435139116991545, "close": 9.276336207406207, "consist": 3.823660066138891, "process": 2.1750014405515095, "devic": 3.929020581796717, "fix": 4.064822122955779, "number": 2.2028583950544753, "studi": 6.455936443459318, "determin": 3.009560275161283, "optim": 3.1743155082373384, "degre": 4.222007706478191, "multiprogram": 4.160132302760104, "proport": 5.076423034634259, "processor": 3.7154464814986583, "devot": 5.674260035389879, "appli": 6.5362685269099865, "decomposit": 5.181783550292085, "approach": 3.1743155082373384, "treat": 4.814058770166768, "singl": 3.7546671946519394, "server": 6.68586094706836, "open": 5.299566585948469, "extern": 4.9811128548299335, "arriv": 5.36410510708604, "object": 3.380807425959106, "investig": 4.26549281841793, "effect": 3.0954215657676754, "aloc": 8.07215530818825, "paramet": 7.563391734079717, "expect": 8.668971379809763, "numer": 3.2046208577326674, "solut": 2.763887610787045, "econom": 4.6709579265260945, "lower": 5.238941964132033, "bound": 3.8380488035909903, "function": 2.2610143152115496, "obtain": 3.116328250586989, "result": 2.3750618216828454, "cacm": 0.00031215857909170155, "juli": 2.3683728335320486, "hine": 8.07215530818825, "mitrani": 8.07215530818825, "tsur": 8.07215530818825}