{"regular": 16.52161785218014, "express": 9.478501267356593, "search": 6.95407091610732, "algorithm": 0.8920854338854537, "method": 3.7071103769930414, "locat": 4.140329675463924, "specif": 3.227968221729659, "charact": 7.330872121847993, "string": 7.405414911442457, "embed": 10.599133171896938, "text": 12.249513784871928, "implement": 2.570897097643523, "form": 3.0954215657676754, "compil": 6.14988606884827, "discuss": 2.1972245773362196, "accept": 9.15129549344354, "sourc": 4.101863394636128, "languag": 4.350002881103019, "produc": 6.855528818093754, "ibm": 3.518278416587709, "program": 2.877673749815746, "object": 6.761614851918212, "input": 3.116328250586989, "signal": 5.238941964132033, "time": 2.0511319588387233, "match": 4.5168072466988365, "exampl": 3.371674942395834, "problem": 1.9651324204459957, "solut": 2.763887610787045, "present": 1.8221800659287668, "cacm": 0.00031215857909170155, "june": 2.3717117347975636, "thompson": 5.87493073085203}