{"lincoln": 13.94708603904028, "keyboard": 28.371300176949394, "typewrit": 12.56079167792039, "design": 2.4924254822020275, "comput": 2.6234812342096436, "input": 6.232656501173978, "flexibl": 8.53098563683586, "direct": 3.58351893845611, "punch": 5.58724865840025, "paper": 1.9808454261105517, "tape": 4.046803617453101, "replac": 4.739950798013046, "usual": 5.299566585948469, "commerci": 6.126245159132937, "charact": 3.6654360609239967, "chosen": 4.894101477840304, "conveni": 4.814058770166768, "programm": 3.977810745966149, "expect": 4.334485689904882, "facilit": 4.739950798013046, "program": 1.438836874907873, "algorithm": 0.8920854338854537, "process": 2.1750014405515095, "allow": 3.867462688797284, "consider": 3.8977680382926128, "assembl": 4.545794783572089, "util": 3.6901286735143684, "routin": 3.867462688797284, "cacm": 0.00031215857909170155, "juli": 2.3683728335320486, "vanderburgh": 8.07215530818825}