{"numer": 6.409241715465335, "experi": 3.4669851222001586, "newton": 9.8733221845182, "method": 5.560665565489562, "nonlinear": 14.114578434605328, "parabol": 13.94708603904028, "ellipticboundari": 8.07215530818825, "problem": 1.9651324204459957, "gener": 1.8279884075245136, "equat": 6.218621355856685, "form": 3.0954215657676754, "xx": 16.1443106163765, "ellipt": 5.238941964132033, "yy": 8.07215530818825, "exp": 6.97354301952014, "solv": 3.5078071167204135, "comparison": 3.6901286735143684, "result": 4.750123643365691, "obtain": 3.116328250586989, "picard": 7.379008127628304, "iter": 4.046803617453101, "procedur": 2.63843330463401, "show": 3.641338509344936, "case": 3.2123429038265776, "quisi": 8.07215530818825, "linear": 3.1818061799664963, "offer": 4.77631844218392, "substanti": 4.6709579265260945, "advantag": 3.7027074557212285, "time": 2.0511319588387233, "accuraci": 4.383275854074314, "cacm": 0.00031215857909170155, "april": 2.4231810700270437, "bellman": 5.507205950726713, "juncosa": 8.07215530818825, "kalaba": 5.992713766508414}