{"variat": 14.114578434605328, "goodman": 16.1443106163765, "lanc": 14.758016255256608, "method": 7.414220753986083, "solut": 11.05555044314818, "point": 6.031819005679884, "boundari": 9.341915853052189, "problem": 7.860529681783983, "recent": 3.8977680382926128, "publish": 4.6064194053885235, "interpol": 4.6064194053885235, "nonlinear": 4.704859478201776, "equat": 3.1093106779283426, "improv": 3.3536564368931554, "appli": 6.5362685269099865, "give": 4.287965674269989, "signific": 3.929020581796717, "result": 2.3750618216828454, "numer": 3.2046208577326674, "optim": 3.1743155082373384, "control": 2.954161495771495, "euler": 5.992713766508414, "lagrang": 8.07215530818825, "formul": 4.545794783572089, "quantit": 6.126245159132937, "estim": 3.929020581796717, "present": 1.8221800659287668, "nearli": 5.299566585948469, "fast": 3.9450209231431583, "context": 3.913272224828578, "cacm": 0.00031215857909170155, "septemb": 2.546702369056466, "kimbl": 8.07215530818825}