{"fortran": 6.5362685269099865, "basic": 3.4181949580307265, "program": 1.438836874907873, "languag": 2.1750014405515095, "inform": 2.5627669715602726, "process": 4.350002881103019, "automat": 3.371674942395834, "data": 2.1667934601336793, "system": 1.55744261731572, "cacm": 0.00031215857909170155, "octob": 2.4849066497880004}