{"view": 4.334485689904882, "data": 2.1667934601336793, "abstract": 4.434569148461864, "cacm": 0.00031215857909170155, "june": 2.3717117347975636, "ledgard": 6.462717395754149, "taylor": 5.58724865840025}