{"garbag": 10.255432658043619, "collect": 8.444015412956382, "virtual": 13.81925821616557, "memori": 9.413044125172675, "comput": 2.6234812342096436, "system": 4.67232785194716, "list": 3.189353385601879, "process": 2.1750014405515095, "typic": 4.461237395544026, "grow": 5.127716329021809, "demand": 4.853279483320049, "space": 3.497444329684867, "program": 1.438836874907873, "execut": 3.2358734012367716, "paper": 1.9808454261105517, "examin": 3.641338509344936, "practic": 3.617808011934742, "implic": 4.739950798013046, "growth": 5.769570215194204, "propos": 2.907369334264736, "techniqu": 2.240272830904733, "compar": 3.227968221729659, "tradit": 5.36410510708604, "method": 1.8535551884965207, "discuss": 2.1972245773362196, "simul": 3.380807425959106, "cacm": 0.00031215857909170155, "novemb": 2.4445341944976127, "baecker": 6.68586094706836}