{"gener": 1.8279884075245136, "test": 3.0817227214095135, "matric": 3.929020581796717, "sign": 11.014411901453427, "pattern": 8.203726789272256, "prescrib": 6.126245159132937, "posit": 8.241823179213645, "spectra": 6.68586094706836, "class": 3.427764409046877, "orthogon": 5.127716329021809, "transform": 7.330872121847993, "present": 1.8221800659287668, "member": 5.299566585948469, "diagon": 6.126245159132937, "matrix": 6.275362750115116, "special": 3.5395558150349937, "cacm": 0.00031215857909170155, "juli": 2.3683728335320486, "schneider": 6.68586094706836}