{"topolog": 16.299293935718975, "sort": 7.765001132323649, "larg": 2.8791984572980396, "network": 15.780083692572633, "procedur": 10.55373321853604, "requir": 2.388575540849568, "problem": 3.9302648408919914, "involv": 3.4570347913469903, "analysi": 2.7738379416402132, "pert": 12.252490318265874, "present": 9.110900329643833, "paper": 1.9808454261105517, "gener": 1.8279884075245136, "method": 3.7071103769930414, "obtain": 3.116328250586989, "order": 5.86098350337118, "permit": 3.572345637857985, "treatment": 5.674260035389879, "larger": 4.9366610922591, "handl": 3.7154464814986583, "achiev": 3.7954891891721947, "greater": 4.853279483320049, "effici": 2.7108631424788245, "adapt": 4.434569148461864, "machin": 5.837727427380942, "discuss": 2.1972245773362196, "term": 3.2763647625915087, "activ": 3.977810745966149, "hour": 6.280395838960195, "time": 2.0511319588387233, "develop": 2.4267084105450123, "byproduct": 8.07215530818825, "need": 6.503747485166426, "westinghous": 16.1443106163765, "baltimor": 8.07215530818825, "program": 2.877673749815746, "plan": 4.638168103703103, "implement": 2.570897097643523, "regard": 4.77631844218392, "techniqu": 2.240272830904733, "anticip": 6.462717395754149, "complet": 3.47703545805366, "serv": 4.57564774672177, "lockhe": 6.97354301952014, "cacm": 0.00031215857909170155, "novemb": 2.4445341944976127, "kahn": 6.97354301952014}