{"techniqu": 2.240272830904733, "comput": 2.6234812342096436, "critic": 4.814058770166768, "rotat": 5.36410510708604, "speed": 3.823660066138891, "flexibl": 4.26549281841793, "shaft": 8.07215530818825, "automat": 3.371674942395834, "cacm": 0.00031215857909170155, "june": 2.3717117347975636, "schwartz": 5.674260035389879}