{"deriv": 9.879095445230162, "semant": 4.287965674269989, "program": 5.755347499631492, "languag": 6.525004321654528, "construct": 12.757413542407516, "simpl": 6.019120550322566, "introduc": 3.8380488035909903, "inform": 5.125533943120545, "term": 6.552729525183017, "valu": 3.7027074557212285, "side": 15.898699757845407, "effect": 12.381686263070701, "translat": 11.070386020543104, "defin": 6.319000844904395, "flowchart": 9.962225709659867, "machin": 5.837727427380942, "action": 4.57564774672177, "execut": 6.471746802473543, "proof": 12.54100503023287, "express": 3.1595004224521976, "sole": 6.68586094706836, "cours": 4.48863636973214, "formal": 7.456699772669132, "definit": 7.355412307031623, "concept": 3.4181949580307265, "order": 2.93049175168559, "make": 3.380807425959106, "rigor": 6.280395838960195, "correct": 3.6295040516979333, "implement": 2.570897097643523, "involv": 3.4570347913469903, "check": 4.545794783572089, "step": 8.023424595283661, "accept": 4.57564774672177, "descript": 3.437426319958614, "cacm": 0.00031215857909170155, "novemb": 2.4445341944976127, "henderson": 7.379008127628304}