{"uplift": 8.07215530818825, "univers": 3.9946178642825303, "pittsburgh": 8.07215530818825, "linear": 6.363612359932993, "tandem": 7.379008127628304, "system": 6.22977046926288, "seri": 3.8825005661618244, "comput": 1.3117406171048218, "program": 4.31651062472362, "develop": 2.4267084105450123, "oper": 2.270036932811187, "process": 6.525004321654528, "nation": 9.962225709659867, "aeronaut": 16.1443106163765, "space": 6.994888659369734, "administr": 10.599133171896938, "ibm": 7.036556833175418, "combin": 3.5612958016714, "data": 4.333586920267359, "note": 3.497444329684867, "worthi": 8.07215530818825, "creat": 4.408593662058603, "fix": 8.129644245911559, "length": 11.386467567516585, "logic": 3.6062471895336663, "record": 3.867462688797284, "block": 3.929020581796717, "variabl": 3.1093106779283426, "sourc": 4.101863394636128, "format": 4.1803350100776235, "output": 3.497444329684867, "optim": 3.1743155082373384, "complet": 3.47703545805366, "check": 4.545794783572089, "test": 3.0817227214095135, "valid": 4.894101477840304, "accuraci": 4.383275854074314, "input": 3.116328250586989, "materi": 4.739950798013046, "provid": 3.015909502839942, "cacm": 0.00031215857909170155, "septemb": 2.546702369056466, "canter": 8.07215530818825, "donaghey": 8.07215530818825}