{"altern": 3.9612814440149386, "approach": 3.1743155082373384, "mutual": 5.238941964132033, "recurs": 3.913272224828578, "algol": 3.243841570885949, "restrict": 4.160132302760104, "compil": 3.074943034424135, "cacm": 0.00031215857909170155, "april": 2.4231810700270437, "balfour": 8.07215530818825}