{"accur": 9.479901596026092, "float": 28.65791065310352, "point": 18.09545701703965, "summat": 5.674260035389879, "accumul": 15.383148987065429, "sum": 22.728973917860444, "consid": 3.152174382360125, "comput": 5.246962468419287, "perform": 5.618930238566729, "digit": 23.051222705537043, "base": 2.701517280060587, "addit": 13.27426046832754, "expon": 7.379008127628304, "rang": 4.222007706478191, "algorithm": 0.8920854338854537, "number": 6.608575185163426, "split": 5.87493073085203, "part": 3.371674942395834, "form": 3.0954215657676754, "qn": 16.1443106163765, "ad": 8.817187324117207, "auxiliari": 5.299566585948469, "final": 3.7680902149840803, "yield": 4.545794783572089, "usual": 5.299566585948469, "condit": 3.39002408106403, "rel": 4.200954297280359, "error": 3.0482747873419735, "correct": 3.6295040516979333, "full": 4.545794783572089, "accuraci": 4.383275854074314, "ibm": 3.518278416587709, "typic": 4.461237395544026, "valu": 3.7027074557212285, "case": 3.2123429038265776, "x16": 8.07215530818825, "cacm": 0.00031215857909170155, "novemb": 2.4445341944976127, "malcolm": 6.280395838960195}