{"simultan": 4.1803350100776235, "system": 1.55744261731572, "equat": 3.1093106779283426, "matrix": 3.137681375057558, "invers": 3.867462688797284, "routin": 3.867462688797284, "algorithm": 0.8920854338854537, "cacm": 0.00031215857909170155, "roek": 8.07215530818825}