{"techniqu": 2.240272830904733, "storag": 2.7394365149228808, "alloc": 3.6295040516979333, "algorithm": 0.8920854338854537, "cacm": 0.00031215857909170155, "octob": 2.4849066497880004, "kelley": 7.379008127628304, "jr": 3.243841570885949}