{"interpol": 9.212838810777047, "search": 10.431106374160981, "log": 9.962225709659867, "logn": 13.37172189413672, "method": 1.8535551884965207, "retriev": 7.189636987420086, "desir": 4.140329675463924, "record": 3.867462688797284, "key": 24.388932737734677, "order": 2.93049175168559, "statist": 3.867462688797284, "distribut": 10.492332989054601, "shown": 5.5880812979154655, "averag": 4.26549281841793, "access": 7.212494379067333, "requir": 2.388575540849568, "assum": 4.358583241483942, "uniformli": 5.992713766508414, "number": 2.2028583950544753, "extra": 6.126245159132937, "estim": 3.929020581796717, "low": 4.383275854074314, "hold": 5.433097978572992, "cumul": 6.97354301952014, "function": 2.2610143152115496, "known": 3.7027074557212285, "comput": 1.3117406171048218, "experi": 3.4669851222001586, "confirm": 6.97354301952014, "result": 2.3750618216828454, "cacm": 0.00031215857909170155, "juli": 2.3683728335320486, "perl": 8.07215530818825, "itai": 8.07215530818825, "avni": 8.07215530818825}