{"comparison": 14.760514694057473, "list": 12.757413542407516, "process": 10.875007202757548, "comput": 2.6234812342096436, "languag": 17.400011524412076, "includ": 5.5377008002583485, "detail": 10.341547484711937, "comit": 12.925434791508298, "ipl": 13.37172189413672, "lisp": 9.15129549344354, "slip": 12.925434791508298, "present": 1.8221800659287668, "known": 3.7027074557212285, "program": 2.877673749815746, "exhibit": 5.769570215194204, "princip": 10.36356710058417, "characterist": 3.6295040516979333, "exist": 3.572345637857985, "import": 3.497444329684867, "common": 3.9450209231431583, "featur": 3.399326473726344, "review": 4.48863636973214, "form": 3.0954215657676754, "data": 4.333586920267359, "structur": 2.473733349189875, "manipul": 3.437426319958614, "necess": 6.126245159132937, "dynam": 3.8380488035909903, "alloc": 7.259008103395867, "storag": 5.4788730298457615, "pushdown": 6.126245159132937, "store": 3.5288605259182457, "recurs": 3.913272224828578, "oper": 2.270036932811187, "differ": 3.977810745966149, "consider": 3.8977680382926128, "represent": 3.5503667311392095, "programm": 3.977810745966149, "machin": 2.918863713690471, "method": 1.8535551884965207, "formal": 3.728349886334566, "special": 3.5395558150349937, "arithmet": 3.6901286735143684, "facil": 7.7955360765852255, "usabl": 6.68586094706836, "term": 3.2763647625915087, "avail": 5.769570215194204, "document": 4.358583241483942, "learn": 4.894101477840304, "aid": 8.058208080707399, "debug": 4.6064194053885235, "rough": 6.280395838960195, "show": 3.641338509344936, "discuss": 2.1972245773362196, "approxim": 3.380807425959106, "speed": 3.823660066138891, "final": 3.7680902149840803, "author": 4.287965674269989, "give": 4.287965674269989, "heurist": 4.6064194053885235, "select": 3.617808011934742, "problem": 1.9651324204459957, "applic": 4.962336655354786, "conclud": 4.814058770166768, "consid": 3.152174382360125, "distinctli": 8.07215530818825, "superior": 4.77631844218392, "cacm": 0.00031215857909170155, "april": 2.4231810700270437, "bobrow": 5.87493073085203, "raphael": 6.97354301952014}