{"comput": 2.6234812342096436, "made": 3.2046208577326674, "perspect": 17.30871064558261, "movi": 34.8677150976007, "scientif": 4.9366610922591, "commun": 3.7154464814986583, "tool": 4.638168103703103, "easi": 4.358583241483942, "program": 2.877673749815746, "basic": 3.4181949580307265, "transform": 3.6654360609239967, "requir": 2.388575540849568, "draw": 5.433097978572992, "fact": 4.6709579265260945, "advent": 6.97354301952014, "high": 3.6777061535158113, "speed": 3.823660066138891, "microfilm": 7.379008127628304, "printer": 6.280395838960195, "gener": 1.8279884075245136, "dynam": 3.8380488035909903, "electron": 5.181783550292085, "make": 3.380807425959106, "direct": 3.58351893845611, "output": 3.497444329684867, "briefli": 4.5168072466988365, "studi": 3.227968221729659, "angular": 8.07215530818825, "motion": 5.58724865840025, "satellit": 13.94708603904028, "attitud": 5.87493073085203, "control": 2.954161495771495, "system": 1.55744261731572, "domino": 7.379008127628304, "shape": 5.076423034634259, "box": 7.379008127628304, "repres": 7.212494379067333, "sphere": 6.280395838960195, "circl": 5.992713766508414, "latitud": 8.07215530818825, "longitud": 8.07215530818825, "earth": 8.07215530818825, "cost": 3.518278416587709, "approxim": 3.380807425959106, "minut": 12.56079167792039, "ibm": 3.518278416587709, "time": 2.0511319588387233, "cacm": 0.00031215857909170155, "march": 2.546702369056466, "zajac": 8.07215530818825}