{"composit": 14.559838449960148, "semant": 8.575931348539978, "algol": 9.731524712657848, "main": 4.029104040353699, "featur": 3.399326473726344, "explain": 4.6709579265260945, "point": 3.015909502839942, "view": 4.334485689904882, "shown": 2.7940406489577327, "languag": 2.1750014405515095, "permit": 3.572345637857985, "valu": 3.7027074557212285, "action": 4.57564774672177, "ultim": 6.280395838960195, "program": 1.438836874907873, "minimum": 4.1209115896068225, "set": 2.554702411723542, "primit": 4.814058770166768, "fundament": 5.076423034634259, "recurs": 3.913272224828578, "rule": 3.47703545805366, "syntax": 4.029104040353699, "briefli": 4.5168072466988365, "review": 4.48863636973214, "attempt": 4.1209115896068225, "made": 3.2046208577326674, "obtain": 3.116328250586989, "structur": 2.473733349189875, "simpl": 3.009560275161283, "introduct": 4.894101477840304, "orthogon": 5.127716329021809, "design": 2.4924254822020275, "cacm": 0.00031215857909170155, "novemb": 2.4445341944976127, "branquart": 8.07215530818825, "lewi": 5.992713766508414, "sintzoff": 8.07215530818825, "wodon": 8.07215530818825}