{"parallel": 7.765001132323649, "execut": 6.471746802473543, "loop": 9.479901596026092, "method": 1.8535551884965207, "develop": 2.4267084105450123, "iter": 4.046803617453101, "asynchron": 6.126245159132937, "multiprocessor": 5.433097978572992, "comput": 3.9352218513144654, "array": 4.334485689904882, "consid": 3.152174382360125, "practic": 3.617808011934742, "applic": 2.481168327677393, "design": 2.4924254822020275, "compil": 3.074943034424135, "discuss": 2.1972245773362196, "cacm": 0.00031215857909170155, "februari": 2.6211168546225494, "lamport": 5.992713766508414}