{"paradigm": 6.97354301952014, "program": 1.438836874907873, "cacm": 0.00031215857909170155, "august": 2.3750618216828454, "floyd": 5.127716329021809}