{"structur": 4.94746669837975, "algol": 3.243841570885949, "compil": 6.14988606884827, "high": 3.6777061535158113, "speed": 3.823660066138891, "top": 5.181783550292085, "method": 3.7071103769930414, "syntax": 4.029104040353699, "analysi": 2.7738379416402132, "complet": 3.47703545805366, "elimin": 4.064822122955779, "back": 5.507205950726713, "sourc": 4.101863394636128, "string": 3.7027074557212285, "implement": 2.570897097643523, "conveni": 4.814058770166768, "macro": 4.853279483320049, "languag": 2.1750014405515095, "techniqu": 2.240272830904733, "simul": 3.380807425959106, "time": 8.204527835354893, "convent": 3.8380488035909903, "run": 11.033118460547435, "stack": 10.599133171896938, "enabl": 4.5168072466988365, "gener": 1.8279884075245136, "code": 2.948191328784991, "express": 6.319000844904395, "minim": 3.39002408106403, "store": 3.5288605259182457, "fetch": 6.126245159132937, "pointer": 5.674260035389879, "motion": 5.58724865840025, "properli": 5.992713766508414, "trate": 8.07215530818825, "recurs": 11.739816674485734, "side": 5.299566585948469, "effect": 3.0954215657676754, "procedur": 5.27686660926802, "block": 3.929020581796717, "handl": 7.430892962997317, "need": 3.251873742583213, "interpret": 4.222007706478191, "context": 3.913272224828578, "problem": 1.9651324204459957, "transmiss": 4.9811128548299335, "paramet": 3.7816958670398586, "call": 3.4087162140761826, "solv": 3.5078071167204135, "manner": 4.6064194053885235, "permit": 3.572345637857985, "common": 3.9450209231431583, "case": 3.2123429038265776, "simpl": 3.009560275161283, "array": 4.334485689904882, "identifi": 4.140329675463924, "effici": 2.7108631424788245, "cacm": 0.00031215857909170155, "juli": 2.3683728335320486, "kanner": 6.97354301952014, "kosinski": 8.07215530818825, "robinson": 5.769570215194204}