{"pars": 13.149827562222942, "decis": 15.591072153170451, "tabl": 13.828139165387961, "reduct": 4.5168072466988365, "size": 3.427764409046877, "accomplish": 4.638168103703103, "techniqu": 4.480545661809466, "consid": 3.152174382360125, "paper": 1.9808454261105517, "regard": 4.77631844218392, "horizont": 6.126245159132937, "vertic": 5.433097978572992, "data": 2.1667934601336793, "structur": 2.473733349189875, "job": 9.212838810777047, "ident": 5.36410510708604, "hardwar": 3.8825005661618244, "prioriti": 5.299566585948469, "context": 3.913272224828578, "relationship": 4.222007706478191, "rest": 6.68586094706836, "convent": 3.8380488035909903, "linkag": 5.769570215194204, "cacm": 0.00031215857909170155, "august": 2.3750618216828454, "chapin": 8.07215530818825}