{"applic": 4.962336655354786, "level": 6.5362685269099865, "chang": 8.487027823398309, "multilevel": 25.12158335584078, "storag": 8.218309544768642, "organ": 10.52342135016124, "techniqu": 4.480545661809466, "devic": 3.929020581796717, "comput": 1.3117406171048218, "system": 3.11488523463144, "call": 3.4087162140761826, "store": 10.586581577754737, "mean": 6.440250088537265, "econom": 4.6709579265260945, "satisfi": 4.383275854074314, "requir": 2.388575540849568, "larg": 2.8791984572980396, "capac": 5.36410510708604, "data": 2.1667934601336793, "manag": 4.046803617453101, "inform": 5.125533943120545, "retriev": 3.594818493710043, "concept": 3.4181949580307265, "introduc": 3.8380488035909903, "discuss": 2.1972245773362196, "physic": 4.57564774672177, "effici": 2.7108631424788245, "present": 1.8221800659287668, "cacm": 0.00031215857909170155, "march": 2.546702369056466, "morenoff": 7.379008127628304, "mclean": 7.379008127628304}