{"implement": 5.141794195287046, "high": 7.355412307031623, "level": 6.5362685269099865, "languag": 6.525004321654528, "machin": 17.51318228214283, "comput": 2.6234812342096436, "directli": 4.408593662058603, "execut": 9.707620203710315, "statement": 7.430892962997317, "propos": 2.907369334264736, "past": 5.299566585948469, "report": 3.4669851222001586, "describ": 3.0954215657676754, "actual": 4.287965674269989, "apl": 14.758016255256608, "fulli": 5.299566585948469, "oper": 4.540073865622374, "correctli": 5.674260035389879, "scalar": 6.97354301952014, "vector": 4.545794783572089, "array": 4.334485689904882, "alloc": 3.6295040516979333, "memori": 3.137681375057558, "call": 3.4087162140761826, "function": 2.2610143152115496, "convert": 4.383275854074314, "number": 2.2028583950544753, "type": 6.28980324606209, "check": 4.545794783572089, "subscript": 5.507205950726713, "detect": 4.310955192494688, "programm": 3.977810745966149, "error": 3.0482747873419735, "cacm": 0.00031215857909170155, "april": 2.4231810700270437, "hassitt": 6.97354301952014, "lageschult": 8.07215530818825, "lyon": 6.68586094706836}