{"student": 4.310955192494688, "distribut": 3.497444329684867, "s14": 5.027632870464827, "algorithm": 0.8920854338854537, "cacm": 0.00031215857909170155, "octob": 2.4849066497880004, "hill": 4.814058770166768}