{"languag": 8.700005762206038, "extens": 6.671913719587509, "express": 6.319000844904395, "constraint": 17.434332965935766, "data": 8.667173840534717, "access": 14.424988758134665, "control": 8.862484487314486, "share": 10.461563488553033, "inform": 2.5627669715602726, "need": 3.251873742583213, "desir": 4.140329675463924, "applic": 2.481168327677393, "support": 8.869138296923728, "oper": 2.270036932811187, "system": 1.55744261731572, "mechan": 3.7680902149840803, "paper": 1.9808454261105517, "show": 3.641338509344936, "extend": 11.693304114877838, "program": 1.438836874907873, "provid": 3.015909502839942, "permit": 3.572345637857985, "appli": 3.2681342634549932, "simpl": 3.009560275161283, "object": 10.14242227787732, "compon": 4.26549281841793, "larger": 4.9366610922591, "bank": 11.348520070779758, "account": 4.739950798013046, "record": 3.867462688797284, "base": 2.701517280060587, "state": 3.852647603012143, "declar": 4.814058770166768, "enforc": 6.126245159132937, "static": 5.36410510708604, "check": 9.091589567144178, "similar": 3.7954891891721947, "type": 9.434704869093135, "approach": 3.1743155082373384, "strongli": 5.769570215194204, "suitabl": 4.1803350100776235, "notion": 5.076423034634259, "abstract": 4.434569148461864, "cacm": 0.00031215857909170155, "jone": 6.126245159132937, "liskov": 6.97354301952014}