{"gener": 7.3119536300980545, "theori": 12.420989026391773, "special": 7.0791116300699874, "function": 6.783042945634649, "list": 3.189353385601879, "number": 2.2028583950544753, "natur": 3.7027074557212285, "develop": 4.853416821090025, "field": 3.9946178642825303, "algebra": 8.023424595283661, "manipul": 6.874852639917228, "prospect": 6.97354301952014, "defin": 3.1595004224521976, "ordinari": 4.434569148461864, "differenti": 7.858041163593434, "equat": 6.218621355856685, "discuss": 2.1972245773362196, "claim": 5.87493073085203, "made": 3.2046208577326674, "recent": 3.8977680382926128, "mathemat": 3.6295040516979333, "algorithm": 0.8920854338854537, "properti": 3.5395558150349937, "solut": 2.763887610787045, "prefer": 5.58724865840025, "effort": 4.5168072466988365, "make": 3.380807425959106, "system": 1.55744261731572, "knowledg": 5.027632870464827, "usual": 5.299566585948469, "exponenti": 4.1803350100776235, "hypergeometr": 6.462717395754149, "cacm": 0.00031215857909170155, "juli": 2.3683728335320486, "mose": 6.68586094706836}