{"oper": 6.810110798433561, "spars": 11.014411901453427, "relat": 15.724508115155224, "comput": 7.870443702628931, "boolean": 4.638168103703103, "matric": 3.929020581796717, "direct": 3.58351893845611, "graph": 4.029104040353699, "preced": 24.07029385083384, "context": 3.913272224828578, "free": 3.913272224828578, "grammar": 4.1209115896068225, "practic": 3.617808011934742, "algorithm": 1.7841708677709074, "asymptot": 5.433097978572992, "faster": 4.9811128548299335, "common": 3.9450209231431583, "wirth": 5.238941964132033, "weber": 6.126245159132937, "step": 12.035136892925491, "shown": 5.5880812979154655, "linear": 6.363612359932993, "function": 4.522028630423099, "size": 3.427764409046877, "grammer": 8.07215530818825, "heart": 6.462717395754149, "gener": 1.8279884075245136, "theorem": 4.5168072466988365, "give": 4.287965674269989, "suffici": 4.26549281841793, "condit": 3.39002408106403, "express": 3.1595004224521976, "operand": 5.992713766508414, "composit": 4.853279483320049, "transit": 4.9366610922591, "closur": 6.68586094706836, "union": 5.87493073085203, "invers": 3.867462688797284, "effici": 2.7108631424788245, "cacm": 0.00031215857909170155, "march": 2.546702369056466, "hunt": 6.462717395754149, "iii": 4.704859478201776, "szymanski": 6.68586094706836, "ullman": 6.68586094706836}