{"remark": 4.57564774672177, "romberg": 11.1744973168005, "quadratur": 9.276336207406207, "modifi": 3.8977680382926128, "form": 3.0954215657676754, "sensit": 5.769570215194204, "accumul": 5.127716329021809, "round": 4.704859478201776, "error": 3.0482747873419735, "customari": 6.68586094706836, "cacm": 0.00031215857909170155, "april": 2.4231810700270437, "krasun": 8.07215530818825, "prager": 8.07215530818825}