{"propos": 8.722108002794208, "establish": 4.408593662058603, "pseudo": 5.433097978572992, "virtual": 9.212838810777047, "memori": 6.275362750115116, "writabl": 24.21646592456475, "overlay": 56.523562550641756, "comput": 1.3117406171048218, "system": 1.55744261731572, "solv": 3.5078071167204135, "execut": 3.2358734012367716, "storag": 2.7394365149228808, "size": 3.427764409046877, "problem": 1.9651324204459957, "larg": 2.8791984572980396, "program": 1.438836874907873, "appear": 4.48863636973214, "scheme": 7.036556833175418, "balanc": 5.076423034634259, "combin": 3.5612958016714, "capabl": 11.428426293440804, "found": 3.852647603012143, "exist": 7.14469127571597, "techniqu": 2.240272830904733, "present": 1.8221800659287668, "util": 3.6901286735143684, "complement": 5.674260035389879, "addit": 3.318565117081885, "featur": 3.399326473726344, "effect": 3.0954215657676754, "programm": 7.955621491932298, "requir": 2.388575540849568, "design": 4.984850964404055, "configur": 9.479901596026092, "structur": 2.473733349189875, "complex": 3.137681375057558, "task": 4.222007706478191, "tool": 4.638168103703103, "includ": 5.5377008002583485, "graphic": 4.2435139116991545, "display": 3.9450209231431583, "order": 2.93049175168559, "aid": 4.029104040353699, "content": 4.638168103703103, "briefli": 4.5168072466988365, "discuss": 2.1972245773362196, "note": 3.497444329684867, "detail": 3.447182494903979, "final": 3.7680902149840803, "decid": 5.58724865840025, "fact": 4.6709579265260945, "cacm": 0.00031215857909170155, "june": 2.3717117347975636, "spacek": 8.07215530818825}