{"integ": 4.140329675463924, "program": 1.438836874907873, "problem": 1.9651324204459957, "algorithm": 0.8920854338854537, "r397": 8.07215530818825, "cacm": 0.00031215857909170155, "june": 2.3717117347975636, "johnson": 5.58724865840025, "kernighan": 6.97354301952014}