{"extern": 9.962225709659867, "storag": 2.7394365149228808, "fragment": 11.539140430388407, "produc": 6.855528818093754, "fit": 75.89773942136807, "alloc": 14.518016206791733, "strategi": 4.6709579265260945, "publish": 4.6064194053885235, "comparison": 3.6901286735143684, "memori": 9.413044125172675, "consist": 3.823660066138891, "simul": 6.761614851918212, "seri": 3.8825005661618244, "experi": 6.933970244400317, "perform": 8.428395357850093, "order": 2.93049175168559, "obtain": 3.116328250586989, "data": 2.1667934601336793, "rel": 8.401908594560718, "understand": 4.704859478201776, "reason": 4.287965674269989, "underli": 5.127716329021809, "observ": 4.9811128548299335, "differ": 3.977810745966149, "time": 2.0511319588387233, "product": 3.9946178642825303, "effici": 5.421726284957649, "gener": 1.8279884075245136, "percent": 4.814058770166768, "small": 3.594818493710043, "popul": 12.56079167792039, "size": 3.427764409046877, "request": 22.17284574230932, "effect": 3.0954215657676754, "exponenti": 8.360670020155247, "hyperexponenti": 6.97354301952014, "distribut": 13.989777318739469, "outperform": 32.288621232753, "normal": 3.929020581796717, "uniform": 4.853279483320049, "distort": 7.379008127628304, "way": 4.77631844218392, "hypothes": 6.280395838960195, "preferenti": 6.97354301952014, "end": 10.255432658043619, "encourag": 5.769570215194204, "larg": 5.758396914596079, "block": 3.929020581796717, "grow": 5.127716329021809, "suffici": 4.26549281841793, "contigu": 6.126245159132937, "space": 3.497444329684867, "like": 6.126245159132937, "result": 2.3750618216828454, "support": 4.434569148461864, "hypothesi": 6.126245159132937, "show": 3.641338509344936, "depend": 3.929020581796717, "frequenc": 4.739950798013046, "coeffici": 4.1209115896068225, "variat": 4.704859478201776, "greater": 4.853279483320049, "approxim": 3.380807425959106, "equal": 4.6709579265260945, "uniti": 7.379008127628304, "cacm": 0.00031215857909170155, "august": 2.3750618216828454, "shore": 7.379008127628304}