{"convers": 3.867462688797284, "decis": 7.7955360765852255, "tabl": 10.371104374040971, "rule": 13.90814183221464, "mask": 29.37465365426015, "method": 7.414220753986083, "algorithm": 5.352512603312722, "gener": 1.8279884075245136, "comput": 1.3117406171048218, "program": 1.438836874907873, "allow": 3.867462688797284, "handl": 3.7154464814986583, "limit": 3.6295040516979333, "entri": 13.003457069714646, "extend": 3.8977680382926128, "mix": 4.9811128548299335, "base": 2.701517280060587, "need": 3.251873742583213, "execut": 6.471746802473543, "time": 4.102263917677447, "perform": 2.8094651192833644, "logic": 3.6062471895336663, "oper": 2.270036932811187, "immedi": 6.97354301952014, "end": 5.127716329021809, "interpret": 4.222007706478191, "process": 2.1750014405515095, "consider": 3.8977680382926128, "reduc": 3.641338509344936, "instantli": 8.07215530818825, "mark": 5.127716329021809, "applic": 2.481168327677393, "condit": 3.39002408106403, "test": 3.0817227214095135, "combin": 3.5612958016714, "degre": 4.222007706478191, "advantag": 3.7027074557212285, "tree": 3.58351893845611, "cacm": 0.00031215857909170155, "octob": 2.4849066497880004, "dath": 8.07215530818825}