{"algorithm": 5.352512603312722, "find": 7.16703787691222, "fundament": 10.152846069268518, "set": 5.109404823447084, "cycl": 10.055265740929654, "undirect": 6.126245159132937, "linear": 3.1818061799664963, "graph": 16.116416161414797, "adjac": 5.769570215194204, "matrix": 3.137681375057558, "present": 5.4665401977863, "paper": 1.9808454261105517, "span": 5.299566585948469, "tree": 3.58351893845611, "construct": 3.189353385601879, "slower": 5.87493073085203, "welch": 22.137024382884913, "ratio": 5.127716329021809, "number": 4.405716790108951, "node": 8.869138296923728, "requir": 4.777151081699136, "storag": 10.957746059691523, "larg": 5.758396914596079, "edg": 5.238941964132033, "limit": 3.6295040516979333, "superior": 9.55263688436784, "small": 3.594818493710043, "machin": 2.918863713690471, "time": 2.0511319588387233, "estim": 3.929020581796717, "method": 1.8535551884965207, "cacm": 0.00031215857909170155, "decemb": 2.4626835130032902, "gotlieb": 5.674260035389879, "corneil": 6.68586094706836}