{"extens": 6.671913719587509, "munkr": 16.1443106163765, "algorithm": 2.676256301656361, "assign": 8.129644245911559, "problem": 5.895397261337987, "rectangular": 10.599133171896938, "matric": 11.787061745390151, "propos": 2.907369334264736, "solut": 8.291662832361135, "squar": 3.6295040516979333, "present": 1.8221800659287668, "author": 4.287965674269989, "develop": 2.4267084105450123, "permit": 3.572345637857985, "time": 4.102263917677447, "result": 2.3750618216828454, "obtain": 3.116328250586989, "adapt": 4.434569148461864, "version": 4.461237395544026, "silver": 6.97354301952014, "algol": 3.243841570885949, "procedur": 2.63843330463401, "discuss": 2.1972245773362196, "relat": 3.144901623031045, "size": 3.427764409046877, "cacm": 0.00031215857909170155, "decemb": 2.4626835130032902, "bourgeoi": 7.379008127628304, "lassal": 7.379008127628304}