{"languag": 13.050008643309056, "extens": 6.671913719587509, "graph": 12.087312121061098, "process": 4.350002881103019, "formal": 3.728349886334566, "semant": 17.151862697079956, "simpl": 3.009560275161283, "program": 1.438836874907873, "grasp": 48.4329318491295, "direct": 7.16703787691222, "defin": 6.319000844904395, "consist": 3.823660066138891, "type": 3.144901623031045, "data": 4.333586920267359, "structur": 7.421200047569625, "set": 2.554702411723542, "primit": 4.814058770166768, "oper": 4.540073865622374, "manipul": 3.437426319958614, "easili": 4.26549281841793, "implement": 7.712691292930569, "embed": 10.599133171896938, "host": 6.280395838960195, "emphasi": 4.5168072466988365, "method": 1.8535551884965207, "definit": 18.388530767579056, "commonli": 5.127716329021809, "involv": 3.4570347913469903, "syntact": 8.53098563683586, "element": 3.8825005661618244, "explan": 7.379008127628304, "mean": 3.2201250442686327, "assign": 12.194466368867339, "sole": 6.68586094706836, "term": 6.552729525183017, "precis": 4.064822122955779, "represent": 3.5503667311392095, "explicit": 4.853279483320049, "syntax": 4.029104040353699, "lisp": 4.57564774672177, "illustr": 3.47703545805366, "advantag": 3.7027074557212285, "disadvantag": 5.674260035389879, "discuss": 2.1972245773362196, "cacm": 0.00031215857909170155, "juli": 2.3683728335320486, "pratt": 6.97354301952014, "friedman": 6.126245159132937}