{"algorithm": 1.7841708677709074, "reveal": 5.181783550292085, "properti": 3.5395558150349937, "float": 14.32895532655176, "point": 9.047728508519825, "arithmet": 3.6901286735143684, "present": 1.8221800659287668, "form": 3.0954215657676754, "fortran": 3.2681342634549932, "subroutin": 8.241823179213645, "comput": 2.6234812342096436, "radix": 6.280395838960195, "number": 4.405716790108951, "digit": 3.2930318150767204, "round": 4.704859478201776, "chop": 7.379008127628304, "machin": 2.918863713690471, "run": 3.6777061535158113, "method": 1.8535551884965207, "shown": 2.7940406489577327, "work": 3.344767489475909, "reason": 4.287965674269989, "cacm": 0.00031215857909170155, "novemb": 2.4445341944976127, "malcolm": 6.280395838960195}