{"chebyshev": 4.9366610922591, "quadratur": 4.638168103703103, "algorithm": 0.8920854338854537, "d1": 4.545794783572089, "cacm": 0.00031215857909170155, "hillstrom": 6.68586094706836}