{"comment": 4.064822122955779, "implement": 2.570897097643523, "recurs": 3.913272224828578, "procedur": 2.63843330463401, "block": 3.929020581796717, "algol": 3.243841570885949, "cacm": 0.00031215857909170155, "januari": 2.6297375976664563, "iron": 5.769570215194204, "feurzeig": 6.68586094706836}