{"altern": 3.9612814440149386, "event": 8.817187324117207, "queue": 4.894101477840304, "synchron": 15.545350650876255, "monitor": 9.276336207406207, "concept": 3.4181949580307265, "propos": 2.907369334264736, "brinch": 7.379008127628304, "hansen": 5.87493073085203, "hoar": 5.299566585948469, "paper": 1.9808454261105517, "describ": 3.0954215657676754, "primit": 9.628117540333536, "nearli": 5.299566585948469, "express": 3.1595004224521976, "condit": 3.39002408106403, "wait": 5.36410510708604, "implement": 5.141794195287046, "effici": 2.7108631424788245, "term": 3.2763647625915087, "oper": 2.270036932811187, "correct": 3.6295040516979333, "proof": 4.1803350100776235, "exampl": 3.371674942395834, "present": 1.8221800659287668, "reader": 5.507205950726713, "writer": 5.769570215194204, "problem": 3.9302648408919914, "inform": 2.5627669715602726, "stream": 5.992713766508414, "share": 3.4871878295176777, "finit": 4.2435139116991545, "buffer": 5.238941964132033, "pool": 6.280395838960195, "cacm": 0.00031215857909170155, "juli": 2.3683728335320486, "kessel": 7.379008127628304}