{"recurs": 7.826544449657156, "program": 4.31651062472362, "gener": 3.6559768150490273, "dimension": 8.487027823398309, "integr": 5.969117945911732, "outlin": 4.160132302760104, "variabl": 3.1093106779283426, "limit": 3.6295040516979333, "natur": 3.7027074557212285, "simpson": 5.299566585948469, "rule": 3.47703545805366, "combin": 3.5612958016714, "repeat": 5.992713766508414, "bisect": 6.97354301952014, "attain": 5.992713766508414, "requir": 2.388575540849568, "accuraci": 4.383275854074314, "develop": 2.4267084105450123, "ferranti": 7.379008127628304, "mercuri": 7.379008127628304, "autocod": 6.97354301952014, "scheme": 3.518278416587709, "cacm": 0.00031215857909170155, "januari": 2.6297375976664563, "cadwel": 8.07215530818825}