{"cost": 10.554835249763126, "orient": 3.977810745966149, "algorithm": 1.7841708677709074, "data": 13.000760760802077, "set": 10.218809646894169, "alloc": 18.147520258489667, "storag": 10.957746059691523, "hierarchi": 5.238941964132033, "today": 5.674260035389879, "multilevel": 6.280395838960195, "system": 4.67232785194716, "base": 2.701517280060587, "qualit": 6.68586094706836, "ad": 4.408593662058603, "hoc": 6.97354301952014, "decis": 3.8977680382926128, "desir": 4.140329675463924, "obtain": 3.116328250586989, "optim": 3.1743155082373384, "solut": 5.52777522157409, "problem": 5.895397261337987, "clear": 5.674260035389879, "number": 2.2028583950544753, "paramet": 3.7816958670398586, "involv": 3.4570347913469903, "make": 3.380807425959106, "intract": 6.97354301952014, "straight": 6.126245159132937, "forward": 5.507205950726713, "situat": 4.48863636973214, "find": 3.58351893845611, "assumpt": 4.739950798013046, "simplifi": 4.48863636973214, "greatli": 5.238941964132033, "provid": 3.015909502839942, "basi": 4.029104040353699, "consid": 6.30434876472025, "signific": 7.858041163593434, "element": 3.8825005661618244, "paper": 1.9808454261105517, "present": 3.6443601318575336, "quantit": 6.126245159132937, "step": 4.0117122976418305, "detail": 3.447182494903979, "util": 3.6901286735143684, "stage": 4.9811128548299335, "migrat": 8.07215530818825, "avenu": 6.68586094706836, "improv": 3.3536564368931554, "use": 5.433097978572992, "accur": 4.739950798013046, "aid": 4.029104040353699, "quantifi": 6.462717395754149, "configur": 4.739950798013046, "devic": 3.929020581796717, "design": 2.4924254822020275, "cacm": 0.00031215857909170155, "june": 2.3717117347975636, "lum": 6.126245159132937, "senko": 7.379008127628304, "wang": 6.97354301952014, "ling": 7.379008127628304}