{"comput": 1.3117406171048218, "plan": 4.638168103703103, "collat": 7.379008127628304, "cacm": 0.00031215857909170155, "french": 8.07215530818825}