{"augment": 5.507205950726713, "algorithm": 0.8920854338854537, "cacm": 0.00031215857909170155, "novemb": 2.4445341944976127, "breed": 8.07215530818825}