{"improv": 3.3536564368931554, "decim": 5.127716329021809, "redund": 4.9811128548299335, "check": 4.545794783572089, "cacm": 0.00031215857909170155, "sisson": 8.07215530818825}