{"reflect": 5.433097978572992, "oper": 4.540073865622374, "system": 4.67232785194716, "design": 4.984850964404055, "main": 4.029104040353699, "featur": 6.798652947452688, "gener": 1.8279884075245136, "purpos": 3.2599709528158325, "multiaccess": 6.126245159132937, "develop": 2.4267084105450123, "cdc": 5.181783550292085, "berkeley": 6.97354301952014, "present": 1.8221800659287668, "good": 4.6064194053885235, "bad": 6.68586094706836, "point": 3.015909502839942, "discuss": 4.394449154672439, "retrospect": 8.07215530818825, "distinct": 5.076423034634259, "capabl": 3.8094754311469345, "protect": 14.114578434605328, "organ": 3.5078071167204135, "sequenc": 3.6654360609239967, "layer": 13.37172189413672, "build": 5.076423034634259, "facil": 3.8977680382926128, "provid": 3.015909502839942, "earlier": 5.076423034634259, "malfunct": 6.68586094706836, "later": 5.58724865840025, "problem": 3.9302648408919914, "maintain": 4.638168103703103, "level": 3.2681342634549932, "ad": 4.408593662058603, "memori": 3.137681375057558, "hierarchi": 5.238941964132033, "solut": 2.763887610787045, "cacm": 0.00031215857909170155, "lampson": 6.462717395754149, "sturgi": 8.07215530818825}