{"regist": 20.110531481859308, "alloc": 14.518016206791733, "usag": 27.63851643233114, "count": 29.619966553554598, "paper": 3.9616908522211034, "introduc": 3.8380488035909903, "notion": 5.076423034634259, "show": 7.282677018689872, "develop": 2.4267084105450123, "algorithm": 0.8920854338854537, "elimin": 4.064822122955779, "redund": 4.9811128548299335, "comput": 1.3117406171048218, "describ": 3.0954215657676754, "provid": 3.015909502839942, "basi": 4.029104040353699, "compar": 3.227968221729659, "base": 2.701517280060587, "commonli": 5.127716329021809, "techniqu": 6.7208184927142, "present": 1.8221800659287668, "evid": 5.076423034634259, "significantli": 5.127716329021809, "cacm": 0.00031215857909170155, "novemb": 2.4445341944976127, "freiburghous": 8.07215530818825}