{"approxim": 3.380807425959106, "solut": 2.763887610787045, "initi": 8.487027823398309, "boundari": 18.683831706104378, "wave": 11.1744973168005, "equat": 6.218621355856685, "problem": 3.9302648408919914, "techniqu": 4.480545661809466, "propos": 2.907369334264736, "treatment": 5.674260035389879, "linear": 3.1818061799664963, "mildli": 8.07215530818825, "nonlinear": 4.704859478201776, "illustr": 3.47703545805366, "exampl": 3.371674942395834, "offer": 4.77631844218392, "demonstr": 4.0117122976418305, "eas": 4.9366610922591, "method": 1.8535551884965207, "appli": 3.2681342634549932, "cacm": 0.00031215857909170155, "novemb": 2.4445341944976127, "greenspan": 6.68586094706836}