{"algorithm": 0.8920854338854537, "gener": 1.8279884075245136, "root": 8.280659350927849, "locu": 14.758016255256608, "diagram": 26.8205255354302, "techniqu": 2.240272830904733, "digit": 3.2930318150767204, "comput": 1.3117406171048218, "draw": 5.433097978572992, "ordinari": 13.30370744538559, "time": 4.102263917677447, "lag": 12.925434791508298, "drawn": 10.255432658043619, "faster": 4.9811128548299335, "accur": 4.739950798013046, "imposs": 6.68586094706836, "obtain": 3.116328250586989, "speed": 3.823660066138891, "accuraci": 4.383275854074314, "cacm": 0.00031215857909170155, "march": 2.546702369056466, "krall": 8.07215530818825, "fornaro": 8.07215530818825}