{"algorithm": 4.460427169427269, "gener": 10.967930445147083, "permut": 25.727794045619934, "repeat": 11.985427533016829, "applic": 7.443504983032179, "element": 15.530002264647297, "previous": 4.739950798013046, "constant": 4.48863636973214, "temporari": 6.126245159132937, "index": 4.383275854074314, "need": 3.251873742583213, "start": 4.894101477840304, "order": 17.58295051011354, "abcd": 8.07215530818825, "addit": 3.318565117081885, "success": 4.083171261623976, "rotat": 16.09231532125812, "initi": 4.2435139116991545, "circular": 28.84785107597102, "object": 3.380807425959106, "obtain": 6.232656501173978, "lowest": 13.37172189413672, "continu": 3.852647603012143, "manner": 4.6064194053885235, "yield": 4.545794783572089, "cacm": 0.00031215857909170155, "langdon": 7.379008127628304, "jr": 3.243841570885949}