{"instrument": 6.462717395754149, "multic": 6.126245159132937, "array": 4.334485689904882, "measur": 11.514146410772971, "tool": 18.552672414812413, "devis": 5.433097978572992, "aid": 4.029104040353699, "implement": 2.570897097643523, "prototyp": 6.68586094706836, "comput": 1.3117406171048218, "util": 3.6901286735143684, "discuss": 2.1972245773362196, "includ": 2.7688504001291743, "special": 7.0791116300699874, "hardwar": 3.8825005661618244, "clock": 6.126245159132937, "data": 2.1667934601336793, "channel": 5.769570215194204, "gener": 1.8279884075245136, "purpos": 3.2599709528158325, "program": 1.438836874907873, "probe": 5.992713766508414, "record": 3.867462688797284, "facil": 3.8977680382926128, "interest": 3.9450209231431583, "system": 1.55744261731572, "combin": 3.5612958016714, "demand": 4.853279483320049, "page": 3.9612814440149386, "multiprogram": 4.160132302760104, "detail": 3.447182494903979, "insight": 5.87493073085203, "effect": 3.0954215657676754, "lack": 5.58724865840025, "individu": 4.6064194053885235, "provid": 3.015909502839942, "cacm": 0.00031215857909170155, "august": 2.3750618216828454, "gintel": 8.07215530818825, "saltzer": 6.68586094706836}