{"guidelin": 5.674260035389879, "human": 4.5168072466988365, "computer": 5.674260035389879, "inform": 2.5627669715602726, "system": 1.55744261731572, "report": 3.4669851222001586, "stanley": 8.07215530818825, "hous": 7.379008127628304, "cacm": 0.00031215857909170155, "novemb": 2.4445341944976127, "sterl": 6.280395838960195}