{"nth": 6.68586094706836, "root": 4.140329675463924, "complex": 3.137681375057558, "number": 2.2028583950544753, "algorithm": 0.8920854338854537, "cacm": 0.00031215857909170155, "juli": 2.3683728335320486, "nestor": 8.07215530818825, "jr": 3.243841570885949}