{"iter": 8.093607234906202, "factor": 19.263238015060715, "techniqu": 6.7208184927142, "polynomi": 6.817432428152365, "display": 3.9450209231431583, "arbitrari": 4.160132302760104, "degre": 8.444015412956382, "found": 3.852647603012143, "variabl": 3.1093106779283426, "converg": 4.638168103703103, "shown": 2.7940406489577327, "occur": 4.310955192494688, "jacobian": 6.97354301952014, "vanish": 7.379008127628304, "initi": 4.2435139116991545, "approxim": 3.380807425959106, "actual": 4.287965674269989, "process": 2.1750014405515095, "simpli": 5.36410510708604, "program": 1.438836874907873, "preliminari": 5.076423034634259, "result": 2.3750618216828454, "adapt": 4.434569148461864, "digit": 3.2930318150767204, "comput": 1.3117406171048218, "similar": 3.7954891891721947, "bairstow": 6.126245159132937, "present": 1.8221800659287668, "method": 1.8535551884965207, "simpler": 5.674260035389879, "cacm": 0.00031215857909170155, "march": 2.546702369056466, "luther": 6.68586094706836}