{"scan": 39.152811822722434, "convers": 11.602388066391851, "algorithm": 2.676256301656361, "reduc": 7.282677018689872, "storag": 5.4788730298457615, "requir": 9.554302163398273, "graphic": 4.2435139116991545, "system": 1.55744261731572, "raster": 12.56079167792039, "output": 3.497444329684867, "devic": 3.929020581796717, "crt": 6.280395838960195, "hardcopi": 8.07215530818825, "maintain": 4.638168103703103, "display": 11.835062769429475, "xy": 26.74344378827344, "random": 3.6062471895336663, "format": 12.54100503023287, "convert": 4.383275854074314, "hardwar": 3.8825005661618244, "softwar": 3.929020581796717, "provid": 3.015909502839942, "translat": 3.6901286735143684, "pictur": 4.6064194053885235, "descript": 3.437426319958614, "publish": 4.6064194053885235, "fast": 3.9450209231431583, "reserv": 5.87493073085203, "buffer": 26.194709820660165, "area": 11.602388066391851, "larg": 2.8791984572980396, "accommod": 6.68586094706836, "entir": 4.638168103703103, "screen": 6.280395838960195, "hand": 4.894101477840304, "small": 7.189636987420086, "slow": 11.1744973168005, "multipl": 3.58351893845611, "pass": 9.15129549344354, "link": 4.358583241483942, "list": 6.378706771203758, "data": 2.1667934601336793, "structur": 2.473733349189875, "process": 4.350002881103019, "line": 10.586581577754737, "draw": 10.866195957145983, "strip": 6.97354301952014, "group": 8.360670020155247, "primari": 5.027632870464827, "memori": 3.137681375057558, "accumul": 5.127716329021809, "binari": 7.618950862293869, "imag": 10.055265740929654, "portion": 9.788202955680608, "plot": 4.9811128548299335, "reus": 7.379008127628304, "procedur": 2.63843330463401, "singl": 3.7546671946519394, "gener": 1.8279884075245136, "slight": 7.379008127628304, "increas": 7.259008103395867, "execut": 6.471746802473543, "time": 4.102263917677447, "fulli": 5.299566585948469, "core": 4.310955192494688, "result": 4.750123643365691, "percent": 9.628117540333536, "caus": 5.58724865840025, "cacm": 0.00031215857909170155, "novemb": 2.4445341944976127, "jordan": 6.462717395754149, "jr": 3.243841570885949, "barrett": 6.462717395754149}