{"polit": 25.12158335584078, "redistrict": 40.36077654094125, "comput": 3.9352218513144654, "problem": 1.9651324204459957, "consid": 6.30434876472025, "method": 1.8535551884965207, "present": 1.8221800659287668, "criteria": 9.15129549344354, "accept": 4.57564774672177, "discuss": 2.1972245773362196, "includ": 2.7688504001291743, "popul": 12.56079167792039, "equal": 4.6709579265260945, "compact": 4.9366610922591, "contigu": 6.126245159132937, "preserv": 5.433097978572992, "natur": 3.7027074557212285, "boundari": 4.6709579265260945, "nonpartisan": 8.07215530818825, "bureau": 6.97354301952014, "censu": 6.97354301952014, "data": 2.1667934601336793, "specif": 3.227968221729659, "result": 4.750123643365691, "ten": 5.238941964132033, "congression": 8.07215530818825, "district": 8.07215530818825, "state": 3.852647603012143, "missouri": 7.379008127628304, "st": 8.07215530818825, "loui": 7.379008127628304, "counti": 6.68586094706836, "council": 7.379008127628304, "seat": 8.07215530818825, "algorithm": 0.8920854338854537, "feasibl": 4.894101477840304, "aid": 4.029104040353699, "cacm": 0.00031215857909170155, "august": 2.3750618216828454, "helbig": 8.07215530818825, "orr": 8.07215530818825, "roedig": 8.07215530818825}