{"patent": 6.462717395754149, "protect": 4.704859478201776, "comput": 1.3117406171048218, "program": 1.438836874907873, "cacm": 0.00031215857909170155, "octob": 2.4849066497880004, "jacob": 8.07215530818825}