{"gaussian": 5.299566585948469, "quadratur": 4.638168103703103, "formula": 4.0117122976418305, "algorithm": 0.8920854338854537, "d1": 4.545794783572089, "cacm": 0.00031215857909170155, "hill": 4.814058770166768}