{"comment": 4.064822122955779, "comput": 1.3117406171048218, "music": 6.280395838960195, "cacm": 0.00031215857909170155, "wexelblat": 8.07215530818825}