{"specif": 3.227968221729659, "jovial": 6.97354301952014, "cacm": 0.00031215857909170155, "decemb": 2.4626835130032902, "shaw": 5.87493073085203}