{"abstract": 17.738276593847456, "verif": 10.866195957145983, "alphard": 24.21646592456475, "defin": 3.1595004224521976, "iter": 12.140410852359302, "gener": 5.483965222573541, "form": 6.190843131535351, "programm": 3.977810745966149, "great": 5.433097978572992, "deal": 4.461237395544026, "control": 5.90832299154299, "implement": 2.570897097643523, "data": 6.5003803804010385, "type": 3.144901623031045, "paper": 1.9808454261105517, "techniqu": 4.480545661809466, "extend": 3.8977680382926128, "simpl": 3.009560275161283, "represent": 7.100733462278419, "function": 2.2610143152115496, "definit": 3.6777061535158113, "statement": 3.7154464814986583, "import": 3.497444329684867, "poin": 5.87493073085203, "interact": 3.6654360609239967, "structur": 2.473733349189875, "languag": 4.350002881103019, "mean": 6.440250088537265, "special": 7.0791116300699874, "loop": 9.479901596026092, "oper": 2.270036932811187, "entiti": 11.985427533016829, "explicit": 4.853279483320049, "depend": 3.929020581796717, "troduc": 5.992713766508414, "specif": 3.227968221729659, "allow": 3.867462688797284, "properti": 3.5395558150349937, "express": 3.1595004224521976, "proof": 4.1803350100776235, "rule": 3.47703545805366, "develop": 2.4267084105450123, "result": 2.3750618216828454, "obtain": 3.116328250586989, "common": 3.9450209231431583, "case": 3.2123429038265776, "essenti": 4.434569148461864, "ident": 5.36410510708604, "construct": 3.189353385601879, "show": 3.641338509344936, "termin": 4.101863394636128, "provid": 3.015909502839942, "cacm": 0.00031215857909170155, "august": 2.3750618216828454, "shaw": 5.87493073085203, "wulf": 6.68586094706836}