{"difsub": 7.379008127628304, "solut": 2.763887610787045, "ordinari": 4.434569148461864, "differenti": 3.929020581796717, "equat": 3.1093106779283426, "d2": 6.462717395754149, "algorithm": 0.8920854338854537, "cacm": 0.00031215857909170155, "march": 2.546702369056466, "gear": 6.462717395754149}