{"charact": 3.6654360609239967, "manipul": 3.437426319958614, "fortran": 3.2681342634549932, "cacm": 0.00031215857909170155, "august": 2.3750618216828454, "pyle": 6.97354301952014}