{"direct": 3.58351893845611, "search": 3.47703545805366, "algorithm": 0.8920854338854537, "e4": 5.433097978572992, "cacm": 0.00031215857909170155, "septemb": 2.546702369056466, "bell": 5.433097978572992, "pike": 5.433097978572992}