{"site": 6.68586094706836, "data": 2.1667934601336793, "manag": 4.046803617453101, "system": 1.55744261731572, "applic": 2.481168327677393, "field": 3.9946178642825303, "archaeolog": 7.379008127628304, "cacm": 0.00031215857909170155, "novemb": 2.4445341944976127, "brown": 5.027632870464827, "werner": 8.07215530818825}