{"real": 3.5078071167204135, "error": 3.0482747873419735, "function": 2.2610143152115496, "erf": 6.462717395754149, "algorithm": 0.8920854338854537, "cacm": 0.00031215857909170155, "septemb": 2.546702369056466, "crawford": 7.379008127628304, "techo": 8.07215530818825}