{"western": 12.925434791508298, "view": 4.334485689904882, "comput": 3.9352218513144654, "histori": 10.152846069268518, "digit": 3.2930318150767204, "field": 3.9946178642825303, "tend": 5.299566585948469, "imperson": 8.07215530818825, "heavi": 6.462717395754149, "emphasi": 4.5168072466988365, "eastern": 7.379008127628304, "univers": 3.9946178642825303, "commerci": 6.126245159132937, "develop": 2.4267084105450123, "articl": 5.076423034634259, "record": 3.867462688797284, "event": 4.408593662058603, "earli": 5.027632870464827, "year": 4.160132302760104, "person": 5.507205950726713, "peopl": 5.507205950726713, "organ": 3.5078071167204135, "technolog": 4.5168072466988365, "period": 4.77631844218392, "part": 3.371674942395834, "unit": 4.2435139116991545, "statesar": 8.07215530818825, "happen": 6.280395838960195, "cacm": 0.00031215857909170155, "juli": 2.3683728335320486, "spragu": 7.379008127628304}