{"protect": 14.114578434605328, "oper": 2.270036932811187, "system": 6.22977046926288, "model": 5.993962985908846, "mechan": 3.7680902149840803, "comput": 1.3117406171048218, "present": 1.8221800659287668, "appropri": 6.280395838960195, "argu": 5.433097978572992, "safeti": 7.379008127628304, "problem": 3.9302648408919914, "determin": 6.019120550322566, "situat": 8.97727273946428, "subject": 4.160132302760104, "acquir": 6.280395838960195, "object": 3.380807425959106, "restrict": 4.160132302760104, "case": 3.2123429038265776, "shown": 2.7940406489577327, "decid": 11.1744973168005, "algorithm": 0.8920854338854537, "configur": 4.739950798013046, "safe": 12.252490318265874, "gener": 1.8279884075245136, "surprisingli": 6.280395838960195, "weak": 5.674260035389879, "assumpt": 4.739950798013046, "implic": 4.739950798013046, "fact": 4.6709579265260945, "discuss": 2.1972245773362196, "cacm": 0.00031215857909170155, "august": 2.3750618216828454, "harrison": 5.992713766508414, "ruzzo": 8.07215530818825, "ullman": 6.68586094706836}