{"coeffici": 4.1209115896068225, "determin": 3.009560275161283, "algorithm": 0.8920854338854537, "cacm": 0.00031215857909170155, "novemb": 2.4445341944976127, "smith": 4.310955192494688, "allen": 6.97354301952014}