{"time": 4.102263917677447, "requir": 4.777151081699136, "sequenc": 10.99630818277199, "matrix": 6.275362750115116, "product": 7.989235728565061, "paper": 1.9808454261105517, "discuss": 4.394449154672439, "multipl": 3.58351893845611, "conform": 6.462717395754149, "row": 5.299566585948469, "vector": 9.091589567144178, "column": 5.433097978572992, "squar": 3.6295040516979333, "matric": 3.929020581796717, "minimum": 4.1209115896068225, "evalu": 3.137681375057558, "ordinari": 4.434569148461864, "serial": 5.076423034634259, "comput": 2.6234812342096436, "parallel": 3.8825005661618244, "algorithm": 0.8920854338854537, "present": 1.8221800659287668, "properli": 5.992713766508414, "pars": 4.383275854074314, "subject": 4.160132302760104, "constraint": 4.358583241483942, "machin": 2.918863713690471, "organ": 3.5078071167204135, "cacm": 0.00031215857909170155, "januari": 2.6297375976664563, "muraoka": 8.07215530818825, "kuck": 7.379008127628304}