{"combinatori": 5.027632870464827, "algorithm": 1.7841708677709074, "g6": 4.894101477840304, "a466": 8.07215530818825, "cacm": 0.00031215857909170155, "novemb": 2.4445341944976127, "ehrlich": 6.280395838960195}