{"music": 18.841187516880584, "comput": 3.9352218513144654, "composit": 19.413117933280198, "problem": 3.9302648408919914, "discuss": 8.788898309344878, "simul": 6.761614851918212, "human": 9.033614493397673, "western": 6.462717395754149, "popular": 12.252490318265874, "relev": 10.055265740929654, "theori": 4.140329675463924, "harmoni": 8.07215530818825, "kind": 4.408593662058603, "program": 2.877673749815746, "scheme": 3.518278416587709, "known": 3.7027074557212285, "work": 3.344767489475909, "previou": 4.434569148461864, "includ": 2.7688504001291743, "illiac": 6.97354301952014, "suit": 5.076423034634259, "gener": 1.8279884075245136, "short": 5.299566585948469, "melodi": 16.1443106163765, "fragment": 11.539140430388407, "written": 3.728349886334566, "aspect": 4.083171261623976, "sampl": 4.310955192494688, "output": 3.497444329684867, "present": 1.8221800659287668, "discov": 6.462717395754149, "show": 3.641338509344936, "characterist": 3.6295040516979333, "strang": 8.07215530818825, "alien": 8.07215530818825, "sound": 5.87493073085203, "theoriz": 8.07215530818825, "probabl": 4.222007706478191, "discrimin": 6.280395838960195, "unfamiliar": 6.97354301952014, "sequenc": 3.6654360609239967, "cacm": 0.00031215857909170155, "februari": 2.6211168546225494, "moorer": 7.379008127628304}