{"tall": 7.379008127628304, "list": 3.189353385601879, "processor": 3.7154464814986583, "philco": 6.68586094706836, "comput": 1.3117406171048218, "cacm": 0.00031215857909170155, "septemb": 2.546702369056466, "feldman": 5.992713766508414}