{"preplan": 8.07215530818825, "approach": 3.1743155082373384, "storag": 2.7394365149228808, "alloc": 3.6295040516979333, "compil": 3.074943034424135, "cacm": 0.00031215857909170155, "octob": 2.4849066497880004, "neil": 7.379008127628304}