{"extens": 3.3359568597937543, "fibonaccian": 22.137024382884913, "search": 10.431106374160981, "variabl": 6.218621355856685, "techniqu": 4.480545661809466, "concept": 3.4181949580307265, "develop": 2.4267084105450123, "solv": 3.5078071167204135, "optim": 6.348631016474677, "problem": 1.9651324204459957, "involv": 3.4570347913469903, "unimod": 7.379008127628304, "function": 2.2610143152115496, "proven": 6.126245159132937, "sens": 4.739950798013046, "dimension": 4.2435139116991545, "valuabl": 5.58724865840025, "kind": 4.408593662058603, "calcul": 3.5395558150349937, "cacm": 0.00031215857909170155, "octob": 2.4849066497880004, "krolak": 6.97354301952014, "cooper": 5.87493073085203}