{"multi": 5.027632870464827, "dimension": 4.2435139116991545, "partit": 4.358583241483942, "gener": 1.8279884075245136, "algorithm": 0.8920854338854537, "a1": 4.894101477840304, "cacm": 0.00031215857909170155, "octob": 2.4849066497880004, "bratley": 6.462717395754149, "mckay": 5.507205950726713}