{"comment": 4.064822122955779, "deadlock": 5.674260035389879, "prevent": 5.674260035389879, "method": 1.8535551884965207, "cacm": 0.00031215857909170155, "septemb": 2.546702369056466, "parna": 5.87493073085203, "habermann": 6.462717395754149}