{"multiprogram": 4.160132302760104, "schedul": 19.889053729830746, "part": 3.371674942395834, "introduct": 4.894101477840304, "theori": 4.140329675463924, "order": 2.93049175168559, "exploit": 5.674260035389879, "fulli": 5.299566585948469, "fast": 3.9450209231431583, "comput": 1.3117406171048218, "possess": 5.36410510708604, "simultan": 4.1803350100776235, "process": 2.1750014405515095, "abil": 4.739950798013046, "larg": 2.8791984572980396, "extent": 5.299566585948469, "workload": 11.985427533016829, "routin": 3.867462688797284, "capabl": 3.8094754311469345, "extrem": 5.507205950726713, "rapid": 4.9366610922591, "execut": 6.471746802473543, "prove": 3.8380488035909903, "defeat": 7.379008127628304, "construct": 3.189353385601879, "entail": 6.97354301952014, "determin": 3.009560275161283, "program": 1.438836874907873, "run": 3.6777061535158113, "concurr": 4.9811128548299335, "sequenti": 4.5168072466988365, "respect": 4.26549281841793, "concis": 5.87493073085203, "algorithm": 1.7841708677709074, "tend": 5.299566585948469, "minim": 3.39002408106403, "time": 2.0511319588387233, "entir": 4.638168103703103, "pend": 7.379008127628304, "subset": 4.545794783572089, "subject": 4.160132302760104, "extern": 4.9811128548299335, "constraint": 4.358583241483942, "preced": 4.814058770166768, "urgenc": 7.379008127628304, "applic": 2.481168327677393, "wide": 4.408593662058603, "class": 3.427764409046877, "machin": 2.918863713690471, "cacm": 0.00031215857909170155, "june": 2.3717117347975636, "codd": 6.462717395754149}