{"resourc": 12.863897022809967, "manag": 4.046803617453101, "medium": 10.72821021417208, "scale": 4.287965674269989, "time": 4.102263917677447, "share": 6.974375659035355, "oper": 2.270036932811187, "system": 4.67232785194716, "task": 8.444015412956382, "schedul": 7.955621491932298, "balanc": 10.152846069268518, "size": 3.427764409046877, "virtual": 4.6064194053885235, "memori": 3.137681375057558, "page": 7.922562888029877, "machin": 2.918863713690471, "discuss": 4.394449154672439, "relat": 3.144901623031045, "combin": 3.5612958016714, "batch": 4.853279483320049, "process": 2.1750014405515095, "environ": 3.7680902149840803, "synopsi": 7.379008127628304, "algorithm": 1.7841708677709074, "implement": 2.570897097643523, "result": 4.750123643365691, "compar": 3.227968221729659, "simul": 6.761614851918212, "trace": 5.027632870464827, "develop": 2.4267084105450123, "predecessor": 7.379008127628304, "version": 4.461237395544026, "emphasi": 4.5168072466988365, "perform": 2.8094651192833644, "rel": 8.401908594560718, "characterist": 7.259008103395867, "altern": 3.9612814440149386, "hardwar": 3.8825005661618244, "effect": 3.0954215657676754, "program": 1.438836874907873, "mix": 4.9811128548299335, "load": 4.814058770166768, "variat": 4.704859478201776, "present": 1.8221800659287668, "cacm": 0.00031215857909170155, "oppenheim": 7.379008127628304, "weizer": 8.07215530818825}