{"weight": 4.77631844218392, "increment": 11.1744973168005, "linear": 6.363612359932993, "search": 10.431106374160981, "scatter": 5.87493073085203, "tabl": 13.828139165387961, "hash": 4.814058770166768, "step": 4.0117122976418305, "function": 2.2610143152115496, "key": 4.064822122955779, "address": 3.913272224828578, "present": 1.8221800659287668, "comparison": 3.6901286735143684, "known": 3.7027074557212285, "method": 3.7071103769930414, "term": 3.2763647625915087, "effici": 2.7108631424788245, "comput": 1.3117406171048218, "complex": 3.137681375057558, "appli": 3.2681342634549932, "size": 3.427764409046877, "full": 4.545794783572089, "practic": 3.617808011934742, "elimin": 4.064822122955779, "primari": 5.027632870464827, "cluster": 5.58724865840025, "low": 4.383275854074314, "cost": 3.518278416587709, "cacm": 0.00031215857909170155, "decemb": 2.4626835130032902, "luccio": 6.68586094706836}