{"squank": 8.07215530818825, "algorithm": 0.8920854338854537, "c379": 8.07215530818825, "cacm": 0.00031215857909170155, "decemb": 2.4626835130032902, "hallet": 8.07215530818825, "mund": 8.07215530818825}