{"effici": 5.421726284957649, "context": 11.739816674485734, "free": 11.739816674485734, "pars": 13.149827562222942, "algorithm": 5.352512603312722, "gener": 3.6559768150490273, "known": 3.7027074557212285, "similar": 3.7954891891721947, "knuth": 5.027632870464827, "lr": 5.992713766508414, "familiar": 5.58724865840025, "top": 10.36356710058417, "time": 4.102263917677447, "bound": 7.676097607181981, "proport": 5.076423034634259, "length": 3.7954891891721947, "string": 3.7027074557212285, "unambigu": 6.280395838960195, "grammar": 12.362734768820467, "run": 3.6777061535158113, "linear": 3.1818061799664963, "larg": 2.8791984572980396, "class": 3.427764409046877, "includ": 2.7688504001291743, "practic": 3.617808011934742, "program": 1.438836874907873, "languag": 2.1750014405515095, "empir": 4.358583241483942, "comparison": 3.6901286735143684, "appear": 4.48863636973214, "superior": 4.77631844218392, "bottom": 5.992713766508414, "studi": 3.227968221729659, "griffith": 7.379008127628304, "petrick": 6.97354301952014, "cacm": 0.00031215857909170155, "februari": 2.6211168546225494, "earley": 6.462717395754149}