{"combin": 3.5612958016714, "algol": 3.243841570885949, "statement": 3.7154464814986583, "analysi": 2.7738379416402132, "valid": 4.894101477840304, "check": 4.545794783572089, "cacm": 0.00031215857909170155, "juli": 2.3683728335320486, "mcisaac": 8.07215530818825}