{"reduc": 3.641338509344936, "retriev": 7.189636987420086, "time": 4.102263917677447, "scatter": 5.87493073085203, "storag": 2.7394365149228808, "techniqu": 2.240272830904733, "method": 5.560665565489562, "enter": 5.299566585948469, "inform": 2.5627669715602726, "hash": 4.814058770166768, "tabl": 6.914069582693981, "intend": 4.894101477840304, "effici": 2.7108631424788245, "entri": 8.668971379809763, "look": 11.985427533016829, "expect": 4.334485689904882, "number": 2.2028583950544753, "probe": 5.992713766508414, "predict": 4.894101477840304, "theoret": 4.26549281841793, "verifi": 5.507205950726713, "mont": 5.769570215194204, "carlo": 5.769570215194204, "experi": 3.4669851222001586, "consider": 3.8977680382926128, "compar": 3.227968221729659, "nearli": 5.299566585948469, "full": 4.545794783572089, "fortran": 3.2681342634549932, "implement": 2.570897097643523, "cacm": 0.00031215857909170155, "februari": 2.6211168546225494, "brent": 6.97354301952014}