{"note": 3.497444329684867, "dangl": 7.379008127628304, "algol": 6.487683141771898, "revis": 5.238941964132033, "propos": 2.907369334264736, "elimin": 4.064822122955779, "ambigu": 10.255432658043619, "statement": 3.7154464814986583, "add": 5.87493073085203, "conveni": 4.814058770166768, "languag": 2.1750014405515095, "discuss": 2.1972245773362196, "background": 5.299566585948469, "problem": 1.9651324204459957, "sketch": 6.68586094706836, "proof": 4.1803350100776235, "remov": 4.9811128548299335, "includ": 2.7688504001291743, "cacm": 0.00031215857909170155, "august": 2.3750618216828454, "kaup": 6.68586094706836, "jr": 3.243841570885949}