{"tape": 4.046803617453101, "split": 5.87493073085203, "cacm": 0.00031215857909170155, "novemb": 2.4445341944976127, "moor": 5.507205950726713}