{"cobol": 4.545794783572089, "cacm": 0.00031215857909170155, "cunningham": 7.379008127628304}