{"anomali": 31.401979194800976, "variabl": 3.1093106779283426, "partit": 4.358583241483942, "page": 19.806407220074693, "algorithm": 3.5683417355418148, "type": 6.28980324606209, "anomal": 6.97354301952014, "behavior": 4.334485689904882, "occur": 4.310955192494688, "virtual": 4.6064194053885235, "memori": 6.275362750115116, "oper": 2.270036932811187, "system": 1.55744261731572, "redefin": 7.379008127628304, "concern": 3.9612814440149386, "fact": 4.6709579265260945, "refer": 7.647320132277782, "string": 7.405414911442457, "increas": 7.259008103395867, "mean": 3.2201250442686327, "alloc": 3.6295040516979333, "result": 2.3750618216828454, "fault": 6.126245159132937, "rate": 4.408593662058603, "examin": 3.641338509344936, "term": 3.2763647625915087, "potenti": 4.6709579265260945, "exampl": 3.371674942395834, "present": 3.6443601318575336, "properti": 14.158223260139975, "inclus": 11.1744973168005, "gener": 1.8279884075245136, "discuss": 2.1972245773362196, "implic": 4.739950798013046, "cacm": 0.00031215857909170155, "march": 2.546702369056466, "franklin": 7.379008127628304, "graham": 5.299566585948469, "gupta": 7.379008127628304}