{"level": 6.5362685269099865, "comput": 2.6234812342096436, "system": 7.787213086578601, "build": 5.076423034634259, "tend": 5.299566585948469, "break": 13.94708603904028, "control": 2.954161495771495, "command": 4.57564774672177, "commun": 3.7154464814986583, "problem": 3.9302648408919914, "correspondingli": 7.379008127628304, "continu": 3.852647603012143, "structur": 2.473733349189875, "rais": 5.769570215194204, "question": 8.280659350927849, "effect": 3.0954215657676754, "use": 5.433097978572992, "futur": 4.222007706478191, "regard": 4.77631844218392, "trend": 5.87493073085203, "time": 2.0511319588387233, "share": 3.4871878295176777, "parallel": 3.8825005661618244, "program": 1.438836874907873, "eventu": 6.68586094706836, "learn": 4.894101477840304, "essay": 8.07215530818825, "pose": 5.87493073085203, "gener": 1.8279884075245136, "attitud": 5.87493073085203, "take": 4.160132302760104, "pursu": 6.68586094706836, "discuss": 2.1972245773362196, "cacm": 0.00031215857909170155, "decemb": 2.4626835130032902, "bryant": 7.379008127628304}