{"applic": 2.481168327677393, "sequenti": 13.55042174009651, "sampl": 21.55477596247344, "simul": 6.761614851918212, "inventori": 13.94708603904028, "model": 5.993962985908846, "procedur": 10.55373321853604, "appli": 3.2681342634549932, "analysi": 2.7738379416402132, "data": 2.1667934601336793, "gener": 1.8279884075245136, "comput": 5.246962468419287, "experi": 3.4669851222001586, "multi": 5.027632870464827, "item": 4.287965674269989, "cost": 10.554835249763126, "time": 4.102263917677447, "requir": 2.388575540849568, "achiev": 3.7954891891721947, "level": 3.2681342634549932, "statist": 3.867462688797284, "precis": 4.064822122955779, "calcul": 7.0791116300699874, "compar": 6.455936443459318, "fix": 8.129644245911559, "size": 6.855528818093754, "method": 1.8535551884965207, "versu": 5.992713766508414, "cacm": 0.00031215857909170155, "sasser": 8.07215530818825, "burdick": 7.379008127628304, "graham": 5.299566585948469, "naylor": 6.68586094706836}