{"nonexist": 7.379008127628304, "phrase": 10.477883928264067, "structur": 4.94746669837975, "grammar": 8.241823179213645, "algol": 9.731524712657848, "defin": 6.319000844904395, "partli": 13.37172189413672, "formal": 7.456699772669132, "mechan": 7.5361804299681605, "inform": 2.5627669715602726, "state": 3.852647603012143, "restrict": 4.160132302760104, "shown": 2.7940406489577327, "type": 3.144901623031045, "suffici": 4.26549281841793, "cacm": 0.00031215857909170155, "septemb": 2.546702369056466, "floyd": 5.127716329021809}