{"solut": 2.763887610787045, "eigenvalu": 4.814058770166768, "problem": 1.9651324204459957, "approxim": 3.380807425959106, "known": 3.7027074557212285, "eigenvector": 5.507205950726713, "cacm": 0.00031215857909170155, "juli": 2.3683728335320486, "appel": 8.07215530818825}