{"experi": 3.4669851222001586, "algebra": 8.023424595283661, "manipul": 6.874852639917228, "comput": 2.6234812342096436, "set": 2.554702411723542, "subroutin": 4.1209115896068225, "allow": 3.867462688797284, "ibm": 3.518278416587709, "written": 3.728349886334566, "list": 3.189353385601879, "processor": 3.7154464814986583, "slip": 6.462717395754149, "seri": 3.8825005661618244, "problem": 1.9651324204459957, "increas": 3.6295040516979333, "difficulti": 4.57564774672177, "solv": 3.5078071167204135, "routin": 3.867462688797284, "cacm": 0.00031215857909170155, "august": 2.3750618216828454, "lapidu": 7.379008127628304, "goldstein": 6.462717395754149}