{"gomori": 6.68586094706836, "algorithm": 0.8920854338854537, "cacm": 0.00031215857909170155, "august": 2.3750618216828454, "lefkowitz": 8.07215530818825, "esopo": 8.07215530818825}