{"comput": 7.870443702628931, "linguist": 21.45642042834416, "ph": 11.1744973168005, "scienc": 7.955621491932298, "program": 2.877673749815746, "report": 3.4669851222001586, "recommend": 4.853279483320049, "cours": 8.97727273946428, "curriculum": 5.127716329021809, "classif": 5.181783550292085, "subject": 4.160132302760104, "area": 7.734925377594568, "contain": 5.181783550292085, "present": 1.8221800659287668, "ten": 5.238941964132033, "basic": 3.4181949580307265, "bibliographi": 6.280395838960195, "append": 6.97354301952014, "cacm": 0.00031215857909170155, "decemb": 2.4626835130032902, "kuno": 6.280395838960195, "oetting": 6.68586094706836}