{"storag": 2.7394365149228808, "retriev": 3.594818493710043, "aspect": 4.083171261623976, "mean": 3.2201250442686327, "direct": 3.58351893845611, "graph": 4.029104040353699, "structur": 7.421200047569625, "experiment": 3.867462688797284, "system": 1.55744261731572, "lisp": 9.15129549344354, "make": 3.380807425959106, "conceptu": 5.181783550292085, "dictionari": 11.348520070779758, "associ": 9.409718956403552, "english": 9.212838810777047, "word": 7.509334389303879, "syntact": 4.26549281841793, "inform": 5.125533943120545, "definit": 7.355412307031623, "materi": 9.479901596026092, "refer": 3.823660066138891, "context": 3.913272224828578, "defin": 3.1595004224521976, "relat": 3.144901623031045, "class": 3.427764409046877, "inclus": 5.58724865840025, "possess": 5.36410510708604, "activ": 3.977810745966149, "passiv": 6.97354301952014, "action": 4.57564774672177, "result": 2.3750618216828454, "serv": 4.57564774672177, "power": 3.7680902149840803, "vehicl": 11.985427533016829, "research": 3.977810745966149, "logic": 3.6062471895336663, "question": 8.280659350927849, "answer": 9.8733221845182, "exampl": 3.371674942395834, "method": 1.8535551884965207, "input": 3.116328250586989, "simpl": 3.009560275161283, "import": 3.497444329684867, "conclus": 4.814058770166768, "list": 3.189353385601879, "process": 4.350002881103019, "languag": 4.350002881103019, "ideal": 5.769570215194204, "suit": 5.076423034634259, "produc": 3.427764409046877, "complex": 3.137681375057558, "inadequ": 6.462717395754149, "larg": 2.8791984572980396, "scale": 4.287965674269989, "east": 8.07215530818825, "auxiliari": 5.299566585948469, "memori": 6.275362750115116, "continu": 3.852647603012143, "extens": 3.3359568597937543, "core": 4.310955192494688, "cacm": 0.00031215857909170155, "march": 2.546702369056466, "simmon": 6.126245159132937}