{"creation": 5.992713766508414, "control": 8.862484487314486, "intern": 4.26549281841793, "data": 4.333586920267359, "base": 2.701517280060587, "fortran": 3.2681342634549932, "program": 2.877673749815746, "environ": 3.7680902149840803, "method": 3.7071103769930414, "definit": 11.033118460547435, "user": 6.109750942746651, "common": 15.780083692572633, "structur": 2.473733349189875, "automat": 3.371674942395834, "gener": 3.6559768150490273, "dimens": 5.181783550292085, "equival": 4.434569148461864, "type": 3.144901623031045, "declar": 4.814058770166768, "routin": 7.734925377594568, "contain": 5.181783550292085, "easi": 4.358583241483942, "modifi": 3.8977680382926128, "form": 3.0954215657676754, "allow": 3.867462688797284, "commun": 3.7154464814986583, "system": 1.55744261731572, "implement": 2.570897097643523, "ibm": 7.036556833175418, "cdc": 5.181783550292085, "seri": 3.8825005661618244, "prove": 3.8380488035909903, "invalu": 8.07215530818825, "larg": 2.8791984572980396, "scale": 4.287965674269989, "cacm": 0.00031215857909170155, "april": 2.4231810700270437, "desalvio": 8.07215530818825, "purdi": 7.379008127628304, "rau": 8.07215530818825}