{"modifi": 3.8977680382926128, "havi": 6.462717395754149, "integr": 2.984558972955866, "algorithm": 0.8920854338854537, "r400": 8.07215530818825, "cacm": 0.00031215857909170155, "june": 2.3717117347975636, "piessen": 6.462717395754149}