{"numer": 12.81848343093067, "solut": 5.52777522157409, "boundari": 14.012873779578284, "problem": 9.825662102229979, "linear": 6.363612359932993, "ordinari": 8.869138296923728, "differenti": 7.858041163593434, "equat": 6.218621355856685, "method": 5.560665565489562, "present": 1.8221800659287668, "involv": 3.4570347913469903, "nonit": 8.07215530818825, "make": 3.380807425959106, "step": 4.0117122976418305, "integr": 2.984558972955866, "scheme": 3.518278416587709, "reduc": 3.641338509344936, "valu": 7.405414911442457, "initi": 4.2435139116991545, "comment": 4.064822122955779, "made": 3.2046208577326674, "concern": 3.9612814440149386, "result": 2.3750618216828454, "appli": 3.2681342634549932, "specif": 3.227968221729659, "addit": 3.318565117081885, "extens": 3.3359568597937543, "algorithm": 0.8920854338854537, "gener": 1.8279884075245136, "discuss": 2.1972245773362196, "cacm": 0.00031215857909170155, "januari": 2.6297375976664563, "day": 5.507205950726713, "collin": 5.87493073085203, "ii": 4.140329675463924}