{"transit": 4.9366610922591, "set": 2.554702411723542, "g7": 7.379008127628304, "algorithm": 0.8920854338854537, "a482": 8.07215530818825, "cacm": 0.00031215857909170155, "august": 2.3750618216828454, "mckay": 5.507205950726713, "regen": 7.379008127628304}