{"radic": 6.280395838960195, "invers": 3.867462688797284, "quasi": 6.68586094706836, "random": 3.6062471895336663, "point": 3.015909502839942, "sequenc": 3.6654360609239967, "algorithm": 0.8920854338854537, "g5": 5.238941964132033, "cacm": 0.00031215857909170155, "decemb": 2.4626835130032902, "halton": 8.07215530818825, "smith": 4.310955192494688}