{"remark": 4.57564774672177, "line": 10.586581577754737, "segment": 13.30370744538559, "curv": 12.54100503023287, "fit": 11.983853592847591, "dynam": 7.676097607181981, "program": 2.877673749815746, "recent": 3.8977680382926128, "paper": 3.9616908522211034, "bellman": 16.52161785218014, "show": 3.641338509344936, "determin": 6.019120550322566, "solut": 5.52777522157409, "problem": 5.895397261337987, "previous": 4.739950798013046, "consid": 6.30434876472025, "stone": 12.252490318265874, "compris": 6.97354301952014, "point": 6.031819005679884, "subdivis": 14.758016255256608, "interv": 8.97727273946428, "give": 4.287965674269989, "squar": 3.6295040516979333, "function": 2.2610143152115496, "confin": 6.126245159132937, "primarili": 5.127716329021809, "analyt": 4.461237395544026, "deriv": 6.586063630153441, "suggest": 3.399326473726344, "briefli": 4.5168072466988365, "equat": 9.327932033785029, "reduc": 3.641338509344936, "discret": 4.814058770166768, "search": 3.47703545805366, "comput": 1.3117406171048218, "procedur": 2.63843330463401, "fulli": 5.299566585948469, "similar": 3.7954891891721947, "shown": 5.5880812979154655, "involv": 3.4570347913469903, "minim": 3.39002408106403, "found": 3.852647603012143, "addit": 6.63713023416377, "method": 1.8535551884965207, "appli": 3.2681342634549932, "constraint": 4.358583241483942, "ad": 4.408593662058603, "end": 5.127716329021809, "cacm": 0.00031215857909170155, "august": 2.3750618216828454, "gluss": 7.379008127628304}