{"real": 3.5078071167204135, "time": 2.0511319588387233, "plot": 4.9811128548299335, "approxim": 3.380807425959106, "contour": 5.433097978572992, "map": 4.358583241483942, "cacm": 0.00031215857909170155, "septemb": 2.546702369056466, "ward": 8.07215530818825}