{"experiment": 3.867462688797284, "investig": 4.26549281841793, "util": 11.070386020543104, "detail": 10.341547484711937, "flowchart": 24.90556427414967, "program": 4.31651062472362, "paper": 1.9808454261105517, "describ": 3.0954215657676754, "previou": 4.434569148461864, "research": 7.955621491932298, "seri": 3.8825005661618244, "control": 2.954161495771495, "experi": 3.4669851222001586, "test": 3.0817227214095135, "aid": 4.029104040353699, "composit": 4.853279483320049, "comprehens": 5.433097978572992, "debug": 4.6064194053885235, "modif": 4.461237395544026, "statist": 3.867462688797284, "signific": 3.929020581796717, "differ": 3.977810745966149, "nonflowchart": 8.07215530818825, "group": 4.1803350100776235, "shown": 2.7940406489577327, "call": 3.4087162140761826, "question": 4.140329675463924, "suggest": 3.399326473726344, "cacm": 0.00031215857909170155, "june": 2.3717117347975636, "shneiderman": 6.68586094706836, "mayer": 6.97354301952014, "mckay": 5.507205950726713, "heller": 7.379008127628304}