{"english": 9.212838810777047, "languag": 6.525004321654528, "question": 16.561318701855697, "answer": 9.8733221845182, "system": 14.016983555841481, "larg": 5.758396914596079, "relat": 12.57960649212418, "databas": 15.7168258923961, "type": 3.144901623031045, "request": 4.434569148461864, "casual": 6.97354301952014, "user": 3.0548754713733257, "abl": 5.299566585948469, "obtain": 3.116328250586989, "explicit": 4.853279483320049, "aircraft": 7.379008127628304, "flight": 6.97354301952014, "mainten": 5.507205950726713, "data": 2.1667934601336793, "call": 3.4087162140761826, "plane": 5.433097978572992, "design": 2.4924254822020275, "implement": 2.570897097643523, "illustr": 3.47703545805366, "detail": 3.447182494903979, "exampl": 6.743349884791668, "oper": 4.540073865622374, "compon": 8.53098563683586, "process": 2.1750014405515095, "portion": 4.894101477840304, "number": 2.2028583950544753, "augment": 5.507205950726713, "transit": 4.9366610922591, "network": 3.9450209231431583, "match": 4.5168072466988365, "phrase": 5.238941964132033, "specif": 3.227968221729659, "mean": 3.2201250442686327, "context": 3.913272224828578, "regist": 5.027632870464827, "tori": 6.68586094706836, "keeper": 8.07215530818825, "concept": 3.4181949580307265, "case": 3.2123429038265776, "frame": 5.58724865840025, "judg": 6.68586094706836, "meaning": 6.126245159132937, "gener": 1.8279884075245136, "dialogu": 6.97354301952014, "clarifi": 5.674260035389879, "partial": 4.287965674269989, "understood": 6.280395838960195, "resolv": 5.58724865840025, "ellipsi": 8.07215530818825, "pronoun": 8.07215530818825, "refer": 3.823660066138891, "problem": 1.9651324204459957, "construct": 3.189353385601879, "formal": 3.728349886334566, "queri": 4.739950798013046, "optim": 3.1743155082373384, "order": 2.93049175168559, "search": 3.47703545805366, "method": 1.8535551884965207, "discuss": 4.394449154672439, "handl": 3.7154464814986583, "vagu": 8.07215530818825, "complex": 3.137681375057558, "provid": 3.015909502839942, "brows": 8.07215530818825, "abil": 4.739950798013046, "includ": 2.7688504001291743, "import": 3.497444329684867, "issu": 4.704859478201776, "program": 1.438836874907873, "natur": 3.7027074557212285, "limit": 3.6295040516979333, "domain": 5.674260035389879, "relationship": 4.222007706478191, "cacm": 0.00031215857909170155, "juli": 2.3683728335320486, "waltz": 8.07215530818825}