{"addit": 3.318565117081885, "result": 2.3750618216828454, "key": 4.064822122955779, "address": 3.913272224828578, "transform": 3.6654360609239967, "techniqu": 2.240272830904733, "fundament": 5.076423034634259, "perform": 2.8094651192833644, "studi": 3.227968221729659, "larg": 2.8791984572980396, "exist": 3.572345637857985, "format": 4.1803350100776235, "cacm": 0.00031215857909170155, "novemb": 2.4445341944976127, "lum": 6.126245159132937, "yuen": 7.379008127628304}