{"applic": 2.481168327677393, "formac": 35.95628259905048, "nonlinear": 4.704859478201776, "circuit": 10.599133171896938, "analysi": 5.5476758832804265, "problem": 9.825662102229979, "state": 7.705295206024286, "solv": 3.5078071167204135, "solut": 2.763887610787045, "notabl": 6.462717395754149, "method": 1.8535551884965207, "tri": 5.992713766508414, "fail": 6.126245159132937, "straightforward": 5.433097978572992, "unten": 8.07215530818825, "hand": 4.894101477840304, "involv": 3.4570347913469903, "elabor": 5.992713766508414, "languag": 2.1750014405515095, "program": 2.877673749815746, "fairli": 5.769570215194204, "larg": 2.8791984572980396, "util": 3.6901286735143684, "practic": 3.617808011934742, "command": 9.15129549344354, "made": 3.2046208577326674, "extens": 3.3359568597937543, "part": 3.371674942395834, "trick": 6.97354301952014, "order": 2.93049175168559, "circumv": 6.97354301952014, "shortcom": 6.68586094706836, "system": 1.55744261731572, "paper": 1.9808454261105517, "concern": 3.9612814440149386, "techniqu": 2.240272830904733, "actual": 4.287965674269989, "engin": 4.814058770166768, "reader": 5.507205950726713, "interest": 7.890041846286317, "gener": 1.8279884075245136, "mathemat": 3.6295040516979333, "sens": 4.739950798013046, "area": 3.867462688797284, "cacm": 0.00031215857909170155, "march": 2.546702369056466, "neidleman": 8.07215530818825}