{"watfor": 24.21646592456475, "univers": 3.9946178642825303, "waterloo": 8.07215530818825, "fortran": 13.072537053819973, "iv": 19.10527376873568, "compil": 21.524601240968945, "core": 8.621910384989375, "load": 4.814058770166768, "implement": 2.570897097643523, "ibm": 7.036556833175418, "oper": 2.270036932811187, "system": 7.787213086578601, "select": 3.617808011934742, "sourc": 4.101863394636128, "languag": 4.350002881103019, "order": 2.93049175168559, "achiev": 3.7954891891721947, "maximum": 5.027632870464827, "compat": 4.853279483320049, "princip": 5.181783550292085, "advantag": 3.7027074557212285, "translat": 3.6901286735143684, "program": 4.31651062472362, "speed": 3.823660066138891, "statement": 3.7154464814986583, "resid": 5.433097978572992, "virtual": 4.6064194053885235, "overhead": 5.433097978572992, "larg": 2.8791984572980396, "batch": 4.853279483320049, "student": 4.310955192494688, "process": 2.1750014405515095, "effici": 2.7108631424788245, "extens": 3.3359568597937543, "error": 3.0482747873419735, "diagnost": 5.433097978572992, "execut": 3.2358734012367716, "phase": 5.027632870464827, "run": 3.6777061535158113, "featur": 3.399326473726344, "make": 3.380807425959106, "attract": 5.87493073085203, "learner": 8.07215530818825, "learn": 4.894101477840304, "user": 3.0548754713733257, "alik": 8.07215530818825, "cacm": 0.00031215857909170155, "januari": 2.6297375976664563, "shantz": 7.379008127628304, "german": 8.07215530818825, "mitchel": 7.379008127628304}