{"data": 2.1667934601336793, "dial": 26.74344378827344, "commun": 3.7154464814986583, "comput": 5.246962468419287, "ordinari": 8.869138296923728, "telephon": 28.371300176949394, "oper": 2.270036932811187, "system": 1.55744261731572, "user": 6.109750942746651, "call": 3.4087162140761826, "remot": 5.127716329021809, "locat": 4.140329675463924, "special": 3.5395558150349937, "hardwar": 3.8825005661618244, "connect": 4.310955192494688, "requir": 2.388575540849568, "input": 3.116328250586989, "output": 3.497444329684867, "spoken": 6.97354301952014, "form": 3.0954215657676754, "result": 2.3750618216828454, "test": 3.0817227214095135, "boston": 8.07215530818825, "area": 3.867462688797284, "report": 3.4669851222001586, "cacm": 0.00031215857909170155, "octob": 2.4849066497880004, "maril": 7.379008127628304, "edward": 7.379008127628304, "feurzeig": 6.68586094706836}