{"random": 3.6062471895336663, "algorithm": 0.8920854338854537, "cacm": 0.00031215857909170155, "march": 2.546702369056466, "laughlin": 7.379008127628304}