{"format": 4.1803350100776235, "free": 3.913272224828578, "input": 3.116328250586989, "fortran": 3.2681342634549932, "cacm": 0.00031215857909170155, "octob": 2.4849066497880004, "bailey": 6.97354301952014, "barnett": 5.87493073085203, "futrel": 7.379008127628304}