{"wengert": 20.05758284120508, "numer": 6.409241715465335, "method": 3.7071103769930414, "partial": 12.863897022809967, "deriv": 9.879095445230162, "orbit": 6.68586094706836, "determin": 3.009560275161283, "quasilinear": 13.37172189413672, "recent": 3.8977680382926128, "articl": 5.076423034634259, "commun": 3.7154464814986583, "acm": 4.358583241483942, "suggest": 3.399326473726344, "techniqu": 2.240272830904733, "machin": 2.918863713690471, "evalu": 6.275362750115116, "function": 2.2610143152115496, "analyt": 8.922474791088051, "form": 6.190843131535351, "solv": 3.5078071167204135, "non": 4.638168103703103, "linear": 3.1818061799664963, "boundari": 4.6709579265260945, "problem": 1.9651324204459957, "appear": 4.48863636973214, "attract": 5.87493073085203, "program": 1.438836874907873, "viewpoint": 6.462717395754149, "equat": 3.1093106779283426, "undertaken": 6.68586094706836, "cacm": 0.00031215857909170155, "april": 2.4231810700270437, "bellman": 5.507205950726713, "kagiwada": 6.462717395754149, "kalaba": 5.992713766508414}