{"mechan": 3.7680902149840803, "languag": 2.1750014405515095, "cours": 4.48863636973214, "specif": 3.227968221729659, "cacm": 0.00031215857909170155, "april": 2.4231810700270437, "gorn": 5.87493073085203}