{"subroutin": 8.241823179213645, "assembl": 9.091589567144178, "descript": 3.437426319958614, "system": 1.55744261731572, "requir": 2.388575540849568, "pass": 4.57564774672177, "maintain": 4.638168103703103, "tabl": 3.4570347913469903, "inform": 2.5627669715602726, "librari": 4.894101477840304, "cacm": 0.00031215857909170155, "januari": 2.6297375976664563, "samet": 6.97354301952014}