{"convers": 3.867462688797284, "decis": 7.7955360765852255, "tabl": 6.914069582693981, "comput": 2.6234812342096436, "program": 5.755347499631492, "rule": 10.431106374160981, "mark": 5.127716329021809, "techniqu": 11.201364154523665, "mask": 5.87493073085203, "method": 1.8535551884965207, "convert": 4.383275854074314, "limit": 3.6295040516979333, "entri": 4.334485689904882, "recent": 3.8977680382926128, "discuss": 4.394449154672439, "suggest": 3.399326473726344, "circumst": 5.87493073085203, "prefer": 5.58724865840025, "construct": 3.189353385601879, "network": 3.9450209231431583, "tree": 3.58351893845611, "drawback": 6.462717395754149, "hitherto": 8.07215530818825, "present": 1.8221800659287668, "liabil": 6.68586094706836, "produc": 3.427764409046877, "object": 6.761614851918212, "longer": 5.674260035389879, "run": 7.355412307031623, "time": 6.15339587651617, "paper": 1.9808454261105517, "modif": 4.461237395544026, "take": 4.160132302760104, "account": 4.739950798013046, "frequenc": 4.739950798013046, "rel": 4.200954297280359, "evalu": 3.137681375057558, "condit": 3.39002408106403, "materi": 4.739950798013046, "improv": 3.3536564368931554, "cacm": 0.00031215857909170155, "novemb": 2.4445341944976127, "king": 5.87493073085203}