{"theorem": 9.033614493397673, "aid": 8.058208080707399, "solv": 3.5078071167204135, "alloc": 10.8885121550938, "problem": 5.895397261337987, "find": 7.16703787691222, "optim": 12.697262032949354, "set": 2.554702411723542, "network": 3.9450209231431583, "site": 13.37172189413672, "locat": 4.140329675463924, "copi": 5.58724865840025, "known": 3.7027074557212285, "gener": 1.8279884075245136, "polynomi": 3.4087162140761826, "complet": 3.47703545805366, "heurist": 4.6064194053885235, "solut": 2.763887610787045, "need": 3.251873742583213, "paper": 1.9808454261105517, "present": 1.8221800659287668, "appli": 3.2681342634549932, "priori": 6.462717395754149, "includ": 2.7688504001291743, "cacm": 0.00031215857909170155, "novemb": 2.4445341944976127, "grapa": 8.07215530818825, "belford": 8.07215530818825}