{"spars": 5.507205950726713, "matrix": 3.137681375057558, "packag": 4.814058770166768, "algorithm": 0.8920854338854537, "r408": 7.379008127628304, "cacm": 0.00031215857909170155, "septemb": 2.546702369056466, "lawrenc": 7.379008127628304}