{"comput": 5.246962468419287, "standard": 6.204684017224499, "deviat": 11.1744973168005, "accuraci": 8.766551708148627, "algorithm": 5.352512603312722, "numer": 3.2046208577326674, "unweight": 8.07215530818825, "sampl": 4.310955192494688, "data": 2.1667934601336793, "analyz": 7.100733462278419, "known": 3.7027074557212285, "statist": 3.867462688797284, "literatur": 4.894101477840304, "specif": 3.227968221729659, "intend": 4.894101477840304, "automat": 3.371674942395834, "discuss": 2.1972245773362196, "expositori": 6.97354301952014, "emphasi": 4.5168072466988365, "reach": 5.87493073085203, "suitabl": 4.1803350100776235, "definit": 3.6777061535158113, "condit": 3.39002408106403, "accur": 14.219852394039139, "conclud": 4.814058770166768, "provid": 3.015909502839942, "answer": 4.9366610922591, "problem": 3.9302648408919914, "substanti": 4.6709579265260945, "difficult": 4.57564774672177, "cacm": 0.00031215857909170155, "septemb": 2.546702369056466, "chan": 8.07215530818825, "lewi": 5.992713766508414}