{"squar": 3.6295040516979333, "surfac": 4.704859478201776, "fit": 3.9946178642825303, "algorithm": 0.8920854338854537, "cacm": 0.00031215857909170155, "june": 2.3717117347975636, "arthur": 7.379008127628304}