{"environ": 3.7680902149840803, "research": 15.911242983864597, "microprogram": 11.74986146170406, "emul": 12.925434791508298, "develop": 2.4267084105450123, "project": 8.444015412956382, "state": 3.852647603012143, "univers": 3.9946178642825303, "york": 8.07215530818825, "buffalo": 8.07215530818825, "consist": 3.823660066138891, "phase": 10.055265740929654, "evalu": 3.137681375057558, "machin": 5.837727427380942, "support": 4.434569148461864, "decis": 3.8977680382926128, "purchas": 7.379008127628304, "appear": 4.48863636973214, "superior": 4.77631844218392, "consid": 3.152174382360125, "organ": 3.5078071167204135, "definit": 3.6777061535158113, "goal": 4.9811128548299335, "group": 4.1803350100776235, "report": 3.4669851222001586, "emphasi": 4.5168072466988365, "earli": 5.027632870464827, "result": 2.3750618216828454, "achiev": 3.7954891891721947, "cacm": 0.00031215857909170155, "august": 2.3750618216828454, "rosin": 6.462717395754149, "frieder": 7.379008127628304, "eckhous": 8.07215530818825, "jr": 3.243841570885949}