{"heurist": 9.212838810777047, "approach": 3.1743155082373384, "induct": 5.769570215194204, "infer": 16.09231532125812, "fact": 9.341915853052189, "retriev": 7.189636987420086, "system": 4.67232785194716, "procedur": 7.915299913902031, "present": 1.8221800659287668, "develop": 2.4267084105450123, "perform": 2.8094651192833644, "gener": 1.8279884075245136, "inform": 2.5627669715602726, "make": 3.380807425959106, "similar": 3.7954891891721947, "structur": 4.94746669837975, "impos": 5.674260035389879, "data": 13.000760760802077, "base": 5.403034560121174, "nonnumer": 7.379008127628304, "cluster": 5.58724865840025, "algorithm": 0.8920854338854537, "implement": 2.570897097643523, "model": 2.996981492954423, "formal": 3.728349886334566, "queri": 4.739950798013046, "languag": 2.1750014405515095, "properti": 3.5395558150349937, "list": 3.189353385601879, "program": 1.438836874907873, "experi": 3.4669851222001586, "test": 3.0817227214095135, "alter": 5.674260035389879, "delet": 5.181783550292085, "part": 3.371674942395834, "purpos": 3.2599709528158325, "introduc": 3.8380488035909903, "fals": 6.68586094706836, "found": 3.852647603012143, "correct": 3.6295040516979333, "respons": 4.461237395544026, "varieti": 4.1209115896068225, "condit": 3.39002408106403, "involv": 3.4570347913469903, "incomplet": 5.127716329021809, "inconsist": 7.379008127628304, "cacm": 0.00031215857909170155, "decemb": 2.4626835130032902, "skinner": 8.07215530818825}