{"regress": 5.674260035389879, "code": 2.948191328784991, "pattern": 4.101863394636128, "data": 2.1667934601336793, "edit": 4.739950798013046, "cacm": 0.00031215857909170155, "juli": 2.3683728335320486, "robison": 8.07215530818825, "aroian": 8.07215530818825}