{"crout": 5.87493073085203, "pivot": 5.992713766508414, "algorithm": 0.8920854338854537, "cacm": 0.00031215857909170155, "octob": 2.4849066497880004, "forsyth": 6.126245159132937}