{"optim": 3.1743155082373384, "shortest": 11.985427533016829, "latenc": 26.74344378827344, "time": 8.204527835354893, "drum": 25.638581645109046, "schedul": 11.933432237898447, "disciplin": 22.697040141559516, "comput": 1.3117406171048218, "system": 1.55744261731572, "practic": 3.617808011934742, "determin": 6.019120550322566, "instantan": 6.97354301952014, "posit": 8.241823179213645, "popular": 6.126245159132937, "sequenc": 3.6654360609239967, "record": 7.734925377594568, "access": 10.818741568600998, "call": 3.4087162140761826, "sltf": 22.137024382884913, "collect": 8.444015412956382, "vari": 4.704859478201776, "length": 3.7954891891721947, "known": 3.7027074557212285, "necessarili": 5.507205950726713, "minim": 3.39002408106403, "show": 3.641338509344936, "total": 4.1803350100776235, "entir": 4.638168103703103, "revolut": 8.07215530818825, "longer": 5.674260035389879, "minimum": 4.1209115896068225, "cacm": 0.00031215857909170155, "june": 2.3717117347975636, "stone": 6.126245159132937, "fuller": 6.126245159132937}