{"chebyshev": 4.9366610922591, "polynomi": 3.4087162140761826, "coeffici": 4.1209115896068225, "algorithm": 0.8920854338854537, "cacm": 0.00031215857909170155, "cyvin": 6.97354301952014}