{"chebyschev": 6.68586094706836, "quadratur": 4.638168103703103, "algorithm": 0.8920854338854537, "d1": 4.545794783572089, "cacm": 0.00031215857909170155, "octob": 2.4849066497880004, "hillstrom": 6.68586094706836}