{"exact": 4.853279483320049, "solut": 2.763887610787045, "linear": 3.1818061799664963, "equat": 3.1093106779283426, "residu": 6.126245159132937, "arithmet": 3.6901286735143684, "f4": 5.507205950726713, "algorithm": 0.8920854338854537, "cacm": 0.00031215857909170155, "march": 2.546702369056466, "howel": 6.280395838960195}