{"nucleu": 16.1443106163765, "multiprogram": 8.320264605520208, "system": 6.22977046926288, "paper": 1.9808454261105517, "describ": 3.0954215657676754, "philosophi": 5.238941964132033, "structur": 2.473733349189875, "extend": 3.8977680382926128, "hierarchi": 10.477883928264067, "oper": 2.270036932811187, "suit": 5.076423034634259, "divers": 5.58724865840025, "requir": 2.388575540849568, "program": 2.877673749815746, "schedul": 3.977810745966149, "resourc": 4.287965674269989, "alloc": 3.6295040516979333, "simul": 3.380807425959106, "environ": 3.7680902149840803, "execut": 3.2358734012367716, "input": 3.116328250586989, "output": 3.497444329684867, "handl": 3.7154464814986583, "uniformli": 5.992713766508414, "parallel": 3.8825005661618244, "cooper": 5.87493073085203, "process": 4.350002881103019, "es": 8.07215530818825, "fundament": 5.076423034634259, "set": 2.554702411723542, "primit": 4.814058770166768, "dynam": 3.8380488035909903, "creation": 5.992713766508414, "control": 2.954161495771495, "commun": 3.7154464814986583, "cacm": 0.00031215857909170155, "april": 2.4231810700270437, "hansen": 5.87493073085203}