{"guard": 13.37172189413672, "command": 9.15129549344354, "nondeterminaci": 8.07215530818825, "formal": 7.456699772669132, "deriv": 6.586063630153441, "program": 4.31651062472362, "call": 3.4087162140761826, "introduc": 3.8380488035909903, "build": 5.076423034634259, "block": 3.929020581796717, "altern": 3.9612814440149386, "repetit": 5.433097978572992, "construct": 6.378706771203758, "allow": 3.867462688797284, "nondeterminist": 5.992713766508414, "compon": 4.26549281841793, "activ": 3.977810745966149, "evok": 7.379008127628304, "final": 3.7680902149840803, "state": 7.705295206024286, "necessarili": 5.507205950726713, "uniqu": 5.076423034634259, "determin": 3.009560275161283, "initi": 4.2435139116991545, "express": 3.1595004224521976, "term": 3.2763647625915087, "calculu": 5.507205950726713, "shown": 2.7940406489577327, "cacm": 0.00031215857909170155, "august": 2.3750618216828454, "dijkstra": 5.238941964132033}