{"routin": 3.867462688797284, "find": 3.58351893845611, "solut": 2.763887610787045, "simultan": 4.1803350100776235, "linear": 3.1818061799664963, "equat": 3.1093106779283426, "polynomi": 3.4087162140761826, "coeffici": 4.1209115896068225, "cacm": 0.00031215857909170155, "april": 2.4231810700270437, "larson": 7.379008127628304, "marshal": 6.97354301952014}