{"overcom": 5.433097978572992, "high": 7.355412307031623, "prioriti": 15.898699757845407, "paralysi": 16.1443106163765, "multiprogram": 8.320264605520208, "system": 3.11488523463144, "case": 6.424685807653155, "tori": 13.37172189413672, "degrad": 6.68586094706836, "occur": 4.310955192494688, "schedul": 11.933432237898447, "base": 2.701517280060587, "primarili": 5.127716329021809, "preassign": 6.68586094706836, "allevi": 6.97354301952014, "modifi": 3.8977680382926128, "algorithm": 1.7841708677709074, "maxim": 5.299566585948469, "number": 2.2028583950544753, "program": 1.438836874907873, "activ": 3.977810745966149, "time": 2.0511319588387233, "paper": 1.9808454261105517, "gener": 1.8279884075245136, "method": 1.8535551884965207, "simultan": 4.1803350100776235, "increas": 3.6295040516979333, "refin": 5.87493073085203, "futur": 4.222007706478191, "improv": 3.3536564368931554, "consid": 3.152174382360125, "briefli": 4.5168072466988365, "cacm": 0.00031215857909170155, "august": 2.3750618216828454, "steven": 7.379008127628304}