{"magic": 5.87493073085203, "squar": 3.6295040516979333, "algorithm": 0.8920854338854537, "cacm": 0.00031215857909170155, "decemb": 2.4626835130032902, "thacher": 4.358583241483942, "jr": 3.243841570885949}