{"solut": 2.763887610787045, "linear": 3.1818061799664963, "program": 1.438836874907873, "problem": 1.9651324204459957, "variabl": 3.1093106779283426, "h1": 8.07215530818825, "algorithm": 0.8920854338854537, "a449": 8.07215530818825, "cacm": 0.00031215857909170155, "juli": 2.3683728335320486, "fiala": 8.07215530818825}