{"theori": 4.140329675463924, "discret": 9.628117540333536, "pattern": 16.407453578544512, "implement": 5.141794195287046, "snobol4": 13.94708603904028, "notion": 5.076423034634259, "formal": 7.456699772669132, "properti": 3.5395558150349937, "deduc": 7.379008127628304, "shown": 2.7940406489577327, "gener": 3.6559768150490273, "languag": 2.1750014405515095, "algorithm": 0.8920854338854537, "kind": 4.408593662058603, "approach": 3.1743155082373384, "creat": 4.408593662058603, "bottom": 5.992713766508414, "pars": 4.383275854074314, "top": 5.181783550292085, "specif": 3.227968221729659, "cacm": 0.00031215857909170155, "februari": 2.6211168546225494, "gimpel": 6.97354301952014}