{"procedur": 2.63843330463401, "normal": 3.929020581796717, "distribut": 3.497444329684867, "algorithm": 0.8920854338854537, "s15": 5.127716329021809, "cacm": 0.00031215857909170155, "juli": 2.3683728335320486, "maclaren": 6.68586094706836}