{"reentrant": 13.94708603904028, "polygon": 33.5234919504015, "clip": 104.60314529280211, "famili": 5.027632870464827, "algorithm": 4.460427169427269, "abl": 5.299566585948469, "irregular": 14.758016255256608, "convex": 11.74986146170406, "plane": 27.165489892864958, "face": 5.674260035389879, "volum": 16.76174597520075, "dimens": 10.36356710058417, "remov": 4.9811128548299335, "part": 3.371674942395834, "lie": 5.58724865840025, "permit": 3.572345637857985, "window": 29.516032510513217, "repres": 3.6062471895336663, "order": 2.93049175168559, "sequenc": 7.330872121847993, "vertic": 10.866195957145983, "repetit": 5.433097978572992, "mark": 5.127716329021809, "contrast": 5.58724865840025, "represent": 3.5503667311392095, "collect": 4.222007706478191, "edg": 15.7168258923961, "heretofor": 8.07215530818825, "common": 3.9450209231431583, "procedur": 2.63843330463401, "output": 6.994888659369734, "ident": 5.36410510708604, "format": 4.1803350100776235, "introduc": 3.8380488035909903, "describ": 3.0954215657676754, "newli": 6.462717395754149, "cut": 6.280395838960195, "easili": 4.26549281841793, "handl": 3.7154464814986583, "difficult": 4.57564774672177, "problem": 1.9651324204459957, "detect": 4.310955192494688, "vertex": 20.920629058560422, "requir": 2.388575540849568, "corner": 8.07215530818825, "achiev": 3.7954891891721947, "consider": 3.8977680382926128, "simplic": 5.433097978572992, "separ": 4.2435139116991545, "boundari": 18.683831706104378, "code": 5.896382657569982, "capabl": 3.8094754311469345, "singl": 3.7546671946519394, "reenter": 16.1443106163765, "subsequ": 15.545350650876255, "stage": 9.962225709659867, "need": 3.251873742583213, "store": 3.5288605259182457, "valu": 3.7027074557212285, "begin": 5.238941964132033, "process": 2.1750014405515095, "soon": 7.379008127628304, "proceed": 6.126245159132937, "readi": 6.126245159132937, "complex": 3.137681375057558, "shape": 5.076423034634259, "practic": 3.617808011934742, "perspect": 11.539140430388407, "applic": 2.481168327677393, "diment": 8.07215530818825, "truncat": 5.36410510708604, "pyramid": 8.07215530818825, "chosen": 4.894101477840304, "addit": 3.318565117081885, "parallel": 3.8825005661618244, "project": 12.666023119434573, "screen": 6.280395838960195, "serv": 4.57564774672177, "limit": 3.6295040516979333, "rang": 4.222007706478191, "depth": 12.252490318265874, "preserv": 5.433097978572992, "method": 3.7071103769930414, "arbitrari": 4.160132302760104, "view": 4.334485689904882, "angl": 5.992713766508414, "field": 3.9946178642825303, "spite": 6.68586094706836, "simpl": 3.009560275161283, "fix": 4.064822122955779, "ideal": 5.769570215194204, "hidden": 5.58724865840025, "surfac": 4.704859478201776, "comput": 1.3117406171048218, "cacm": 0.00031215857909170155, "januari": 2.6297375976664563, "sutherland": 6.97354301952014, "hodgman": 8.07215530818825}