{"comput": 9.182184319733754, "innov": 26.74344378827344, "american": 8.717166482967883, "local": 18.683831706104378, "govern": 36.2724848520446, "electron": 5.181783550292085, "data": 4.333586920267359, "process": 2.1750014405515095, "major": 3.867462688797284, "technolog": 13.55042174009651, "oper": 2.270036932811187, "paper": 3.9616908522211034, "establish": 4.408593662058603, "substanti": 4.6709579265260945, "variat": 4.704859478201776, "larger": 4.9366610922591, "rate": 4.408593662058603, "adopt": 11.985427533016829, "level": 6.5362685269099865, "financi": 6.462717395754149, "support": 8.869138296923728, "provid": 3.015909502839942, "edp": 12.56079167792039, "extens": 3.3359568597937543, "sophist": 5.076423034634259, "autom": 4.57564774672177, "applic": 4.962336655354786, "central": 4.739950798013046, "question": 4.140329675463924, "address": 3.913272224828578, "explain": 4.6709579265260945, "differ": 3.977810745966149, "extent": 5.299566585948469, "hypothes": 6.280395838960195, "test": 3.0817227214095135, "stream": 5.992713766508414, "explanatori": 8.07215530818825, "factor": 7.705295206024286, "citi": 6.68586094706836, "counti": 6.68586094706836, "find": 7.16703787691222, "identifi": 8.280659350927849, "milieu": 8.07215530818825, "conduc": 7.379008127628304, "higher": 4.814058770166768, "unexpect": 8.07215530818825, "reveal": 5.181783550292085, "signific": 3.929020581796717, "impact": 5.076423034634259, "distribut": 3.497444329684867, "control": 2.954161495771495, "decis": 3.8977680382926128, "domin": 5.769570215194204, "polit": 6.280395838960195, "valu": 3.7027074557212285, "import": 3.497444329684867, "includ": 2.7688504001291743, "measur": 3.8380488035909903, "need": 3.251873742583213, "presenc": 6.280395838960195, "extern": 4.9811128548299335, "fund": 6.280395838960195, "final": 3.7680902149840803, "suggest": 3.399326473726344, "framework": 4.9811128548299335, "key": 4.064822122955779, "determin": 3.009560275161283, "cacm": 0.00031215857909170155, "decemb": 2.4626835130032902, "danzig": 8.07215530818825, "dutton": 7.379008127628304}