{"multic": 24.504980636531748, "virtual": 4.6064194053885235, "memori": 12.550725500230232, "concept": 3.4181949580307265, "design": 4.984850964404055, "experi": 3.4669851222001586, "line": 3.5288605259182457, "oper": 2.270036932811187, "system": 7.787213086578601, "grown": 6.126245159132937, "need": 3.251873742583213, "share": 17.43593914758839, "inform": 12.813834857801362, "user": 9.164626414119978, "increasingli": 6.126245159132937, "appar": 6.280395838960195, "contemporari": 12.925434791508298, "permit": 3.572345637857985, "degre": 4.222007706478191, "accomplish": 4.638168103703103, "allow": 3.867462688797284, "data": 2.1667934601336793, "input": 3.116328250586989, "output": 3.497444329684867, "store": 7.0577210518364915, "secondari": 5.507205950726713, "storag": 5.4788730298457615, "segment": 26.60741489077118, "direct": 3.58351893845611, "hardwar": 7.765001132323649, "address": 3.913272224828578, "program": 1.438836874907873, "independ": 7.618950862293869, "physic": 4.57564774672177, "locat": 4.140329675463924, "potenti": 4.6709579265260945, "sharabl": 8.07215530818825, "carri": 4.77631844218392, "attribut": 5.238941964132033, "size": 6.855528818093754, "access": 3.6062471895336663, "privileg": 6.68586094706836, "implement": 2.570897097643523, "consider": 3.8977680382926128, "discuss": 2.1972245773362196, "assumpt": 4.739950798013046, "resid": 5.433097978572992, "larg": 5.758396914596079, "main": 12.087312121061098, "limit": 3.6295040516979333, "shown": 2.7940406489577327, "softwar": 3.929020581796717, "achiev": 3.7954891891721947, "effect": 3.0954215657676754, "honeywel": 6.462717395754149, "page": 3.9612814440149386, "cacm": 0.00031215857909170155, "bensoussan": 8.07215530818825, "clingen": 8.07215530818825, "daley": 7.379008127628304}