{"techniquefor": 8.07215530818825, "handl": 3.7154464814986583, "macro": 4.853279483320049, "instruct": 3.867462688797284, "corrigendum": 4.545794783572089, "cacm": 0.00031215857909170155, "februari": 2.6211168546225494, "greenwald": 7.379008127628304}