{"finger": 8.07215530818825, "fist": 8.07215530818825, "choic": 4.57564774672177, "decim": 46.14944696119628, "binari": 41.90422974261628, "represent": 7.100733462278419, "number": 6.608575185163426, "system": 1.55744261731572, "offer": 4.77631844218392, "advantag": 3.7027074557212285, "high": 3.6777061535158113, "perform": 5.618930238566729, "gener": 1.8279884075245136, "purpos": 3.2599709528158325, "comput": 3.9352218513144654, "greater": 9.706558966640099, "simplic": 5.433097978572992, "arithmet": 11.070386020543104, "unit": 4.2435139116991545, "compact": 4.9366610922591, "contribut": 5.181783550292085, "directli": 4.408593662058603, "speed": 3.823660066138891, "obviou": 5.769570215194204, "import": 3.497444329684867, "address": 11.739816674485734, "instruct": 11.602388066391851, "format": 8.360670020155247, "increas": 3.6295040516979333, "essenti": 8.869138296923728, "power": 3.7680902149840803, "oper": 2.270036932811187, "practic": 3.617808011934742, "hand": 4.894101477840304, "commun": 3.7154464814986583, "man": 4.739950798013046, "applic": 2.481168327677393, "requir": 2.388575540849568, "process": 2.1750014405515095, "larg": 2.8791984572980396, "volum": 5.58724865840025, "inher": 5.36410510708604, "input": 3.116328250586989, "output": 3.497444329684867, "data": 4.333586920267359, "time": 4.102263917677447, "convers": 11.602388066391851, "need": 3.251873742583213, "pure": 5.769570215194204, "signific": 7.858041163593434, "slower": 5.87493073085203, "adder": 13.94708603904028, "take": 4.160132302760104, "fast": 3.9450209231431583, "addit": 3.318565117081885, "care": 5.181783550292085, "review": 4.48863636973214, "supplement": 6.280395838960195, "effici": 2.7108631424788245, "cacm": 0.00031215857909170155, "decemb": 2.4626835130032902, "buchholz": 8.07215530818825}