{"alcor": 6.68586094706836, "illinoi": 6.68586094706836, "post": 5.992713766508414, "mortem": 6.97354301952014, "dump": 13.37172189413672, "techniqu": 4.480545661809466, "program": 2.877673749815746, "written": 3.728349886334566, "algol": 3.243841570885949, "intellig": 5.181783550292085, "analysi": 2.7738379416402132, "unsuccess": 7.379008127628304, "comput": 1.3117406171048218, "process": 2.1750014405515095, "term": 3.2763647625915087, "origin": 4.2435139116991545, "sourc": 4.101863394636128, "cacm": 0.00031215857909170155, "decemb": 2.4626835130032902, "bayer": 5.769570215194204, "gri": 5.992713766508414, "paul": 6.462717395754149, "wiehl": 7.379008127628304}