{"modifi": 7.7955360765852255, "newton": 9.8733221845182, "method": 3.7071103769930414, "polynomi": 10.226148642228548, "discuss": 2.1972245773362196, "assum": 4.358583241483942, "approxim": 3.380807425959106, "root": 8.280659350927849, "variat": 9.409718956403552, "simpl": 3.009560275161283, "shown": 2.7940406489577327, "condit": 3.39002408106403, "cubic": 6.126245159132937, "converg": 4.638168103703103, "cacm": 0.00031215857909170155, "februari": 2.6211168546225494, "ehrlich": 6.280395838960195}