{"avoid": 4.434569148461864, "matrix": 3.137681375057558, "revers": 5.299566585948469, "fortran": 6.5362685269099865, "ii": 4.140329675463924, "iv": 4.77631844218392, "cacm": 0.00031215857909170155, "april": 2.4231810700270437, "steven": 7.379008127628304, "benson": 8.07215530818825}