{"russian": 8.07215530818825, "visit": 6.280395838960195, "comput": 1.3117406171048218, "cacm": 0.00031215857909170155, "novemb": 2.4445341944976127, "zaitzeff": 8.07215530818825, "astrahan": 7.379008127628304}