{"optim": 6.348631016474677, "method": 3.7071103769930414, "delet": 15.545350650876255, "side": 10.599133171896938, "height": 24.504980636531748, "balanc": 15.229269103902777, "tree": 28.66815150764888, "binari": 3.8094754311469345, "node": 13.30370744538559, "subtre": 12.925434791508298, "equal": 4.6709579265260945, "exactli": 5.769570215194204, "greater": 4.853279483320049, "left": 5.769570215194204, "advantag": 3.7027074557212285, "gener": 1.8279884075245136, "avl": 12.252490318265874, "bit": 7.955621491932298, "inform": 2.5627669715602726, "requir": 4.777151081699136, "acl": 8.07215530818825, "shown": 2.7940406489577327, "arbitrari": 4.160132302760104, "accomplish": 4.638168103703103, "logn": 6.68586094706836, "oper": 2.270036932811187, "number": 2.2028583950544753, "sens": 4.739950798013046, "complex": 3.137681375057558, "reduc": 3.641338509344936, "order": 2.93049175168559, "magnitud": 5.992713766508414, "result": 4.750123643365691, "coupl": 5.87493073085203, "earlier": 5.076423034634259, "hirschberg": 5.992713766508414, "basic": 3.4181949580307265, "problem": 1.9651324204459957, "insert": 9.8733221845182, "retriev": 3.594818493710043, "advers": 7.379008127628304, "affect": 5.181783550292085, "modif": 4.461237395544026, "cacm": 0.00031215857909170155, "june": 2.3717117347975636, "zweben": 7.379008127628304, "mcdonald": 8.07215530818825}