{"ditran": 24.21646592456475, "compil": 9.224829103272405, "emphas": 5.674260035389879, "diagnost": 21.732391914291966, "fortran": 6.5362685269099865, "implement": 5.141794195287046, "asa": 5.992713766508414, "basic": 3.4181949580307265, "extens": 3.3359568597937543, "error": 6.096549574683947, "check": 4.545794783572089, "capabl": 7.618950862293869, "time": 2.0511319588387233, "execut": 3.2358734012367716, "program": 1.438836874907873, "need": 3.251873742583213, "improv": 3.3536564368931554, "object": 3.380807425959106, "met": 6.68586094706836, "discuss": 2.1972245773362196, "attent": 5.076423034634259, "design": 2.4924254822020275, "techniqu": 2.240272830904733, "employ": 3.913272224828578, "provid": 6.031819005679884, "featur": 6.798652947452688, "handl": 3.7154464814986583, "messag": 5.127716329021809, "gener": 1.8279884075245136, "macro": 4.853279483320049, "approach": 3.1743155082373384, "special": 3.5395558150349937, "teach": 5.181783550292085, "aid": 4.029104040353699, "instructor": 6.68586094706836, "note": 3.497444329684867, "cacm": 0.00031215857909170155, "januari": 2.6297375976664563, "moulton": 7.379008127628304, "muller": 5.992713766508414}