{"formal": 3.728349886334566, "system": 1.55744261731572, "inform": 2.5627669715602726, "retriev": 10.784455481130129, "gener": 3.6559768150490273, "structur": 9.8949333967595, "provid": 3.015909502839942, "concept": 3.4181949580307265, "keyword": 6.462717395754149, "index": 8.766551708148627, "record": 11.602388066391851, "directori": 11.985427533016829, "decod": 6.126245159132937, "defin": 3.1595004224521976, "frequent": 4.5168072466988365, "invert": 5.299566585948469, "sequenti": 4.5168072466988365, "multilist": 8.07215530818825, "deriv": 3.2930318150767204, "algorithm": 0.8920854338854537, "present": 1.8221800659287668, "cacm": 0.00031215857909170155, "februari": 2.6211168546225494, "hsiao": 7.379008127628304}