{"reduc": 3.641338509344936, "truncat": 10.72821021417208, "error": 9.14482436202592, "cascad": 13.94708603904028, "accumul": 15.383148987065429, "larg": 2.8791984572980396, "number": 2.2028583950544753, "quantiti": 5.507205950726713, "numer": 3.2046208577326674, "integr": 2.984558972955866, "sum": 4.545794783572089, "larger": 4.9366610922591, "individu": 4.6064194053885235, "addend": 14.758016255256608, "result": 2.3750618216828454, "elimin": 4.064822122955779, "note": 3.497444329684867, "recent": 3.8977680382926128, "articl": 5.076423034634259, "wolf": 6.68586094706836, "simpler": 5.674260035389879, "slightli": 5.769570215194204, "flexibl": 4.26549281841793, "algorithm": 0.8920854338854537, "present": 1.8221800659287668, "deal": 4.461237395544026, "case": 3.2123429038265776, "neg": 6.126245159132937, "cacm": 0.00031215857909170155, "januari": 2.6297375976664563, "ross": 6.126245159132937}