{"social": 5.674260035389879, "process": 4.350002881103019, "proof": 8.360670020155247, "theorem": 4.5168072466988365, "program": 5.755347499631492, "argu": 5.433097978572992, "formal": 7.456699772669132, "verif": 16.299293935718975, "matter": 5.674260035389879, "obtain": 3.116328250586989, "play": 5.433097978572992, "key": 4.064822122955779, "role": 5.027632870464827, "develop": 2.4267084105450123, "comput": 1.3117406171048218, "scienc": 3.977810745966149, "softwar": 3.929020581796717, "engin": 4.814058770166768, "mathemat": 3.6295040516979333, "absenc": 6.126245159132937, "continu": 3.852647603012143, "inevit": 7.379008127628304, "chang": 4.2435139116991545, "complex": 3.137681375057558, "specif": 3.227968221729659, "significantli": 5.127716329021809, "real": 3.5078071167204135, "make": 3.380807425959106, "form": 3.0954215657676754, "al": 6.462717395754149, "difficult": 4.57564774672177, "justifi": 5.58724865840025, "manag": 4.046803617453101, "felt": 6.126245159132937, "eas": 4.9366610922591, "domin": 5.769570215194204, "languag": 2.1750014405515095, "design": 2.4924254822020275, "cacm": 0.00031215857909170155, "de": 6.462717395754149, "millo": 8.07215530818825, "lipton": 6.97354301952014, "perli": 5.58724865840025}