{"interchangc": 8.07215530818825, "perfor": 6.126245159132937, "tape": 4.046803617453101, "variabl": 3.1093106779283426, "block": 3.929020581796717, "format": 4.1803350100776235, "posit": 8.241823179213645, "straight": 6.126245159132937, "cut": 6.280395838960195, "rs": 16.1443106163765, "contour": 10.866195957145983, "numer": 3.2046208577326674, "control": 2.954161495771495, "machin": 2.918863713690471, "tool": 4.638168103703103, "propos": 2.907369334264736, "american": 4.358583241483942, "standard": 3.1023420086122493, "cacm": 0.00031215857909170155, "august": 2.3750618216828454}