{"remark": 4.57564774672177, "stabli": 6.68586094706836, "updat": 4.704859478201776, "mean": 3.2201250442686327, "standard": 3.1023420086122493, "deviat": 5.58724865840025, "estim": 3.929020581796717, "cacm": 0.00031215857909170155, "august": 2.3750618216828454, "nelson": 6.68586094706836}