{"represent": 10.651100193417628, "side": 21.198266343793875, "polygon": 33.5234919504015, "line": 10.586581577754737, "rapid": 4.9366610922591, "process": 2.1750014405515095, "set": 5.109404823447084, "consecut": 5.87493073085203, "collect": 4.222007706478191, "examin": 3.641338509344936, "arrang": 4.9366610922591, "binari": 7.618950862293869, "tree": 7.16703787691222, "hierarchi": 5.238941964132033, "inclus": 11.1744973168005, "fast": 3.9450209231431583, "algorithm": 2.676256301656361, "test": 3.0817227214095135, "poin": 11.74986146170406, "speed": 3.823660066138891, "discuss": 4.394449154672439, "ideal": 5.769570215194204, "practic": 7.235616023869484, "exampl": 3.371674942395834, "shown": 2.7940406489577327, "ts": 5.769570215194204, "intersect": 5.58724865840025, "locat": 4.140329675463924, "essenti": 4.434569148461864, "search": 3.47703545805366, "overcom": 5.433097978572992, "disadvantag": 5.674260035389879, "fix": 4.064822122955779, "grid": 6.68586094706836, "method": 1.8535551884965207, "repres": 3.6062471895336663, "curv": 4.1803350100776235, "region": 4.894101477840304, "cacm": 0.00031215857909170155, "march": 2.546702369056466, "burton": 7.379008127628304}