{"harmon": 6.97354301952014, "analysi": 2.7738379416402132, "symmetr": 4.57564774672177, "distribut": 3.497444329684867, "data": 2.1667934601336793, "algorithm": 0.8920854338854537, "c6": 5.58724865840025, "cacm": 0.00031215857909170155, "februari": 2.6211168546225494, "hunter": 6.68586094706836}