{"crout": 5.87493073085203, "equilibr": 6.68586094706836, "iter": 4.046803617453101, "algorithm": 0.8920854338854537, "f4": 5.507205950726713, "cacm": 0.00031215857909170155, "februari": 2.6211168546225494, "meissner": 8.07215530818825}