{"multiprogram": 4.160132302760104, "machin": 2.918863713690471, "code": 2.948191328784991, "comput": 1.3117406171048218, "organ": 3.5078071167204135, "cacm": 0.00031215857909170155, "april": 2.4231810700270437, "wirth": 5.238941964132033}