{"sabrag": 8.07215530818825, "time": 6.15339587651617, "share": 10.461563488553033, "low": 8.766551708148627, "cost": 7.036556833175418, "comput": 5.246962468419287, "serial": 5.076423034634259, "sabrac": 8.07215530818825, "design": 4.984850964404055, "built": 5.076423034634259, "scientif": 4.9366610922591, "depart": 5.181783550292085, "israel": 8.07215530818825, "defens": 7.379008127628304, "ministri": 8.07215530818825, "locat": 4.140329675463924, "magnet": 5.027632870464827, "drum": 10.255432658043619, "main": 4.029104040353699, "store": 10.586581577754737, "avoid": 4.434569148461864, "need": 3.251873742583213, "resort": 8.07215530818825, "optimum": 4.704859478201776, "program": 2.877673749815746, "techniqu": 2.240272830904733, "increas": 3.6295040516979333, "effici": 2.7108631424788245, "word": 3.7546671946519394, "ferrit": 7.379008127628304, "core": 8.621910384989375, "obey": 7.379008127628304, "transfer": 4.853279483320049, "twin": 7.379008127628304, "paper": 1.9808454261105517, "tape": 4.046803617453101, "input": 3.116328250586989, "output": 3.497444329684867, "channel": 5.769570215194204, "autonom": 16.1443106163765, "concurr": 4.9811128548299335, "multipl": 3.58351893845611, "divis": 4.5168072466988365, "order": 14.65245875842795, "machin": 5.837727427380942, "execut": 6.471746802473543, "simultan": 4.1803350100776235, "function": 2.2610143152115496, "natur": 3.7027074557212285, "interlock": 6.68586094706836, "number": 2.2028583950544753, "advanc": 4.704859478201776, "facil": 3.8977680382926128, "incorpor": 9.033614493397673, "permit": 7.14469127571597, "temporari": 6.126245159132937, "jump": 6.462717395754149, "modifi": 3.8977680382926128, "regist": 5.027632870464827, "doubl": 5.769570215194204, "modif": 4.461237395544026, "gener": 1.8279884075245136, "rel": 4.200954297280359, "address": 3.913272224828578, "subroutin": 4.1209115896068225, "effect": 3.0954215657676754, "speed": 3.823660066138891, "muchhigh": 8.07215530818825, "basic": 3.4181949580307265, "specif": 3.227968221729659, "lead": 4.48863636973214, "expect": 4.334485689904882, "concept": 3.4181949580307265, "cacm": 0.00031215857909170155, "august": 2.3750618216828454, "lehman": 8.07215530818825, "netter": 8.07215530818825, "esh": 8.07215530818825}