{"bound": 3.8380488035909903, "context": 3.913272224828578, "syntact": 4.26549281841793, "analysi": 2.7738379416402132, "cacm": 0.00031215857909170155, "februari": 2.6211168546225494, "floyd": 5.127716329021809}