{"interfer": 17.30871064558261, "multiprocessor": 5.433097978572992, "comput": 2.6234812342096436, "system": 10.90209832121004, "interleav": 6.280395838960195, "memori": 15.68840687528779, "paper": 1.9808454261105517, "analyz": 3.5503667311392095, "caus": 5.58724865840025, "processor": 3.7154464814986583, "simultan": 4.1803350100776235, "modul": 5.181783550292085, "exect": 8.07215530818825, "result": 9.500247286731382, "simpl": 9.02868082548385, "model": 17.98188895772654, "limit": 7.259008103395867, "deriv": 3.2930318150767204, "rel": 4.200954297280359, "degre": 4.222007706478191, "size": 3.427764409046877, "increas": 3.6295040516979333, "behavior": 8.668971379809763, "yield": 4.545794783572089, "approxim": 3.380807425959106, "suggest": 3.399326473726344, "valid": 4.894101477840304, "larger": 4.9366610922591, "class": 3.427764409046877, "includ": 2.7688504001291743, "nearli": 5.299566585948469, "real": 10.52342135016124, "test": 3.0817227214095135, "measur": 3.8380488035909903, "program": 2.877673749815746, "simul": 3.380807425959106, "refer": 3.823660066138891, "provid": 3.015909502839942, "good": 4.6064194053885235, "indic": 5.076423034634259, "perform": 2.8094651192833644, "expect": 4.334485689904882, "type": 3.144901623031045, "cacm": 0.00031215857909170155, "june": 2.3717117347975636, "baskett": 6.97354301952014, "smith": 4.310955192494688}