{"zero": 5.507205950726713, "complex": 3.137681375057558, "polynomi": 3.4087162140761826, "c2": 5.87493073085203, "algorithm": 0.8920854338854537, "a419": 8.07215530818825, "cacm": 0.00031215857909170155, "februari": 2.6211168546225494, "jenkin": 7.379008127628304, "traub": 5.992713766508414}