{"quadrat": 16.09231532125812, "hash": 14.442176310500304, "method": 3.7071103769930414, "tabl": 6.914069582693981, "size": 6.855528818093754, "prime": 14.012873779578284, "number": 8.811433580217901, "previou": 4.434569148461864, "work": 3.344767489475909, "limit": 3.6295040516979333, "mainli": 5.769570215194204, "case": 3.2123429038265776, "result": 2.3750618216828454, "deriv": 3.2930318150767204, "composit": 9.706558966640099, "shown": 2.7940406489577327, "squar": 3.6295040516979333, "compon": 4.26549281841793, "full": 4.545794783572089, "period": 4.77631844218392, "integ": 4.140329675463924, "coeffici": 4.1209115896068225, "function": 2.2610143152115496, "cacm": 0.00031215857909170155, "april": 2.4231810700270437, "batagelj": 8.07215530818825}