{"note": 3.497444329684867, "side": 5.299566585948469, "approxim": 3.380807425959106, "cacm": 0.00031215857909170155, "septemb": 2.546702369056466, "phillip": 6.280395838960195}