{"algorithm": 0.8920854338854537, "approxim": 10.14242227787732, "solut": 8.291662832361135, "wiener": 16.1443106163765, "hopf": 16.1443106163765, "integr": 2.984558972955866, "equat": 6.218621355856685, "explicit": 4.853279483320049, "assum": 8.717166482967883, "classic": 5.238941964132033, "techniqu": 2.240272830904733, "appli": 3.2681342634549932, "fourier": 4.77631844218392, "transform": 3.6654360609239967, "known": 3.7027074557212285, "explicitli": 5.36410510708604, "depend": 3.929020581796717, "posit": 4.1209115896068225, "paramet": 3.7816958670398586, "cacm": 0.00031215857909170155, "novemb": 2.4445341944976127, "stenger": 8.07215530818825}