{"genealog": 8.07215530818825, "control": 20.679130470400466, "structur": 17.316133444329125, "issu": 9.409718956403552, "program": 1.438836874907873, "histori": 5.076423034634259, "heat": 6.68586094706836, "controversi": 8.07215530818825, "put": 5.674260035389879, "solid": 5.674260035389879, "foot": 8.07215530818825, "paper": 1.9808454261105517, "review": 8.97727273946428, "numer": 3.2046208577326674, "theoret": 12.79647845525379, "result": 9.500247286731382, "explor": 10.36356710058417, "practic": 7.235616023869484, "implic": 4.739950798013046, "classic": 5.238941964132033, "bohm": 7.379008127628304, "jacopini": 7.379008127628304, "complet": 3.47703545805366, "discuss": 4.394449154672439, "recent": 3.8977680382926128, "idea": 4.5168072466988365, "includ": 2.7688504001291743, "time": 2.0511319588387233, "space": 3.497444329684867, "limit": 3.6295040516979333, "theorem": 4.5168072466988365, "relat": 3.144901623031045, "rel": 4.200954297280359, "power": 3.7680902149840803, "notion": 5.076423034634259, "equival": 4.434569148461864, "conclus": 4.814058770166768, "impact": 5.076423034634259, "programm": 3.977810745966149, "import": 3.497444329684867, "oper": 2.270036932811187, "abstract": 4.434569148461864, "argu": 5.433097978572992, "insuffici": 8.07215530818825, "evid": 5.076423034634259, "warrant": 8.07215530818825, "variant": 5.238941964132033, "cacm": 0.00031215857909170155, "novemb": 2.4445341944976127, "ledgard": 6.462717395754149, "marcotti": 8.07215530818825}