{"address": 11.739816674485734, "multidimension": 5.87493073085203, "array": 17.337942759619526, "method": 1.8535551884965207, "repres": 3.6062471895336663, "function": 4.522028630423099, "variabl": 3.1093106779283426, "consid": 3.152174382360125, "assum": 4.358583241483942, "valu": 3.7027074557212285, "select": 3.617808011934742, "point": 3.015909502839942, "dimension": 8.487027823398309, "space": 6.994888659369734, "pictur": 4.6064194053885235, "analyst": 6.280395838960195, "element": 11.647501698485474, "exist": 3.572345637857985, "convent": 3.8380488035909903, "storag": 5.4788730298457615, "linear": 3.1818061799664963, "vector": 9.091589567144178, "mean": 3.2201250442686327, "perform": 2.8094651192833644, "transform": 10.99630818277199, "set": 2.554702411723542, "indic": 5.076423034634259, "locat": 8.280659350927849, "subject": 4.160132302760104, "paper": 1.9808454261105517, "note": 3.497444329684867, "index": 4.383275854074314, "comput": 1.3117406171048218, "ident": 5.36410510708604, "convers": 3.867462688797284, "number": 4.405716790108951, "fix": 4.064822122955779, "mix": 4.9811128548299335, "radix": 6.280395838960195, "system": 1.55744261731572, "way": 4.77631844218392, "implement": 2.570897097643523, "cacm": 0.00031215857909170155, "april": 2.4231810700270437, "hellerman": 6.68586094706836}