{"improv": 3.3536564368931554, "martin": 5.992713766508414, "algorithm": 0.8920854338854537, "comput": 1.3117406171048218, "linear": 3.1818061799664963, "preced": 4.814058770166768, "function": 2.2610143152115496, "cacm": 0.00031215857909170155, "octob": 2.4849066497880004, "duong": 8.07215530818825, "kien": 8.07215530818825, "hoffmann": 8.07215530818825, "muth": 7.379008127628304}