{"experi": 6.933970244400317, "formac": 23.970855066033657, "algorithm": 3.5683417355418148, "design": 7.477276446606083, "facet": 7.379008127628304, "implement": 5.141794195287046, "mathemat": 7.259008103395867, "express": 12.63800168980879, "manipul": 6.874852639917228, "discuss": 2.1972245773362196, "concret": 6.97354301952014, "exampl": 3.371674942395834, "provid": 3.015909502839942, "expand": 5.181783550292085, "differenti": 3.929020581796717, "basic": 3.4181949580307265, "util": 3.6901286735143684, "routin": 3.867462688797284, "extract": 5.076423034634259, "skelet": 7.379008127628304, "structur": 2.473733349189875, "recurr": 5.87493073085203, "theme": 7.379008127628304, "need": 3.251873742583213, "avoid": 4.434569148461864, "excess": 6.126245159132937, "intermedi": 5.299566585948469, "swell": 8.07215530818825, "order": 2.93049175168559, "minim": 3.39002408106403, "core": 4.310955192494688, "storag": 2.7394365149228808, "requir": 2.388575540849568, "detail": 3.447182494903979, "present": 1.8221800659287668, "attempt": 4.1209115896068225, "made": 3.2046208577326674, "stress": 5.769570215194204, "principl": 4.5168072466988365, "idea": 4.5168072466988365, "gener": 1.8279884075245136, "relev": 5.027632870464827, "cacm": 0.00031215857909170155, "august": 2.3750618216828454, "tobey": 6.68586094706836}