{"basic": 3.4181949580307265, "cycl": 5.027632870464827, "gener": 1.8279884075245136, "algorithm": 0.8920854338854537, "cacm": 0.00031215857909170155, "gibb": 6.462717395754149}