{"minim": 13.56009632425612, "event": 22.042968310293016, "node": 26.60741489077118, "network": 19.725104615715793, "project": 4.222007706478191, "preced": 14.442176310500304, "relat": 9.434704869093135, "procedur": 5.27686660926802, "construct": 3.189353385601879, "repres": 3.6062471895336663, "set": 5.109404823447084, "parallel": 3.8825005661618244, "activ": 7.955621491932298, "present": 3.6443601318575336, "number": 6.608575185163426, "arc": 6.126245159132937, "minima": 8.07215530818825, "preserv": 5.433097978572992, "counterexampl": 6.97354301952014, "show": 3.641338509344936, "algorithm": 0.8920854338854537, "fisher": 6.126245159132937, "liebman": 7.379008127628304, "nemhaus": 7.379008127628304, "produc": 3.427764409046877, "includ": 2.7688504001291743, "cover": 4.9366610922591, "problem": 1.9651324204459957, "time": 2.0511319588387233, "requir": 2.388575540849568, "grow": 5.127716329021809, "exponenti": 4.1803350100776235, "cacm": 0.00031215857909170155, "corneil": 6.68586094706836, "gotlieb": 5.674260035389879, "lee": 6.280395838960195}