{"convers": 3.867462688797284, "access": 3.6062471895336663, "word": 7.509334389303879, "machin": 5.837727427380942, "lap6": 16.1443106163765, "line": 7.0577210518364915, "system": 3.11488523463144, "run": 3.6777061535158113, "linc": 24.21646592456475, "full": 4.545794783572089, "facil": 3.8977680382926128, "text": 8.166342523247952, "edit": 18.959803192052185, "automat": 3.371674942395834, "file": 13.37172189413672, "mainten": 5.507205950726713, "program": 2.877673749815746, "prepar": 9.15129549344354, "assembl": 4.545794783572089, "focus": 6.462717395754149, "continu": 3.852647603012143, "display": 7.890041846286317, "charact": 3.6654360609239967, "string": 3.7027074557212285, "manuscript": 7.379008127628304, "posit": 4.1209115896068225, "user": 9.164626414119978, "simpli": 5.36410510708604, "ad": 4.408593662058603, "delet": 5.181783550292085, "work": 3.344767489475909, "directli": 4.408593662058603, "elast": 8.07215530818825, "scroll": 16.1443106163765, "featur": 3.399326473726344, "uniform": 4.853279483320049, "command": 4.57564774672177, "set": 2.554702411723542, "augment": 5.507205950726713, "small": 7.189636987420086, "aid": 4.029104040353699, "design": 7.477276446606083, "provid": 3.015909502839942, "scope": 5.433097978572992, "premark": 8.07215530818825, "randomli": 6.280395838960195, "address": 3.913272224828578, "tape": 12.140410852359302, "standard": 3.1023420086122493, "item": 4.287965674269989, "environ": 3.7680902149840803, "similar": 7.590978378344389, "sophist": 5.076423034634259, "termin": 4.101863394636128, "logic": 3.6062471895336663, "disk": 4.704859478201776, "prioriti": 5.299566585948469, "effici": 2.7108631424788245, "algorithm": 0.8920854338854537, "minim": 3.39002408106403, "limit": 3.6295040516979333, "memori": 3.137681375057558, "techniqu": 2.240272830904733, "develop": 2.4267084105450123, "handl": 3.7154464814986583, "layer": 6.68586094706836, "structur": 2.473733349189875, "outlin": 4.160132302760104, "peopl": 5.507205950726713, "countri": 8.07215530818825, "strongli": 5.769570215194204, "influenc": 5.433097978572992, "perform": 2.8094651192833644, "criteria": 4.57564774672177, "establish": 4.408593662058603, "interview": 7.379008127628304, "held": 5.769570215194204, "specif": 3.227968221729659, "period": 4.77631844218392, "cacm": 0.00031215857909170155, "juli": 2.3683728335320486, "wilk": 6.68586094706836}