{"sard": 16.1443106163765, "kernel": 18.378735477398813, "bivari": 12.925434791508298, "cubatur": 16.1443106163765, "error": 3.0482747873419735, "analysi": 2.7738379416402132, "remaind": 5.87493073085203, "obtain": 3.116328250586989, "numer": 3.2046208577326674, "result": 2.3750618216828454, "comput": 1.3117406171048218, "graph": 4.029104040353699, "function": 2.2610143152115496, "cacm": 0.00031215857909170155, "septemb": 2.546702369056466, "barnhil": 8.07215530818825, "pilcher": 8.07215530818825}