{"binomi": 6.280395838960195, "coeffici": 4.1209115896068225, "algorithm": 0.8920854338854537, "cacm": 0.00031215857909170155, "june": 2.3717117347975636, "steck": 8.07215530818825}