{"anomali": 12.56079167792039, "disk": 14.114578434605328, "schedul": 15.911242983864597, "comparison": 3.6901286735143684, "fcf": 16.1443106163765, "sstf": 16.1443106163765, "seek": 12.56079167792039, "empir": 4.358583241483942, "model": 8.99094447886327, "access": 7.212494379067333, "base": 2.701517280060587, "publish": 4.6064194053885235, "measur": 3.8380488035909903, "develop": 2.4267084105450123, "show": 3.641338509344936, "highli": 4.638168103703103, "probabl": 4.222007706478191, "condit": 3.39002408106403, "superior": 4.77631844218392, "sens": 4.739950798013046, "lower": 5.238941964132033, "mean": 3.2201250442686327, "queue": 4.894101477840304, "length": 3.7954891891721947, "simpl": 3.009560275161283, "arriv": 5.36410510708604, "sequenc": 3.6654360609239967, "illustr": 3.47703545805366, "present": 1.8221800659287668, "cacm": 0.00031215857909170155, "januari": 2.6297375976664563, "wilhelm": 8.07215530818825}