{"clp": 22.137024382884913, "cornel": 14.758016255256608, "list": 6.378706771203758, "processor": 3.7154464814986583, "present": 1.8221800659287668, "paper": 1.9808454261105517, "highlight": 6.126245159132937, "teach": 5.181783550292085, "languag": 2.1750014405515095, "employ": 3.913272224828578, "univers": 3.9946178642825303, "construct": 3.189353385601879, "serv": 4.57564774672177, "mean": 3.2201250442686327, "introduc": 3.8380488035909903, "simul": 3.380807425959106, "process": 2.1750014405515095, "concept": 3.4181949580307265, "advantag": 3.7027074557212285, "discuss": 2.1972245773362196, "exampl": 3.371674942395834, "cacm": 0.00031215857909170155, "april": 2.4231810700270437, "conway": 5.769570215194204, "delfauss": 8.07215530818825, "maxwel": 6.68586094706836, "walker": 6.68586094706836}