{"case": 3.2123429038265776, "studi": 3.227968221729659, "program": 10.071858124355112, "parallel": 15.530002264647297, "processor": 48.30080425948256, "affirm": 7.379008127628304, "partial": 4.287965674269989, "answer": 4.9366610922591, "provid": 3.015909502839942, "question": 4.140329675463924, "comput": 3.9352218513144654, "system": 6.22977046926288, "effici": 5.421726284957649, "decreas": 10.055265740929654, "execut": 12.943493604947086, "time": 12.30679175303234, "problem": 7.860529681783983, "multiprocessor": 5.433097978572992, "simultan": 4.1803350100776235, "separ": 4.2435139116991545, "task": 8.444015412956382, "singl": 7.509334389303879, "job": 4.6064194053885235, "cooper": 11.74986146170406, "solut": 16.58332566472227, "independ": 7.618950862293869, "instruct": 3.867462688797284, "counter": 5.992713766508414, "mean": 6.440250088537265, "commun": 3.7154464814986583, "data": 4.333586920267359, "storag": 2.7394365149228808, "share": 3.4871878295176777, "determin": 3.009560275161283, "distribut": 3.497444329684867, "electr": 6.68586094706836, "network": 3.9450209231431583, "written": 3.728349886334566, "simul": 6.761614851918212, "gather": 6.97354301952014, "run": 3.6777061535158113, "demonstr": 4.0117122976418305, "typic": 4.461237395544026, "larg": 2.8791984572980396, "class": 3.427764409046877, "import": 3.497444329684867, "shown": 2.7940406489577327, "proper": 5.076423034634259, "appli": 3.2681342634549932, "approach": 3.1743155082373384, "improp": 6.68586094706836, "actual": 4.287965674269989, "lead": 4.48863636973214, "increas": 3.6295040516979333, "number": 2.2028583950544753, "stabil": 5.58724865840025, "method": 1.8535551884965207, "investig": 4.26549281841793, "cacm": 0.00031215857909170155, "decemb": 2.4626835130032902, "rosenfeld": 6.280395838960195}