{"logarithm": 5.181783550292085, "gamma": 4.814058770166768, "function": 2.2610143152115496, "algorithm": 0.8920854338854537, "s14": 5.027632870464827, "cacm": 0.00031215857909170155, "septemb": 2.546702369056466, "pike": 5.433097978572992, "hill": 4.814058770166768}