{"term": 3.2763647625915087, "magic": 5.87493073085203, "squar": 3.6295040516979333, "algorithm": 0.8920854338854537, "cacm": 0.00031215857909170155, "decemb": 2.4626835130032902, "collison": 5.992713766508414}