{"fli": 6.97354301952014, "garbag": 10.255432658043619, "collect": 8.444015412956382, "exercis": 5.992713766508414, "cooper": 11.74986146170406, "sequenti": 4.5168072466988365, "process": 2.1750014405515095, "mutual": 5.238941964132033, "interfer": 5.769570215194204, "despit": 6.280395838960195, "frequent": 4.5168072466988365, "manipul": 3.437426319958614, "larg": 2.8791984572980396, "share": 3.4871878295176777, "data": 2.1667934601336793, "space": 3.497444329684867, "techniqu": 2.240272830904733, "develop": 2.4267084105450123, "nearli": 5.299566585948469, "activ": 3.977810745966149, "need": 3.251873742583213, "detect": 4.310955192494688, "perform": 2.8094651192833644, "addit": 3.318565117081885, "processor": 7.430892962997317, "oper": 2.270036932811187, "con": 6.68586094706836, "devot": 5.674260035389879, "comput": 1.3117406171048218, "proper": 5.076423034634259, "exclus": 5.433097978572992, "synchron": 5.181783550292085, "constraint": 4.358583241483942, "weak": 5.674260035389879, "achiev": 3.7954891891721947, "sever": 6.280395838960195, "complex": 3.137681375057558, "engend": 8.07215530818825, "illustr": 3.47703545805366, "cacm": 0.00031215857909170155, "novemb": 2.4445341944976127, "dijkstra": 5.238941964132033, "lamport": 5.992713766508414, "martin": 5.992713766508414, "scholten": 8.07215530818825, "steffen": 8.07215530818825}