{"note": 3.497444329684867, "hash": 4.814058770166768, "link": 4.358583241483942, "cacm": 0.00031215857909170155, "juli": 2.3683728335320486, "bobrow": 5.87493073085203}