{"technolog": 9.033614493397673, "comput": 6.558703085524109, "center": 9.341915853052189, "manag": 12.140410852359302, "propos": 5.814738668529472, "cours": 22.4431818486607, "graduat": 20.955767856528134, "profession": 20.110531481859308, "program": 5.755347499631492, "scienc": 7.955621491932298, "inform": 10.25106788624109, "system": 6.22977046926288, "mcfarlan": 7.379008127628304, "nolan": 6.462717395754149, "made": 3.2046208577326674, "strong": 5.58724865840025, "case": 3.2123429038265776, "ad": 4.408593662058603, "administr": 5.299566585948469, "acm": 4.358583241483942, "curriculum": 5.127716329021809, "committe": 4.853279483320049, "educ": 4.287965674269989, "paper": 1.9808454261105517, "report": 3.4669851222001586, "entitl": 7.379008127628304, "offer": 4.77631844218392, "purdu": 6.68586094706836, "past": 5.299566585948469, "year": 4.160132302760104, "suitabl": 4.1803350100776235, "cacm": 0.00031215857909170155, "juli": 2.3683728335320486, "cont": 6.280395838960195, "halstead": 6.462717395754149}