{"storag": 2.7394365149228808, "effici": 2.7108631424788245, "represent": 3.5503667311392095, "decim": 15.383148987065429, "data": 2.1667934601336793, "digit": 13.172127260306882, "repres": 3.6062471895336663, "bit": 15.911242983864597, "comput": 1.3117406171048218, "actual": 4.287965674269989, "bcd": 12.925434791508298, "compress": 16.76174597520075, "optim": 3.1743155082373384, "revers": 5.299566585948469, "simpl": 6.019120550322566, "algorithm": 0.8920854338854537, "base": 2.701517280060587, "fix": 4.064822122955779, "length": 11.386467567516585, "combin": 3.5612958016714, "variabl": 3.1093106779283426, "field": 3.9946178642825303, "encod": 5.127716329021809, "half": 4.739950798013046, "case": 3.2123429038265776, "code": 5.896382657569982, "result": 4.750123643365691, "convent": 3.8380488035909903, "remov": 4.9811128548299335, "redund": 4.9811128548299335, "long": 4.638168103703103, "messag": 5.127716329021809, "subdivid": 6.68586094706836, "block": 3.929020581796717, "separ": 4.2435139116991545, "differ": 3.977810745966149, "asymptot": 5.433097978572992, "minimum": 4.1209115896068225, "percent": 4.814058770166768, "hardwar": 3.8825005661618244, "requir": 2.388575540849568, "small": 3.594818493710043, "map": 4.358583241483942, "manual": 6.68586094706836, "cacm": 0.00031215857909170155, "januari": 2.6297375976664563, "chi": 6.462717395754149, "chen": 7.379008127628304, "ho": 6.97354301952014}