{"axiomat": 6.280395838960195, "basi": 4.029104040353699, "comput": 3.9352218513144654, "program": 4.31651062472362, "paper": 1.9808454261105517, "attempt": 4.1209115896068225, "made": 3.2046208577326674, "explor": 5.181783550292085, "logic": 3.6062471895336663, "foundat": 5.992713766508414, "techniqu": 2.240272830904733, "appli": 3.2681342634549932, "studi": 3.227968221729659, "geometri": 6.97354301952014, "later": 5.58724865840025, "extend": 3.8977680382926128, "branch": 5.58724865840025, "mathemat": 3.6295040516979333, "involv": 3.4570347913469903, "elucid": 7.379008127628304, "set": 2.554702411723542, "axiom": 12.252490318265874, "rule": 6.95407091610732, "infer": 5.36410510708604, "proof": 8.360670020155247, "properti": 3.5395558150349937, "exampl": 3.371674942395834, "formal": 3.728349886334566, "simpl": 3.009560275161283, "theorem": 4.5168072466988365, "display": 3.9450209231431583, "final": 3.7680902149840803, "argu": 5.433097978572992, "import": 3.497444329684867, "advantag": 3.7027074557212285, "theoret": 4.26549281841793, "practic": 3.617808011934742, "follow": 6.126245159132937, "pursuanc": 8.07215530818825, "topic": 5.299566585948469, "cacm": 0.00031215857909170155, "octob": 2.4849066497880004, "hoar": 5.299566585948469}