{"level": 9.80440279036498, "languag": 13.050008643309056, "portabl": 13.37172189413672, "softwar": 11.787061745390151, "increas": 3.6295040516979333, "amount": 4.1803350100776235, "implement": 2.570897097643523, "form": 3.0954215657676754, "popular": 6.126245159132937, "accomplish": 4.638168103703103, "encod": 5.127716329021809, "special": 3.5395558150349937, "design": 4.984850964404055, "machin": 8.756591141071414, "independ": 7.618950862293869, "map": 4.358583241483942, "macro": 4.853279483320049, "processor": 3.7154464814986583, "assembl": 4.545794783572089, "desir": 4.140329675463924, "object": 3.380807425959106, "key": 4.064822122955779, "factor": 3.852647603012143, "oper": 2.270036932811187, "paper": 1.9808454261105517, "discuss": 2.1972245773362196, "rel": 4.200954297280359, "merit": 5.433097978572992, "pitch": 7.379008127628304, "high": 3.6777061535158113, "low": 4.383275854074314, "present": 1.8221800659287668, "compar": 3.227968221729659, "result": 2.3750618216828454, "cacm": 0.00031215857909170155, "decemb": 2.4626835130032902, "brown": 5.027632870464827}