{"storag": 13.697182574614404, "organ": 3.5078071167204135, "program": 10.071858124355112, "system": 6.22977046926288, "data": 8.667173840534717, "represent": 3.5503667311392095, "rice": 13.37172189413672, "univers": 3.9946178642825303, "comput": 1.3117406171048218, "year": 4.160132302760104, "logic": 3.6062471895336663, "entiti": 5.992713766508414, "occupi": 6.280395838960195, "block": 15.716082327186868, "consecut": 5.87493073085203, "memori": 6.275362750115116, "locat": 4.140329675463924, "label": 15.7168258923961, "codeword": 13.94708603904028, "vector": 4.545794783572089, "turn": 5.181783550292085, "form": 3.0954215657676754, "array": 4.334485689904882, "arrang": 4.9366610922591, "discuss": 2.1972245773362196, "realiz": 5.027632870464827, "advantag": 3.7027074557212285, "simplic": 5.433097978572992, "address": 3.913272224828578, "flexibl": 4.26549281841793, "structur": 2.473733349189875, "effici": 2.7108631424788245, "util": 3.6901286735143684, "variabl": 3.1093106779283426, "composit": 4.853279483320049, "execut": 3.2358734012367716, "mean": 3.2201250442686327, "linkag": 5.769570215194204, "basi": 8.058208080707399, "protect": 4.704859478201776, "applic": 2.481168327677393, "extend": 3.8977680382926128, "area": 3.867462688797284, "time": 2.0511319588387233, "share": 3.4871878295176777, "multimedia": 8.07215530818825, "control": 2.954161495771495, "experi": 3.4669851222001586, "idea": 4.5168072466988365, "extens": 3.3359568597937543, "present": 1.8221800659287668, "cacm": 0.00031215857909170155, "novemb": 2.4445341944976127, "jodeit": 8.07215530818825}