{"analysi": 2.7738379416402132, "inlin": 24.21646592456475, "substitut": 16.299293935718975, "structur": 4.94746669837975, "program": 5.755347499631492, "languag": 4.350002881103019, "optim": 9.522946524712015, "techniqu": 2.240272830904733, "known": 3.7027074557212285, "analyz": 3.5503667311392095, "consist": 3.823660066138891, "replac": 4.739950798013046, "procedur": 7.915299913902031, "invoc": 6.97354301952014, "modifi": 3.8977680382926128, "copi": 5.58724865840025, "bodi": 5.87493073085203, "gener": 1.8279884075245136, "problem": 1.9651324204459957, "minim": 3.39002408106403, "execut": 6.471746802473543, "time": 6.15339587651617, "subject": 4.160132302760104, "size": 6.855528818093754, "constrain": 5.58724865840025, "ts": 5.769570215194204, "formul": 4.545794783572089, "approxim": 3.380807425959106, "algorithm": 1.7841708677709074, "solut": 2.763887610787045, "propos": 2.907369334264736, "depend": 3.929020581796717, "run": 3.6777061535158113, "statist": 3.867462688797284, "preliminari": 5.076423034634259, "result": 4.750123643365691, "clu": 7.379008127628304, "low": 4.383275854074314, "degre": 4.222007706478191, "recurs": 3.913272224828578, "percent": 4.814058770166768, "call": 3.4087162140761826, "elimin": 4.064822122955779, "increas": 3.6295040516979333, "compil": 3.074943034424135, "code": 2.948191328784991, "small": 3.594818493710043, "save": 4.739950798013046, "conclus": 4.814058770166768, "base": 2.701517280060587, "present": 1.8221800659287668, "cacm": 0.00031215857909170155, "septemb": 2.546702369056466, "scheifler": 8.07215530818825}