{"algorithm": 1.7841708677709074, "probabl": 8.444015412956382, "union": 11.74986146170406, "larg": 2.8791984572980396, "number": 2.2028583950544753, "event": 8.817187324117207, "present": 1.8221800659287668, "effici": 2.7108631424788245, "evalu": 6.275362750115116, "independ": 3.8094754311469345, "mutual": 5.238941964132033, "exclus": 5.433097978572992, "problem": 1.9651324204459957, "sum": 4.545794783572089, "product": 3.9946178642825303, "combin": 3.5612958016714, "variabl": 3.1093106779283426, "minimum": 4.1209115896068225, "time": 2.0511319588387233, "storag": 2.7394365149228808, "space": 3.497444329684867, "cacm": 0.00031215857909170155, "septemb": 2.546702369056466, "miller": 6.462717395754149}