{"ativ": 7.379008127628304, "algorithm": 0.8920854338854537, "e4": 5.433097978572992, "cacm": 0.00031215857909170155, "march": 2.546702369056466, "wasscher": 6.68586094706836}