{"copi": 22.348994633601, "cyclic": 5.87493073085203, "list": 6.378706771203758, "structur": 4.94746669837975, "linear": 6.363612359932993, "time": 8.204527835354893, "bound": 11.514146410772971, "workspac": 19.38815218726245, "algorithm": 3.5683417355418148, "arbitrari": 4.160132302760104, "oper": 2.270036932811187, "requir": 2.388575540849568, "tag": 17.97814129952524, "bit": 7.955621491932298, "previou": 4.434569148461864, "achiev": 3.7954891891721947, "log": 4.9811128548299335, "restrict": 4.160132302760104, "contigu": 6.126245159132937, "section": 4.853279483320049, "memori": 3.137681375057558, "method": 1.8535551884965207, "applic": 2.481168327677393, "fix": 4.064822122955779, "variabl": 3.1093106779283426, "size": 3.427764409046877, "node": 4.434569148461864, "cacm": 0.00031215857909170155, "fisher": 6.126245159132937}