{"magic": 5.87493073085203, "squar": 3.6295040516979333, "algorithm": 0.8920854338854537, "cacm": 0.00031215857909170155, "januari": 2.6297375976664563, "naur": 5.127716329021809}