{"simpson": 5.299566585948469, "rule": 3.47703545805366, "integr": 2.984558972955866, "algorithm": 0.8920854338854537, "cacm": 0.00031215857909170155, "june": 2.3717117347975636, "kuncir": 8.07215530818825}