{"revers": 5.299566585948469, "execut": 3.2358734012367716, "cacm": 0.00031215857909170155, "septemb": 2.546702369056466, "zelkowitz": 7.379008127628304}