{"adapt": 4.434569148461864, "quadratur": 4.638168103703103, "procedur": 2.63843330463401, "random": 3.6062471895336663, "panel": 6.462717395754149, "size": 3.427764409046877, "algorithm": 0.8920854338854537, "d1": 4.545794783572089, "cacm": 0.00031215857909170155, "june": 2.3717117347975636, "gallah": 7.379008127628304}