{"logic": 10.818741568600998, "semant": 21.439828371349947, "network": 15.780083692572633, "extend": 7.7955360765852255, "form": 6.190843131535351, "defin": 3.1595004224521976, "regard": 9.55263688436784, "syntact": 4.26549281841793, "variant": 5.238941964132033, "clausal": 8.07215530818825, "virtu": 6.280395838960195, "relationship": 4.222007706478191, "provid": 6.031819005679884, "precis": 4.064822122955779, "infer": 5.36410510708604, "rule": 3.47703545805366, "procedur": 2.63843330463401, "interpret": 4.222007706478191, "hand": 4.894101477840304, "abstract": 4.434569148461864, "data": 2.1667934601336793, "structur": 2.473733349189875, "represent": 3.5503667311392095, "claus": 6.68586094706836, "theorem": 4.5168072466988365, "prover": 6.97354301952014, "potenti": 4.6709579265260945, "index": 4.383275854074314, "scheme": 3.518278416587709, "path": 4.48863636973214, "strategi": 4.6709579265260945, "guid": 5.127716329021809, "search": 3.47703545805366, "proof": 4.1803350100776235, "cacm": 0.00031215857909170155, "march": 2.546702369056466, "deliyanni": 8.07215530818825, "kowalski": 7.379008127628304}