{"restrict": 4.160132302760104, "partit": 4.358583241483942, "gener": 1.8279884075245136, "algorithm": 0.8920854338854537, "a1": 4.894101477840304, "cacm": 0.00031215857909170155, "februari": 2.6211168546225494, "white": 6.280395838960195}