{"syntax": 8.058208080707399, "direct": 7.16703787691222, "document": 21.792916207419708, "pl": 15.383148987065429, "languag": 2.1750014405515095, "phrase": 10.477883928264067, "structur": 9.8949333967595, "grammar": 4.1209115896068225, "concret": 6.97354301952014, "basi": 4.029104040353699, "illustr": 3.47703545805366, "idea": 9.033614493397673, "call": 3.4087162140761826, "program": 5.755347499631492, "defin": 3.1595004224521976, "formal": 3.728349886334566, "syntact": 8.53098563683586, "type": 6.28980324606209, "identifi": 4.140329675463924, "result": 4.750123643365691, "trigger": 7.379008127628304, "automat": 6.743349884791668, "format": 4.1803350100776235, "question": 4.140329675463924, "programm": 7.955621491932298, "answer": 4.9366610922591, "part": 3.371674942395834, "provid": 3.015909502839942, "storag": 2.7394365149228808, "retriev": 3.594818493710043, "facil": 3.8977680382926128, "want": 6.68586094706836, "understand": 4.704859478201776, "modifi": 3.8977680382926128, "access": 3.6062471895336663, "cross": 5.769570215194204, "index": 4.383275854074314, "way": 4.77631844218392, "object": 3.380807425959106, "small": 3.594818493710043, "found": 3.852647603012143, "literatur": 4.894101477840304, "work": 3.344767489475909, "cacm": 0.00031215857909170155, "april": 2.4231810700270437, "mill": 6.68586094706836}