{"binomi": 6.280395838960195, "coeffici": 4.1209115896068225, "algorithm": 0.8920854338854537, "cacm": 0.00031215857909170155, "august": 2.3750618216828454, "georg": 5.36410510708604}