{"locat": 4.140329675463924, "vector": 4.545794783572089, "lexicograph": 5.674260035389879, "order": 2.93049175168559, "listalgorithm": 8.07215530818825, "cacm": 0.00031215857909170155, "februari": 2.6211168546225494, "walter": 6.68586094706836}