{"remark": 4.57564774672177, "uniform": 4.853279483320049, "insert": 4.9366610922591, "structur": 4.94746669837975, "data": 2.1667934601336793, "cacm": 0.00031215857909170155, "april": 2.4231810700270437, "holland": 8.07215530818825}