{"algorithm": 5.352512603312722, "bound": 7.676097607181981, "greatest": 11.348520070779758, "common": 7.890041846286317, "divisor": 10.866195957145983, "integ": 16.561318701855697, "version": 4.461237395544026, "euclidean": 14.758016255256608, "find": 3.58351893845611, "multipli": 11.74986146170406, "gcd": 8.07215530818825, "present": 3.6443601318575336, "number": 6.608575185163426, "arithmet": 3.6901286735143684, "oper": 2.270036932811187, "storag": 2.7394365149228808, "locat": 4.140329675463924, "linear": 3.1818061799664963, "theorem": 4.5168072466988365, "lame": 8.07215530818825, "iter": 4.046803617453101, "extend": 3.8977680382926128, "case": 3.2123429038265776, "construct": 3.189353385601879, "minim": 3.39002408106403, "set": 2.554702411723542, "fortran": 3.2681342634549932, "program": 1.438836874907873, "appear": 4.48863636973214, "comm": 5.769570215194204, "acm": 4.358583241483942, "cacm": 0.00031215857909170155, "juli": 2.3683728335320486, "bradley": 7.379008127628304}