{"empir": 4.358583241483942, "work": 13.379069957903637, "set": 7.6641072351706265, "behavior": 8.668971379809763, "model": 2.996981492954423, "program": 2.877673749815746, "propos": 2.907369334264736, "recent": 3.8977680382926128, "year": 4.160132302760104, "basi": 4.029104040353699, "design": 2.4924254822020275, "schedul": 3.977810745966149, "page": 3.9612814440149386, "algorithm": 0.8920854338854537, "word": 3.7546671946519394, "commonli": 5.127716329021809, "encount": 5.076423034634259, "literatur": 4.894101477840304, "deal": 4.461237395544026, "resourc": 4.287965674269989, "alloc": 3.6295040516979333, "dearth": 8.07215530818825, "publish": 4.6064194053885235, "data": 2.1667934601336793, "measur": 3.8380488035909903, "hope": 6.462717395754149, "worker": 6.280395838960195, "field": 3.9946178642825303, "find": 3.58351893845611, "experiment": 3.867462688797284, "evid": 5.076423034634259, "substanti": 4.6709579265260945, "base": 2.701517280060587, "theoret": 4.26549281841793, "cacm": 0.00031215857909170155, "septemb": 2.546702369056466, "rodriguez": 6.462717395754149, "rosel": 7.379008127628304}