{"program": 2.877673749815746, "analysi": 5.5476758832804265, "varianc": 9.962225709659867, "sequenc": 3.6654360609239967, "oper": 6.810110798433561, "isomorph": 6.97354301952014, "map": 13.075749724451825, "special": 3.5395558150349937, "calculu": 11.014411901453427, "develop": 2.4267084105450123, "hartley": 7.379008127628304, "scheme": 7.036556833175418, "found": 3.852647603012143, "effici": 2.7108631424788245, "multifactor": 7.379008127628304, "experi": 3.4669851222001586, "detail": 3.447182494903979, "cacm": 0.00031215857909170155, "juli": 2.3683728335320486, "peng": 7.379008127628304}