{"equival": 4.434569148461864, "graph": 4.029104040353699, "context": 3.913272224828578, "free": 3.913272224828578, "grammar": 4.1209115896068225, "cacm": 0.00031215857909170155, "juli": 2.3683728335320486, "hall": 5.87493073085203}