{"perturb": 18.378735477398813, "eigenvalu": 14.442176310500304, "non": 4.638168103703103, "normal": 7.858041163593434, "matric": 11.787061745390151, "problem": 1.9651324204459957, "consid": 3.152174382360125, "give": 4.287965674269989, "bound": 11.514146410772971, "finit": 4.2435139116991545, "simpl": 3.009560275161283, "multipl": 3.58351893845611, "nonnorm": 8.07215530818825, "term": 6.552729525183017, "departur": 7.379008127628304, "frobeniu": 8.07215530818825, "norm": 5.769570215194204, "matrix": 3.137681375057558, "eigen": 6.68586094706836, "system": 1.55744261731572, "deriv": 3.2930318150767204, "shown": 2.7940406489577327, "attain": 5.992713766508414, "set": 2.554702411723542, "cacm": 0.00031215857909170155, "januari": 2.6297375976664563, "van": 5.36410510708604, "der": 6.97354301952014, "slui": 7.379008127628304}