{"method": 1.8535551884965207, "syntax": 4.029104040353699, "specif": 3.227968221729659, "cacm": 0.00031215857909170155, "octob": 2.4849066497880004, "iverson": 7.379008127628304}