{"comparison": 7.380257347028737, "hardwar": 19.41250283080912, "softwar": 7.858041163593434, "associ": 23.52429739100888, "memori": 12.550725500230232, "context": 3.913272224828578, "comput": 2.6234812342096436, "graphic": 4.2435139116991545, "process": 4.350002881103019, "line": 10.586581577754737, "draw": 10.866195957145983, "apld": 16.1443106163765, "system": 1.55744261731572, "util": 3.6901286735143684, "creat": 4.408593662058603, "modifi": 3.8977680382926128, "delet": 5.181783550292085, "store": 3.5288605259182457, "retriev": 3.594818493710043, "dimension": 4.2435139116991545, "consist": 3.823660066138891, "poin": 5.87493073085203, "ts": 5.769570215194204, "rectangl": 6.97354301952014, "triangl": 6.97354301952014, "function": 2.2610143152115496, "duplic": 7.379008127628304, "tx": 7.379008127628304, "lincoln": 6.97354301952014, "laboratori": 4.9811128548299335, "leap": 8.07215530818825, "languag": 2.1750014405515095, "data": 2.1667934601336793, "structur": 2.473733349189875, "approach": 3.1743155082373384, "simul": 3.380807425959106, "illustr": 3.47703545805366, "advantag": 3.7027074557212285, "area": 7.734925377594568, "speed": 3.823660066138891, "storag": 2.7394365149228808, "requir": 2.388575540849568, "flexibl": 4.26549281841793, "major": 3.867462688797284, "problem": 1.9651324204459957, "technolog": 4.5168072466988365, "input": 3.116328250586989, "output": 3.497444329684867, "cost": 3.518278416587709, "effect": 3.0954215657676754, "address": 3.913272224828578, "cacm": 0.00031215857909170155, "stillman": 8.07215530818825, "berra": 8.07215530818825}