{"multiprogram": 4.160132302760104, "machin": 5.837727427380942, "code": 2.948191328784991, "comput": 2.6234812342096436, "organ": 7.015614233440827, "author": 4.287965674269989, "feel": 6.462717395754149, "interrupt": 11.014411901453427, "featur": 3.399326473726344, "modern": 5.992713766508414, "potent": 8.07215530818825, "sourc": 4.101863394636128, "program": 7.194184374539365, "pitfal": 6.68586094706836, "error": 3.0482747873419735, "heavili": 6.68586094706836, "contribut": 5.181783550292085, "unreli": 6.280395838960195, "make": 3.380807425959106, "scheme": 7.036556833175418, "present": 3.6443601318575336, "avoid": 4.434569148461864, "concept": 3.4181949580307265, "permit": 3.572345637857985, "specif": 3.227968221729659, "concurr": 9.962225709659867, "pseudoconcurr": 8.07215530818825, "activ": 7.955621491932298, "supposedli": 7.379008127628304, "perspicu": 7.379008127628304, "manner": 4.6064194053885235, "intend": 4.894101477840304, "serv": 4.57564774672177, "basi": 4.029104040353699, "construct": 3.189353385601879, "oper": 2.270036932811187, "system": 3.11488523463144, "prime": 4.6709579265260945, "exampl": 3.371674942395834, "includ": 2.7688504001291743, "set": 5.109404823447084, "basic": 3.4181949580307265, "instruct": 11.602388066391851, "gener": 1.8279884075245136, "termin": 4.101863394636128, "synchron": 5.181783550292085, "parallel": 3.8825005661618244, "process": 2.1750014405515095, "routin": 3.867462688797284, "repres": 3.6062471895336663, "simul": 3.380807425959106, "hypothet": 6.126245159132937, "implement": 2.570897097643523, "test": 3.0817227214095135, "ibm": 3.518278416587709, "written": 3.728349886334566, "pl360": 8.07215530818825, "cacm": 0.00031215857909170155, "septemb": 2.546702369056466, "wirth": 5.238941964132033}