{"product": 7.989235728565061, "employ": 7.826544449657156, "ph": 16.76174597520075, "comput": 2.6234812342096436, "scienc": 7.955621491932298, "statist": 3.867462688797284, "present": 1.8221800659287668, "calendar": 12.56079167792039, "year": 8.320264605520208, "data": 4.333586920267359, "includ": 2.7688504001291743, "profil": 6.97354301952014, "graduat": 5.238941964132033, "student": 4.310955192494688, "faculti": 6.126245159132937, "produc": 3.427764409046877, "depart": 5.181783550292085, "breakdown": 6.97354301952014, "degre": 4.222007706478191, "grant": 5.87493073085203, "specialti": 8.07215530818825, "area": 3.867462688797284, "signific": 3.929020581796717, "trend": 5.87493073085203, "note": 3.497444329684867, "comparison": 3.6901286735143684, "compar": 3.227968221729659, "gather": 6.97354301952014, "made": 3.2046208577326674, "cacm": 0.00031215857909170155, "june": 2.3717117347975636, "taulbe": 6.68586094706836, "cont": 6.280395838960195}