{"comput": 3.9352218513144654, "element": 3.8825005661618244, "invers": 7.734925377594568, "spars": 5.507205950726713, "matrix": 6.275362750115116, "recurs": 3.913272224828578, "algorithm": 1.7841708677709074, "lu": 6.280395838960195, "factor": 3.852647603012143, "base": 2.701517280060587, "relationship": 8.444015412956382, "takahashi": 8.07215530818825, "al": 6.462717395754149, "examin": 3.641338509344936, "formula": 4.0117122976418305, "depend": 3.929020581796717, "deriv": 3.2930318150767204, "cost": 3.518278416587709, "develop": 2.4267084105450123, "gener": 1.8279884075245136, "comment": 4.064822122955779, "applic": 2.481168327677393, "stabil": 5.58724865840025, "made": 3.2046208577326674, "cacm": 0.00031215857909170155, "march": 2.546702369056466, "erisman": 8.07215530818825, "tinney": 8.07215530818825}