{"eliza": 34.8677150976007, "comput": 2.6234812342096436, "program": 2.877673749815746, "studi": 3.227968221729659, "ofnatur": 8.07215530818825, "languag": 4.350002881103019, "commun": 3.7154464814986583, "man": 9.479901596026092, "machin": 2.918863713690471, "oper": 2.270036932811187, "mac": 8.07215530818825, "time": 2.0511319588387233, "share": 3.4871878295176777, "system": 1.55744261731572, "mit": 6.126245159132937, "make": 3.380807425959106, "kind": 4.408593662058603, "natur": 3.7027074557212285, "convers": 3.867462688797284, "input": 6.232656501173978, "sentenc": 4.853279483320049, "analyz": 3.5503667311392095, "basi": 4.029104040353699, "decomposit": 10.36356710058417, "rule": 10.431106374160981, "trigger": 7.379008127628304, "key": 12.194466368867339, "word": 11.264001583955817, "appear": 4.48863636973214, "text": 4.083171261623976, "respons": 8.922474791088051, "gener": 3.6559768150490273, "reassembl": 7.379008127628304, "select": 3.617808011934742, "fundament": 5.076423034634259, "technic": 5.127716329021809, "problem": 1.9651324204459957, "concern": 3.9612814440149386, "identif": 5.238941964132033, "discoveri": 6.68586094706836, "minim": 3.39002408106403, "context": 3.913272224828578, "choic": 4.57564774672177, "transform": 3.6654360609239967, "absenc": 6.126245159132937, "provis": 5.58724865840025, "edit": 4.739950798013046, "capabl": 3.8094754311469345, "script": 7.379008127628304, "discuss": 2.1972245773362196, "psycholog": 6.462717395754149, "issu": 4.704859478201776, "relev": 5.027632870464827, "approach": 3.1743155082373384, "futur": 4.222007706478191, "develop": 2.4267084105450123, "conclud": 4.814058770166768, "paper": 1.9808454261105517, "cacm": 0.00031215857909170155, "januari": 2.6297375976664563, "weizenbaum": 6.126245159132937}