{"mutual": 5.238941964132033, "recurs": 3.913272224828578, "algol": 3.243841570885949, "restrict": 4.160132302760104, "compil": 3.074943034424135, "cacm": 0.00031215857909170155, "januari": 2.6297375976664563, "atkin": 8.07215530818825}