{"linear": 3.1818061799664963, "siev": 6.462717395754149, "algorithm": 3.5683417355418148, "find": 10.75055681536833, "prime": 14.012873779578284, "number": 2.2028583950544753, "present": 3.6443601318575336, "execut": 3.2358734012367716, "time": 6.15339587651617, "proport": 10.152846069268518, "assum": 4.358583241483942, "multipl": 3.58351893845611, "integ": 8.280659350927849, "larger": 4.9366610922591, "perform": 2.8094651192833644, "unit": 4.2435139116991545, "method": 1.8535551884965207, "arithmet": 3.6901286735143684, "complex": 3.137681375057558, "mairson": 7.379008127628304, "version": 4.461237395544026, "simpler": 5.674260035389879, "eleg": 5.992713766508414, "easili": 4.26549281841793, "extend": 3.8977680382926128, "factor": 3.852647603012143, "cacm": 0.00031215857909170155, "decemb": 2.4626835130032902, "gri": 5.992713766508414, "misra": 8.07215530818825}