{"transport": 12.252490318265874, "problem": 1.9651324204459957, "algorithm": 1.7841708677709074, "cacm": 0.00031215857909170155, "juli": 2.3683728335320486, "sim": 8.07215530818825}