{"practic": 3.617808011934742, "aspect": 4.083171261623976, "comput": 1.3117406171048218, "scienc": 3.977810745966149, "educ": 4.287965674269989, "discuss": 2.1972245773362196, "cacm": 0.00031215857909170155, "januari": 2.6297375976664563, "blount": 8.07215530818825}