{"appli": 3.2681342634549932, "mathemat": 3.6295040516979333, "laboratori": 4.9811128548299335, "david": 7.379008127628304, "taylor": 5.58724865840025, "model": 2.996981492954423, "basin": 8.07215530818825, "cacm": 0.00031215857909170155, "septemb": 2.546702369056466, "richston": 8.07215530818825}