{"procedur": 2.63843330463401, "natur": 3.7027074557212285, "spline": 5.433097978572992, "interpol": 4.6064194053885235, "e1": 6.462717395754149, "algorithm": 0.8920854338854537, "a472": 8.07215530818825, "cacm": 0.00031215857909170155, "decemb": 2.4626835130032902, "herriot": 6.68586094706836}