{"bandsolv": 7.379008127628304, "algorithm": 0.8920854338854537, "cacm": 0.00031215857909170155, "august": 2.3750618216828454, "thurnau": 8.07215530818825}