{"note": 3.497444329684867, "optim": 3.1743155082373384, "doubli": 6.462717395754149, "chain": 4.894101477840304, "tree": 3.58351893845611, "cacm": 0.00031215857909170155, "novemb": 2.4445341944976127, "kennedi": 6.97354301952014}