{"preliminari": 5.076423034634259, "investig": 8.53098563683586, "techniqu": 2.240272830904733, "autom": 4.57564774672177, "read": 4.57564774672177, "unformat": 8.07215530818825, "text": 8.166342523247952, "method": 1.8535551884965207, "convert": 4.383275854074314, "unstructur": 8.07215530818825, "print": 10.055265740929654, "materi": 14.219852394039139, "comput": 1.3117406171048218, "code": 2.948191328784991, "experiment": 3.867462688797284, "oper": 4.540073865622374, "control": 2.954161495771495, "mode": 14.32895532655176, "depend": 3.929020581796717, "human": 4.5168072466988365, "demarc": 8.07215530818825, "region": 4.894101477840304, "page": 11.883844332044816, "guid": 5.127716329021809, "scanner": 12.925434791508298, "implement": 2.570897097643523, "mean": 3.2201250442686327, "joystick": 8.07215530818825, "crt": 6.280395838960195, "display": 3.9450209231431583, "perform": 2.8094651192833644, "figur": 5.992713766508414, "obtain": 6.232656501173978, "thought": 5.87493073085203, "suitabl": 8.360670020155247, "process": 2.1750014405515095, "complic": 5.027632870464827, "technic": 5.127716329021809, "journal": 7.379008127628304, "simpler": 5.674260035389879, "instanc": 5.58724865840025, "claim": 5.87493073085203, "section": 4.853279483320049, "patent": 6.462717395754149, "applic": 2.481168327677393, "utmost": 7.379008127628304, "accuraci": 4.383275854074314, "unsupervis": 8.07215530818825, "advoc": 6.97354301952014, "textual": 7.379008127628304, "portion": 4.894101477840304, "locat": 4.140329675463924, "rapid": 4.9366610922591, "prescan": 8.07215530818825, "rudimentari": 7.379008127628304, "form": 3.0954215657676754, "frequenc": 4.739950798013046, "analysi": 2.7738379416402132, "area": 3.867462688797284, "rescan": 8.07215530818825, "higher": 4.814058770166768, "resolut": 5.992713766508414, "charact": 3.6654360609239967, "recognit": 4.704859478201776, "error": 3.0482747873419735, "rate": 4.408593662058603, "order": 2.93049175168559, "percent": 4.814058770166768, "simpl": 3.009560275161283, "problem": 1.9651324204459957, "involv": 3.4570347913469903, "photograph": 6.280395838960195, "telephon": 5.674260035389879, "compani": 6.97354301952014, "meter": 7.379008127628304, "board": 6.462717395754149, "matter": 5.674260035389879, "relat": 3.144901623031045, "design": 2.4924254822020275, "gener": 1.8279884075245136, "purpos": 3.2599709528158325, "reader": 5.507205950726713, "segment": 4.434569148461864, "possibl": 4.77631844218392, "time": 2.0511319588387233, "share": 3.4871878295176777, "interact": 3.6654360609239967, "man": 4.739950798013046, "machin": 2.918863713690471, "facsimil": 8.07215530818825, "reproduct": 7.379008127628304, "illustr": 3.47703545805366, "discuss": 2.1972245773362196, "cacm": 0.00031215857909170155, "juli": 2.3683728335320486, "nagi": 6.97354301952014}