{"gener": 1.8279884075245136, "algol": 3.243841570885949, "cacm": 0.00031215857909170155, "septemb": 2.546702369056466, "wirth": 5.238941964132033}