{"unrecord": 8.07215530818825, "magnet": 5.027632870464827, "tape": 4.046803617453101, "inform": 2.5627669715602726, "interchang": 4.638168103703103, "track": 5.58724865840025, "cpi": 12.925434791508298, "nrzi": 6.68586094706836, "pe": 8.07215530818825, "propos": 2.907369334264736, "american": 4.358583241483942, "nation": 4.9811128548299335, "standard": 3.1023420086122493, "cacm": 0.00031215857909170155, "novemb": 2.4445341944976127}