{"note": 6.994888659369734, "set": 7.6641072351706265, "basi": 8.058208080707399, "problem": 5.895397261337987, "relat": 3.144901623031045, "compact": 4.9366610922591, "charact": 3.6654360609239967, "discuss": 2.1972245773362196, "reduct": 4.5168072466988365, "cliqu": 6.68586094706836, "cover": 4.9366610922591, "cacm": 0.00031215857909170155, "novemb": 2.4445341944976127, "kou": 7.379008127628304, "wong": 6.280395838960195}