{"test": 6.163445442819027, "comput": 2.6234812342096436, "method": 7.414220753986083, "construct": 9.568060156805636, "school": 5.299566585948469, "timet": 31.401979194800976, "previous": 4.739950798013046, "propos": 2.907369334264736, "base": 2.701517280060587, "iter": 4.046803617453101, "involv": 3.4570347913469903, "boolean": 4.638168103703103, "matric": 7.858041163593434, "limit": 3.6295040516979333, "success": 4.083171261623976, "produc": 3.427764409046877, "trial": 5.674260035389879, "refer": 3.823660066138891, "relat": 3.144901623031045, "problem": 3.9302648408919914, "theorem": 9.033614493397673, "zero": 5.507205950726713, "bipartit": 6.97354301952014, "graph": 4.029104040353699, "appli": 3.2681342634549932, "real": 3.5078071167204135, "situat": 4.48863636973214, "note": 3.497444329684867, "cacm": 0.00031215857909170155, "march": 2.546702369056466, "csima": 8.07215530818825, "gotlieb": 5.674260035389879}