{"note": 3.497444329684867, "reliabl": 9.55263688436784, "full": 9.091589567144178, "duplex": 26.74344378827344, "transmiss": 14.9433385644898, "half": 9.479901596026092, "link": 8.717166482967883, "simpl": 3.009560275161283, "procedur": 5.27686660926802, "achiev": 3.7954891891721947, "propos": 2.907369334264736, "scheme": 3.518278416587709, "compar": 3.227968221729659, "type": 3.144901623031045, "recent": 3.8977680382926128, "literatur": 4.894101477840304, "final": 3.7680902149840803, "comment": 4.064822122955779, "made": 3.2046208577326674, "group": 4.1803350100776235, "relat": 3.144901623031045, "shown": 2.7940406489577327, "unreli": 6.280395838960195, "circumst": 5.87493073085203, "cacm": 0.00031215857909170155, "bartlett": 8.07215530818825, "scantleburi": 8.07215530818825}