{"comput": 2.6234812342096436, "connect": 8.621910384989375, "compon": 8.53098563683586, "parallel": 7.765001132323649, "present": 1.8221800659287668, "algorithm": 1.7841708677709074, "n2": 6.97354301952014, "processor": 11.146339444495975, "find": 7.16703787691222, "undirect": 6.126245159132937, "graph": 4.029104040353699, "vertic": 5.433097978572992, "time": 4.102263917677447, "log2n": 24.21646592456475, "bound": 3.8380488035909903, "achiev": 3.7954891891721947, "transit": 4.9366610922591, "closur": 6.68586094706836, "symmetr": 4.57564774672177, "boolean": 4.638168103703103, "matrix": 3.137681375057558, "assum": 4.358583241483942, "access": 7.212494379067333, "common": 3.9450209231431583, "memori": 3.137681375057558, "simultan": 4.1803350100776235, "locat": 4.140329675463924, "permit": 3.572345637857985, "fetch": 6.126245159132937, "instruct": 7.734925377594568, "store": 3.5288605259182457, "cacm": 0.00031215857909170155, "august": 2.3750618216828454, "hirschberg": 5.992713766508414, "chandra": 8.07215530818825, "sarwat": 8.07215530818825}