{"program": 2.877673749815746, "organ": 3.5078071167204135, "record": 3.867462688797284, "keep": 5.769570215194204, "dynam": 3.8380488035909903, "storag": 2.7394365149228808, "alloc": 7.259008103395867, "materi": 4.739950798013046, "present": 1.8221800659287668, "paper": 1.9808454261105517, "part": 3.371674942395834, "design": 2.4924254822020275, "plan": 4.638168103703103, "core": 4.310955192494688, "portion": 4.894101477840304, "ascii": 11.985427533016829, "matic": 16.1443106163765, "system": 1.55744261731572, "project": 4.222007706478191, "concern": 3.9612814440149386, "applic": 2.481168327677393, "comput": 1.3117406171048218, "techniqu": 2.240272830904733, "activ": 3.977810745966149, "headquart": 8.07215530818825, "militari": 6.97354301952014, "intellig": 5.181783550292085, "oper": 2.270036932811187, "armi": 7.379008127628304, "cacm": 0.00031215857909170155, "octob": 2.4849066497880004, "holt": 6.280395838960195}