{"evalu": 3.137681375057558, "autocod": 13.94708603904028, "readabl": 17.97814129952524, "requir": 4.777151081699136, "pair": 4.9811128548299335, "easi": 8.717166482967883, "read": 4.57564774672177, "write": 4.222007706478191, "compat": 9.706558966640099, "paper": 1.9808454261105517, "argu": 5.433097978572992, "ad": 4.408593662058603, "translat": 3.6901286735143684, "process": 2.1750014405515095, "programm": 3.977810745966149, "enjoy": 7.379008127628304, "utmost": 7.379008127628304, "economi": 5.769570215194204, "express": 3.1595004224521976, "manag": 4.046803617453101, "full": 4.545794783572089, "valid": 4.894101477840304, "cobol": 4.545794783572089, "version": 4.461237395544026, "print": 5.027632870464827, "give": 4.287965674269989, "advantag": 3.7027074557212285, "cacm": 0.00031215857909170155, "march": 2.546702369056466, "elli": 6.68586094706836}