{"revers": 15.898699757845407, "path": 13.465909109196419, "forward": 44.057647605813706, "broadcast": 29.516032510513217, "packet": 41.841258117120844, "deliveri": 14.758016255256608, "node": 4.434569148461864, "network": 15.780083692572633, "algorithm": 3.5683417355418148, "accomplish": 4.638168103703103, "store": 7.0577210518364915, "switch": 16.09231532125812, "comput": 2.6234812342096436, "includ": 2.7688504001291743, "transmiss": 4.9811128548299335, "separ": 4.2435139116991545, "address": 7.826544449657156, "multidestin": 8.07215530818825, "hot": 7.379008127628304, "potato": 7.379008127628304, "span": 5.299566585948469, "tree": 3.58351893845611, "sourc": 4.101863394636128, "base": 2.701517280060587, "list": 3.189353385601879, "add": 5.87493073085203, "rout": 17.30871064558261, "method": 1.8535551884965207, "exploit": 5.674260035389879, "procedur": 2.63843330463401, "data": 2.1667934601336793, "structur": 2.473733349189875, "practic": 7.235616023869484, "optim": 3.1743155082373384, "accord": 4.9366610922591, "metric": 6.462717395754149, "develop": 2.4267084105450123, "analysi": 2.7738379416402132, "paper": 1.9808454261105517, "implement": 2.570897097643523, "exist": 3.572345637857985, "complex": 3.137681375057558, "requir": 2.388575540849568, "known": 3.7027074557212285, "altern": 3.9612814440149386, "cacm": 0.00031215857909170155, "decemb": 2.4626835130032902, "dalal": 8.07215530818825, "metcalf": 7.379008127628304}