{"crt": 6.280395838960195, "report": 3.4669851222001586, "gener": 1.8279884075245136, "system": 1.55744261731572, "cacm": 0.00031215857909170155, "januari": 2.6297375976664563, "luca": 6.68586094706836, "jr": 3.243841570885949}