{"introduc": 7.676097607181981, "comput": 3.9352218513144654, "smaller": 11.014411901453427, "colleg": 17.022780106169638, "univers": 7.989235728565061, "progress": 5.181783550292085, "report": 3.4669851222001586, "technic": 5.127716329021809, "mean": 6.440250088537265, "routin": 3.867462688797284, "servic": 4.5168072466988365, "provid": 3.015909502839942, "remot": 5.127716329021809, "termin": 4.101863394636128, "central": 4.739950798013046, "facil": 3.8977680382926128, "access": 3.6062471895336663, "effect": 3.0954215657676754, "organiz": 6.126245159132937, "educ": 4.287965674269989, "methodolog": 4.894101477840304, "institut": 15.898699757845407, "develop": 4.853416821090025, "experi": 3.4669851222001586, "year": 4.160132302760104, "statewid": 8.07215530818825, "network": 3.9450209231431583, "involv": 3.4570347913469903, "discuss": 2.1972245773362196, "lesson": 6.97354301952014, "includ": 2.7688504001291743, "import": 3.497444329684867, "separ": 4.2435139116991545, "organ": 3.5078071167204135, "repres": 3.6062471895336663, "small": 3.594818493710043, "necess": 6.126245159132937, "campu": 7.379008127628304, "train": 5.36410510708604, "need": 3.251873742583213, "special": 3.5395558150349937, "program": 1.438836874907873, "document": 4.358583241483942, "support": 4.434569148461864, "user": 3.0548754713733257, "curriculum": 5.127716329021809, "evolutionari": 6.97354301952014, "cacm": 0.00031215857909170155, "june": 2.3717117347975636, "parker": 6.97354301952014, "jr": 6.487683141771898, "galli": 8.07215530818825, "brook": 6.97354301952014, "ferrel": 8.07215530818825}