{"gener": 1.8279884075245136, "cycl": 10.055265740929654, "graph": 4.029104040353699, "set": 2.554702411723542, "basic": 3.4181949580307265, "algorithm": 0.8920854338854537, "cacm": 0.00031215857909170155, "june": 2.3717117347975636, "gibb": 6.462717395754149}