{"certif": 5.769570215194204, "calcul": 3.5395558150349937, "easter": 7.379008127628304, "cacm": 0.00031215857909170155, "novemb": 2.4445341944976127, "william": 5.507205950726713}