{"implic": 4.739950798013046, "structur": 4.94746669837975, "program": 5.755347499631492, "machin": 8.756591141071414, "architectur": 10.152846069268518, "base": 2.701517280060587, "empir": 4.358583241483942, "studi": 3.227968221729659, "line": 3.5288605259182457, "text": 4.083171261623976, "written": 3.728349886334566, "goto": 6.97354301952014, "languag": 2.1750014405515095, "specif": 3.227968221729659, "design": 2.4924254822020275, "propos": 2.907369334264736, "assign": 4.064822122955779, "call": 3.4087162140761826, "statement": 11.146339444495975, "account": 4.739950798013046, "percent": 4.814058770166768, "execut": 3.2358734012367716, "special": 3.5395558150349937, "care": 5.181783550292085, "ensur": 6.126245159132937, "implement": 2.570897097643523, "effici": 5.421726284957649, "highli": 4.638168103703103, "compact": 4.9366610922591, "instruct": 11.602388066391851, "encod": 5.127716329021809, "scheme": 3.518278416587709, "present": 1.8221800659287668, "reduc": 3.641338509344936, "size": 3.427764409046877, "factor": 3.852647603012143, "unlik": 5.87493073085203, "huffman": 7.379008127628304, "code": 5.896382657569982, "util": 3.6901286735143684, "variabl": 3.1093106779283426, "length": 7.590978378344389, "field": 11.983853592847591, "method": 1.8535551884965207, "fix": 4.064822122955779, "byte": 12.252490318265874, "op": 7.379008127628304, "address": 3.913272224828578, "frequent": 4.5168072466988365, "consist": 3.823660066138891, "singl": 3.7546671946519394, "consequ": 5.769570215194204, "decod": 6.126245159132937, "time": 4.102263917677447, "minim": 3.39002408106403, "respect": 4.26549281841793, "space": 3.497444329684867, "cacm": 0.00031215857909170155, "march": 2.546702369056466, "tanenbaum": 8.07215530818825}