{"thin": 20.920629058560422, "algorithm": 6.244598037198176, "rectangular": 10.599133171896938, "hexagon": 24.21646592456475, "triangular": 18.378735477398813, "array": 21.672428449524407, "report": 3.4669851222001586, "develop": 4.853416821090025, "approach": 3.1743155082373384, "pictori": 6.462717395754149, "result": 2.3750618216828454, "produc": 3.427764409046877, "present": 1.8221800659287668, "rel": 4.200954297280359, "perform": 2.8094651192833644, "compar": 3.227968221729659, "found": 3.852647603012143, "oper": 4.540073865622374, "sensit": 5.769570215194204, "imag": 10.055265740929654, "irregular": 7.379008127628304, "nois": 6.68586094706836, "yield": 4.545794783572089, "reduc": 3.641338509344936, "number": 2.2028583950544753, "point": 3.015909502839942, "conclud": 4.814058770166768, "conjunct": 5.181783550292085, "featur": 3.399326473726344, "strike": 6.68586094706836, "balanc": 5.076423034634259, "cacm": 0.00031215857909170155, "septemb": 2.546702369056466, "deutsch": 6.462717395754149}