{"compil": 6.14988606884827, "algorithm": 2.676256301656361, "arithmet": 11.070386020543104, "express": 9.478501267356593, "paper": 1.9808454261105517, "deal": 4.461237395544026, "concern": 3.9612814440149386, "fortran": 3.2681342634549932, "iv": 4.77631844218392, "hitac": 8.07215530818825, "comput": 1.3117406171048218, "accumul": 10.255432658043619, "gener": 1.8279884075245136, "object": 3.380807425959106, "code": 2.948191328784991, "minim": 3.39002408106403, "frequenc": 4.739950798013046, "store": 3.5288605259182457, "recov": 5.769570215194204, "partial": 4.287965674269989, "result": 2.3750618216828454, "case": 3.2123429038265776, "cacm": 0.00031215857909170155, "august": 2.3750618216828454, "nakata": 8.07215530818825}