{"index": 4.383275854074314, "subject": 4.160132302760104, "algorithm": 0.8920854338854537, "cacm": 0.00031215857909170155, "decemb": 2.4626835130032902}