{"highli": 4.638168103703103, "parallel": 7.765001132323649, "algorithm": 2.676256301656361, "approxim": 6.761614851918212, "zero": 33.04323570436028, "polynomi": 10.226148642228548, "real": 7.015614233440827, "base": 2.701517280060587, "newton": 4.9366610922591, "method": 3.7071103769930414, "simultan": 4.1803350100776235, "conceptu": 5.181783550292085, "suitabl": 4.1803350100776235, "comput": 1.3117406171048218, "determin": 6.019120550322566, "start": 4.894101477840304, "valu": 3.7027074557212285, "converg": 4.638168103703103, "guarante": 5.58724865840025, "multipl": 7.16703787691222, "readili": 5.507205950726713, "point": 3.015909502839942, "deflat": 8.07215530818825, "cacm": 0.00031215857909170155, "novemb": 2.4445341944976127, "patrick": 6.97354301952014}