{"extrem": 16.52161785218014, "portabl": 26.74344378827344, "random": 10.818741568600998, "number": 6.608575185163426, "gener": 10.967930445147083, "subroutin": 4.1209115896068225, "need": 3.251873742583213, "moder": 6.126245159132937, "qualiti": 11.014411901453427, "effici": 2.7108631424788245, "suffic": 5.992713766508414, "typic": 4.461237395544026, "occur": 4.310955192494688, "librari": 4.894101477840304, "function": 4.522028630423099, "core": 4.310955192494688, "sort": 7.765001132323649, "entir": 4.638168103703103, "univers": 3.9946178642825303, "standard": 3.1023420086122493, "literatur": 4.894101477840304, "algorithm": 0.8920854338854537, "meet": 5.299566585948469, "requir": 2.388575540849568, "line": 3.5288605259182457, "fortran": 3.2681342634549932, "program": 1.438836874907873, "provid": 6.031819005679884, "base": 2.701517280060587, "import": 3.497444329684867, "paper": 3.9616908522211034, "covey": 7.379008127628304, "macpherson": 8.07215530818825, "method": 1.8535551884965207, "fourier": 4.77631844218392, "analysi": 2.7738379416402132, "appli": 3.2681342634549932, "probabl": 4.222007706478191, "consecut": 5.87493073085203, "tupl": 6.68586094706836, "equal": 4.6709579265260945, "small": 3.594818493710043, "modulu": 6.68586094706836, "maintain": 4.638168103703103, "prevent": 5.674260035389879, "high": 3.6777061535158113, "compar": 3.227968221729659, "bound": 3.8380488035909903, "establish": 4.408593662058603, "mention": 5.507205950726713, "cacm": 0.00031215857909170155, "februari": 2.6211168546225494, "kruskal": 7.379008127628304}