{"algorithm": 1.7841708677709074, "produc": 3.427764409046877, "complex": 3.137681375057558, "prime": 4.6709579265260945, "csiev": 8.07215530818825, "a1": 4.894101477840304, "cacm": 0.00031215857909170155, "januari": 2.6297375976664563, "dunham": 6.462717395754149}