{"pseudo": 5.433097978572992, "random": 3.6062471895336663, "number": 2.2028583950544753, "algorithm": 0.8920854338854537, "g5": 5.238941964132033, "cacm": 0.00031215857909170155, "octob": 2.4849066497880004, "pike": 5.433097978572992, "hill": 4.814058770166768}