{"concept": 3.4181949580307265, "transpar": 6.97354301952014, "design": 4.984850964404055, "hierarch": 10.477883928264067, "structur": 4.94746669837975, "system": 3.11488523463144, "paper": 1.9808454261105517, "deal": 4.461237395544026, "program": 1.438836874907873, "develop": 2.4267084105450123, "method": 3.7071103769930414, "evalu": 3.137681375057558, "cost": 3.518278416587709, "requir": 2.388575540849568, "programm": 3.977810745966149, "work": 3.344767489475909, "abstract": 4.434569148461864, "real": 3.5078071167204135, "machin": 2.918863713690471, "number": 2.2028583950544753, "exampl": 3.371674942395834, "hardwar": 3.8825005661618244, "softwar": 3.929020581796717, "illustr": 3.47703545805366, "cacm": 0.00031215857909170155, "juli": 2.3683728335320486, "parna": 5.87493073085203, "siewiorek": 8.07215530818825}