{"break": 20.920629058560422, "substitut": 21.732391914291966, "cipher": 26.74344378827344, "relax": 5.769570215194204, "algorithm": 0.8920854338854537, "code": 8.844573986354973, "letter": 28.84785107597102, "alphabet": 5.58724865840025, "fix": 4.064822122955779, "word": 3.7546671946519394, "divis": 4.5168072466988365, "chang": 4.2435139116991545, "paper": 1.9808454261105517, "problem": 3.9302648408919914, "repres": 7.212494379067333, "probabilist": 6.126245159132937, "label": 5.238941964132033, "assign": 4.064822122955779, "probabl": 12.666023119434573, "plain": 7.379008127628304, "text": 4.083171261623976, "updat": 9.409718956403552, "parallel": 3.8825005661618244, "joint": 6.280395838960195, "iter": 4.046803617453101, "scheme": 3.518278416587709, "result": 2.3750618216828454, "improv": 3.3536564368931554, "estim": 3.929020581796717, "final": 3.7680902149840803, "lead": 4.48863636973214, "method": 1.8535551884965207, "appli": 3.2681342634549932, "success": 4.083171261623976, "exampl": 3.371674942395834, "cacm": 0.00031215857909170155, "novemb": 2.4445341944976127, "peleg": 8.07215530818825, "rosenfeld": 6.280395838960195}