{"exact": 4.853279483320049, "cumul": 6.97354301952014, "distribut": 3.497444329684867, "kolmogorov": 8.07215530818825, "smirnov": 8.07215530818825, "statist": 3.867462688797284, "small": 3.594818493710043, "sampl": 4.310955192494688, "algorithm": 0.8920854338854537, "a487": 8.07215530818825, "cacm": 0.00031215857909170155, "decemb": 2.4626835130032902, "pomeranz": 6.97354301952014}