{"coordin": 9.706558966640099, "reduct": 4.5168072466988365, "sentenc": 4.853279483320049, "analysi": 5.5476758832804265, "class": 6.855528818093754, "phenomena": 13.94708603904028, "natur": 3.7027074557212285, "languag": 2.1750014405515095, "consid": 3.152174382360125, "frame": 5.58724865840025, "work": 3.344767489475909, "transform": 7.330872121847993, "theori": 4.140329675463924, "account": 4.739950798013046, "propos": 2.907369334264736, "machineri": 12.56079167792039, "ad": 4.408593662058603, "syntact": 8.53098563683586, "compon": 4.26549281841793, "grammar": 8.241823179213645, "includ": 2.7688504001291743, "rule": 3.47703545805366, "schemata": 8.07215530818825, "condit": 6.78004816212806, "appli": 3.2681342634549932, "determin": 3.009560275161283, "sequenc": 3.6654360609239967, "subtre": 6.462717395754149, "perform": 2.8094651192833644, "solut": 2.763887610787045, "problem": 1.9651324204459957, "outlin": 4.160132302760104, "precis": 4.064822122955779, "specif": 3.227968221729659, "gener": 1.8279884075245136, "procedur": 2.63843330463401, "paper": 1.9808454261105517, "invers": 3.867462688797284, "form": 3.0954215657676754, "lisp": 4.57564774672177, "function": 2.2610143152115496, "definit": 3.6777061535158113, "cacm": 0.00031215857909170155, "april": 2.4231810700270437, "petrick": 6.97354301952014, "postal": 8.07215530818825, "rosenbaum": 7.379008127628304}