{"encrypt": 18.841187516880584, "authent": 25.850869583016596, "larg": 2.8791984572980396, "network": 7.890041846286317, "comput": 2.6234812342096436, "achiev": 3.7954891891721947, "commun": 3.7154464814986583, "discuss": 2.1972245773362196, "protocol": 13.37172189413672, "present": 1.8221800659287668, "establish": 4.408593662058603, "connect": 4.310955192494688, "manag": 4.046803617453101, "mail": 6.97354301952014, "signatur": 6.68586094706836, "verif": 5.433097978572992, "document": 4.358583241483942, "integr": 2.984558972955866, "guarante": 5.58724865840025, "convent": 3.8380488035909903, "public": 5.127716329021809, "key": 4.064822122955779, "algorithm": 0.8920854338854537, "consid": 3.152174382360125, "basi": 4.029104040353699, "cacm": 0.00031215857909170155, "decemb": 2.4626835130032902, "needham": 8.07215530818825, "schroeder": 6.97354301952014}