{"select": 3.617808011934742, "instruct": 3.867462688797284, "trap": 6.97354301952014, "cacm": 0.00031215857909170155, "march": 2.546702369056466, "mayer": 6.97354301952014}