{"emul": 25.850869583016596, "larg": 2.8791984572980396, "system": 4.67232785194716, "convers": 3.867462688797284, "problem": 1.9651324204459957, "techniqu": 6.7208184927142, "call": 3.4087162140761826, "discuss": 2.1972245773362196, "develop": 2.4267084105450123, "includ": 2.7688504001291743, "section": 9.706558966640099, "central": 4.739950798013046, "process": 2.1750014405515095, "unit": 8.487027823398309, "cpu": 5.127716329021809, "input": 3.116328250586989, "output": 3.497444329684867, "gener": 1.8279884075245136, "treatment": 5.674260035389879, "describ": 3.0954215657676754, "greater": 4.853279483320049, "detail": 3.447182494903979, "implement": 2.570897097643523, "compat": 4.853279483320049, "featur": 3.399326473726344, "ibm": 7.036556833175418, "cacm": 0.00031215857909170155, "decemb": 2.4626835130032902, "tucker": 6.462717395754149}