{"recurs": 3.913272224828578, "curv": 4.1803350100776235, "fit": 3.9946178642825303, "techniqu": 2.240272830904733, "cacm": 0.00031215857909170155, "august": 2.3750618216828454, "giblin": 8.07215530818825}