{"averag": 4.26549281841793, "binari": 3.8094754311469345, "search": 3.47703545805366, "length": 3.7954891891721947, "dens": 6.97354301952014, "order": 2.93049175168559, "list": 3.189353385601879, "cacm": 0.00031215857909170155, "septemb": 2.546702369056466, "flore": 6.97354301952014, "madpi": 7.379008127628304}