{"summat": 5.674260035389879, "fourier": 4.77631844218392, "seri": 3.8825005661618244, "algorithm": 0.8920854338854537, "cacm": 0.00031215857909170155, "octob": 2.4849066497880004, "well": 5.87493073085203}