{"game": 17.30871064558261, "interpret": 4.222007706478191, "deadlock": 11.348520070779758, "avoid": 8.869138296923728, "problem": 3.9302648408919914, "defin": 6.319000844904395, "inform": 5.125533943120545, "determin": 3.009560275161283, "priori": 6.462717395754149, "process": 6.525004321654528, "resourc": 4.287965674269989, "oper": 4.540073865622374, "system": 4.67232785194716, "safe": 12.252490318265874, "situat": 4.48863636973214, "realiz": 5.027632870464827, "endang": 7.379008127628304, "smooth": 5.433097978572992, "run": 3.6777061535158113, "specifi": 5.769570215194204, "futur": 4.222007706478191, "need": 6.503747485166426, "flowchart": 4.9811128548299335, "step": 4.0117122976418305, "global": 5.127716329021809, "approach": 3.1743155082373384, "phenomenon": 6.280395838960195, "terpret": 8.07215530818825, "formal": 3.728349886334566, "risk": 6.97354301952014, "safeti": 7.379008127628304, "concept": 3.4181949580307265, "bipartit": 6.97354301952014, "graph": 4.029104040353699, "represent": 3.5503667311392095, "construct": 3.189353385601879, "explicitli": 5.36410510708604, "set": 2.554702411723542, "state": 3.852647603012143, "studi": 3.227968221729659, "properti": 3.5395558150349937, "cacm": 0.00031215857909170155, "octob": 2.4849066497880004, "devil": 8.07215530818825}