{"simplifi": 8.97727273946428, "recombin": 16.1443106163765, "scheme": 7.036556833175418, "fibonacci": 13.94708603904028, "buddi": 12.252490318265874, "system": 3.11488523463144, "requir": 2.388575540849568, "tabl": 3.4570347913469903, "repetit": 5.433097978572992, "calcul": 3.5395558150349937, "addit": 3.318565117081885, "bit": 3.977810745966149, "buffer": 5.238941964132033, "present": 1.8221800659287668, "cacm": 0.00031215857909170155, "june": 2.3717117347975636, "cranston": 8.07215530818825, "thoma": 6.68586094706836}