{"numer": 6.409241715465335, "solut": 5.52777522157409, "thin": 13.94708603904028, "plate": 16.1443106163765, "heat": 13.37172189413672, "transfer": 9.706558966640099, "problem": 3.9302648408919914, "system": 1.55744261731572, "linear": 3.1818061799664963, "equat": 3.1093106779283426, "result": 2.3750618216828454, "discret": 4.814058770166768, "approxim": 3.380807425959106, "consid": 3.152174382360125, "slow": 5.58724865840025, "converg": 4.638168103703103, "point": 3.015909502839942, "iter": 8.093607234906202, "method": 1.8535551884965207, "analyz": 3.5503667311392095, "shown": 2.7940406489577327, "caus": 5.58724865840025, "boundari": 4.6709579265260945, "condit": 3.39002408106403, "difficulti": 4.57564774672177, "remov": 4.9811128548299335, "standard": 3.1023420086122493, "line": 3.5288605259182457, "techniqu": 2.240272830904733, "cacm": 0.00031215857909170155, "septemb": 2.546702369056466, "stewart": 6.280395838960195, "iii": 4.704859478201776, "lick": 8.07215530818825}