{"solv": 10.52342135016124, "biharmon": 14.758016255256608, "equat": 9.327932033785029, "squar": 3.6295040516979333, "direct": 7.16703787691222, "versu": 5.992713766508414, "semidirect": 8.07215530818825, "method": 7.414220753986083, "compar": 3.227968221729659, "eigenvalu": 4.814058770166768, "eigenvector": 5.507205950726713, "decomposit": 5.181783550292085, "iter": 8.093607234906202, "poisson": 5.87493073085203, "directli": 4.408593662058603, "cacm": 0.00031215857909170155, "novemb": 2.4445341944976127, "ehrlich": 6.280395838960195}