{"crout": 5.87493073085203, "equilibr": 6.68586094706836, "iter": 4.046803617453101, "algorithm": 0.8920854338854537, "f4": 5.507205950726713, "cacm": 0.00031215857909170155, "juli": 2.3683728335320486, "mckeeman": 5.674260035389879}