{"comput": 1.3117406171048218, "method": 5.560665565489562, "sampl": 12.932865577484062, "exponenti": 12.54100503023287, "normal": 7.858041163593434, "distribut": 20.984665978109202, "known": 3.7027074557212285, "transform": 3.6654360609239967, "uniformli": 5.992713766508414, "random": 3.6062471895336663, "number": 4.405716790108951, "quantiti": 5.507205950726713, "effici": 2.7108631424788245, "compar": 3.227968221729659, "term": 3.2763647625915087, "memori": 3.137681375057558, "requir": 2.388575540849568, "speed": 3.823660066138891, "algorithm": 1.7841708677709074, "procedur": 2.63843330463401, "convert": 4.383275854074314, "taylor": 5.58724865840025, "seri": 3.8825005661618244, "expans": 5.36410510708604, "directli": 4.408593662058603, "step": 4.0117122976418305, "approach": 3.1743155082373384, "continu": 3.852647603012143, "definit": 3.6777061535158113, "recommend": 4.853279483320049, "made": 3.2046208577326674, "case": 3.2123429038265776, "remain": 5.127716329021809, "choic": 4.57564774672177, "slower": 5.87493073085203, "shorter": 6.97354301952014, "faster": 4.9811128548299335, "space": 3.497444329684867, "consum": 5.433097978572992, "cacm": 0.00031215857909170155, "octob": 2.4849066497880004, "ahren": 6.462717395754149, "dieter": 6.462717395754149}