{"cover": 19.7466443690364, "edg": 20.955767856528134, "cliqu": 20.05758284120508, "regard": 4.77631844218392, "keyword": 19.38815218726245, "conflict": 17.022780106169638, "intersect": 5.58724865840025, "graph": 12.087312121061098, "kellerman": 8.07215530818825, "present": 1.8221800659287668, "method": 3.7071103769930414, "determin": 3.009560275161283, "heurist": 4.6064194053885235, "algorithm": 3.5683417355418148, "solv": 3.5078071167204135, "combinatori": 5.027632870464827, "optim": 6.348631016474677, "problem": 15.721059363567965, "connect": 4.310955192494688, "shown": 5.5880812979154655, "equival": 4.434569148461864, "complet": 10.431106374160981, "subgraph": 14.758016255256608, "object": 3.380807425959106, "minim": 3.39002408106403, "number": 2.2028583950544753, "relationship": 8.444015412956382, "color": 5.992713766508414, "establish": 4.408593662058603, "construct": 3.189353385601879, "consequ": 5.769570215194204, "np": 13.37172189413672, "admit": 6.280395838960195, "polynomi": 3.4087162140761826, "time": 2.0511319588387233, "approxim": 3.380807425959106, "produc": 3.427764409046877, "solut": 2.763887610787045, "factor": 3.852647603012143, "optimum": 4.704859478201776, "cacm": 0.00031215857909170155, "februari": 2.6211168546225494, "kou": 7.379008127628304, "stockmey": 8.07215530818825, "wong": 6.280395838960195, "watson": 6.68586094706836}