{"comment": 8.129644245911559, "ambigu": 5.127716329021809, "decis": 11.693304114877838, "tabl": 10.371104374040971, "convers": 3.867462688797284, "comput": 1.3117406171048218, "program": 1.438836874907873, "paper": 1.9808454261105517, "recent": 3.8977680382926128, "publish": 4.6064194053885235, "work": 3.344767489475909, "translat": 3.6901286735143684, "method": 3.7071103769930414, "similar": 3.7954891891721947, "rule": 10.431106374160981, "mask": 5.87493073085203, "techniqu": 2.240272830904733, "applic": 2.481168327677393, "convent": 7.676097607181981, "mean": 3.2201250442686327, "discuss": 2.1972245773362196, "argu": 5.433097978572992, "place": 5.127716329021809, "multi": 5.027632870464827, "singl": 3.7546671946519394, "action": 4.57564774672177, "set": 2.554702411723542, "tale": 8.07215530818825, "usag": 4.6064194053885235, "cacm": 0.00031215857909170155, "king": 5.87493073085203, "johnson": 5.58724865840025}