{"uniform": 4.853279483320049, "random": 3.6062471895336663, "algorithm": 0.8920854338854537, "g5": 5.238941964132033, "cacm": 0.00031215857909170155, "januari": 2.6297375976664563, "strome": 8.07215530818825}