{"limit": 3.6295040516979333, "bit": 11.933432237898447, "manipul": 6.874852639917228, "fortran": 6.5362685269099865, "ii": 8.280659350927849, "techniqu": 4.480545661809466, "develop": 2.4267084105450123, "allow": 3.867462688797284, "individu": 4.6064194053885235, "test": 3.0817227214095135, "field": 3.9946178642825303, "shift": 5.58724865840025, "number": 2.2028583950544753, "code": 2.948191328784991, "bcd": 6.462717395754149, "convert": 4.383275854074314, "binari": 3.8094754311469345, "cacm": 0.00031215857909170155, "decemb": 2.4626835130032902, "oster": 7.379008127628304}