{"automat": 10.1150248271875, "deriv": 6.586063630153441, "microsent": 48.4329318491295, "decomposit": 5.181783550292085, "long": 4.638168103703103, "complex": 3.137681375057558, "english": 4.6064194053885235, "sentenc": 19.413117933280198, "shorter": 6.97354301952014, "kernel": 6.126245159132937, "constitu": 6.68586094706836, "suggest": 3.399326473726344, "avenu": 6.68586094706836, "conduct": 5.238941964132033, "retriev": 7.189636987420086, "natur": 3.7027074557212285, "languag": 2.1750014405515095, "messag": 10.255432658043619, "explor": 5.181783550292085, "prospect": 13.94708603904028, "step": 4.0117122976418305, "author": 8.575931348539978, "attempt": 4.1209115896068225, "prepar": 4.57564774672177, "gener": 1.8279884075245136, "program": 4.31651062472362, "longer": 5.674260035389879, "syntact": 8.53098563683586, "analyz": 7.100733462278419, "harvard": 6.280395838960195, "multipath": 8.07215530818825, "analysi": 2.7738379416402132, "basic": 3.4181949580307265, "idea": 4.5168072466988365, "extract": 5.076423034634259, "subject": 4.160132302760104, "verb": 6.68586094706836, "object": 3.380807425959106, "claus": 6.68586094706836, "reassembl": 7.379008127628304, "materi": 4.739950798013046, "grammat": 6.126245159132937, "paper": 1.9808454261105517, "design": 2.4924254822020275, "oper": 2.270036932811187, "tree": 3.58351893845611, "structur": 2.473733349189875, "output": 3.497444329684867, "produc": 3.427764409046877, "exhibit": 5.769570215194204, "conclud": 4.814058770166768, "qualiti": 5.507205950726713, "achiev": 3.7954891891721947, "open": 5.299566585948469, "improv": 3.3536564368931554, "perform": 2.8094651192833644, "system": 3.11488523463144, "practic": 3.617808011934742, "man": 4.739950798013046, "machin": 2.918863713690471, "human": 4.5168072466988365, "monitor": 4.638168103703103, "select": 3.617808011934742, "prefer": 5.58724865840025, "interpret": 4.222007706478191, "cacm": 0.00031215857909170155, "june": 2.3717117347975636, "carmodi": 8.07215530818825, "jone": 6.126245159132937, "jr": 3.243841570885949}