{"order": 2.93049175168559, "approxim": 3.380807425959106, "optim": 3.1743155082373384, "checkpoint": 6.68586094706836, "interv": 4.48863636973214, "corrigendum": 4.545794783572089, "cacm": 0.00031215857909170155, "februari": 2.6211168546225494, "young": 7.379008127628304}