{"concurr": 9.962225709659867, "read": 18.30259098688708, "write": 8.444015412956382, "problem": 3.9302648408919914, "share": 3.4871878295176777, "data": 6.5003803804010385, "asynchron": 6.126245159132937, "process": 10.875007202757548, "consid": 3.152174382360125, "assum": 8.717166482967883, "time": 2.0511319588387233, "modifi": 3.8977680382926128, "permit": 3.572345637857985, "gener": 3.6559768150490273, "theorem": 4.5168072466988365, "prove": 3.8380488035909903, "algorithm": 0.8920854338854537, "present": 1.8221800659287668, "illustr": 3.47703545805366, "includ": 2.7688504001291743, "solut": 5.52777522157409, "repeat": 5.992713766508414, "obtain": 3.116328250586989, "incorrect": 6.462717395754149, "result": 2.3750618216828454, "techniqu": 2.240272830904733, "transmit": 5.299566585948469, "messag": 5.127716329021809, "synchron": 5.181783550292085, "mechan": 3.7680902149840803, "written": 3.728349886334566, "cacm": 0.00031215857909170155, "novemb": 2.4445341944976127, "lamport": 5.992713766508414}