{"introduct": 14.682304433520912, "featur": 6.798652947452688, "analysi": 2.7738379416402132, "gener": 3.6559768150490273, "data": 15.167554220935756, "base": 8.104551840181761, "manag": 8.093607234906202, "system": 9.34465570389432, "paper": 1.9808454261105517, "separ": 4.2435139116991545, "publish": 4.6064194053885235, "main": 8.058208080707399, "report": 6.933970244400317, "analyz": 3.5503667311392095, "review": 4.48863636973214, "state": 3.852647603012143, "art": 5.87493073085203, "discuss": 6.591673732008658, "differ": 3.977810745966149, "similar": 3.7954891891721947, "capabl": 11.428426293440804, "found": 7.705295206024286, "host": 12.56079167792039, "languag": 6.525004321654528, "contain": 10.36356710058417, "problem": 7.860529681783983, "independ": 3.8094754311469345, "bind": 6.280395838960195, "user": 9.164626414119978, "level": 9.80440279036498, "identifi": 4.140329675463924, "technic": 5.127716329021809, "face": 5.674260035389879, "futur": 4.222007706478191, "design": 2.4924254822020275, "handl": 3.7154464814986583, "exist": 3.572345637857985, "store": 3.5288605259182457, "provid": 3.015909502839942, "complex": 3.137681375057558, "structur": 7.421200047569625, "convent": 3.8380488035909903, "program": 1.438836874907873, "high": 7.355412307031623, "interrog": 6.97354301952014, "updat": 4.704859478201776, "function": 2.2610143152115496, "act": 6.97354301952014, "network": 3.9450209231431583, "mention": 5.507205950726713, "cater": 8.07215530818825, "volum": 5.58724865840025, "transact": 5.433097978572992, "initi": 4.2435139116991545, "termin": 4.101863394636128, "parametr": 6.68586094706836, "lowest": 6.68586094706836, "cobol": 4.545794783572089, "basi": 4.029104040353699, "develop": 2.4267084105450123, "work": 3.344767489475909, "consid": 3.152174382360125, "length": 3.7954891891721947, "respect": 4.26549281841793, "section": 9.706558966640099, "assess": 5.507205950726713, "effect": 3.0954215657676754, "task": 4.222007706478191, "group": 4.1803350100776235, "propos": 2.907369334264736, "final": 3.7680902149840803, "outlin": 4.160132302760104, "ten": 5.238941964132033, "major": 3.867462688797284, "topic": 5.299566585948469, "bodi": 5.87493073085203, "full": 4.545794783572089, "cacm": 0.00031215857909170155, "codasyl": 6.68586094706836, "committe": 4.853279483320049}