{"numer": 3.2046208577326674, "method": 1.8535551884965207, "determin": 3.009560275161283, "move": 5.181783550292085, "field": 3.9946178642825303, "isodos": 8.07215530818825, "curv": 4.1803350100776235, "treatment": 5.674260035389879, "plan": 4.638168103703103, "radiotherapi": 8.07215530818825, "cacm": 0.00031215857909170155, "octob": 2.4849066497880004, "dalrympl": 8.07215530818825, "perez": 7.379008127628304, "tamayo": 8.07215530818825}