{"cell": 5.076423034634259, "organ": 7.015614233440827, "raster": 25.12158335584078, "display": 23.67012553885895, "line": 10.586581577754737, "draw": 10.866195957145983, "scan": 4.894101477840304, "comput": 1.3117406171048218, "graphic": 8.487027823398309, "real": 3.5078071167204135, "time": 4.102263917677447, "charact": 10.99630818277199, "gener": 5.483965222573541, "previous": 4.739950798013046, "limit": 3.6295040516979333, "alphanumer": 5.992713766508414, "extend": 3.8977680382926128, "capabl": 3.8094754311469345, "includ": 2.7688504001291743, "feasibl": 4.894101477840304, "shown": 5.5880812979154655, "deriv": 3.2930318150767204, "minimum": 4.1209115896068225, "number": 2.2028583950544753, "pattern": 8.203726789272256, "requir": 2.388575540849568, "read": 4.57564774672177, "memori": 3.137681375057558, "synthes": 5.674260035389879, "arbitrari": 4.160132302760104, "synthesi": 5.674260035389879, "process": 2.1750014405515095, "compromis": 6.126245159132937, "pictur": 4.6064194053885235, "qualiti": 5.507205950726713, "result": 2.3750618216828454, "dot": 6.68586094706836, "ident": 5.36410510708604, "convent": 3.8380488035909903, "constraint": 4.358583241483942, "satisfi": 4.383275854074314, "typic": 4.461237395544026, "design": 2.4924254822020275, "complex": 3.137681375057558, "cacm": 0.00031215857909170155, "februari": 2.6211168546225494, "jordan": 6.462717395754149, "jr": 3.243841570885949, "barrett": 6.462717395754149}