{"comment": 4.064822122955779, "page": 3.9612814440149386, "anomali": 6.280395838960195, "cacm": 0.00031215857909170155, "march": 2.546702369056466, "dempster": 7.379008127628304}