{"inform": 5.125533943120545, "theori": 8.280659350927849, "appli": 3.2681342634549932, "convers": 7.734925377594568, "decis": 15.591072153170451, "tabl": 13.828139165387961, "comput": 2.6234812342096436, "program": 2.877673749815746, "idea": 4.5168072466988365, "paper": 1.9808454261105517, "develop": 2.4267084105450123, "heurist": 9.212838810777047, "algorithm": 4.460427169427269, "convert": 4.383275854074314, "limit": 7.259008103395867, "entri": 8.668971379809763, "tree": 3.58351893845611, "structur": 2.473733349189875, "minimum": 4.1209115896068225, "averag": 4.26549281841793, "process": 2.1750014405515095, "time": 4.102263917677447, "method": 1.8535551884965207, "applic": 2.481168327677393, "requir": 2.388575540849568, "action": 4.57564774672177, "singl": 3.7546671946519394, "rule": 3.47703545805366, "cost": 3.518278416587709, "test": 3.0817227214095135, "condit": 3.39002408106403, "equal": 4.6709579265260945, "gener": 1.8279884075245136, "previous": 4.739950798013046, "publish": 4.6064194053885235, "compar": 3.227968221729659, "optim": 3.1743155082373384, "reinwald": 8.07215530818825, "soland": 8.07215530818825, "easi": 4.358583241483942, "code": 2.948191328784991, "take": 4.160132302760104, "smaller": 5.507205950726713, "translat": 3.6901286735143684, "felt": 6.126245159132937, "practic": 3.617808011934742, "suit": 5.076423034634259, "flowchart": 4.9811128548299335, "cacm": 0.00031215857909170155, "septemb": 2.546702369056466, "ganapathi": 8.07215530818825, "rajaraman": 6.97354301952014}