{"hidden": 5.58724865840025, "line": 3.5288605259182457, "plot": 4.9811128548299335, "program": 1.438836874907873, "algorithm": 0.8920854338854537, "r420": 6.462717395754149, "cacm": 0.00031215857909170155, "septemb": 2.546702369056466, "williamson": 7.379008127628304}