{"simul": 3.380807425959106, "analysi": 2.7738379416402132, "biochem": 6.97354301952014, "system": 1.55744261731572, "cacm": 0.00031215857909170155, "decemb": 2.4626835130032902, "garfinkel": 6.97354301952014, "rutledg": 8.07215530818825, "higgin": 7.379008127628304}