{"invr": 6.97354301952014, "algorithm": 0.8920854338854537, "cacm": 0.00031215857909170155, "juli": 2.3683728335320486, "cafferi": 8.07215530818825}