{"cost": 10.554835249763126, "payment": 14.758016255256608, "system": 4.67232785194716, "bank": 5.674260035389879, "industri": 5.36410510708604, "public": 5.127716329021809, "polici": 4.894101477840304, "maker": 7.379008127628304, "good": 4.6064194053885235, "inform": 2.5627669715602726, "compar": 3.227968221729659, "altern": 3.9612814440149386, "cash": 7.379008127628304, "check": 4.545794783572089, "credit": 6.68586094706836, "card": 5.238941964132033, "eft": 11.985427533016829, "transact": 5.433097978572992, "result": 2.3750618216828454, "servic": 4.5168072466988365, "like": 6.126245159132937, "implement": 2.570897097643523, "valid": 4.894101477840304, "assess": 5.507205950726713, "justifi": 11.1744973168005, "lst": 8.07215530818825, "term": 3.2763647625915087, "criteria": 4.57564774672177, "cacm": 0.00031215857909170155, "decemb": 2.4626835130032902, "lipi": 8.07215530818825}