{"recurs": 3.913272224828578, "process": 2.1750014405515095, "algol": 3.243841570885949, "translat": 3.6901286735143684, "cacm": 0.00031215857909170155, "januari": 2.6297375976664563, "gray": 5.238941964132033}