{"experi": 6.933970244400317, "deduct": 32.31358697877074, "question": 28.98230772824747, "answer": 49.366610922591, "program": 5.755347499631492, "investig": 4.26549281841793, "artifici": 5.36410510708604, "intellig": 5.181783550292085, "comput": 1.3117406171048218, "run": 3.6777061535158113, "lisp": 4.57564774672177, "call": 3.4087162140761826, "deducom": 80.7215530818825, "acronym": 8.07215530818825, "commun": 3.7154464814986583, "fact": 37.367663412208756, "tell": 16.1443106163765, "specif": 3.227968221729659, "inform": 2.5627669715602726, "method": 3.7071103769930414, "gener": 1.8279884075245136, "kind": 4.408593662058603, "conclus": 4.814058770166768, "drawn": 5.127716329021809, "articl": 5.076423034634259, "wide": 4.408593662058603, "varieti": 4.1209115896068225, "human": 4.5168072466988365, "increas": 3.6295040516979333, "power": 3.7680902149840803, "write": 4.222007706478191, "simpl": 3.009560275161283, "hope": 6.462717395754149, "abil": 9.479901596026092, "forerunn": 7.379008127628304, "learn": 4.894101477840304, "search": 3.47703545805366, "procedur": 2.63843330463401, "present": 3.6443601318575336, "bad": 13.37172189413672, "defect": 12.925434791508298, "relev": 5.027632870464827, "order": 2.93049175168559, "make": 3.380807425959106, "logic": 7.212494379067333, "predic": 6.280395838960195, "calculu": 5.507205950726713, "chang": 4.2435139116991545, "equival": 4.434569148461864, "redund": 4.9811128548299335, "cacm": 0.00031215857909170155, "decemb": 2.4626835130032902, "slagl": 6.126245159132937}