{"individu": 4.6064194053885235, "instruct": 3.867462688797284, "gener": 1.8279884075245136, "cai": 7.379008127628304, "tutor": 7.379008127628304, "cacm": 0.00031215857909170155, "june": 2.3717117347975636, "koffman": 8.07215530818825}