{"applic": 4.962336655354786, "process": 2.1750014405515095, "equal": 4.6709579265260945, "maxima": 8.07215530818825, "obtain": 6.232656501173978, "ration": 15.08289861139448, "approxim": 16.90403712979553, "modifi": 3.8977680382926128, "bessel": 5.127716329021809, "function": 4.522028630423099, "reme": 6.97354301952014, "algorithm": 2.676256301656361, "origin": 4.2435139116991545, "establish": 4.408593662058603, "polynomi": 6.817432428152365, "converg": 4.638168103703103, "result": 4.750123643365691, "known": 3.7027074557212285, "domain": 5.674260035389879, "show": 3.641338509344936, "effici": 2.7108631424788245, "small": 3.594818493710043, "error": 3.0482747873419735, "case": 6.424685807653155, "nearli": 5.299566585948469, "approach": 3.1743155082373384, "directli": 4.408593662058603, "seri": 3.8825005661618244, "develop": 2.4267084105450123, "aim": 5.299566585948469, "paper": 1.9808454261105517, "investig": 4.26549281841793, "limit": 3.6295040516979333, "extens": 3.3359568597937543, "present": 1.8221800659287668, "numer": 3.2046208577326674, "cacm": 0.00031215857909170155, "decemb": 2.4626835130032902, "gargantini": 7.379008127628304}