{"inform": 7.688300914680818, "theoret": 4.26549281841793, "approach": 3.1743155082373384, "text": 8.166342523247952, "search": 3.47703545805366, "direct": 7.16703787691222, "access": 7.212494379067333, "system": 1.55744261731572, "comput": 1.3117406171048218, "bibliograph": 6.97354301952014, "attempt": 4.1209115896068225, "made": 3.2046208577326674, "overcom": 5.433097978572992, "problem": 1.9651324204459957, "retriev": 7.189636987420086, "mainten": 5.507205950726713, "larg": 2.8791984572980396, "dictionari": 5.674260035389879, "greater": 4.853279483320049, "part": 3.371674942395834, "infrequ": 6.68586094706836, "method": 3.7071103769930414, "present": 1.8221800659287668, "map": 4.358583241483942, "hyperbol": 6.97354301952014, "frequenc": 14.219852394039139, "distribut": 6.994888659369734, "suit": 5.076423034634259, "implement": 2.570897097643523, "storag": 2.7394365149228808, "devic": 3.929020581796717, "treat": 4.814058770166768, "string": 7.405414911442457, "charact": 3.6654360609239967, "word": 7.509334389303879, "bound": 3.8380488035909903, "space": 3.497444329684867, "choos": 5.36410510708604, "subset": 9.091589567144178, "occurr": 5.238941964132033, "type": 3.144901623031045, "member": 5.299566585948469, "index": 4.383275854074314, "key": 8.129644245911559, "rectangular": 5.299566585948469, "result": 2.3750618216828454, "simplifi": 4.48863636973214, "organ": 3.5078071167204135, "promis": 5.58724865840025, "consider": 3.8977680382926128, "cost": 3.518278416587709, "advantag": 3.7027074557212285, "cacm": 0.00031215857909170155, "june": 2.3717117347975636, "barton": 6.97354301952014, "creasey": 8.07215530818825, "lynch": 6.126245159132937, "snell": 8.07215530818825}