{"impact": 10.152846069268518, "distribut": 6.994888659369734, "disciplin": 11.348520070779758, "multipl": 7.16703787691222, "processor": 7.430892962997317, "system": 3.11488523463144, "simpl": 3.009560275161283, "queue": 4.894101477840304, "model": 2.996981492954423, "studi": 3.227968221729659, "perform": 2.8094651192833644, "tradeoff": 6.126245159132937, "issu": 4.704859478201776, "consid": 3.152174382360125, "includ": 2.7688504001291743, "cpu": 5.127716329021809, "servic": 4.5168072466988365, "level": 3.2681342634549932, "multiprogram": 4.160132302760104, "multitask": 7.379008127628304, "job": 4.6064194053885235, "prioriti": 5.299566585948469, "cacm": 0.00031215857909170155, "januari": 2.6297375976664563, "sauer": 7.379008127628304, "chandi": 6.68586094706836}