{"perfor": 6.126245159132937, "tape": 4.046803617453101, "code": 2.948191328784991, "inform": 2.5627669715602726, "interchang": 4.638168103703103, "propos": 2.907369334264736, "american": 4.358583241483942, "standard": 3.1023420086122493, "cacm": 0.00031215857909170155, "june": 2.3717117347975636}