{"extens": 3.3359568597937543, "algol": 3.243841570885949, "languag": 2.1750014405515095, "cacm": 0.00031215857909170155, "februari": 2.6211168546225494, "rose": 7.379008127628304}