{"survey": 4.48863636973214, "punch": 5.58724865840025, "card": 5.238941964132033, "code": 2.948191328784991, "cacm": 0.00031215857909170155, "decemb": 2.4626835130032902, "smith": 4.310955192494688, "william": 5.507205950726713}