{"invers": 3.867462688797284, "finit": 4.2435139116991545, "segment": 4.434569148461864, "hilbert": 6.462717395754149, "matrix": 3.137681375057558, "algorithm": 0.8920854338854537, "cacm": 0.00031215857909170155, "januari": 2.6297375976664563, "naur": 5.127716329021809}