{"cold": 48.4329318491295, "start": 44.046913300562736, "warm": 24.21646592456475, "miss": 67.3886967504623, "ratio": 51.27716329021809, "level": 9.80440279036498, "comput": 1.3117406171048218, "storag": 5.4788730298457615, "hierarchi": 5.238941964132033, "measur": 15.352195214363961, "made": 6.409241715465335, "store": 7.0577210518364915, "initi": 4.2435139116991545, "empti": 6.126245159132937, "larg": 2.8791984572980396, "capac": 16.09231532125812, "effect": 3.0954215657676754, "incur": 7.379008127628304, "fill": 6.280395838960195, "signific": 3.929020581796717, "long": 4.638168103703103, "refer": 3.823660066138891, "string": 3.7027074557212285, "cast": 8.07215530818825, "doubt": 7.379008127628304, "widespread": 5.769570215194204, "belief": 7.379008127628304, "observ": 4.9811128548299335, "shape": 5.076423034634259, "lifetim": 6.462717395754149, "reciproc": 6.462717395754149, "versu": 5.992713766508414, "curv": 4.1803350100776235, "properti": 3.5395558150349937, "behavior": 4.334485689904882, "program": 2.877673749815746, "maintain": 4.638168103703103, "constant": 4.48863636973214, "number": 2.2028583950544753, "page": 3.9612814440149386, "main": 4.029104040353699, "hand": 4.894101477840304, "function": 2.2610143152115496, "length": 3.7954891891721947, "studi": 3.227968221729659, "system": 1.55744261731572, "oper": 2.270036932811187, "period": 4.77631844218392, "interrupt": 5.507205950726713, "task": 4.222007706478191, "switch": 5.36410510708604, "shown": 2.7940406489577327, "obtain": 6.232656501173978, "simpl": 3.009560275161283, "assumpt": 4.739950798013046, "cach": 6.462717395754149, "multiprogram": 4.160132302760104, "valu": 3.7027074557212285, "approxim": 3.380807425959106, "cacm": 0.00031215857909170155, "octob": 2.4849066497880004, "easton": 7.379008127628304, "fagin": 6.97354301952014}