{"inform": 2.5627669715602726, "structur": 2.473733349189875, "process": 2.1750014405515095, "retriev": 3.594818493710043, "cacm": 0.00031215857909170155, "januari": 2.6297375976664563, "colilla": 8.07215530818825, "sam": 6.97354301952014}