{"address": 3.913272224828578, "array": 4.334485689904882, "yi": 7.379008127628304, "dimens": 5.181783550292085, "fortran": 3.2681342634549932, "analysi": 2.7738379416402132, "varianc": 4.9811128548299335, "cacm": 0.00031215857909170155, "march": 2.546702369056466, "garber": 6.97354301952014}