{"queue": 4.894101477840304, "network": 3.9450209231431583, "simul": 3.380807425959106, "ibm": 3.518278416587709, "burrough": 6.126245159132937, "cacm": 0.00031215857909170155, "decemb": 2.4626835130032902, "conway": 5.769570215194204, "johnson": 5.58724865840025, "maxwel": 6.68586094706836}