{"numer": 9.613862573198002, "properti": 10.61866744510498, "ritz": 32.288621232753, "trefftz": 16.1443106163765, "algorithm": 3.5683417355418148, "optim": 3.1743155082373384, "control": 2.954161495771495, "paper": 5.942536278331655, "appli": 3.2681342634549932, "comput": 2.6234812342096436, "solut": 5.52777522157409, "state": 3.852647603012143, "regul": 6.126245159132937, "problem": 1.9651324204459957, "repres": 3.6062471895336663, "modif": 8.922474791088051, "direct": 3.58351893845611, "method": 3.7071103769930414, "design": 2.4924254822020275, "improv": 3.3536564368931554, "speed": 3.823660066138891, "storag": 2.7394365149228808, "requir": 2.388575540849568, "point": 3.015909502839942, "real": 3.5078071167204135, "time": 2.0511319588387233, "implement": 2.570897097643523, "feasibl": 4.894101477840304, "shown": 5.5880812979154655, "stabl": 5.507205950726713, "tradit": 5.36410510708604, "approach": 3.1743155082373384, "concern": 3.9612814440149386, "describ": 3.0954215657676754, "establish": 8.817187324117207, "valid": 4.894101477840304, "techniqu": 6.7208184927142, "definit": 3.6777061535158113, "reason": 4.287965674269989, "condit": 3.39002408106403, "part": 3.371674942395834, "devot": 5.674260035389879, "comparison": 3.6901286735143684, "standard": 3.1023420086122493, "procedur": 2.63843330463401, "integr": 2.984558972955866, "matrix": 6.275362750115116, "riccati": 7.379008127628304, "equat": 3.1093106779283426, "determin": 3.009560275161283, "feedback": 5.992713766508414, "significantli": 5.127716329021809, "faster": 4.9811128548299335, "compar": 3.227968221729659, "accuraci": 4.383275854074314, "cacm": 0.00031215857909170155, "june": 2.3717117347975636, "bosarg": 8.07215530818825, "jr": 3.243841570885949, "johnson": 5.58724865840025}