{"store": 14.115442103672983, "spars": 11.014411901453427, "tabl": 17.28517395673495, "problem": 1.9651324204459957, "search": 3.47703545805366, "larg": 2.8791984572980396, "ubiquit": 8.07215530818825, "comput": 1.3117406171048218, "scienc": 3.977810745966149, "standard": 3.1023420086122493, "techniqu": 2.240272830904733, "hash": 9.628117540333536, "poor": 6.126245159132937, "worst": 11.348520070779758, "case": 6.424685807653155, "perform": 2.8094651192833644, "propos": 2.907369334264736, "good": 4.6064194053885235, "method": 5.560665565489562, "static": 5.36410510708604, "entri": 4.334485689904882, "integ": 4.140329675463924, "requir": 2.388575540849568, "word": 3.7546671946519394, "storag": 2.7394365149228808, "logn": 6.68586094706836, "access": 3.6062471895336663, "time": 2.0511319588387233, "complic": 5.027632870464827, "practic": 3.617808011934742, "analysi": 2.7738379416402132, "show": 3.641338509344936, "simpler": 5.674260035389879, "algorithm": 0.8920854338854537, "compress": 5.58724865840025, "lr": 5.992713766508414, "pars": 4.383275854074314, "work": 3.344767489475909, "cacm": 0.00031215857909170155, "novemb": 2.4445341944976127, "tarjan": 7.379008127628304, "yao": 7.379008127628304}