{"discuss": 2.1972245773362196, "summari": 5.36410510708604, "oper": 2.270036932811187, "system": 1.55744261731572, "cacm": 0.00031215857909170155, "march": 2.546702369056466}