{"improv": 6.707312873786311, "event": 26.45156197235162, "scan": 14.682304433520912, "mechan": 3.7680902149840803, "discret": 9.628117540333536, "simul": 10.14242227787732, "model": 5.993962985908846, "larg": 2.8791984572980396, "complex": 3.137681375057558, "real": 3.5078071167204135, "world": 5.507205950726713, "applic": 2.481168327677393, "occasion": 6.68586094706836, "earn": 7.379008127628304, "reput": 8.07215530818825, "eat": 8.07215530818825, "hour": 6.280395838960195, "comput": 1.3117406171048218, "time": 6.15339587651617, "problem": 5.895397261337987, "attribut": 5.238941964132033, "part": 3.371674942395834, "difficulti": 4.57564774672177, "slow": 5.58724865840025, "stochast": 5.58724865840025, "converg": 4.638168103703103, "addit": 3.318565117081885, "lie": 5.58724865840025, "fact": 4.6709579265260945, "signific": 3.929020581796717, "amount": 4.1803350100776235, "bookkeep": 5.992713766508414, "requir": 2.388575540849568, "futur": 8.444015412956382, "proper": 5.076423034634259, "sequenc": 3.6654360609239967, "paper": 1.9808454261105517, "present": 3.6443601318575336, "method": 1.8535551884965207, "significantli": 5.127716329021809, "reduc": 3.641338509344936, "spent": 6.462717395754149, "list": 6.378706771203758, "effect": 3.0954215657676754, "burdensom": 8.07215530818825, "cacm": 0.00031215857909170155, "june": 2.3717117347975636, "wyman": 8.07215530818825}