{"revis": 5.238941964132033, "report": 6.933970244400317, "algorithm": 1.7841708677709074, "languag": 8.700005762206038, "algol": 6.487683141771898, "complet": 3.47703545805366, "defin": 3.1595004224521976, "descript": 3.437426319958614, "intern": 4.26549281841793, "suitabl": 4.1803350100776235, "express": 3.1595004224521976, "larg": 2.8791984572980396, "class": 3.427764409046877, "numer": 3.2046208577326674, "process": 2.1750014405515095, "form": 3.0954215657676754, "suffici": 4.26549281841793, "concis": 5.87493073085203, "direct": 3.58351893845611, "automat": 6.743349884791668, "translat": 3.6901286735143684, "program": 1.438836874907873, "comput": 1.3117406171048218, "cacm": 0.00031215857909170155, "januari": 2.6297375976664563, "nuar": 8.07215530818825}