{"linear": 3.1818061799664963, "system": 1.55744261731572, "tridiagon": 5.58724865840025, "matrix": 3.137681375057558, "f4": 5.507205950726713, "algorithm": 0.8920854338854537, "a470": 8.07215530818825, "cacm": 0.00031215857909170155, "decemb": 2.4626835130032902, "kubicek": 8.07215530818825}