{"accommod": 13.37172189413672, "standard": 15.511710043061246, "identif": 15.7168258923961, "program": 4.31651062472362, "languag": 17.400011524412076, "user": 6.109750942746651, "public": 10.255432658043619, "want": 6.68586094706836, "reliabl": 9.55263688436784, "relat": 6.28980324606209, "servic": 13.55042174009651, "achiev": 3.7954891891721947, "goal": 4.9811128548299335, "illustr": 3.47703545805366, "method": 3.7071103769930414, "adopt": 5.992713766508414, "trac": 14.758016255256608, "interact": 3.6654360609239967, "famili": 5.027632870464827, "oppress": 8.07215530818825, "rigid": 6.97354301952014, "avoid": 4.434569148461864, "techniqu": 2.240272830904733, "access": 3.6062471895336663, "allow": 3.867462688797284, "local": 4.6709579265260945, "variat": 4.704859478201776, "explicit": 4.853279483320049, "undertaken": 6.68586094706836, "organiz": 12.252490318265874, "sourc": 4.101863394636128, "trademark": 8.07215530818825, "publish": 4.6064194053885235, "reli": 5.58724865840025, "use": 5.433097978572992, "appli": 3.2681342634549932, "comput": 1.3117406171048218, "cacm": 0.00031215857909170155, "august": 2.3750618216828454, "mooer": 6.68586094706836}