{"model": 2.996981492954423, "mask": 17.624792192556093, "rotat": 10.72821021417208, "latenc": 20.05758284120508, "dynam": 3.8380488035909903, "disk": 9.409718956403552, "alloc": 3.6295040516979333, "paper": 1.9808454261105517, "present": 1.8221800659287668, "background": 5.299566585948469, "algorithm": 2.676256301656361, "drum": 5.127716329021809, "discuss": 4.394449154672439, "anticipatori": 16.1443106163765, "input": 3.116328250586989, "output": 3.497444329684867, "block": 3.929020581796717, "data": 4.333586920267359, "buffer": 10.477883928264067, "primari": 5.027632870464827, "memori": 6.275362750115116, "mono": 8.07215530818825, "program": 2.877673749815746, "comput": 2.6234812342096436, "system": 1.55744261731572, "basic": 3.4181949580307265, "permut": 4.287965674269989, "variat": 4.704859478201776, "natur": 3.7027074557212285, "schedul": 3.977810745966149, "restrict": 8.320264605520208, "class": 3.427764409046877, "predict": 4.894101477840304, "behavior": 4.334485689904882, "method": 5.560665565489562, "numer": 3.2046208577326674, "matrix": 3.137681375057558, "partial": 4.287965674269989, "differenti": 3.929020581796717, "equat": 3.1093106779283426, "typic": 4.461237395544026, "exampl": 3.371674942395834, "shown": 2.7940406489577327, "small": 3.594818493710043, "amount": 4.1803350100776235, "independ": 3.8094754311469345, "size": 3.427764409046877, "base": 2.701517280060587, "consid": 3.152174382360125, "cacm": 0.00031215857909170155, "gold": 7.379008127628304, "kuck": 7.379008127628304}