{"sentenc": 14.559838449960148, "paraphras": 16.1443106163765, "conceptu": 15.545350650876255, "base": 8.104551840181761, "model": 14.984907464772114, "natur": 7.405414911442457, "languag": 6.525004321654528, "underli": 5.127716329021809, "free": 3.913272224828578, "represent": 3.5503667311392095, "mean": 6.440250088537265, "program": 2.877673749815746, "abl": 5.299566585948469, "produc": 3.427764409046877, "demonstr": 4.0117122976418305, "understand": 4.704859478201776, "respect": 4.26549281841793, "context": 3.913272224828578, "gener": 3.6559768150490273, "oper": 2.270036932811187, "conjunct": 5.181783550292085, "analyz": 3.5503667311392095, "combin": 3.5612958016714, "memori": 6.275362750115116, "infer": 5.36410510708604, "structur": 2.473733349189875, "employ": 3.913272224828578, "inform": 5.125533943120545, "retriev": 3.594818493710043, "deduct": 6.462717395754149, "capabl": 3.8094754311469345, "encompass": 7.379008127628304, "divers": 5.58724865840025, "class": 3.427764409046877, "linguist": 5.36410510708604, "knowledg": 10.055265740929654, "includ": 2.7688504001291743, "execut": 3.2358734012367716, "test": 3.0817227214095135, "properti": 3.5395558150349937, "store": 10.586581577754737, "discrimin": 6.280395838960195, "net": 6.126245159132937, "relat": 3.144901623031045, "syntact": 4.26549281841793, "role": 5.027632870464827, "word": 3.7546671946519394, "sens": 4.739950798013046, "dictionari": 5.674260035389879, "surfac": 4.704859478201776, "grammat": 6.126245159132937, "formal": 3.728349886334566, "grammar": 4.1209115896068225, "cacm": 0.00031215857909170155, "februari": 2.6211168546225494, "goldman": 8.07215530818825}