{"real": 3.5078071167204135, "exponenti": 4.1803350100776235, "integr": 2.984558972955866, "algorithm": 0.8920854338854537, "cacm": 0.00031215857909170155, "april": 2.4231810700270437, "alexand": 6.97354301952014, "thacher": 4.358583241483942, "jr": 3.243841570885949}