{"complet": 3.47703545805366, "ellipt": 5.238941964132033, "integr": 2.984558972955866, "algorithm": 0.8920854338854537, "cacm": 0.00031215857909170155, "decemb": 2.4626835130032902, "merner": 6.97354301952014}