{"fortran": 3.2681342634549932, "edit": 4.739950798013046, "featur": 3.399326473726344, "cacm": 0.00031215857909170155, "june": 2.3717117347975636, "fedako": 8.07215530818825}