{"synthesi": 5.674260035389879, "decis": 23.386608229755677, "rule": 10.431106374160981, "tabl": 10.371104374040971, "effect": 3.0954215657676754, "tool": 4.638168103703103, "interview": 14.758016255256608, "record": 3.867462688797284, "logic": 3.6062471895336663, "process": 2.1750014405515095, "autom": 4.57564774672177, "result": 2.3750618216828454, "structur": 4.94746669837975, "complet": 6.95407091610732, "set": 2.554702411723542, "purpos": 3.2599709528158325, "paper": 1.9808454261105517, "provid": 6.031819005679884, "procedur": 2.63843330463401, "synthes": 5.674260035389879, "aid": 4.029104040353699, "develop": 2.4267084105450123, "cacm": 0.00031215857909170155, "juli": 2.3683728335320486, "cheng": 7.379008127628304, "rabin": 6.97354301952014}