{"simpl": 9.02868082548385, "user": 12.219501885493303, "orient": 19.889053729830746, "compil": 3.074943034424135, "sourc": 8.203726789272256, "languag": 19.575012964963584, "program": 7.194184374539365, "automat": 3.371674942395834, "test": 9.245168164228541, "equip": 9.8733221845182, "nonprogramm": 6.68586094706836, "difficulti": 4.57564774672177, "increas": 3.6295040516979333, "rapidli": 6.126245159132937, "number": 2.2028583950544753, "nonproblem": 8.07215530818825, "convent": 7.676097607181981, "ineleg": 8.07215530818825, "consid": 3.152174382360125, "background": 5.299566585948469, "part": 3.371674942395834, "problem": 3.9302648408919914, "effect": 3.0954215657676754, "subtl": 7.379008127628304, "power": 3.7680902149840803, "capabl": 3.8094754311469345, "paper": 1.9808454261105517, "write": 4.222007706478191, "comput": 2.6234812342096436, "electron": 5.181783550292085, "process": 2.1750014405515095, "complex": 3.137681375057558, "idea": 4.5168072466988365, "need": 3.251873742583213, "eleg": 5.992713766508414, "redund": 4.9811128548299335, "highli": 4.638168103703103, "syntax": 4.029104040353699, "direct": 3.58351893845611, "suffic": 5.992713766508414, "eventu": 6.68586094706836, "militari": 6.97354301952014, "depot": 8.07215530818825, "personnel": 6.462717395754149, "expect": 4.334485689904882, "skill": 6.280395838960195, "signific": 3.929020581796717, "train": 5.36410510708604, "nonprogram": 8.07215530818825, "essenti": 4.434569148461864, "creat": 4.408593662058603, "familiar": 5.58724865840025, "engin": 4.814058770166768, "statement": 3.7154464814986583, "unnecessarili": 6.68586094706836, "complic": 5.027632870464827, "task": 4.222007706478191, "cacm": 0.00031215857909170155, "april": 2.4231810700270437, "scheff": 7.379008127628304}