{"list": 22.325473699213152, "process": 10.875007202757548, "real": 10.52342135016124, "time": 14.357923711871063, "serial": 5.076423034634259, "comput": 1.3117406171048218, "system": 7.787213086578601, "requir": 11.942877704247842, "elementari": 4.5168072466988365, "oper": 2.270036932811187, "con": 6.68586094706836, "car": 6.97354301952014, "cdr": 7.379008127628304, "rplaca": 8.07215530818825, "replacd": 8.07215530818825, "eq": 8.07215530818825, "atom": 6.462717395754149, "lisp": 4.57564774672177, "bound": 3.8380488035909903, "small": 7.189636987420086, "constant": 4.48863636973214, "classic": 15.7168258923961, "implement": 5.141794195287046, "lack": 5.58724865840025, "properti": 3.5395558150349937, "alloc": 3.6295040516979333, "cell": 10.152846069268518, "heap": 13.37172189413672, "garbag": 10.255432658043619, "collect": 4.222007706478191, "proport": 10.152846069268518, "size": 6.855528818093754, "finish": 6.97354301952014, "present": 1.8221800659287668, "continu": 3.852647603012143, "reclaim": 6.97354301952014, "includ": 2.7688504001291743, "direct": 3.58351893845611, "cycl": 5.027632870464827, "linear": 3.1818061799664963, "compact": 9.8733221845182, "access": 3.6062471895336663, "contigu": 6.126245159132937, "locat": 4.140329675463924, "avoid": 4.434569148461864, "fragment": 5.769570215194204, "free": 3.913272224828578, "storag": 2.7394365149228808, "pool": 6.280395838960195, "program": 2.877673749815746, "share": 3.4871878295176777, "interrupt": 5.507205950726713, "make": 3.380807425959106, "suitabl": 4.1803350100776235, "microcod": 6.97354301952014, "final": 3.7680902149840803, "averag": 4.26549281841793, "space": 6.994888659369734, "reduc": 3.641338509344936, "approxim": 3.380807425959106, "represent": 3.5503667311392095, "array": 4.334485689904882, "stack": 5.299566585948469, "hash": 4.814058770166768, "link": 4.358583241483942, "simpl": 3.009560275161283, "extens": 3.3359568597937543, "refer": 3.823660066138891, "count": 4.9366610922591, "found": 3.852647603012143, "inferior": 8.07215530818825, "applic": 2.481168327677393, "cacm": 0.00031215857909170155, "april": 2.4231810700270437, "baker": 6.126245159132937}