{"structur": 4.94746669837975, "multiprogram": 8.320264605520208, "system": 3.11488523463144, "activ": 3.977810745966149, "divid": 4.739950798013046, "number": 2.2028583950544753, "sequenti": 9.033614493397673, "process": 4.350002881103019, "hierarch": 10.477883928264067, "level": 3.2681342634549932, "independ": 3.8094754311469345, "abstract": 4.434569148461864, "implement": 5.141794195287046, "prove": 3.8380488035909903, "vital": 5.992713766508414, "verif": 5.433097978572992, "logic": 3.6062471895336663, "sound": 5.87493073085203, "design": 2.4924254822020275, "correct": 3.6295040516979333, "cacm": 0.00031215857909170155, "dijkstra": 5.238941964132033}