{"notion": 5.076423034634259, "consist": 19.118300330694456, "predic": 18.841187516880584, "lock": 34.8677150976007, "databas": 15.7168258923961, "system": 3.11488523463144, "user": 3.0548754713733257, "access": 3.6062471895336663, "share": 3.4871878295176777, "data": 4.333586920267359, "assumpt": 4.739950798013046, "satisfi": 8.766551708148627, "constraint": 4.358583241483942, "paper": 1.9808454261105517, "defin": 3.1595004224521976, "concept": 3.4181949580307265, "transact": 16.299293935718975, "schedul": 3.977810745966149, "show": 3.641338509344936, "requir": 2.388575540849568, "request": 4.434569148461864, "releas": 7.379008127628304, "argu": 5.433097978572992, "need": 3.251873742583213, "logic": 3.6062471895336663, "physic": 4.57564774672177, "subset": 9.091589567144178, "implement": 2.570897097643523, "condit": 3.39002408106403, "suggest": 3.399326473726344, "cacm": 0.00031215857909170155, "novemb": 2.4445341944976127, "eswarran": 8.07215530818825, "gray": 5.238941964132033, "lori": 8.07215530818825, "traiger": 7.379008127628304}