{"descript": 3.437426319958614, "apt": 32.288621232753, "languag": 4.350002881103019, "program": 2.877673749815746, "tool": 4.638168103703103, "numer": 3.2046208577326674, "control": 2.954161495771495, "metalinguist": 7.379008127628304, "notat": 4.434569148461864, "introduc": 3.8380488035909903, "algol": 3.243841570885949, "report": 3.4669851222001586, "exampl": 3.371674942395834, "usag": 4.6064194053885235, "includ": 2.7688504001291743, "present": 3.6443601318575336, "histor": 6.280395838960195, "summari": 5.36410510708604, "develop": 2.4267084105450123, "statement": 3.7154464814986583, "concern": 3.9612814440149386, "statu": 5.58724865840025, "cacm": 0.00031215857909170155, "novemb": 2.4445341944976127, "brown": 5.027632870464827, "drayton": 8.07215530818825, "mittman": 8.07215530818825}