{"commun": 3.7154464814986583, "independ": 3.8094754311469345, "translat": 3.6901286735143684, "block": 3.929020581796717, "cacm": 0.00031215857909170155, "juli": 2.3683728335320486, "wegner": 6.97354301952014}