{"product": 3.9946178642825303, "mathemat": 7.259008103395867, "softwar": 7.858041163593434, "observ": 4.9811128548299335, "made": 3.2046208577326674, "step": 8.023424595283661, "creation": 11.985427533016829, "suggest": 3.399326473726344, "need": 3.251873742583213, "coordin": 4.853279483320049, "effort": 4.5168072466988365, "center": 4.6709579265260945, "focu": 6.280395838960195, "activ": 3.977810745966149, "area": 3.867462688797284, "cacm": 0.00031215857909170155, "juli": 2.3683728335320486, "fosdick": 6.68586094706836}