{"pattern": 20.50931697318064, "width": 69.7354301952014, "angl": 35.95628259905048, "featur": 10.197979421179031, "function": 4.522028630423099, "possess": 5.36410510708604, "interpret": 4.222007706478191, "demonstr": 4.0117122976418305, "paper": 1.9808454261105517, "review": 4.48863636973214, "concept": 6.836389916061453, "recognit": 4.704859478201776, "geometr": 5.58724865840025, "object": 3.380807425959106, "work": 3.344767489475909, "clarifi": 5.674260035389879, "word": 3.7546671946519394, "descript": 6.874852639917228, "made": 3.2046208577326674, "precis": 4.064822122955779, "comput": 3.9352218513144654, "algorithm": 0.8920854338854537, "extract": 5.076423034634259, "obtain": 3.116328250586989, "focu": 6.280395838960195, "theoret": 12.79647845525379, "subject": 4.160132302760104, "matter": 5.674260035389879, "result": 2.3750618216828454, "consist": 3.823660066138891, "set": 5.109404823447084, "definit": 3.6777061535158113, "theorem": 4.5168072466988365, "relat": 3.144901623031045, "boundari": 4.6709579265260945, "radiu": 6.97354301952014, "vector": 4.545794783572089, "altern": 3.9612814440149386, "calcul": 3.5395558150349937, "illustr": 3.47703545805366, "graphic": 4.2435139116991545, "tabular": 5.674260035389879, "comparison": 3.6901286735143684, "substanti": 4.6709579265260945, "variat": 4.704859478201776, "magnitud": 5.992713766508414, "found": 3.852647603012143, "princip": 5.181783550292085, "conclus": 4.814058770166768, "easili": 4.26549281841793, "investig": 4.26549281841793, "inform": 2.5627669715602726, "contain": 5.181783550292085, "part": 3.371674942395834, "recommend": 4.853279483320049, "case": 3.2123429038265776, "difficult": 4.57564774672177, "cacm": 0.00031215857909170155, "januari": 2.6297375976664563, "klinger": 8.07215530818825}