{"languag": 6.525004321654528, "treat": 4.814058770166768, "geometr": 11.1744973168005, "pattern": 8.203726789272256, "dimension": 8.487027823398309, "space": 6.994888659369734, "paper": 1.9808454261105517, "cadep": 16.1443106163765, "problem": 3.9302648408919914, "orient": 3.977810745966149, "posit": 4.1209115896068225, "present": 1.8221800659287668, "specif": 6.455936443459318, "design": 7.477276446606083, "automat": 3.371674942395834, "gener": 1.8279884075245136, "integr": 2.984558972955866, "circuit": 5.299566585948469, "mask": 5.87493073085203, "turn": 5.181783550292085, "suit": 5.076423034634259, "placement": 6.462717395754149, "architectur": 5.076423034634259, "urban": 6.68586094706836, "plan": 4.638168103703103, "logic": 3.6062471895336663, "block": 3.929020581796717, "diagram": 5.36410510708604, "represent": 3.5503667311392095, "criteria": 4.57564774672177, "structur": 2.473733349189875, "featur": 3.399326473726344, "illustr": 3.47703545805366, "cacm": 0.00031215857909170155, "januari": 2.6297375976664563, "bracchi": 7.379008127628304, "ferrari": 7.379008127628304}