{"binari": 3.8094754311469345, "summat": 5.674260035389879, "cacm": 0.00031215857909170155, "juli": 2.3683728335320486, "walker": 6.68586094706836}