{"code": 2.948191328784991, "cacm": 0.00031215857909170155, "patterson": 6.97354301952014}