{"repli": 7.379008127628304, "gentleman": 6.462717395754149, "marovich": 7.379008127628304, "cacm": 0.00031215857909170155, "march": 2.546702369056466, "karp": 8.07215530818825}