{"comput": 2.6234812342096436, "techniqu": 4.480545661809466, "display": 3.9450209231431583, "dimension": 29.704597381894082, "hyperobject": 24.21646592456475, "digit": 3.2930318150767204, "automat": 3.371674942395834, "plotter": 5.769570215194204, "gener": 3.6559768150490273, "stereoscop": 8.07215530818825, "movi": 6.97354301952014, "parallel": 3.8825005661618244, "perspect": 5.769570215194204, "project": 8.444015412956382, "rotat": 5.36410510708604, "space": 3.497444329684867, "observ": 4.9811128548299335, "motion": 5.58724865840025, "direct": 3.58351893845611, "extens": 3.3359568597937543, "experi": 3.4669851222001586, "profound": 7.379008127628304, "feel": 6.462717395754149, "insight": 5.87493073085203, "fourth": 5.507205950726713, "spatial": 6.68586094706836, "dimens": 10.36356710058417, "obtain": 3.116328250586989, "appli": 3.2681342634549932, "hypersurfac": 8.07215530818825, "cacm": 0.00031215857909170155, "august": 2.3750618216828454, "noll": 7.379008127628304}