{"structur": 9.8949333967595, "pattern": 8.203726789272256, "recognit": 9.409718956403552, "carotid": 24.21646592456475, "puls": 27.89417207808056, "wave": 22.348994633601, "gener": 5.483965222573541, "waveform": 34.8677150976007, "pars": 13.149827562222942, "system": 7.787213086578601, "applic": 7.443504983032179, "arteri": 16.1443106163765, "medic": 6.126245159132937, "import": 3.497444329684867, "variat": 9.409718956403552, "induc": 5.87493073085203, "age": 6.97354301952014, "cardiovascular": 8.07215530818825, "diseas": 8.07215530818825, "syntax": 4.029104040353699, "driven": 5.36410510708604, "analysi": 2.7738379416402132, "appli": 3.2681342634549932, "good": 4.6064194053885235, "result": 2.3750618216828454, "detect": 4.310955192494688, "measur": 3.8380488035909903, "model": 2.996981492954423, "compil": 6.14988606884827, "user": 3.0548754713733257, "enter": 5.299566585948469, "specif": 3.227968221729659, "inform": 2.5627669715602726, "data": 2.1667934601336793, "cacm": 0.00031215857909170155, "decemb": 2.4626835130032902, "stockman": 7.379008127628304, "kanal": 8.07215530818825, "kyle": 8.07215530818825}