{"adjust": 5.507205950726713, "invers": 3.867462688797284, "matrix": 3.137681375057558, "element": 3.8825005661618244, "perturb": 6.126245159132937, "algorithm": 0.8920854338854537, "cacm": 0.00031215857909170155, "april": 2.4231810700270437, "herndon": 5.181783550292085}