{"invr": 6.97354301952014, "algorithm": 0.8920854338854537, "cacm": 0.00031215857909170155, "june": 2.3717117347975636, "caffrey": 6.97354301952014}