{"role": 5.027632870464827, "univers": 19.97308932141265, "comput": 5.246962468419287, "data": 4.333586920267359, "process": 4.350002881103019, "relat": 9.434704869093135, "field": 11.983853592847591, "studi": 3.227968221729659, "made": 3.2046208577326674, "program": 2.877673749815746, "unit": 4.2435139116991545, "state": 3.852647603012143, "oper": 2.270036932811187, "research": 7.955621491932298, "close": 4.638168103703103, "polici": 4.894101477840304, "organ": 3.5078071167204135, "administr": 5.299566585948469, "faculti": 6.126245159132937, "student": 4.310955192494688, "curricula": 6.280395838960195, "equip": 4.9366610922591, "financ": 8.07215530818825, "investig": 4.26549281841793, "integr": 2.984558972955866, "recommend": 9.706558966640099, "reflect": 5.433097978572992, "convict": 8.07215530818825, "present": 1.8221800659287668, "activ": 3.977810745966149, "develop": 2.4267084105450123, "disciplin": 5.674260035389879, "legitim": 8.07215530818825, "provinc": 8.07215530818825, "scholar": 8.07215530818825, "detail": 3.447182494903979, "graduat": 5.238941964132033, "school": 5.299566585948469, "scienc": 3.977810745966149, "cacm": 0.00031215857909170155, "septemb": 2.546702369056466, "fein": 8.07215530818825}