{"complex": 3.137681375057558, "number": 2.2028583950544753, "real": 3.5078071167204135, "power": 3.7680902149840803, "algorithm": 0.8920854338854537, "cacm": 0.00031215857909170155, "juli": 2.3683728335320486, "johnson": 5.58724865840025, "sangren": 6.462717395754149}