{"linear": 3.1818061799664963, "equat": 3.1093106779283426, "solver": 6.97354301952014, "f4": 5.507205950726713, "algorithm": 0.8920854338854537, "a423": 8.07215530818825, "cacm": 0.00031215857909170155, "april": 2.4231810700270437, "moler": 6.68586094706836}