{"nonrecurs": 5.992713766508414, "adapt": 4.434569148461864, "integr": 2.984558972955866, "algorithm": 0.8920854338854537, "cacm": 0.00031215857909170155, "april": 2.4231810700270437, "butler": 7.379008127628304}