{"comput": 11.805665553943395, "simul": 30.427266833631954, "discuss": 6.591673732008658, "techniqu": 2.240272830904733, "comparison": 14.760514694057473, "languag": 21.750014405515095, "purpos": 6.519941905631665, "paper": 3.9616908522211034, "present": 3.6443601318575336, "involv": 3.4570347913469903, "compar": 3.227968221729659, "softwar": 3.929020581796717, "packag": 24.07029385083384, "digit": 6.586063630153441, "part": 10.1150248271875, "issu": 4.704859478201776, "obviou": 5.769570215194204, "user": 9.164626414119978, "choos": 5.36410510708604, "write": 4.222007706478191, "substanti": 4.6709579265260945, "cost": 3.518278416587709, "occur": 4.310955192494688, "train": 5.36410510708604, "implement": 7.712691292930569, "time": 2.0511319588387233, "inappropri": 8.07215530818825, "chosen": 4.894101477840304, "develop": 4.853416821090025, "evalu": 3.137681375057558, "exist": 3.572345637857985, "design": 4.984850964404055, "devot": 5.674260035389879, "characterist": 7.259008103395867, "special": 3.5395558150349937, "attent": 5.076423034634259, "paid": 6.68586094706836, "distinct": 5.076423034634259, "continu": 3.852647603012143, "discret": 4.814058770166768, "chang": 4.2435139116991545, "model": 2.996981492954423, "iii": 4.704859478201776, "detail": 3.447182494903979, "simscript": 6.68586094706836, "clp": 7.379008127628304, "csl": 8.07215530818825, "gasp": 8.07215530818825, "cpss": 8.07215530818825, "sol": 8.07215530818825, "summar": 5.076423034634259, "seri": 3.8825005661618244, "tabl": 3.4570347913469903, "implic": 4.739950798013046, "analysi": 5.5476758832804265, "conclus": 4.814058770166768, "offer": 4.77631844218392, "featur": 3.399326473726344, "gener": 1.8279884075245136, "strength": 7.379008127628304, "weak": 5.674260035389879, "suggest": 3.399326473726344, "way": 4.77631844218392, "futur": 4.222007706478191, "improv": 3.3536564368931554, "cacm": 0.00031215857909170155, "octob": 2.4849066497880004, "teichroew": 6.97354301952014, "lubin": 8.07215530818825}