{"fast": 7.890041846286317, "divis": 9.033614493397673, "techniqu": 2.240272830904733, "constant": 8.97727273946428, "divisor": 10.866195957145983, "algorithm": 1.7841708677709074, "present": 3.6443601318575336, "method": 1.8535551884965207, "prove": 3.8380488035909903, "implement": 2.570897097643523, "microcod": 6.97354301952014, "ona": 8.07215530818825, "binari": 3.8094754311469345, "machin": 2.918863713690471, "adapt": 4.434569148461864, "directli": 4.408593662058603, "hardwar": 3.8825005661618244, "mathemat": 3.6295040516979333, "foundat": 5.992713766508414, "perform": 2.8094651192833644, "measur": 3.8380488035909903, "cacm": 0.00031215857909170155, "februari": 2.6211168546225494, "artzi": 8.07215530818825, "hind": 7.379008127628304, "saal": 7.379008127628304}