{"orthogon": 5.127716329021809, "polynomi": 3.4087162140761826, "squar": 3.6295040516979333, "surfac": 4.704859478201776, "fit": 3.9946178642825303, "algorithm": 0.8920854338854537, "cacm": 0.00031215857909170155, "august": 2.3750618216828454, "bitterli": 8.07215530818825}