{"gamma": 4.814058770166768, "function": 2.2610143152115496, "control": 2.954161495771495, "accuraci": 4.383275854074314, "algorithm": 0.8920854338854537, "cacm": 0.00031215857909170155, "cyvin": 13.94708603904028}