{"protect": 9.409718956403552, "program": 1.438836874907873, "languag": 2.1750014405515095, "linguist": 5.36410510708604, "mechan": 3.7680902149840803, "subprogram": 5.769570215194204, "malfunct": 6.68586094706836, "function": 4.522028630423099, "produc": 3.427764409046877, "type": 3.144901623031045, "tag": 5.992713766508414, "scheme": 3.518278416587709, "consid": 3.152174382360125, "attempt": 4.1209115896068225, "made": 3.2046208577326674, "distinguish": 5.36410510708604, "access": 3.6062471895336663, "limit": 3.6295040516979333, "authent": 6.462717395754149, "cacm": 0.00031215857909170155, "januari": 2.6297375976664563, "morri": 5.299566585948469, "jr": 3.243841570885949}