{"weight": 23.881592210919603, "buddi": 55.13620643219643, "method": 14.828441507972165, "dynam": 7.676097607181981, "storag": 5.4788730298457615, "alloc": 7.259008103395867, "extens": 6.671913719587509, "call": 3.4087162140761826, "present": 3.6443601318575336, "block": 15.716082327186868, "size": 10.283293227140632, "origin": 4.2435139116991545, "allow": 3.867462688797284, "achiev": 3.7954891891721947, "addit": 3.318565117081885, "cost": 3.518278416587709, "bit": 3.977810745966149, "simul": 3.380807425959106, "result": 4.750123643365691, "compar": 3.227968221729659, "uniform": 4.853279483320049, "request": 8.869138296923728, "distribut": 6.994888659369734, "system": 1.55744261731572, "total": 8.360670020155247, "memori": 3.137681375057558, "fragment": 11.539140430388407, "algorithm": 0.8920854338854537, "smaller": 5.507205950726713, "exponenti": 4.1803350100776235, "cacm": 0.00031215857909170155, "octob": 2.4849066497880004, "shen": 6.97354301952014, "peterson": 6.462717395754149}