{"algorithm": 2.676256301656361, "find": 7.16703787691222, "fundament": 15.229269103902777, "set": 5.109404823447084, "cycl": 15.08289861139448, "graph": 24.174624242122196, "fast": 3.9450209231431583, "method": 1.8535551884965207, "present": 1.8221800659287668, "undirect": 6.126245159132937, "finit": 4.2435139116991545, "span": 5.299566585948469, "tree": 10.75055681536833, "grown": 6.126245159132937, "vertic": 16.299293935718975, "examin": 14.565354037379745, "turn": 5.181783550292085, "unexamin": 8.07215530818825, "store": 7.0577210518364915, "pushdown": 12.252490318265874, "list": 6.378706771203758, "await": 8.07215530818825, "stage": 9.962225709659867, "process": 2.1750014405515095, "take": 4.160132302760104, "top": 5.181783550292085, "element": 3.8825005661618244, "inspect": 5.992713766508414, "edg": 10.477883928264067, "ad": 4.408593662058603, "exactli": 5.769570215194204, "larg": 2.8791984572980396, "requir": 2.388575540849568, "creas": 8.07215530818825, "time": 2.0511319588387233, "depend": 3.929020581796717, "type": 3.144901623031045, "involv": 3.4570347913469903, "bound": 7.676097607181981, "shown": 2.7940406489577327, "attain": 5.992713766508414, "term": 6.552729525183017, "storag": 2.7394365149228808, "similar": 7.590978378344389, "gotlieb": 11.348520070779758, "corneil": 13.37172189413672, "superior": 9.55263688436784, "welch": 14.758016255256608, "speed": 3.823660066138891, "testsshow": 8.07215530818825, "remark": 4.57564774672177, "effici": 2.7108631424788245, "random": 3.6062471895336663, "cacm": 0.00031215857909170155, "septemb": 2.546702369056466, "paton": 6.97354301952014}