{"complex": 3.137681375057558, "power": 3.7680902149840803, "algorithm": 0.8920854338854537, "cacm": 0.00031215857909170155, "juli": 2.3683728335320486, "relph": 5.769570215194204}