{"linear": 3.1818061799664963, "program": 1.438836874907873, "appli": 3.2681342634549932, "ultraviolet": 8.07215530818825, "absorpt": 8.07215530818825, "spectroscopi": 8.07215530818825, "cacm": 0.00031215857909170155, "februari": 2.6211168546225494, "white": 6.280395838960195, "shapiro": 6.462717395754149, "pratt": 6.97354301952014}