{"arctang": 7.379008127628304, "algorithm": 0.8920854338854537, "b1": 6.68586094706836, "cacm": 0.00031215857909170155, "septemb": 2.546702369056466, "mill": 6.68586094706836}