{"pl": 25.638581645109046, "list": 25.514827084815032, "process": 13.050008643309056, "concept": 6.836389916061453, "introduc": 3.8380488035909903, "languag": 8.700005762206038, "facil": 7.7955360765852255, "write": 4.222007706478191, "procedur": 2.63843330463401, "oper": 4.540073865622374, "simpl": 3.009560275161283, "complex": 6.275362750115116, "data": 6.5003803804010385, "organ": 3.5078071167204135, "suffer": 8.07215530818825, "inabl": 12.56079167792039, "deal": 4.461237395544026, "directli": 4.408593662058603, "structur": 4.94746669837975, "perform": 2.8094651192833644, "complet": 3.47703545805366, "rang": 4.222007706478191, "program": 1.438836874907873, "problem": 1.9651324204459957, "elimin": 4.064822122955779, "basic": 3.4181949580307265, "philosophi": 5.238941964132033, "extens": 3.3359568597937543, "discuss": 2.1972245773362196, "addit": 3.318565117081885, "detail": 3.447182494903979, "exampl": 3.371674942395834, "provid": 3.015909502839942, "cacm": 0.00031215857909170155, "june": 2.3717117347975636, "lawson": 8.07215530818825, "jr": 3.243841570885949}