{"normal": 3.929020581796717, "random": 3.6062471895336663, "deviat": 5.58724865840025, "algorithm": 0.8920854338854537, "g5": 5.238941964132033, "cacm": 0.00031215857909170155, "juli": 2.3683728335320486, "bell": 5.433097978572992}