{"extens": 6.671913719587509, "machin": 5.837727427380942, "salient": 8.07215530818825, "characterist": 3.6295040516979333, "em": 16.1443106163765, "facil": 3.8977680382926128, "provid": 3.015909502839942, "system": 1.55744261731572, "control": 2.954161495771495, "program": 10.071858124355112, "data": 4.333586920267359, "linkag": 17.30871064558261, "address": 3.913272224828578, "connect": 4.310955192494688, "intent": 6.280395838960195, "paper": 3.9616908522211034, "expand": 5.181783550292085, "clarifi": 5.674260035389879, "remark": 4.57564774672177, "concern": 3.9612814440149386, "embodi": 6.126245159132937, "author": 4.287965674269989, "previou": 4.434569148461864, "concept": 3.4181949580307265, "final": 3.7680902149840803, "trace": 5.027632870464827, "employ": 3.913272224828578, "mechan": 3.7680902149840803, "level": 3.2681342634549932, "languag": 2.1750014405515095, "cacm": 0.00031215857909170155, "march": 2.546702369056466, "leonard": 7.379008127628304, "goodro": 8.07215530818825}