{"binari": 3.8094754311469345, "truth": 6.97354301952014, "function": 2.2610143152115496, "oper": 2.270036932811187, "decim": 5.127716329021809, "comput": 1.3117406171048218, "extract": 5.076423034634259, "command": 4.57564774672177, "cacm": 0.00031215857909170155, "kautz": 7.379008127628304}