{"comput": 6.558703085524109, "aid": 16.116416161414797, "analysi": 8.32151382492064, "design": 14.954552893212165, "inform": 5.125533943120545, "system": 6.22977046926288, "paper": 1.9808454261105517, "describ": 3.0954215657676754, "develop": 2.4267084105450123, "integr": 2.984558972955866, "financi": 6.462717395754149, "manag": 4.046803617453101, "navi": 6.97354301952014, "materi": 4.739950798013046, "command": 4.57564774672177, "support": 4.434569148461864, "activ": 3.977810745966149, "nmcsa": 8.07215530818825, "consist": 3.823660066138891, "set": 2.554702411723542, "procedur": 2.63843330463401, "program": 4.31651062472362, "specif": 6.455936443459318, "process": 2.1750014405515095, "applic": 2.481168327677393, "softwar": 3.929020581796717, "select": 3.617808011934742, "perform": 5.618930238566729, "evalu": 6.275362750115116, "major": 3.867462688797284, "compon": 4.26549281841793, "problem": 11.790794522675974, "statement": 18.57723240749329, "languag": 2.1750014405515095, "analyz": 14.201466924556838, "gener": 3.6559768150490273, "altern": 7.922562888029877, "requir": 2.388575540849568, "written": 3.728349886334566, "ad": 13.22578098617581, "accur": 4.739950798013046, "defin": 3.1595004224521976, "definit": 7.355412307031623, "supplement": 6.280395838960195, "addit": 3.318565117081885, "order": 2.93049175168559, "creat": 4.408593662058603, "complet": 3.47703545805366, "translat": 3.6901286735143684, "form": 3.0954215657676754, "soda": 8.07215530818825, "optim": 3.1743155082373384, "algorithm": 0.8920854338854537, "modul": 5.181783550292085, "logic": 3.6062471895336663, "databas": 5.238941964132033, "structur": 2.473733349189875, "cacm": 0.00031215857909170155, "decemb": 2.4626835130032902, "nunamak": 8.07215530818825, "jr": 6.487683141771898, "konsynski": 8.07215530818825, "ho": 6.97354301952014, "singer": 8.07215530818825}