{"effici": 2.7108631424788245, "autocorrel": 6.68586094706836, "cacm": 0.00031215857909170155, "februari": 2.6211168546225494, "schmid": 8.07215530818825}