{"eigenvalu": 4.814058770166768, "eigenvector": 5.507205950726713, "real": 3.5078071167204135, "gener": 1.8279884075245136, "matrix": 3.137681375057558, "algorithm": 0.8920854338854537, "f1": 5.433097978572992, "cacm": 0.00031215857909170155, "novemb": 2.4445341944976127, "knight": 6.68586094706836, "mersereau": 8.07215530818825}