{"modif": 4.461237395544026, "warshal": 14.758016255256608, "algorithm": 2.676256301656361, "transit": 9.8733221845182, "closur": 13.37172189413672, "binari": 7.618950862293869, "relat": 6.28980324606209, "comput": 2.6234812342096436, "repres": 3.6062471895336663, "boolean": 4.638168103703103, "matrix": 3.137681375057558, "similar": 3.7954891891721947, "execut": 3.2358734012367716, "faster": 4.9811128548299335, "spars": 5.507205950726713, "matric": 3.929020581796717, "page": 3.9612814440149386, "environ": 3.7680902149840803, "cacm": 0.00031215857909170155, "april": 2.4231810700270437, "warren": 7.379008127628304, "jr": 3.243841570885949}