{"tree": 7.16703787691222, "re": 7.379008127628304, "examin": 3.641338509344936, "variant": 5.238941964132033, "increas": 3.6295040516979333, "frequenc": 4.739950798013046, "propos": 2.907369334264736, "basic": 3.4181949580307265, "storag": 2.7394365149228808, "structur": 7.421200047569625, "multius": 6.97354301952014, "databas": 5.238941964132033, "applic": 2.481168327677393, "potenti": 4.6709579265260945, "problem": 3.9302648408919914, "dealt": 6.126245159132937, "aris": 4.704859478201776, "tradit": 5.36410510708604, "static": 5.36410510708604, "directori": 5.992713766508414, "perform": 2.8094651192833644, "penalti": 6.97354301952014, "cacm": 0.00031215857909170155, "februari": 2.6211168546225494, "held": 5.769570215194204, "stonebrak": 8.07215530818825}