{"effici": 2.7108631424788245, "machin": 5.837727427380942, "independ": 7.618950862293869, "procedur": 2.63843330463401, "garbag": 5.127716329021809, "collect": 4.222007706478191, "list": 15.946766928009396, "structur": 4.94746669837975, "method": 1.8535551884965207, "return": 8.07215530818825, "regist": 5.027632870464827, "free": 3.913272224828578, "essenti": 4.434569148461864, "part": 3.371674942395834, "process": 2.1750014405515095, "system": 1.55744261731572, "paper": 1.9808454261105517, "past": 5.299566585948469, "solut": 2.763887610787045, "recoveri": 5.769570215194204, "problem": 1.9651324204459957, "review": 4.48863636973214, "compar": 3.227968221729659, "algorithm": 2.676256301656361, "present": 1.8221800659287668, "offer": 4.77631844218392, "signific": 3.929020581796717, "advantag": 3.7027074557212285, "speed": 3.823660066138891, "storag": 2.7394365149228808, "util": 3.6901286735143684, "routin": 3.867462688797284, "implement": 2.570897097643523, "written": 3.728349886334566, "languag": 2.1750014405515095, "insur": 6.280395838960195, "degre": 4.222007706478191, "final": 3.7680902149840803, "applic": 2.481168327677393, "number": 2.2028583950544753, "appear": 4.48863636973214, "literatur": 4.894101477840304, "cacm": 0.00031215857909170155, "august": 2.3750618216828454, "schorr": 8.07215530818825, "wait": 5.36410510708604}