{"check": 4.545794783572089, "loop": 4.739950798013046, "network": 3.9450209231431583, "cacm": 0.00031215857909170155, "juli": 2.3683728335320486, "gordon": 6.68586094706836}