{"gamma": 4.814058770166768, "function": 2.2610143152115496, "algorithm": 0.8920854338854537, "cacm": 0.00031215857909170155, "juli": 2.3683728335320486, "johnson": 5.58724865840025, "sangren": 6.462717395754149}