{"ecma": 7.379008127628304, "subset": 4.545794783572089, "algol": 3.243841570885949, "cacm": 0.00031215857909170155, "octob": 2.4849066497880004}