{"tree": 3.58351893845611, "structur": 2.473733349189875, "program": 1.438836874907873, "cacm": 0.00031215857909170155, "novemb": 2.4445341944976127, "wegner": 6.97354301952014}