{"reduc": 3.641338509344936, "truncat": 10.72821021417208, "error": 3.0482747873419735, "program": 1.438836874907873, "accumul": 10.255432658043619, "sum": 18.183179134288356, "numer": 3.2046208577326674, "integr": 2.984558972955866, "larg": 2.8791984572980396, "number": 4.405716790108951, "interv": 13.465909109196419, "larger": 4.9366610922591, "individu": 4.6064194053885235, "addend": 7.379008127628304, "produc": 3.427764409046877, "accur": 4.739950798013046, "increas": 3.6295040516979333, "separ": 4.2435139116991545, "variabl": 3.1093106779283426, "establish": 4.408593662058603, "hold": 5.433097978572992, "partial": 4.287965674269989, "distinct": 5.076423034634259, "extens": 3.3359568597937543, "success": 4.083171261623976, "elimin": 4.064822122955779, "cacm": 0.00031215857909170155, "june": 2.3717117347975636, "wolf": 6.68586094706836}