{"algorithm": 0.8920854338854537, "locat": 8.280659350927849, "adjac": 5.769570215194204, "storag": 8.218309544768642, "block": 11.787061745390151, "buddi": 12.252490318265874, "system": 3.11488523463144, "simpl": 3.009560275161283, "scheme": 7.036556833175418, "determin": 3.009560275161283, "rel": 4.200954297280359, "applic": 2.481168327677393, "type": 3.144901623031045, "alloc": 3.6295040516979333, "cacm": 0.00031215857909170155, "april": 2.4231810700270437, "hind": 7.379008127628304}