{"storag": 2.7394365149228808, "reorgan": 30.631225795664683, "techniqu": 4.480545661809466, "matrix": 3.137681375057558, "comput": 1.3117406171048218, "page": 11.883844332044816, "environ": 3.7680902149840803, "order": 2.93049175168559, "multipli": 5.87493073085203, "matric": 19.645102908983585, "minim": 3.39002408106403, "number": 2.2028583950544753, "fetch": 6.126245159132937, "requir": 2.388575540849568, "effici": 5.421726284957649, "data": 4.333586920267359, "submatrix": 7.379008127628304, "form": 9.286264697303025, "block": 7.858041163593434, "multipl": 10.75055681536833, "known": 3.7027074557212285, "algorithm": 0.8920854338854537, "leav": 5.87493073085203, "store": 3.5288605259182457, "row": 10.599133171896938, "column": 5.433097978572992, "orient": 7.955621491932298, "method": 1.8535551884965207, "accomplish": 4.638168103703103, "make": 3.380807425959106, "deriv": 3.2930318150767204, "asymptot": 5.433097978572992, "bound": 3.8380488035909903, "adapt": 8.869138296923728, "strassen": 16.1443106163765, "scheme": 7.036556833175418, "shown": 5.5880812979154655, "advantag": 7.405414911442457, "realist": 5.87493073085203, "size": 3.427764409046877, "transpos": 6.97354301952014, "addit": 3.318565117081885, "cost": 3.518278416587709, "cacm": 0.00031215857909170155, "juli": 2.3683728335320486, "fischer": 6.462717395754149, "probert": 8.07215530818825}