{"scan": 4.894101477840304, "text": 4.083171261623976, "cacm": 0.00031215857909170155, "decemb": 2.4626835130032902, "baker": 6.126245159132937}