{"comput": 1.3117406171048218, "gener": 3.6559768150490273, "gamma": 9.628117540333536, "random": 7.212494379067333, "variabl": 6.218621355856685, "method": 20.389107073461727, "distribut": 3.497444329684867, "nonintegr": 7.379008127628304, "shape": 5.076423034634259, "paramet": 3.7816958670398586, "propos": 8.722108002794208, "similar": 7.590978378344389, "recent": 3.8977680382926128, "wallac": 6.126245159132937, "fishman": 32.31358697877074, "compar": 3.227968221729659, "ahren": 12.925434791508298, "dieter": 12.925434791508298, "core": 4.310955192494688, "storag": 2.7394365149228808, "requir": 2.388575540849568, "program": 1.438836874907873, "effort": 4.5168072466988365, "faster": 9.962225709659867, "simpler": 5.674260035389879, "cacm": 0.00031215857909170155, "tadikamalla": 7.379008127628304}