{"newton": 4.9366610922591, "interpol": 4.6064194053885235, "backward": 5.87493073085203, "divid": 4.739950798013046, "differ": 3.977810745966149, "cacm": 0.00031215857909170155, "april": 2.4231810700270437, "kahan": 6.462717395754149, "farka": 6.462717395754149}