{"bit": 7.955621491932298, "sequenc": 3.6654360609239967, "american": 8.717166482967883, "standard": 6.204684017224499, "code": 2.948191328784991, "inform": 2.5627669715602726, "interchang": 4.638168103703103, "ascii": 5.992713766508414, "serial": 5.076423034634259, "data": 2.1667934601336793, "transmiss": 4.9811128548299335, "propos": 2.907369334264736, "cacm": 0.00031215857909170155, "june": 2.3717117347975636}