{"jacobi": 5.674260035389879, "polynomi": 3.4087162140761826, "algorithm": 0.8920854338854537, "s22": 5.299566585948469, "cacm": 0.00031215857909170155, "june": 2.3717117347975636, "witt": 7.379008127628304}