{"match": 4.5168072466988365, "problem": 1.9651324204459957, "document": 4.358583241483942, "retriev": 3.594818493710043, "cacm": 0.00031215857909170155, "novemb": 2.4445341944976127, "van": 5.36410510708604, "rijsbergen": 8.07215530818825}