{"nuclear": 6.97354301952014, "reactor": 6.97354301952014, "code": 2.948191328784991, "cacm": 0.00031215857909170155, "januari": 2.6297375976664563, "nather": 6.97354301952014, "sangren": 6.462717395754149}