{"comment": 4.064822122955779, "optim": 3.1743155082373384, "tree": 3.58351893845611, "structur": 2.473733349189875, "cacm": 0.00031215857909170155, "octob": 2.4849066497880004, "stanfel": 8.07215530818825}