{"disk": 47.04859478201776, "stretch": 14.758016255256608, "paper": 1.9808454261105517, "begin": 5.238941964132033, "briefli": 4.5168072466988365, "describ": 3.0954215657676754, "ibm": 3.518278416587709, "comput": 2.6234812342096436, "special": 3.5395558150349937, "emphasi": 4.5168072466988365, "organ": 3.5078071167204135, "oper": 2.270036932811187, "input": 3.116328250586989, "output": 3.497444329684867, "equip": 4.9366610922591, "physic": 9.15129549344354, "characterist": 3.6295040516979333, "system": 6.22977046926288, "bit": 3.977810745966149, "word": 15.018668778607758, "usec": 8.07215530818825, "transmiss": 4.9811128548299335, "rate": 4.408593662058603, "note": 6.994888659369734, "time": 2.0511319588387233, "limit": 7.259008103395867, "due": 4.9811128548299335, "arm": 7.379008127628304, "motion": 5.58724865840025, "rotat": 5.36410510708604, "discuss": 6.591673732008658, "applic": 4.962336655354786, "usag": 4.6064194053885235, "separ": 4.2435139116991545, "problem": 3.9302648408919914, "program": 8.63302124944724, "compil": 3.074943034424135, "supervisori": 6.462717395754149, "approxim": 3.380807425959106, "storag": 8.218309544768642, "reserv": 5.87493073085203, "subroutin": 4.1209115896068225, "librari": 4.894101477840304, "file": 6.68586094706836, "techniqu": 2.240272830904733, "transmit": 5.299566585948469, "core": 4.310955192494688, "minimum": 4.1209115896068225, "delay": 6.280395838960195, "interrupt": 5.507205950726713, "arithmet": 3.6901286735143684, "unit": 4.2435139116991545, "dump": 6.68586094706836, "consid": 3.152174382360125, "recoveri": 5.769570215194204, "malfunct": 6.68586094706836, "mathemat": 3.6295040516979333, "develop": 2.4267084105450123, "calcul": 3.5395558150349937, "comment": 4.064822122955779, "made": 3.2046208577326674, "regard": 4.77631844218392, "reliabl": 4.77631844218392, "econom": 4.6709579265260945, "util": 3.6901286735143684, "weak": 5.674260035389879, "futur": 4.222007706478191, "connot": 8.07215530818825, "cacm": 0.00031215857909170155, "octob": 2.4849066497880004, "carlson": 6.97354301952014, "voorh": 8.07215530818825}