{"complex": 3.137681375057558, "method": 1.8535551884965207, "constrain": 5.58724865840025, "optim": 3.1743155082373384, "e4": 5.433097978572992, "algorithm": 0.8920854338854537, "a454": 8.07215530818825, "cacm": 0.00031215857909170155, "august": 2.3750618216828454, "richardson": 7.379008127628304, "kuester": 8.07215530818825}