{"clarif": 6.68586094706836, "fortran": 6.5362685269099865, "standard": 15.511710043061246, "initi": 16.974055646796618, "progress": 5.181783550292085, "year": 4.160132302760104, "effort": 4.5168072466988365, "program": 1.438836874907873, "languag": 2.1750014405515095, "unit": 4.2435139116991545, "state": 3.852647603012143, "achiev": 3.7954891891721947, "studi": 3.227968221729659, "applic": 2.481168327677393, "specif": 6.455936443459318, "reveal": 5.181783550292085, "need": 3.251873742583213, "mainten": 11.014411901453427, "result": 2.3750618216828454, "work": 3.344767489475909, "set": 2.554702411723542, "clarifi": 5.674260035389879, "interpret": 8.444015412956382, "prepar": 4.57564774672177, "natur": 3.7027074557212285, "correct": 3.6295040516979333, "complet": 3.47703545805366, "report": 3.4669851222001586, "cacm": 0.00031215857909170155}