{"graph": 4.029104040353699, "plotter": 5.769570215194204, "algorithm": 0.8920854338854537, "j6": 6.126245159132937, "cacm": 0.00031215857909170155, "februari": 2.6211168546225494, "lloyd": 8.07215530818825}