{"gat": 8.07215530818825, "construct": 3.189353385601879, "translat": 3.6901286735143684, "cacm": 0.00031215857909170155, "juli": 2.3683728335320486, "arden": 6.126245159132937, "graham": 5.299566585948469}