{"riccati": 7.379008127628304, "bessel": 5.127716329021809, "function": 2.2610143152115496, "kind": 4.408593662058603, "algorithm": 0.8920854338854537, "cacm": 0.00031215857909170155, "novemb": 2.4445341944976127, "oser": 8.07215530818825}