{"input": 3.116328250586989, "data": 2.1667934601336793, "organ": 3.5078071167204135, "fortran": 3.2681342634549932, "cacm": 0.00031215857909170155, "octob": 2.4849066497880004, "yarbrough": 6.97354301952014}