{"report": 3.4669851222001586, "subset": 4.545794783572089, "algol": 3.243841570885949, "ifip": 6.97354301952014, "cacm": 0.00031215857909170155, "octob": 2.4849066497880004}