{"probabl": 4.222007706478191, "distribut": 17.487221648424335, "valu": 14.810829822884914, "binari": 7.618950862293869, "tree": 10.75055681536833, "integr": 5.969117945911732, "equat": 6.218621355856685, "deriv": 3.2930318150767204, "gener": 3.6559768150490273, "function": 6.783042945634649, "reflect": 5.433097978572992, "sort": 15.530002264647297, "effort": 13.55042174009651, "analysi": 2.7738379416402132, "assum": 4.358583241483942, "uniformli": 5.992713766508414, "branch": 16.76174597520075, "ratio": 15.383148987065429, "applic": 2.481168327677393, "famili": 10.055265740929654, "algorithm": 1.7841708677709074, "discuss": 2.1972245773362196, "hoar": 5.299566585948469, "singleton": 5.674260035389879, "van": 5.36410510708604, "emden": 6.97354301952014, "solut": 2.763887610787045, "advanc": 4.704859478201776, "make": 3.380807425959106, "minor": 5.992713766508414, "reduct": 4.5168072466988365, "expect": 4.334485689904882, "substanti": 4.6709579265260945, "reduc": 3.641338509344936, "varianc": 4.9811128548299335, "statist": 3.867462688797284, "test": 6.163445442819027, "thousand": 6.97354301952014, "point": 3.015909502839942, "moment": 23.49972292340812, "satisfactori": 5.238941964132033, "agreement": 14.758016255256608, "comput": 1.3117406171048218, "empir": 4.358583241483942, "analyt": 4.461237395544026, "result": 4.750123643365691, "previous": 4.739950798013046, "publish": 4.6064194053885235, "case": 6.424685807653155, "uniform": 9.706558966640099, "nonuniform": 6.97354301952014, "cacm": 0.00031215857909170155, "februari": 2.6211168546225494, "hurwitz": 8.07215530818825, "jr": 3.243841570885949}