{"amesplot": 32.288621232753, "higher": 9.628117540333536, "level": 6.5362685269099865, "data": 8.667173840534717, "plot": 44.8300156934694, "softwar": 15.716082327186868, "system": 10.90209832121004, "extens": 3.3359568597937543, "design": 2.4924254822020275, "make": 3.380807425959106, "display": 3.9450209231431583, "simpl": 9.02868082548385, "painless": 8.07215530818825, "neat": 8.07215530818825, "hardwar": 3.8825005661618244, "independ": 15.237901724587738, "implement": 2.570897097643523, "varieti": 8.241823179213645, "instal": 5.58724865840025, "manufactur": 5.769570215194204, "divers": 5.58724865840025, "configur": 4.739950798013046, "element": 11.647501698485474, "common": 3.9450209231431583, "type": 3.144901623031045, "outlin": 8.320264605520208, "combin": 3.5612958016714, "base": 2.701517280060587, "modul": 20.72713420116834, "demonstr": 4.0117122976418305, "axi": 6.97354301952014, "attribut": 5.238941964132033, "enabl": 9.033614493397673, "complex": 3.137681375057558, "construct": 6.378706771203758, "ad": 4.408593662058603, "replac": 4.739950798013046, "basic": 3.4181949580307265, "syntax": 4.029104040353699, "descript": 3.437426319958614, "util": 3.6901286735143684, "consist": 3.823660066138891, "macro": 4.853279483320049, "produc": 6.855528818093754, "scale": 12.863897022809967, "formal": 3.728349886334566, "tablet": 6.97354301952014, "text": 4.083171261623976, "interspers": 6.97354301952014, "subplot": 32.288621232753, "map": 4.358583241483942, "coastlin": 8.07215530818825, "formul": 4.545794783572089, "user": 12.219501885493303, "suppli": 5.238941964132033, "minimum": 4.1209115896068225, "inform": 2.5627669715602726, "fulli": 5.299566585948469, "integr": 2.984558972955866, "program": 1.438836874907873, "written": 3.728349886334566, "convent": 3.8380488035909903, "languag": 2.1750014405515095, "function": 2.2610143152115496, "posit": 4.1209115896068225, "locat": 4.140329675463924, "layout": 6.280395838960195, "multipl": 7.16703787691222, "axe": 6.97354301952014, "label": 5.238941964132033, "handl": 3.7154464814986583, "specifi": 5.769570215194204, "structur": 2.473733349189875, "contain": 5.181783550292085, "transform": 7.330872121847993, "project": 4.222007706478191, "rotat": 5.36410510708604, "shift": 5.58724865840025, "entir": 4.638168103703103, "action": 4.57564774672177, "interact": 3.6654360609239967, "freeli": 7.379008127628304, "marker": 7.379008127628304, "alphabet": 5.58724865840025, "charact": 3.6654360609239967, "artist": 8.07215530818825, "effect": 3.0954215657676754, "cacm": 0.00031215857909170155, "septemb": 2.546702369056466, "hirschsoln": 8.07215530818825}