{"jump": 32.31358697877074, "search": 17.385177290268302, "fast": 3.9450209231431583, "sequenti": 9.033614493397673, "techniqu": 2.240272830904733, "structur": 2.473733349189875, "binari": 3.8094754311469345, "feasibl": 4.894101477840304, "appeal": 8.07215530818825, "altern": 3.9612814440149386, "paper": 1.9808454261105517, "explor": 10.36356710058417, "variant": 5.238941964132033, "classic": 5.238941964132033, "scheme": 3.518278416587709, "optimum": 4.704859478201776, "size": 6.855528818093754, "squar": 3.6295040516979333, "root": 4.140329675463924, "number": 2.2028583950544753, "record": 3.867462688797284, "multipl": 3.58351893845611, "level": 3.2681342634549932, "variabl": 3.1093106779283426, "strategi": 4.6709579265260945, "applic": 2.481168327677393, "discuss": 2.1972245773362196, "perform": 2.8094651192833644, "evalu": 3.137681375057558, "cacm": 0.00031215857909170155, "octob": 2.4849066497880004, "shneiderman": 6.68586094706836}