{"read": 9.15129549344354, "backward": 17.624792192556093, "polyphas": 28.84785107597102, "sort": 23.295003396970948, "effici": 2.7108631424788245, "tape": 16.187214469812403, "techniqu": 4.480545661809466, "produc": 6.855528818093754, "continu": 3.852647603012143, "merg": 14.809983276777299, "process": 4.350002881103019, "total": 4.1803350100776235, "number": 2.2028583950544753, "presort": 16.1443106163765, "conjunct": 5.181783550292085, "provid": 3.015909502839942, "capabl": 3.8094754311469345, "ascend": 6.97354301952014, "descend": 6.126245159132937, "string": 7.405414911442457, "distribut": 3.497444329684867, "requir": 2.388575540849568, "cacm": 0.00031215857909170155, "gilstad": 8.07215530818825}