{"logarithm": 15.545350650876255, "error": 15.241373936709868, "newton": 9.8733221845182, "method": 3.7071103769930414, "squar": 7.259008103395867, "root": 8.280659350927849, "problem": 3.9302648408919914, "obtain": 6.232656501173978, "optim": 12.697262032949354, "start": 4.894101477840304, "valu": 3.7027074557212285, "calcul": 3.5395558150349937, "consid": 3.152174382360125, "point": 3.015909502839942, "rel": 4.200954297280359, "measur": 3.8380488035909903, "good": 4.6064194053885235, "fit": 11.983853592847591, "result": 2.3750618216828454, "initi": 12.730541735097464, "approxim": 6.761614851918212, "shown": 2.7940406489577327, "call": 3.4087162140761826, "type": 3.144901623031045, "appear": 4.48863636973214, "simplifi": 4.48863636973214, "determin": 3.009560275161283, "cacm": 0.00031215857909170155, "februari": 2.6211168546225494, "king": 5.87493073085203, "phillip": 6.280395838960195}