{"stat": 8.07215530818825, "pack": 5.58724865840025, "biostatist": 8.07215530818825, "program": 2.877673749815746, "packag": 9.628117540333536, "fortran": 6.5362685269099865, "statist": 3.867462688797284, "small": 3.594818493710043, "medium": 5.36410510708604, "size": 3.427764409046877, "charact": 3.6654360609239967, "word": 3.7546671946519394, "ii": 4.140329675463924, "compil": 3.074943034424135, "exist": 3.572345637857985, "avail": 5.769570215194204, "announc": 6.97354301952014, "major": 3.867462688797284, "design": 2.4924254822020275, "criteria": 4.57564774672177, "eas": 9.8733221845182, "modif": 4.461237395544026, "flexibl": 4.26549281841793, "input": 3.116328250586989, "detail": 3.447182494903979, "output": 3.497444329684867, "cacm": 0.00031215857909170155, "februari": 2.6211168546225494, "shannon": 6.97354301952014, "henschk": 8.07215530818825}