{"survey": 4.48863636973214, "progress": 5.181783550292085, "trend": 5.87493073085203, "develop": 2.4267084105450123, "automat": 3.371674942395834, "data": 2.1667934601336793, "process": 2.1750014405515095, "busi": 4.814058770166768, "manag": 4.046803617453101, "control": 5.90832299154299, "system": 1.55744261731572, "feder": 6.68586094706836, "govern": 5.181783550292085, "decemb": 2.4626835130032902, "cacm": 0.00031215857909170155, "april": 2.4231810700270437, "gener": 1.8279884075245136, "unit": 8.487027823398309, "state": 7.705295206024286, "congress": 7.379008127628304}