{"certif": 11.539140430388407, "program": 4.31651062472362, "secur": 15.7168258923961, "inform": 5.125533943120545, "flow": 9.409718956403552, "paper": 1.9808454261105517, "present": 3.6443601318575336, "mechan": 7.5361804299681605, "verifi": 5.507205950726713, "exploit": 5.674260035389879, "properti": 3.5395558150349937, "lattic": 6.280395838960195, "structur": 2.473733349189875, "class": 3.427764409046877, "procedur": 2.63843330463401, "suffici": 4.26549281841793, "simpl": 3.009560275161283, "easili": 4.26549281841793, "includ": 2.7688504001291743, "analysi": 2.7738379416402132, "phase": 5.027632870464827, "exist": 3.572345637857985, "compil": 3.074943034424135, "semant": 4.287965674269989, "prove": 7.676097607181981, "correct": 3.6295040516979333, "import": 3.497444329684867, "applic": 2.481168327677393, "confin": 6.126245159132937, "problem": 1.9651324204459957, "supposedli": 7.379008127628304, "nonconfidenti": 8.07215530818825, "result": 2.3750618216828454, "depend": 3.929020581796717, "confidenti": 6.68586094706836, "input": 3.116328250586989, "data": 2.1667934601336793, "cacm": 0.00031215857909170155, "juli": 2.3683728335320486, "den": 10.72821021417208}