{"algorithm": 0.8920854338854537, "combinatori": 5.027632870464827, "thing": 5.36410510708604, "time": 2.0511319588387233, "cacm": 0.00031215857909170155, "april": 2.4231810700270437, "wolfson": 6.68586094706836, "wright": 6.126245159132937}