{"optim": 3.1743155082373384, "polyphas": 5.769570215194204, "sort": 3.8825005661618244, "corrigendum": 4.545794783572089, "cacm": 0.00031215857909170155, "januari": 2.6297375976664563, "shell": 6.97354301952014}