{"gener": 5.483965222573541, "test": 6.163445442819027, "matric": 15.716082327186868, "similar": 7.590978378344389, "transform": 7.330872121847993, "method": 1.8535551884965207, "obtain": 3.116328250586989, "prescrib": 6.126245159132937, "distribut": 3.497444329684867, "characterist": 7.259008103395867, "root": 4.140329675463924, "process": 2.1750014405515095, "consist": 3.823660066138891, "simpl": 3.009560275161283, "full": 4.545794783572089, "canon": 6.126245159132937, "form": 3.0954215657676754, "known": 3.7027074557212285, "vector": 4.545794783572089, "invers": 3.867462688797284, "determin": 3.009560275161283, "cacm": 0.00031215857909170155, "june": 2.3717117347975636, "ortega": 8.07215530818825}