{"empir": 8.717166482967883, "evalu": 9.413044125172675, "featur": 13.597305894905375, "instruct": 11.602388066391851, "set": 5.109404823447084, "processor": 7.430892962997317, "architectur": 5.076423034634259, "paper": 3.9616908522211034, "present": 3.6443601318575336, "method": 3.7071103769930414, "isp": 24.21646592456475, "term": 3.2763647625915087, "time": 6.15339587651617, "save": 4.739950798013046, "base": 2.701517280060587, "analysi": 2.7738379416402132, "trace": 5.027632870464827, "program": 2.877673749815746, "execut": 3.2358734012367716, "concept": 3.4181949580307265, "regist": 20.110531481859308, "life": 6.97354301952014, "troduc": 5.992713766508414, "answer": 4.9366610922591, "question": 4.140329675463924, "simultan": 4.1803350100776235, "suffici": 4.26549281841793, "overhead": 5.433097978572992, "number": 2.2028583950544753, "reduc": 3.641338509344936, "live": 6.126245159132937, "discuss": 4.394449154672439, "problem": 3.9302648408919914, "detect": 4.310955192494688, "desir": 4.140329675463924, "non": 4.638168103703103, "exist": 3.572345637857985, "briefli": 4.5168072466988365, "experiment": 3.867462688797284, "result": 2.3750618216828454, "obtain": 3.116328250586989, "analyz": 3.5503667311392095, "run": 3.6777061535158113, "dec": 6.126245159132937, "system": 1.55744261731572, "cacm": 0.00031215857909170155, "march": 2.546702369056466, "lund": 8.07215530818825}