{"bessel": 5.127716329021809, "function": 2.2610143152115496, "asymptot": 5.433097978572992, "expans": 5.36410510708604, "algorithm": 0.8920854338854537, "cacm": 0.00031215857909170155, "april": 2.4231810700270437, "clark": 5.433097978572992}