{"equival": 4.434569148461864, "transform": 3.6654360609239967, "program": 1.438836874907873, "scheme": 3.518278416587709, "cacm": 0.00031215857909170155, "octob": 2.4849066497880004, "friedman": 6.126245159132937}