{"subexpress": 40.38699150635942, "order": 11.72196700674236, "execut": 22.6511138086574, "arithmet": 7.380257347028737, "express": 12.63800168980879, "broken": 6.97354301952014, "compon": 4.26549281841793, "depend": 3.929020581796717, "hardwar": 3.8825005661618244, "environ": 3.7680902149840803, "evalu": 3.137681375057558, "serial": 5.076423034634259, "parallel": 7.765001132323649, "combin": 7.1225916033428, "mode": 4.77631844218392, "paper": 1.9808454261105517, "show": 3.641338509344936, "time": 4.102263917677447, "minim": 3.39002408106403, "consider": 7.7955360765852255, "decreas": 5.027632870464827, "memori": 9.413044125172675, "processor": 7.430892962997317, "requir": 4.777151081699136, "observ": 4.9811128548299335, "valid": 4.894101477840304, "configur": 4.739950798013046, "rang": 4.222007706478191, "uniprocessor": 8.07215530818825, "unbuff": 8.07215530818825, "main": 4.029104040353699, "multiprocessor": 5.433097978572992, "cach": 6.462717395754149, "buffer": 5.238941964132033, "number": 4.405716790108951, "exce": 6.462717395754149, "postpon": 8.07215530818825, "procedur": 2.63843330463401, "earlier": 5.076423034634259, "provid": 3.015909502839942, "optim": 3.1743155082373384, "sequenc": 3.6654360609239967, "cacm": 0.00031215857909170155, "juli": 2.3683728335320486, "ramamoorthi": 6.68586094706836, "gonzalez": 8.07215530818825}