{"analysi": 2.7738379416402132, "skew": 6.97354301952014, "represent": 3.5503667311392095, "symmetr": 4.57564774672177, "group": 4.1803350100776235, "algorithm": 0.8920854338854537, "a455": 8.07215530818825, "cacm": 0.00031215857909170155, "septemb": 2.546702369056466, "hunter": 6.68586094706836, "william": 5.507205950726713}