{"process": 2.1750014405515095, "determin": 3.009560275161283, "address": 19.56636112414289, "variabl": 3.1093106779283426, "length": 11.386467567516585, "algorithm": 1.7841708677709074, "present": 1.8221800659287668, "assign": 8.129644245911559, "instruct": 15.469850755189135, "format": 4.1803350100776235, "condit": 3.39002408106403, "vari": 4.704859478201776, "function": 2.2610143152115496, "distanc": 5.58724865840025, "target": 6.97354301952014, "exist": 3.572345637857985, "optim": 6.348631016474677, "criterion": 5.58724865840025, "impli": 5.507205950726713, "preferenti": 6.97354301952014, "choic": 9.15129549344354, "subject": 4.160132302760104, "constraint": 4.358583241483942, "achiev": 3.7954891891721947, "smallest": 6.126245159132937, "number": 2.2028583950544753, "long": 4.638168103703103, "case": 3.2123429038265776, "total": 4.1803350100776235, "code": 2.948191328784991, "minim": 6.78004816212806, "point": 3.015909502839942, "program": 2.877673749815746, "suitabl": 4.1803350100776235, "arbitrari": 4.160132302760104, "structur": 2.473733349189875, "criteria": 4.57564774672177, "cacm": 0.00031215857909170155, "june": 2.3717117347975636, "frieder": 7.379008127628304, "saal": 7.379008127628304}