{"comput": 1.3117406171048218, "chebyshev": 4.9366610922591, "seri": 3.8825005661618244, "coeffici": 4.1209115896068225, "algorithm": 0.8920854338854537, "c6": 5.58724865840025, "cacm": 0.00031215857909170155, "februari": 2.6211168546225494, "smith": 4.310955192494688}