{"gener": 1.8279884075245136, "busi": 14.442176310500304, "orient": 7.955621491932298, "languag": 13.050008643309056, "base": 5.403034560121174, "decis": 3.8977680382926128, "express": 9.478501267356593, "structur": 9.8949333967595, "digit": 3.2930318150767204, "comput": 1.3117406171048218, "program": 5.755347499631492, "cover": 4.9366610922591, "wide": 4.408593662058603, "class": 13.711057636187508, "process": 13.050008643309056, "applic": 7.443504983032179, "present": 1.8221800659287668, "identifi": 8.280659350927849, "incorpor": 4.5168072466988365, "compil": 6.14988606884827, "aspect": 4.083171261623976, "common": 3.9450209231431583, "permit": 3.572345637857985, "write": 4.222007706478191, "extrem": 5.507205950726713, "compact": 4.9366610922591, "compar": 3.227968221729659, "complex": 3.137681375057558, "term": 3.2763647625915087, "tabl": 10.371104374040971, "control": 5.90832299154299, "inform": 2.5627669715602726, "characterist": 7.259008103395867, "local": 9.341915853052189, "affect": 5.181783550292085, "output": 3.497444329684867, "involv": 3.4570347913469903, "effect": 3.0954215657676754, "modif": 8.922474791088051, "entri": 4.334485689904882, "inexpens": 6.462717395754149, "prepar": 4.57564774672177, "load": 4.814058770166768, "speed": 3.823660066138891, "translat": 7.380257347028737, "sourc": 4.101863394636128, "effici": 2.7108631424788245, "machin": 5.837727427380942, "code": 2.948191328784991, "approach": 3.1743155082373384, "adopt": 5.992713766508414, "depart": 5.181783550292085, "convent": 3.8380488035909903, "mechan": 3.7680902149840803, "design": 2.4924254822020275, "philosophi": 10.477883928264067, "stress": 5.769570215194204, "analysi": 2.7738379416402132, "repres": 3.6062471895336663, "oppos": 6.68586094706836, "emphas": 5.674260035389879, "formal": 3.728349886334566, "content": 4.638168103703103, "independ": 7.618950862293869, "syntact": 4.26549281841793, "definit": 3.6777061535158113, "reli": 5.58724865840025, "exclus": 5.433097978572992, "nonprocedur": 6.280395838960195, "represent": 3.5503667311392095, "set": 5.109404823447084, "relat": 3.144901623031045, "data": 2.1667934601336793, "result": 2.3750618216828454, "statement": 3.7154464814986583, "procedur": 5.27686660926802, "descript": 3.437426319958614, "flowchart": 4.9811128548299335, "invari": 5.58724865840025, "pattern": 4.101863394636128, "batch": 4.853279483320049, "potenti": 4.6709579265260945, "overcom": 5.433097978572992, "known": 3.7027074557212285, "defici": 6.97354301952014, "fulli": 5.299566585948469, "meet": 5.299566585948469, "requir": 2.388575540849568, "codasyl": 6.68586094706836, "includ": 2.7688504001291743, "cacm": 0.00031215857909170155, "februari": 2.6211168546225494, "lombardi": 8.07215530818825}