{"comput": 6.558703085524109, "enumer": 16.299293935718975, "finit": 12.730541735097464, "topolog": 16.299293935718975, "problem": 1.9651324204459957, "number": 2.2028583950544753, "form": 3.0954215657676754, "point": 3.015909502839942, "set": 2.554702411723542, "consid": 3.152174382360125, "theoret": 8.53098563683586, "fundament": 5.076423034634259, "result": 9.500247286731382, "establish": 4.408593662058603, "lead": 4.48863636973214, "algorithm": 0.8920854338854537, "interest": 3.9450209231431583, "side": 10.599133171896938, "work": 3.344767489475909, "unearth": 8.07215530818825, "error": 3.0482747873419735, "induc": 5.87493073085203, "literatur": 4.894101477840304, "combinator": 8.07215530818825, "repres": 3.6062471895336663, "chronolog": 7.379008127628304, "earli": 5.027632870464827, "applic": 2.481168327677393, "underscor": 8.07215530818825, "continu": 3.852647603012143, "use": 5.433097978572992, "area": 3.867462688797284, "cacm": 0.00031215857909170155, "evan": 5.87493073085203, "harari": 7.379008127628304, "lynn": 8.07215530818825}