{"simul": 3.380807425959106, "boolean": 4.638168103703103, "function": 2.2610143152115496, "decim": 5.127716329021809, "comput": 1.3117406171048218, "cacm": 0.00031215857909170155, "januari": 2.6297375976664563, "mano": 6.97354301952014}