{"abbrevi": 6.462717395754149, "word": 3.7546671946519394, "systemat": 5.181783550292085, "corrigendum": 4.545794783572089, "cacm": 0.00031215857909170155, "august": 2.3750618216828454, "barrett": 6.462717395754149, "grem": 6.126245159132937}