{"permut": 4.287965674269989, "algorithm": 0.8920854338854537, "cacm": 0.00031215857909170155, "april": 2.4231810700270437, "peck": 6.126245159132937, "schrack": 6.126245159132937}