{"structur": 14.84240009513925, "data": 6.5003803804010385, "program": 2.877673749815746, "system": 1.55744261731572, "permit": 3.572345637857985, "arbitrari": 4.160132302760104, "link": 4.358583241483942, "list": 3.189353385601879, "enabl": 4.5168072466988365, "user": 3.0548754713733257, "creat": 4.408593662058603, "complic": 5.027632870464827, "suffici": 4.26549281841793, "protect": 4.704859478201776, "delet": 5.181783550292085, "result": 2.3750618216828454, "unreach": 8.07215530818825, "element": 3.8825005661618244, "guarante": 5.58724865840025, "addit": 3.318565117081885, "perform": 2.8094651192833644, "properli": 5.992713766508414, "remedi": 6.97354301952014, "situat": 4.48863636973214, "paper": 1.9808454261105517, "propos": 2.907369334264736, "gaug": 7.379008127628304, "creation": 5.992713766508414, "restrict": 8.320264605520208, "class": 3.427764409046877, "ensur": 6.126245159132937, "correct": 3.6295040516979333, "accomplish": 4.638168103703103, "explicit": 4.853279483320049, "declar": 4.814058770166768, "facil": 3.8977680382926128, "permiss": 6.68586094706836, "oper": 2.270036932811187, "execut": 3.2358734012367716, "time": 2.0511319588387233, "check": 4.545794783572089, "cacm": 0.00031215857909170155, "octob": 2.4849066497880004, "shneiderman": 6.68586094706836, "scheuermann": 8.07215530818825}