{"techniqu": 2.240272830904733, "count": 4.9366610922591, "binari": 3.8094754311469345, "comput": 1.3117406171048218, "cacm": 0.00031215857909170155, "wegner": 6.97354301952014}