{"method": 1.8535551884965207, "evalu": 3.137681375057558, "area": 3.867462688797284, "normal": 3.929020581796717, "function": 2.2610143152115496, "cacm": 0.00031215857909170155, "baker": 6.126245159132937}