{"paramet": 11.345087601119577, "pseudo": 10.866195957145983, "rung": 11.74986146170406, "kutta": 11.1744973168005, "method": 7.414220753986083, "object": 3.380807425959106, "note": 3.497444329684867, "present": 1.8221800659287668, "choic": 9.15129549344354, "free": 3.913272224828578, "fourth": 11.014411901453427, "order": 8.79147525505677, "involv": 3.4570347913469903, "point": 3.015909502839942, "bound": 3.8380488035909903, "princip": 5.181783550292085, "part": 3.371674942395834, "truncat": 5.36410510708604, "error": 3.0482747873419735, "term": 3.2763647625915087, "minimum": 8.241823179213645, "cacm": 0.00031215857909170155, "februari": 2.6211168546225494, "byrn": 6.97354301952014}