{"statist": 3.867462688797284, "program": 1.438836874907873, "ibm": 3.518278416587709, "part": 3.371674942395834, "ii": 4.140329675463924, "cacm": 0.00031215857909170155, "octob": 2.4849066497880004, "hamblen": 6.280395838960195}