{"multipl": 3.58351893845611, "precis": 4.064822122955779, "arithmet": 3.6901286735143684, "cacm": 0.00031215857909170155, "decemb": 2.4626835130032902, "pope": 6.97354301952014, "stein": 6.68586094706836}