{"comput": 2.6234812342096436, "gener": 3.6559768150490273, "gamma": 9.628117540333536, "random": 3.6062471895336663, "variabl": 3.1093106779283426, "ii": 4.140329675463924, "reject": 6.126245159132937, "method": 18.53555188496521, "propos": 11.629477337058944, "variat": 4.704859478201776, "nonintegr": 7.379008127628304, "shape": 5.076423034634259, "paramet": 3.7816958670398586, "similar": 7.590978378344389, "fishman": 6.462717395754149, "wallac": 12.252490318265874, "tadikamalla": 22.137024382884913, "faster": 4.9811128548299335, "core": 4.310955192494688, "storag": 2.7394365149228808, "requir": 2.388575540849568, "program": 1.438836874907873, "effort": 4.5168072466988365, "time": 4.102263917677447, "remain": 5.127716329021809, "fairli": 5.769570215194204, "constant": 4.48863636973214, "medium": 5.36410510708604, "larg": 2.8791984572980396, "valu": 7.405414911442457, "superior": 4.77631844218392, "obtain": 3.116328250586989, "ahren": 12.925434791508298, "dieter": 12.925434791508298, "simpler": 5.674260035389879, "cacm": 0.00031215857909170155, "novemb": 2.4445341944976127}