{"optim": 3.1743155082373384, "evalu": 3.137681375057558, "boolean": 4.638168103703103, "express": 3.1595004224521976, "onlin": 5.127716329021809, "queri": 4.739950798013046, "system": 1.55744261731572, "cacm": 0.00031215857909170155, "hanani": 8.07215530818825}