{"decim": 5.127716329021809, "tabl": 6.914069582693981, "binari": 3.8094754311469345, "code": 2.948191328784991, "cacm": 0.00031215857909170155, "april": 2.4231810700270437, "griebrok": 8.07215530818825}