{"steep1": 6.97354301952014, "algorithm": 0.8920854338854537, "e4": 5.433097978572992, "cacm": 0.00031215857909170155, "octob": 2.4849066497880004, "wallack": 8.07215530818825}