{"design": 2.4924254822020275, "number": 4.405716790108951, "theori": 8.280659350927849, "packag": 14.442176310500304, "optim": 6.348631016474677, "trial": 11.348520070779758, "divis": 9.033614493397673, "routin": 7.734925377594568, "doubli": 6.462717395754149, "link": 4.358583241483942, "list": 3.189353385601879, "structur": 2.473733349189875, "store": 3.5288605259182457, "multiprecis": 8.07215530818825, "integ": 8.280659350927849, "code": 5.896382657569982, "ibm": 3.518278416587709, "basic": 3.4181949580307265, "assembl": 9.091589567144178, "languag": 4.350002881103019, "make": 3.380807425959106, "heavi": 6.462717395754149, "macro": 4.853279483320049, "condit": 3.39002408106403, "determin": 3.009560275161283, "uniqu": 5.076423034634259, "factor": 3.852647603012143, "larg": 2.8791984572980396, "cacm": 0.00031215857909170155, "wunderlich": 8.07215530818825, "selfridg": 8.07215530818825}