{"note": 3.497444329684867, "proof": 4.1803350100776235, "non": 4.638168103703103, "exist": 3.572345637857985, "phrase": 5.238941964132033, "structur": 2.473733349189875, "grammar": 4.1209115896068225, "algol": 3.243841570885949, "cacm": 0.00031215857909170155, "march": 2.546702369056466, "brown": 5.027632870464827}