{"nonrecurs": 11.985427533016829, "method": 1.8535551884965207, "syntax": 12.087312121061098, "specif": 3.227968221729659, "kleen": 8.07215530818825, "regular": 5.507205950726713, "express": 6.319000844904395, "notat": 4.434569148461864, "describ": 3.0954215657676754, "algebra": 8.023424595283661, "languag": 4.350002881103019, "algol": 12.975366283543796, "paper": 3.9616908522211034, "fortran": 3.2681342634549932, "ii": 4.140329675463924, "comput": 1.3117406171048218, "program": 2.877673749815746, "carri": 4.77631844218392, "elimin": 8.129644245911559, "algorithm": 2.676256301656361, "gorn": 5.87493073085203, "similar": 3.7954891891721947, "gaussian": 5.299566585948469, "linear": 3.1818061799664963, "system": 1.55744261731572, "equat": 3.1093106779283426, "appli": 3.2681342634549932, "numer": 3.2046208577326674, "smaller": 5.507205950726713, "includ": 8.306551200387522, "sublanguag": 6.462717395754149, "hand": 4.894101477840304, "calcul": 3.5395558150349937, "result": 4.750123643365691, "applic": 2.481168327677393, "revis": 5.238941964132033, "complet": 3.47703545805366, "term": 3.2763647625915087, "context": 3.913272224828578, "free": 3.913272224828578, "portion": 4.894101477840304, "concern": 3.9612814440149386, "descript": 6.874852639917228, "way": 4.77631844218392, "intuit": 6.462717395754149, "understood": 6.280395838960195, "previou": 4.434569148461864, "recurs": 3.913272224828578, "suggest": 3.399326473726344, "machin": 2.918863713690471, "simplif": 5.674260035389879, "cacm": 0.00031215857909170155, "april": 2.4231810700270437, "carr": 6.280395838960195, "iii": 4.704859478201776, "weiland": 8.07215530818825}