{"report": 3.4669851222001586, "confer": 6.280395838960195, "univers": 3.9946178642825303, "comput": 1.3117406171048218, "center": 4.6709579265260945, "director": 8.07215530818825, "cacm": 0.00031215857909170155, "octob": 2.4849066497880004}