{"simul": 3.380807425959106, "traffic": 5.674260035389879, "network": 3.9450209231431583, "cacm": 0.00031215857909170155, "august": 2.3750618216828454, "katz": 6.280395838960195}