{"procedur": 5.27686660926802, "orient": 7.955621491932298, "languag": 4.350002881103019, "statement": 14.861785925994633, "facilit": 4.739950798013046, "parallel": 15.530002264647297, "process": 2.1750014405515095, "suggest": 3.399326473726344, "allow": 3.867462688797284, "programm": 3.977810745966149, "write": 4.222007706478191, "section": 4.853279483320049, "program": 1.438836874907873, "execut": 3.2358734012367716, "hold": 5.433097978572992, "serv": 4.57564774672177, "partli": 13.37172189413672, "bracket": 8.07215530818825, "establish": 4.408593662058603, "rang": 8.444015412956382, "oper": 2.270036932811187, "defin": 3.1595004224521976, "path": 4.48863636973214, "togeth": 8.07215530818825, "nest": 5.076423034634259, "effect": 3.0954215657676754, "comput": 3.9352218513144654, "devic": 3.929020581796717, "capabl": 3.8094754311469345, "attain": 5.992713766508414, "degre": 4.222007706478191, "overlap": 5.674260035389879, "cacm": 0.00031215857909170155, "opler": 6.68586094706836}