{"autom": 9.15129549344354, "etch": 16.1443106163765, "pattern": 12.305590183908384, "layout": 12.56079167792039, "help": 26.194709820660165, "heurist": 13.81925821616557, "program": 2.877673749815746, "applic": 2.481168327677393, "develop": 2.4267084105450123, "computer": 5.674260035389879, "tediou": 5.769570215194204, "error": 3.0482747873419735, "prone": 6.97354301952014, "vital": 5.992713766508414, "import": 3.497444329684867, "wire": 38.7763043745249, "design": 12.462127411010137, "print": 5.027632870464827, "circuit": 10.599133171896938, "board": 12.925434791508298, "stage": 4.9811128548299335, "step": 4.0117122976418305, "closer": 7.379008127628304, "product": 3.9946178642825303, "logic": 3.6062471895336663, "layer": 6.68586094706836, "ic": 8.07215530818825, "dual": 5.769570215194204, "line": 7.0577210518364915, "packag": 4.814058770166768, "discret": 4.814058770166768, "compon": 4.26549281841793, "transistor": 8.07215530818825, "resistor": 8.07215530818825, "employ": 3.913272224828578, "method": 5.560665565489562, "simul": 3.380807425959106, "human": 4.5168072466988365, "approach": 3.1743155082373384, "theoret": 4.26549281841793, "interest": 3.9450209231431583, "time": 2.0511319588387233, "consum": 5.433097978572992, "maze": 8.07215530818825, "run": 3.6777061535158113, "base": 2.701517280060587, "lee": 6.280395838960195, "algorithm": 0.8920854338854537, "perform": 5.618930238566729, "percent": 9.628117540333536, "requir": 2.388575540849568, "path": 4.48863636973214, "respect": 4.26549281841793, "function": 2.2610143152115496, "point": 9.047728508519825, "connect": 8.621910384989375, "bring": 5.992713766508414, "number": 2.2028583950544753, "success": 4.083171261623976, "close": 4.638168103703103, "cacm": 0.00031215857909170155, "novemb": 2.4445341944976127, "aramaki": 8.07215530818825, "kawabata": 8.07215530818825, "kazuhiko": 8.07215530818825}