{"high": 14.710824614063245, "level": 22.876939844184953, "data": 8.667173840534717, "flow": 32.93401634741243, "analysi": 16.64302764984128, "contrast": 5.58724865840025, "predomin": 6.97354301952014, "low": 8.766551708148627, "termedi": 8.07215530818825, "text": 4.083171261623976, "deal": 4.461237395544026, "program": 7.194184374539365, "essenti": 4.434569148461864, "sourc": 4.101863394636128, "exploit": 5.674260035389879, "control": 2.954161495771495, "inform": 7.688300914680818, "implicit": 5.507205950726713, "pars": 4.383275854074314, "tree": 3.58351893845611, "need": 3.251873742583213, "aris": 4.704859478201776, "aspect": 4.083171261623976, "recent": 3.8977680382926128, "work": 3.344767489475909, "advanc": 4.704859478201776, "method": 5.560665565489562, "certif": 5.769570215194204, "optim": 3.1743155082373384, "paper": 1.9808454261105517, "propos": 2.907369334264736, "simpl": 3.009560275161283, "gener": 1.8279884075245136, "free": 3.913272224828578, "escap": 6.68586094706836, "jump": 6.462717395754149, "statement": 3.7154464814986583, "avoid": 8.869138296923728, "larg": 5.758396914596079, "graph": 8.058208080707399, "compil": 9.224829103272405, "facilit": 4.739950798013046, "updat": 4.704859478201776, "reflect": 5.433097978572992, "deriv": 3.2930318150767204, "global": 10.255432658043619, "help": 5.238941964132033, "solv": 3.5078071167204135, "familiar": 5.58724865840025, "problem": 1.9651324204459957, "illustr": 3.47703545805366, "applic": 2.481168327677393, "live": 6.126245159132937, "variabl": 3.1093106779283426, "present": 1.8221800659287668, "involv": 3.4570347913469903, "construct": 3.189353385601879, "analyz": 3.5503667311392095, "cost": 3.518278416587709, "incur": 7.379008127628304, "repeatedli": 6.68586094706836, "time": 2.0511319588387233, "cacm": 0.00031215857909170155, "octob": 2.4849066497880004, "rosen": 6.280395838960195}