{"program": 5.755347499631492, "tabular": 11.348520070779758, "method": 5.560665565489562, "analysi": 5.5476758832804265, "varianc": 9.962225709659867, "factori": 12.56079167792039, "experi": 10.400955366600476, "eas": 4.9366610922591, "complet": 3.47703545805366, "fortran": 6.5362685269099865, "languag": 2.1750014405515095, "demonstr": 4.0117122976418305, "total": 4.1803350100776235, "sum": 18.183179134288356, "squar": 14.518016206791733, "partit": 4.358583241483942, "orthogon": 5.127716329021809, "singl": 7.509334389303879, "degre": 8.444015412956382, "freedom": 12.252490318265874, "main": 4.029104040353699, "effect": 3.0954215657676754, "interact": 3.6654360609239967, "obtain": 3.116328250586989, "pool": 6.280395838960195, "segment": 4.434569148461864, "accomplish": 4.638168103703103, "procedur": 2.63843330463401, "present": 1.8221800659287668, "modif": 4.461237395544026, "handl": 3.7154464814986583, "hierarch": 5.238941964132033, "design": 2.4924254822020275, "replic": 6.97354301952014, "mention": 5.507205950726713, "ii": 4.140329675463924, "ibm": 3.518278416587709, "briefli": 4.5168072466988365, "cacm": 0.00031215857909170155, "februari": 2.6211168546225494, "carmer": 8.07215530818825}