{"survey": 4.48863636973214, "punch": 5.58724865840025, "card": 5.238941964132033, "code": 2.948191328784991, "cacm": 0.00031215857909170155, "april": 2.4231810700270437, "ross": 6.126245159132937}