{"practic": 7.235616023869484, "error": 18.28964872405184, "coeffici": 12.362734768820467, "estim": 7.858041163593434, "quadratur": 18.552672414812413, "analyt": 8.922474791088051, "function": 4.522028630423099, "publish": 4.6064194053885235, "comput": 2.6234812342096436, "assumpt": 4.739950798013046, "rule": 10.431106374160981, "exact": 9.706558966640099, "polynomi": 6.817432428152365, "degre": 4.222007706478191, "round": 4.704859478201776, "valu": 7.405414911442457, "abscissa": 6.97354301952014, "weight": 4.77631844218392, "true": 5.674260035389879, "integr": 2.984558972955866, "question": 4.140329675463924, "infinit": 5.58724865840025, "binari": 3.8094754311469345, "express": 3.1595004224521976, "consider": 3.8977680382926128, "cacm": 0.00031215857909170155, "januari": 2.6297375976664563, "rabinowitz": 6.280395838960195}