{"interfac": 21.198266343793875, "comput": 5.246962468419287, "data": 2.1667934601336793, "commun": 14.861785925994633, "system": 6.22977046926288, "futur": 4.222007706478191, "combin": 3.5612958016714, "digit": 6.586063630153441, "termin": 8.203726789272256, "equip": 4.9366610922591, "present": 1.8221800659287668, "design": 4.984850964404055, "optim": 3.1743155082373384, "problem": 5.895397261337987, "requir": 4.777151081699136, "reconsider": 8.07215530818825, "tradit": 5.36410510708604, "function": 2.2610143152115496, "respons": 4.461237395544026, "respect": 4.26549281841793, "subsystem": 11.348520070779758, "standard": 3.1023420086122493, "mean": 3.2201250442686327, "connect": 4.310955192494688, "consider": 3.8977680382926128, "coordin": 4.853279483320049, "synchron": 5.181783550292085, "error": 3.0482747873419735, "control": 5.90832299154299, "signal": 5.238941964132033, "stream": 5.992713766508414, "multiplex": 6.280395838960195, "switch": 5.36410510708604, "addit": 3.318565117081885, "minim": 3.39002408106403, "technolog": 4.5168072466988365, "interdepend": 8.07215530818825, "specif": 6.455936443459318, "focu": 6.280395838960195, "obtain": 3.116328250586989, "discuss": 2.1972245773362196, "detail": 3.447182494903979, "cacm": 0.00031215857909170155, "juli": 2.3683728335320486, "fraser": 6.462717395754149}