{"futur": 4.222007706478191, "automat": 3.371674942395834, "digit": 3.2930318150767204, "comput": 1.3117406171048218, "cacm": 0.00031215857909170155, "june": 2.3717117347975636, "booth": 7.379008127628304}