{"local": 4.6709579265260945, "root": 4.140329675463924, "polynomi": 3.4087162140761826, "algorithm": 0.8920854338854537, "r429": 7.379008127628304, "cacm": 0.00031215857909170155, "august": 2.3750618216828454, "william": 5.507205950726713}