{"simpl": 3.009560275161283, "techniqu": 2.240272830904733, "repres": 3.6062471895336663, "string": 3.7027074557212285, "fortran": 3.2681342634549932, "iv": 4.77631844218392, "cacm": 0.00031215857909170155, "novemb": 2.4445341944976127, "hanson": 5.992713766508414}