{"progress": 10.36356710058417, "acycl": 32.288621232753, "digraph": 16.1443106163765, "tool": 4.638168103703103, "databas": 10.477883928264067, "integr": 2.984558972955866, "pad": 16.1443106163765, "algorithm": 1.7841708677709074, "accept": 4.57564774672177, "request": 8.869138296923728, "maintain": 4.638168103703103, "graph": 4.029104040353699, "state": 3.852647603012143, "creat": 4.408593662058603, "cycl": 5.027632870464827, "node": 17.738276593847456, "detach": 8.07215530818825, "enter": 5.299566585948469, "process": 2.1750014405515095, "import": 3.497444329684867, "area": 3.867462688797284, "implement": 2.570897097643523, "constraint": 4.358583241483942, "permiss": 6.68586094706836, "sequenc": 3.6654360609239967, "action": 4.57564774672177, "present": 1.8221800659287668, "simpl": 3.009560275161283, "path": 8.97727273946428, "matrix": 3.137681375057558, "represent": 3.5503667311392095, "list": 3.189353385601879, "artifici": 5.36410510708604, "gradient": 6.462717395754149, "experi": 3.4669851222001586, "suggest": 3.399326473726344, "larg": 2.8791984572980396, "consider": 3.8977680382926128, "faster": 4.9811128548299335, "asymptot": 5.433097978572992, "nr": 8.07215530818825, "number": 4.405716790108951, "expect": 4.334485689904882, "reachabl": 6.97354301952014, "cacm": 0.00031215857909170155, "septemb": 2.546702369056466, "hansen": 5.87493073085203}