{"view": 4.334485689904882, "comput": 3.9352218513144654, "architectur": 10.152846069268518, "attempt": 4.1209115896068225, "made": 3.2046208577326674, "predict": 9.788202955680608, "develop": 2.4267084105450123, "year": 4.160132302760104, "field": 3.9946178642825303, "standard": 3.1023420086122493, "inexpens": 6.462717395754149, "microcomput": 6.68586094706836, "singl": 3.7546671946519394, "chip": 8.07215530818825, "extens": 3.3359568597937543, "provid": 3.015909502839942, "logic": 3.6062471895336663, "function": 2.2610143152115496, "noncomput": 8.07215530818825, "devic": 3.929020581796717, "incident": 8.07215530818825, "design": 2.4924254822020275, "superscal": 8.07215530818825, "cacm": 0.00031215857909170155, "juli": 2.3683728335320486, "foster": 6.462717395754149}