{"complex": 9.413044125172675, "interv": 22.4431818486607, "arithmet": 11.070386020543104, "defin": 6.319000844904395, "real": 3.5078071167204135, "divis": 4.5168072466988365, "assur": 6.462717395754149, "smallest": 6.126245159132937, "result": 2.3750618216828454, "cacm": 0.00031215857909170155, "februari": 2.6211168546225494, "rokn": 6.97354301952014, "lancast": 8.07215530818825}