{"comput": 1.3117406171048218, "scienc": 3.977810745966149, "viciou": 7.379008127628304, "circl": 5.992713766508414, "cacm": 0.00031215857909170155, "june": 2.3717117347975636, "kandel": 7.379008127628304}