{"shortest": 5.992713766508414, "path": 4.48863636973214, "algorithm": 0.8920854338854537, "cacm": 0.00031215857909170155, "june": 2.3717117347975636, "floyd": 5.127716329021809}