{"comput": 6.558703085524109, "technolog": 13.55042174009651, "communist": 24.21646592456475, "china": 24.21646592456475, "base": 2.701517280060587, "inform": 2.5627669715602726, "translat": 3.6901286735143684, "chines": 20.05758284120508, "news": 7.379008127628304, "item": 4.287965674269989, "period": 9.55263688436784, "literatur": 4.894101477840304, "review": 4.48863636973214, "head": 5.181783550292085, "initi": 4.2435139116991545, "plan": 4.638168103703103, "organ": 3.5078071167204135, "educ": 4.287965674269989, "aspect": 4.083171261623976, "autom": 9.15129549344354, "machin": 11.675454854761885, "develop": 2.4267084105450123, "progress": 5.181783550292085, "major": 3.867462688797284, "specif": 3.227968221729659, "soviet": 12.925434791508298, "aid": 8.058208080707399, "vacuum": 8.07215530818825, "due": 4.9811128548299335, "withdraw": 8.07215530818825, "presum": 7.379008127628304, "made": 6.409241715465335, "present": 1.8221800659287668, "applic": 2.481168327677393, "trend": 5.87493073085203, "control": 2.954161495771495, "product": 3.9946178642825303, "process": 4.350002881103019, "data": 2.1667934601336793, "yun": 8.07215530818825, "ch": 8.07215530818825, "ou": 8.07215530818825, "hsueh": 8.07215530818825, "scienc": 3.977810745966149, "oper": 2.270036932811187, "program": 2.877673749815746, "campaign": 8.07215530818825, "attempt": 4.1209115896068225, "bring": 5.992713766508414, "concept": 3.4181949580307265, "linear": 3.1818061799664963, "ordinari": 4.434569148461864, "worker": 6.280395838960195, "peasant": 8.07215530818825, "adjudg": 8.07215530818825, "margin": 7.379008127628304, "capabl": 3.8094754311469345, "binari": 3.8094754311469345, "natur": 3.7027074557212285, "turn": 5.181783550292085, "point": 3.015909502839942, "reach": 5.87493073085203, "mid": 7.379008127628304, "cacm": 0.00031215857909170155, "septemb": 2.546702369056466, "audett": 8.07215530818825}