{"event": 8.817187324117207, "driven": 5.36410510708604, "compil": 12.29977213769654, "techniqu": 6.7208184927142, "due": 4.9811128548299335, "linear": 3.1818061799664963, "structur": 7.421200047569625, "sourc": 4.101863394636128, "text": 4.083171261623976, "difficulti": 9.15129549344354, "aris": 4.704859478201776, "pass": 4.57564774672177, "process": 8.700005762206038, "occur": 4.310955192494688, "entiti": 11.985427533016829, "forward": 5.507205950726713, "refer": 3.823660066138891, "inform": 2.5627669715602726, "obtain": 3.116328250586989, "subsequ": 5.181783550292085, "classic": 5.238941964132033, "solut": 2.763887610787045, "ask": 6.68586094706836, "data": 2.1667934601336793, "case": 3.2123429038265776, "present": 1.8221800659287668, "control": 2.954161495771495, "work": 3.344767489475909, "writer": 5.769570215194204, "easier": 6.462717395754149, "conceptu": 5.181783550292085, "practic": 3.617808011934742, "forget": 8.07215530818825, "problem": 3.9302648408919914, "outset": 7.379008127628304, "avoid": 4.434569148461864, "special": 3.5395558150349937, "appli": 3.2681342634549932, "construct": 3.189353385601879, "algol": 3.243841570885949, "exampl": 3.371674942395834, "implement": 2.570897097643523, "discuss": 2.1972245773362196, "cacm": 0.00031215857909170155, "januari": 2.6297375976664563, "banatr": 8.07215530818825, "routeau": 8.07215530818825, "trill": 8.07215530818825}