{"comment": 4.064822122955779, "bit": 7.955621491932298, "sequenc": 3.6654360609239967, "ascii": 5.992713766508414, "serial": 5.076423034634259, "data": 2.1667934601336793, "transmiss": 4.9811128548299335, "cacm": 0.00031215857909170155, "august": 2.3750618216828454, "bemer": 5.58724865840025, "booth": 7.379008127628304}