{"digit": 3.2930318150767204, "comput": 1.3117406171048218, "univers": 3.9946178642825303, "part": 3.371674942395834, "cacm": 0.00031215857909170155, "juli": 2.3683728335320486, "reev": 5.87493073085203}