{"pass": 9.15129549344354, "compil": 12.29977213769654, "arithmet": 11.070386020543104, "express": 9.478501267356593, "parallel": 11.647501698485474, "processor": 14.861785925994633, "assumpt": 4.739950798013046, "multipl": 3.58351893845611, "unit": 4.2435139116991545, "produc": 6.855528818093754, "object": 3.380807425959106, "code": 2.948191328784991, "take": 4.160132302760104, "advantag": 3.7027074557212285, "oper": 2.270036932811187, "present": 3.6443601318575336, "known": 3.7027074557212285, "techniqu": 6.7208184927142, "inadequ": 6.462717395754149, "structur": 4.94746669837975, "evalu": 6.275362750115116, "serial": 5.076423034634259, "high": 3.6777061535158113, "degre": 4.222007706478191, "algorithm": 0.8920854338854537, "variant": 5.238941964132033, "call": 3.4087162140761826, "top": 5.181783550292085, "analysi": 2.7738379416402132, "requir": 2.388575540849568, "input": 3.116328250586989, "text": 4.083171261623976, "cacm": 0.00031215857909170155, "april": 2.4231810700270437, "stone": 6.126245159132937}