{"deduct": 19.38815218726245, "question": 33.122637403711394, "answer": 39.4932887380728, "natur": 3.7027074557212285, "languag": 4.350002881103019, "infer": 5.36410510708604, "aspect": 4.083171261623976, "protosynthex": 16.1443106163765, "iii": 9.409718956403552, "pro": 7.379008127628304, "totyp": 8.07215530818825, "process": 4.350002881103019, "system": 9.34465570389432, "exemplifi": 6.97354301952014, "detail": 3.447182494903979, "written": 3.728349886334566, "lisp": 4.57564774672177, "oper": 6.810110798433561, "time": 2.0511319588387233, "share": 3.4871878295176777, "data": 6.5003803804010385, "structur": 4.94746669837975, "semant": 8.575931348539978, "organ": 3.5078071167204135, "formal": 3.728349886334566, "relat": 6.28980324606209, "properti": 3.5395558150349937, "complex": 3.137681375057558, "form": 3.0954215657676754, "procedur": 5.27686660926802, "employ": 3.913272224828578, "featur": 3.399326473726344, "illustr": 3.47703545805366, "exampl": 3.371674942395834, "perform": 2.8094651192833644, "limit": 3.6295040516979333, "capabl": 3.8094754311469345, "present": 1.8221800659287668, "discuss": 2.1972245773362196, "shown": 2.7940406489577327, "inform": 5.125533943120545, "greatli": 5.238941964132033, "facilit": 4.739950798013046, "top": 5.181783550292085, "work": 6.689534978951818, "enabl": 4.5168072466988365, "effect": 3.0954215657676754, "made": 3.2046208577326674, "conclud": 4.814058770166768, "develop": 2.4267084105450123, "practic": 3.617808011934742, "larg": 2.8791984572980396, "base": 2.701517280060587, "requir": 2.388575540849568, "algorithm": 0.8920854338854537, "cacm": 0.00031215857909170155, "march": 2.546702369056466, "schwarcz": 8.07215530818825, "burger": 8.07215530818825, "simmon": 6.126245159132937}