{"begin": 5.238941964132033, "theori": 4.140329675463924, "inform": 2.5627669715602726, "handl": 3.7154464814986583, "cacm": 0.00031215857909170155, "februari": 2.6211168546225494, "steel": 6.280395838960195, "jr": 3.243841570885949}