{"represent": 3.5503667311392095, "symmetr": 13.726943240165308, "polynomi": 10.226148642228548, "relat": 3.144901623031045, "light": 5.507205950726713, "theori": 4.140329675463924, "group": 4.1803350100776235, "approach": 3.1743155082373384, "unifi": 5.674260035389879, "earlier": 5.076423034634259, "work": 6.689534978951818, "lend": 8.07215530818825, "insight": 5.87493073085203, "previous": 4.739950798013046, "publish": 4.6064194053885235, "aaron": 8.07215530818825, "booker": 8.07215530818825, "gener": 1.8279884075245136, "graeff": 7.379008127628304, "root": 8.280659350927849, "squar": 3.6295040516979333, "techniqu": 2.240272830904733, "determin": 3.009560275161283, "suggest": 3.399326473726344, "cacm": 0.00031215857909170155, "juli": 2.3683728335320486, "mckay": 5.507205950726713}