{"squar": 3.6295040516979333, "fit": 3.9946178642825303, "great": 5.433097978572992, "circl": 5.992713766508414, "point": 3.015909502839942, "sphere": 6.280395838960195, "cacm": 0.00031215857909170155, "novemb": 2.4445341944976127, "dewitt": 8.07215530818825}