{"kutta": 5.58724865840025, "merson": 6.97354301952014, "algorithm": 0.8920854338854537, "d2": 6.462717395754149, "cacm": 0.00031215857909170155, "octob": 2.4849066497880004, "prieb": 7.379008127628304}