{"penni": 14.758016255256608, "match": 9.033614493397673, "program": 2.877673749815746, "logic": 3.6062471895336663, "written": 3.728349886334566, "csx": 8.07215530818825, "cacm": 0.00031215857909170155, "june": 2.3717117347975636, "wall": 8.07215530818825, "brown": 5.027632870464827}