{"solut": 2.763887610787045, "polynomi": 3.4087162140761826, "equat": 3.1093106779283426, "barstow": 8.07215530818825, "hitchcock": 6.68586094706836, "algorithm": 0.8920854338854537, "cacm": 0.00031215857909170155, "april": 2.4231810700270437, "herndon": 5.181783550292085}