{"algorithm": 1.7841708677709074, "automat": 3.371674942395834, "numer": 3.2046208577326674, "integr": 2.984558972955866, "finit": 4.2435139116991545, "interv": 4.48863636973214, "d1": 4.545794783572089, "a468": 8.07215530818825, "cacm": 0.00031215857909170155, "novemb": 2.4445341944976127, "patterson": 6.97354301952014}