{"interfer": 40.38699150635942, "detect": 17.24382076997875, "solid": 11.348520070779758, "surfac": 14.114578434605328, "industri": 5.36410510708604, "environ": 3.7680902149840803, "determin": 3.009560275161283, "compon": 8.53098563683586, "potenti": 4.6709579265260945, "problem": 1.9651324204459957, "product": 7.989235728565061, "made": 3.2046208577326674, "assembl": 4.545794783572089, "manufactur": 5.769570215194204, "test": 3.0817227214095135, "typic": 4.461237395544026, "draw": 5.433097978572992, "attempt": 4.1209115896068225, "unwant": 7.379008127628304, "dimension": 8.487027823398309, "static": 5.36410510708604, "draft": 7.379008127628304, "medium": 5.36410510708604, "show": 3.641338509344936, "move": 10.36356710058417, "part": 3.371674942395834, "paper": 1.9808454261105517, "present": 1.8221800659287668, "comput": 1.3117406171048218, "represent": 3.5503667311392095, "algorithm": 0.8920854338854537, "carri": 4.77631844218392, "check": 9.091589567144178, "object": 13.523229703836424, "repres": 7.212494379067333, "polyhedra": 8.07215530818825, "piecewis": 6.97354301952014, "planar": 6.280395838960195, "type": 3.144901623031045, "discuss": 2.1972245773362196, "intersect": 5.58724865840025, "fix": 4.064822122955779, "posit": 4.1209115896068225, "collis": 6.462717395754149, "trajectori": 6.68586094706836, "cacm": 0.00031215857909170155, "januari": 2.6297375976664563, "boys": 7.379008127628304}