{"fortran": 3.2681342634549932, "subroutin": 4.1209115896068225, "time": 2.0511319588387233, "seri": 3.8825005661618244, "data": 2.1667934601336793, "reduct": 4.5168072466988365, "cacm": 0.00031215857909170155, "march": 2.546702369056466, "macgowan": 8.07215530818825}