{"comment": 4.064822122955779, "london": 7.379008127628304, "certif": 5.769570215194204, "algorithm": 0.8920854338854537, "cacm": 0.00031215857909170155, "januari": 2.6297375976664563, "redish": 6.97354301952014}