{"languag": 6.525004321654528, "model": 5.993962985908846, "simul": 6.761614851918212, "dynam": 3.8380488035909903, "system": 3.11488523463144, "gener": 1.8279884075245136, "object": 3.380807425959106, "facilit": 4.739950798013046, "experiment": 3.867462688797284, "aspect": 4.083171261623976, "studi": 3.227968221729659, "abil": 4.739950798013046, "repres": 3.6062471895336663, "highli": 4.638168103703103, "interact": 3.6654360609239967, "process": 4.350002881103019, "essenti": 4.434569148461864, "featur": 3.399326473726344, "natur": 3.7027074557212285, "role": 5.027632870464827, "concept": 3.4181949580307265, "present": 1.8221800659287668, "mean": 3.2201250442686327, "extend": 3.8977680382926128, "cacm": 0.00031215857909170155, "septemb": 2.546702369056466, "parent": 7.379008127628304, "krasnow": 8.07215530818825}