{"tree": 17.91759469228055, "structur": 7.421200047569625, "process": 4.350002881103019, "data": 4.333586920267359, "problem": 1.9651324204459957, "frequent": 4.5168072466988365, "search": 27.81628366442928, "alter": 22.697040141559516, "binari": 11.428426293440804, "techniqu": 2.240272830904733, "effici": 8.132589427436473, "larg": 2.8791984572980396, "organ": 17.539035583602068, "readili": 5.507205950726713, "adapt": 4.434569148461864, "convers": 3.867462688797284, "chain": 14.682304433520912, "alloc": 3.6295040516979333, "permit": 3.572345637857985, "discuss": 4.394449154672439, "shown": 5.5880812979154655, "time": 4.102263917677447, "proport": 5.076423034634259, "slog": 8.07215530818825, "number": 2.2028583950544753, "item": 4.287965674269989, "paramet": 3.7816958670398586, "optim": 3.1743155082373384, "lead": 4.48863636973214, "cent": 8.07215530818825, "slower": 5.87493073085203, "employ": 3.913272224828578, "consid": 3.152174382360125, "compromis": 6.126245159132937, "relat": 3.144901623031045, "multidimension": 5.87493073085203, "index": 4.383275854074314, "trie": 6.97354301952014, "cacm": 0.00031215857909170155, "sussenguth": 7.379008127628304, "jr": 3.243841570885949}