{"romberg": 5.58724865840025, "integr": 2.984558972955866, "algorithm": 0.8920854338854537, "cacm": 0.00031215857909170155, "june": 2.3717117347975636, "bauer": 5.992713766508414}