{"execut": 3.2358734012367716, "time": 18.46018762954851, "requir": 9.554302163398273, "encipher": 73.79008127628305, "program": 2.877673749815746, "discuss": 2.1972245773362196, "mean": 3.2201250442686327, "protect": 4.704859478201776, "comput": 1.3117406171048218, "data": 8.667173840534717, "cost": 3.518278416587709, "establish": 4.408593662058603, "experi": 3.4669851222001586, "conduct": 5.238941964132033, "measur": 7.676097607181981, "cpu": 10.255432658043619, "cdc": 5.181783550292085, "addit": 3.318565117081885, "cipher": 20.05758284120508, "assembl": 9.091589567144178, "languag": 4.350002881103019, "fortran": 6.5362685269099865, "null": 6.97354301952014, "transform": 3.6654360609239967, "move": 10.36356710058417, "word": 11.264001583955817, "key": 24.388932737734677, "doubl": 5.769570215194204, "pseudo": 10.866195957145983, "random": 7.212494379067333, "result": 2.3750618216828454, "analyz": 3.5503667311392095, "consist": 3.823660066138891, "run": 3.6777061535158113, "effect": 3.0954215657676754, "constant": 8.97727273946428, "intermitt": 6.68586094706836, "error": 3.0482747873419735, "consid": 3.152174382360125, "rate": 8.817187324117207, "rang": 4.222007706478191, "charact": 7.330872121847993, "equival": 4.434569148461864, "simpli": 5.36410510708604, "test": 3.0817227214095135, "paper": 1.9808454261105517, "introduc": 3.8380488035909903, "idea": 4.5168072466988365, "enciph": 14.758016255256608, "coeffici": 4.1209115896068225, "ratio": 5.127716329021809, "fetch": 6.126245159132937, "store": 3.5288605259182457, "cacm": 0.00031215857909170155, "august": 2.3750618216828454, "friedman": 6.126245159132937, "offman": 8.07215530818825}