{"recurs": 7.826544449657156, "relat": 9.434704869093135, "determin": 6.019120550322566, "pentadiagon": 16.1443106163765, "matrix": 6.275362750115116, "lead": 4.48863636973214, "princip": 5.181783550292085, "minor": 5.992713766508414, "develop": 2.4267084105450123, "numer": 3.2046208577326674, "includ": 2.7688504001291743, "calcul": 3.5395558150349937, "eigenvalu": 4.814058770166768, "cacm": 0.00031215857909170155, "june": 2.3717117347975636, "sweet": 8.07215530818825}