{"combinatori": 5.027632870464827, "thing": 5.36410510708604, "time": 6.15339587651617, "algorithm": 0.8920854338854537, "cacm": 0.00031215857909170155, "april": 2.4231810700270437, "wright": 6.126245159132937, "wolfson": 6.68586094706836}