{"compat": 9.706558966640099, "featur": 10.197979421179031, "ibm": 10.554835249763126, "system": 6.22977046926288, "model": 5.993962985908846, "gener": 1.8279884075245136, "store": 3.5288605259182457, "program": 2.877673749815746, "comput": 1.3117406171048218, "seri": 3.8825005661618244, "part": 3.371674942395834, "brought": 6.68586094706836, "edp": 6.280395838960195, "mass": 6.68586094706836, "market": 6.280395838960195, "time": 2.0511319588387233, "larg": 2.8791984572980396, "scale": 4.287965674269989, "era": 8.07215530818825, "unfold": 8.07215530818825, "rapid": 9.8733221845182, "technolog": 4.5168072466988365, "led": 5.992713766508414, "obsolesc": 8.07215530818825, "data": 2.1667934601336793, "process": 2.1750014405515095, "equip": 4.9366610922591, "written": 3.728349886334566, "requir": 2.388575540849568, "tediou": 5.769570215194204, "convers": 11.602388066391851, "incompat": 6.97354301952014, "machin": 2.918863713690471, "came": 7.379008127628304, "design": 2.4924254822020275, "problem": 1.9651324204459957, "specif": 3.227968221729659, "mind": 6.68586094706836, "aid": 8.058208080707399, "conjunct": 5.181783550292085, "permit": 3.572345637857985, "smooth": 5.433097978572992, "inexpens": 6.462717395754149, "transit": 4.9366610922591, "optimum": 4.704859478201776, "cacm": 0.00031215857909170155, "decemb": 2.4626835130032902, "mccormack": 8.07215530818825, "schansman": 8.07215530818825, "womack": 8.07215530818825}