{"formal": 11.185049659003697, "translat": 3.6901286735143684, "interact": 7.330872121847993, "present": 3.6443601318575336, "describ": 3.0954215657676754, "action": 4.57564774672177, "processor": 7.430892962997317, "program": 1.438836874907873, "languag": 4.350002881103019, "compil": 12.29977213769654, "interpret": 8.444015412956382, "assembl": 4.545794783572089, "complex": 3.137681375057558, "system": 3.11488523463144, "extend": 3.8977680382926128, "defin": 3.1595004224521976, "answer": 4.9366610922591, "question": 4.140329675463924, "bootstrap": 6.462717395754149, "meta": 6.126245159132937, "metaphas": 8.07215530818825, "addit": 3.318565117081885, "algorithm": 0.8920854338854537, "decid": 5.58724865840025, "produc": 3.427764409046877, "set": 2.554702411723542, "compon": 4.26549281841793, "cacm": 0.00031215857909170155, "octob": 2.4849066497880004, "earley": 6.462717395754149}