{"xy": 6.68586094706836, "move": 5.181783550292085, "plot": 4.9811128548299335, "algorithm": 0.8920854338854537, "cacm": 0.00031215857909170155, "april": 2.4231810700270437, "stockton": 8.07215530818825}