{"charact": 7.330872121847993, "set": 2.554702411723542, "optic": 6.126245159132937, "recognit": 4.704859478201776, "propos": 2.907369334264736, "american": 4.358583241483942, "stand": 6.280395838960195, "ard": 6.97354301952014, "cacm": 0.00031215857909170155, "januari": 2.6297375976664563}