{"symmetr": 4.57564774672177, "polynomi": 3.4087162140761826, "algorithm": 0.8920854338854537, "c1": 6.280395838960195, "cacm": 0.00031215857909170155, "april": 2.4231810700270437, "mckay": 5.507205950726713}