{"american": 8.717166482967883, "standard": 6.204684017224499, "ifip": 13.94708603904028, "icc": 16.1443106163765, "vocabulari": 17.624792192556093, "compar": 6.455936443459318, "propos": 2.907369334264736, "inform": 5.125533943120545, "process": 4.350002881103019, "term": 3.2763647625915087, "analyz": 3.5503667311392095, "cacm": 0.00031215857909170155, "june": 2.3717117347975636, "traub": 5.992713766508414}