{"pufft": 24.21646592456475, "purdu": 6.68586094706836, "univers": 3.9946178642825303, "fast": 3.9450209231431583, "fortran": 13.072537053819973, "translat": 7.380257347028737, "core": 8.621910384989375, "resid": 5.433097978572992, "compil": 6.14988606884827, "system": 6.22977046926288, "design": 2.4924254822020275, "ibm": 3.518278416587709, "comput": 1.3117406171048218, "half": 4.739950798013046, "word": 3.7546671946519394, "memori": 3.137681375057558, "monitor": 4.638168103703103, "job": 4.6064194053885235, "sequenc": 3.6654360609239967, "full": 4.545794783572089, "iv": 9.55263688436784, "languag": 6.525004321654528, "subroutin": 4.1209115896068225, "librari": 4.894101477840304, "input": 3.116328250586989, "output": 3.497444329684867, "time": 4.102263917677447, "execut": 3.2358734012367716, "elabor": 5.992713766508414, "diagnost": 5.433097978572992, "messag": 5.127716329021809, "write": 4.222007706478191, "routin": 3.867462688797284, "batch": 4.853279483320049, "small": 3.594818493710043, "medium": 5.36410510708604, "size": 3.427764409046877, "sourc": 4.101863394636128, "program": 2.877673749815746, "process": 2.1750014405515095, "high": 3.6777061535158113, "speed": 3.823660066138891, "compat": 4.853279483320049, "maintain": 4.638168103703103, "debug": 4.6064194053885235, "recompil": 7.379008127628304, "run": 3.6777061535158113, "ibjob": 8.07215530818825, "ibftc": 8.07215530818825, "suppli": 5.238941964132033, "manufactur": 5.769570215194204, "cacm": 0.00031215857909170155, "novemb": 2.4445341944976127, "rosen": 6.280395838960195, "spurgeon": 8.07215530818825, "donnelli": 6.97354301952014}