{"comput": 3.9352218513144654, "algebra": 8.023424595283661, "properti": 3.5395558150349937, "elementari": 9.033614493397673, "particl": 13.37172189413672, "reaction": 6.126245159132937, "digit": 3.2930318150767204, "larg": 2.8791984572980396, "number": 2.2028583950544753, "calcul": 7.0791116300699874, "high": 3.6777061535158113, "energi": 6.68586094706836, "physic": 4.57564774672177, "involv": 6.914069582693981, "manipul": 3.437426319958614, "complic": 5.027632870464827, "express": 3.1595004224521976, "tensor": 6.126245159132937, "noncommut": 8.07215530818825, "matrix": 3.137681375057558, "quantiti": 5.507205950726713, "take": 8.320264605520208, "month": 11.539140430388407, "complet": 3.47703545805366, "oper": 2.270036932811187, "follow": 6.126245159132937, "straightforward": 5.433097978572992, "rule": 3.47703545805366, "paper": 1.9808454261105517, "program": 1.438836874907873, "develop": 2.4267084105450123, "lisp": 4.57564774672177, "solv": 3.5078071167204135, "problem": 3.9302648408919914, "manner": 4.6064194053885235, "encount": 5.076423034634259, "outlin": 8.320264605520208, "represent": 3.5503667311392095, "discuss": 2.1972245773362196, "present": 3.6443601318575336, "human": 4.5168072466988365, "work": 3.344767489475909, "fifteen": 6.97354301952014, "minut": 6.280395838960195, "ibm": 3.518278416587709, "limit": 3.6295040516979333, "system": 1.55744261731572, "futur": 4.222007706478191, "plan": 4.638168103703103, "cacm": 0.00031215857909170155, "august": 2.3750618216828454, "hearn": 7.379008127628304}