{"fast": 3.9450209231431583, "linear": 6.363612359932993, "algorithm": 5.352512603312722, "global": 10.255432658043619, "flow": 9.409718956403552, "analysi": 5.5476758832804265, "abstract": 4.434569148461864, "complet": 3.47703545805366, "paper": 1.9808454261105517, "jacm": 7.379008127628304, "januari": 2.6297375976664563, "reduc": 3.641338509344936, "graph": 12.087312121061098, "present": 1.8221800659287668, "shown": 5.5880812979154655, "treat": 4.814058770166768, "gener": 1.8279884075245136, "class": 6.855528818093754, "function": 6.783042945634649, "space": 6.994888659369734, "edg": 5.238941964132033, "worst": 5.674260035389879, "case": 3.2123429038265776, "time": 4.102263917677447, "bound": 7.676097607181981, "log": 4.9811128548299335, "oper": 4.540073865622374, "program": 2.877673749815746, "term": 3.2763647625915087, "number": 4.405716790108951, "proport": 5.076423034634259, "exit": 12.925434791508298, "loop": 4.739950798013046, "restrict": 4.160132302760104, "entri": 4.334485689904882, "control": 2.954161495771495, "structur": 2.473733349189875, "extend": 3.8977680382926128, "larger": 4.9366610922591, "relax": 5.769570215194204, "exampl": 3.371674942395834, "code": 2.948191328784991, "improv": 3.3536564368931554, "problem": 1.9651324204459957, "solv": 3.5078071167204135, "cacm": 0.00031215857909170155, "decemb": 2.4626835130032902, "graham": 5.299566585948469, "wegman": 8.07215530818825}