{"arithmet": 3.6901286735143684, "overa": 8.07215530818825, "finit": 4.2435139116991545, "field": 3.9946178642825303, "a1": 4.894101477840304, "algorithm": 0.8920854338854537, "a469": 8.07215530818825, "cacm": 0.00031215857909170155, "novemb": 2.4445341944976127, "lam": 8.07215530818825, "mckay": 5.507205950726713}