{"differ": 3.977810745966149, "express": 3.1595004224521976, "coeffici": 4.1209115896068225, "algorithm": 0.8920854338854537, "cacm": 0.00031215857909170155, "march": 2.546702369056466, "clark": 5.433097978572992}