{"stochast": 5.58724865840025, "evalu": 3.137681375057558, "model": 11.987925971817692, "databas": 15.7168258923961, "organ": 17.539035583602068, "data": 13.000760760802077, "retriev": 25.1637294559703, "system": 10.90209832121004, "experiment": 7.734925377594568, "work": 3.344767489475909, "valuat": 8.07215530818825, "larg": 2.8791984572980396, "scale": 4.287965674269989, "scarc": 8.07215530818825, "due": 4.9811128548299335, "difficulti": 4.57564774672177, "prohibit": 6.462717395754149, "cost": 7.036556833175418, "paper": 1.9808454261105517, "discuss": 2.1972245773362196, "simul": 3.380807425959106, "effect": 9.286264697303025, "significantli": 5.127716329021809, "reduc": 3.641338509344936, "enabl": 4.5168072466988365, "research": 3.977810745966149, "attempt": 4.1209115896068225, "design": 2.4924254822020275, "estim": 3.929020581796717, "workload": 5.992713766508414, "altern": 3.9612814440149386, "includ": 2.7688504001291743, "invert": 5.299566585948469, "list": 9.568060156805636, "thread": 6.126245159132937, "cellular": 6.97354301952014, "hybrid": 7.379008127628304, "combin": 3.5612958016714, "methodolog": 4.894101477840304, "demonstr": 4.0117122976418305, "studi": 3.227968221729659, "impact": 5.076423034634259, "queri": 4.739950798013046, "complex": 3.137681375057558, "analyz": 3.5503667311392095, "cacm": 0.00031215857909170155, "februari": 2.6211168546225494, "siler": 7.379008127628304}