{"applic": 2.481168327677393, "heurist": 9.212838810777047, "search": 13.90814183221464, "method": 7.414220753986083, "edg": 20.955767856528134, "contour": 21.732391914291966, "detect": 12.932865577484062, "paper": 1.9808454261105517, "present": 1.8221800659287668, "noisi": 14.758016255256608, "pictur": 13.81925821616557, "properti": 3.5395558150349937, "embed": 10.599133171896938, "figur": 17.97814129952524, "merit": 16.299293935718975, "problem": 9.825662102229979, "minim": 6.78004816212806, "repres": 3.6062471895336663, "shortest": 5.992713766508414, "path": 4.48863636973214, "graph": 12.087312121061098, "solv": 3.5078071167204135, "known": 3.7027074557212285, "algorithm": 0.8920854338854537, "relat": 3.144901623031045, "represent": 3.5503667311392095, "dynam": 3.8380488035909903, "program": 1.438836874907873, "approach": 3.1743155082373384, "discuss": 2.1972245773362196, "show": 7.282677018689872, "lead": 4.48863636973214, "substanti": 4.6709579265260945, "improv": 3.3536564368931554, "comput": 2.6234812342096436, "time": 4.102263917677447, "depend": 3.929020581796717, "amount": 4.1803350100776235, "nois": 6.68586094706836, "experiment": 3.867462688797284, "result": 2.3750618216828454, "inform": 2.5627669715602726, "shape": 5.076423034634259, "object": 6.761614851918212, "allow": 3.867462688797284, "extract": 5.076423034634259, "separ": 4.2435139116991545, "touch": 7.379008127628304, "cacm": 0.00031215857909170155, "februari": 2.6211168546225494, "martelli": 7.379008127628304}