{"thought": 5.87493073085203, "reconcil": 7.379008127628304, "charact": 3.6654360609239967, "set": 2.554702411723542, "propos": 2.907369334264736, "corrigenda": 7.379008127628304, "cacm": 0.00031215857909170155, "octob": 2.4849066497880004, "voorhe": 6.97354301952014}