{"algorithm": 3.5683417355418148, "reduct": 9.033614493397673, "oper": 4.540073865622374, "strength": 14.758016255256608, "simpl": 3.009560275161283, "index": 4.383275854074314, "temporari": 6.126245159132937, "tabl": 3.4570347913469903, "perform": 2.8094651192833644, "strongli": 5.769570215194204, "connect": 4.310955192494688, "region": 4.894101477840304, "present": 1.8221800659287668, "extens": 3.3359568597937543, "includ": 2.7688504001291743, "linear": 3.1818061799664963, "function": 2.2610143152115496, "test": 3.0817227214095135, "replac": 4.739950798013046, "discuss": 2.1972245773362196, "fit": 3.9946178642825303, "integr": 2.984558972955866, "packag": 4.814058770166768, "local": 4.6709579265260945, "optim": 3.1743155082373384, "cacm": 0.00031215857909170155, "novemb": 2.4445341944976127, "cock": 6.68586094706836}