{"muller": 5.992713766508414, "method": 1.8535551884965207, "find": 3.58351893845611, "root": 4.140329675463924, "arbitrari": 4.160132302760104, "function": 2.2610143152115496, "algorithm": 0.8920854338854537, "cacm": 0.00031215857909170155, "august": 2.3750618216828454, "roman": 7.379008127628304}