{"modifi": 3.8977680382926128, "graeff": 7.379008127628304, "method": 1.8535551884965207, "algorithm": 0.8920854338854537, "c2": 5.87493073085203, "cacm": 0.00031215857909170155, "june": 2.3717117347975636, "grau": 6.462717395754149}