{"algorithm": 0.8920854338854537, "polici": 4.894101477840304, "revis": 5.238941964132033, "august": 4.750123643365691, "cacm": 0.00031215857909170155}