{"plot": 14.9433385644898, "function": 6.783042945634649, "independ": 15.237901724587738, "variabl": 12.43724271171337, "method": 1.8535551884965207, "develop": 2.4267084105450123, "construct": 3.189353385601879, "approxim": 3.380807425959106, "similar": 3.7954891891721947, "convent": 3.8380488035909903, "contour": 10.866195957145983, "map": 4.358583241483942, "scale": 8.575931348539978, "repres": 3.6062471895336663, "valu": 7.405414911442457, "ad": 4.408593662058603, "vectori": 8.07215530818825, "read": 4.57564774672177, "nearbi": 7.379008127628304, "cacm": 0.00031215857909170155, "juli": 2.3683728335320486, "stineman": 8.07215530818825}