{"hypergeometr": 6.462717395754149, "algorithm": 0.8920854338854537, "c191": 8.07215530818825, "cacm": 0.00031215857909170155, "octob": 2.4849066497880004, "kopelaar": 8.07215530818825}