{"expect": 13.003457069714646, "gain": 20.510865316087237, "adjust": 16.52161785218014, "ing": 7.379008127628304, "match": 9.033614493397673, "term": 9.829094287774526, "retriev": 10.784455481130129, "system": 4.67232785194716, "procedur": 2.63843330463401, "base": 2.701517280060587, "maxim": 5.299566585948469, "bay": 6.126245159132937, "propos": 2.907369334264736, "probabl": 4.222007706478191, "distribut": 6.994888659369734, "deriv": 3.2930318150767204, "function": 2.2610143152115496, "prior": 5.992713766508414, "proport": 5.076423034634259, "omit": 6.97354301952014, "coeffici": 4.1209115896068225, "separ": 4.2435139116991545, "valu": 3.7027074557212285, "statist": 3.867462688797284, "evalu": 3.137681375057558, "paramet": 3.7816958670398586, "typic": 4.461237395544026, "inform": 2.5627669715602726, "cacm": 0.00031215857909170155, "novemb": 2.4445341944976127, "shumway": 8.07215530818825}