{"interpret": 12.666023119434573, "input": 31.16328250586989, "routin": 11.602388066391851, "linear": 6.363612359932993, "program": 2.877673749815746, "descript": 3.437426319958614, "articl": 10.152846069268518, "code": 8.844573986354973, "present": 5.4665401977863, "greatli": 5.238941964132033, "simplifi": 4.48863636973214, "data": 6.5003803804010385, "solut": 5.52777522157409, "subsequ": 5.181783550292085, "pedagog": 6.280395838960195, "devic": 3.929020581796717, "solv": 3.5078071167204135, "small": 3.594818493710043, "lp": 20.920629058560422, "problem": 5.895397261337987, "limit": 10.8885121550938, "deriv": 3.2930318150767204, "inher": 5.36410510708604, "effici": 2.7108631424788245, "evalu": 3.137681375057558, "larg": 2.8791984572980396, "doubtless": 8.07215530818825, "benefit": 5.36410510708604, "system": 1.55744261731572, "suit": 5.076423034634259, "bulk": 6.97354301952014, "handl": 3.7154464814986583, "user": 6.109750942746651, "standpoint": 6.97354301952014, "appear": 4.48863636973214, "exactli": 5.769570215194204, "textbook": 6.68586094706836, "keypunch": 6.97354301952014, "inabl": 6.280395838960195, "write": 4.222007706478191, "subscript": 5.507205950726713, "scan": 4.894101477840304, "column": 5.433097978572992, "wise": 6.462717395754149, "fix": 4.064822122955779, "format": 4.1803350100776235, "prepar": 4.57564774672177, "requir": 4.777151081699136, "gener": 1.8279884075245136, "liber": 6.97354301952014, "editori": 8.07215530818825, "comment": 4.064822122955779, "deck": 6.126245159132937, "aid": 4.029104040353699, "identif": 5.238941964132033, "row": 5.299566585948469, "constraint": 4.358583241483942, "includ": 2.7688504001291743, "exampl": 3.371674942395834, "output": 3.497444329684867, "skeleton": 6.280395838960195, "flowchart": 4.9811128548299335, "cacm": 0.00031215857909170155, "januari": 2.6297375976664563, "aigner": 8.07215530818825}