{"fast": 7.890041846286317, "procedur": 2.63843330463401, "gener": 3.6559768150490273, "exponenti": 8.360670020155247, "random": 7.212494379067333, "variabl": 6.218621355856685, "method": 1.8535551884965207, "digit": 3.2930318150767204, "comput": 1.3117406171048218, "outlin": 4.160132302760104, "cacm": 0.00031215857909170155, "maclaren": 6.68586094706836, "marsaglia": 6.68586094706836, "bray": 5.769570215194204}