{"partit": 21.792916207419708, "algorithm": 1.7841708677709074, "finit": 4.2435139116991545, "set": 17.882916882064794, "element": 3.8825005661618244, "repres": 3.6062471895336663, "tupl": 13.37172189413672, "posit": 4.1209115896068225, "integ": 4.140329675463924, "gener": 1.8279884075245136, "repetit": 5.433097978572992, "fewer": 5.674260035389879, "exactli": 5.769570215194204, "cacm": 0.00031215857909170155, "octob": 2.4849066497880004, "hutchinson": 6.462717395754149}