{"mobil": 6.97354301952014, "program": 1.438836874907873, "system": 1.55744261731572, "stage2": 32.288621232753, "level": 3.2681342634549932, "bootstrap": 6.462717395754149, "sequenc": 3.6654360609239967, "easili": 4.26549281841793, "implement": 5.141794195287046, "comput": 1.3117406171048218, "flexibl": 4.26549281841793, "provid": 3.015909502839942, "summar": 5.076423034634259, "techniqu": 2.240272830904733, "made": 3.2046208577326674, "run": 3.6777061535158113, "machin": 5.837727427380942, "man": 4.739950798013046, "week": 6.97354301952014, "effort": 4.5168072466988365, "discuss": 2.1972245773362196, "approach": 3.1743155082373384, "success": 4.083171261623976, "wide": 4.408593662058603, "vari": 4.704859478201776, "characterist": 3.6295040516979333, "cacm": 0.00031215857909170155, "juli": 2.3683728335320486, "wait": 5.36410510708604}