{"variabl": 3.1093106779283426, "width": 6.97354301952014, "tabl": 3.4570347913469903, "binari": 3.8094754311469345, "search": 3.47703545805366, "facil": 3.8977680382926128, "cacm": 0.00031215857909170155, "februari": 2.6211168546225494, "halpern": 6.97354301952014}