{"cobol": 4.545794783572089, "sort": 3.8825005661618244, "verb": 6.68586094706836, "cacm": 0.00031215857909170155, "paterson": 8.07215530818825}