{"random": 3.6062471895336663, "vector": 4.545794783572089, "uniform": 4.853279483320049, "solid": 5.674260035389879, "angl": 5.992713766508414, "algorithm": 0.8920854338854537, "r381": 8.07215530818825, "cacm": 0.00031215857909170155, "june": 2.3717117347975636, "schrack": 6.126245159132937}