{"numer": 3.2046208577326674, "invers": 3.867462688797284, "laplac": 6.68586094706836, "transform": 3.6654360609239967, "algorithm": 0.8920854338854537, "d5": 7.379008127628304, "cacm": 0.00031215857909170155, "octob": 2.4849066497880004, "stehfest": 7.379008127628304}