{"neliac": 6.68586094706836, "cacm": 0.00031215857909170155, "march": 2.546702369056466, "halstead": 6.462717395754149}