{"inform": 7.688300914680818, "scienc": 11.933432237898447, "ph": 11.1744973168005, "comput": 2.6234812342096436, "program": 2.877673749815746, "report": 3.4669851222001586, "recommend": 4.853279483320049, "sampl": 4.310955192494688, "cours": 8.97727273946428, "curriculum": 5.127716329021809, "gener": 1.8279884075245136, "area": 7.734925377594568, "organ": 3.5078071167204135, "system": 1.55744261731572, "design": 2.4924254822020275, "subject": 4.160132302760104, "briefli": 4.5168072466988365, "list": 3.189353385601879, "desir": 4.140329675463924, "graduat": 5.238941964132033, "level": 3.2681342634549932, "suitabl": 4.1803350100776235, "bibliographi": 6.280395838960195, "append": 6.97354301952014, "cacm": 0.00031215857909170155, "februari": 2.6211168546225494, "salton": 6.126245159132937}