{"gener": 3.6559768150490273, "purpos": 6.519941905631665, "graphic": 21.21756955849577, "languag": 8.700005762206038, "interact": 3.6654360609239967, "comput": 1.3117406171048218, "termin": 4.101863394636128, "permit": 3.572345637857985, "problem": 1.9651324204459957, "solv": 3.5078071167204135, "machin": 2.918863713690471, "order": 2.93049175168559, "handl": 3.7154464814986583, "varieti": 4.1209115896068225, "applic": 2.481168327677393, "expedi": 8.07215530818825, "develop": 4.853416821090025, "number": 2.2028583950544753, "devic": 3.929020581796717, "system": 3.11488523463144, "design": 2.4924254822020275, "produc": 3.427764409046877, "quickli": 6.126245159132937, "cheapli": 8.07215530818825, "model": 2.996981492954423, "present": 1.8221800659287668, "cacm": 0.00031215857909170155, "april": 2.4231810700270437, "kulsrud": 7.379008127628304}