{"gener": 1.8279884075245136, "discret": 4.814058770166768, "random": 3.6062471895336663, "variabl": 6.218621355856685, "comput": 3.9352218513144654, "note": 3.497444329684867, "concern": 3.9612814440149386, "detail": 3.447182494903979, "instruct": 3.867462688797284, "choos": 5.36410510708604, "thing": 5.36410510708604, "assign": 4.064822122955779, "probabl": 8.444015412956382, "method": 1.8535551884965207, "uniform": 4.853279483320049, "direct": 3.58351893845611, "memori": 6.275362750115116, "locat": 4.140329675463924, "sequenc": 3.6654360609239967, "appropri": 6.280395838960195, "chosen": 4.894101477840304, "condit": 3.39002408106403, "effici": 2.7108631424788245, "space": 3.497444329684867, "fast": 3.9450209231431583, "program": 1.438836874907873, "result": 2.3750618216828454, "cacm": 0.00031215857909170155, "januari": 2.6297375976664563, "marsaglia": 6.68586094706836}