{"time": 10.255659794193617, "share": 17.43593914758839, "batch": 14.559838449960148, "process": 4.350002881103019, "experiment": 7.734925377594568, "comparison": 7.380257347028737, "valu": 3.7027074557212285, "problem": 7.860529681783983, "solv": 14.031228466881654, "situat": 4.48863636973214, "comput": 3.9352218513144654, "system": 6.22977046926288, "conduct": 5.238941964132033, "mit": 6.126245159132937, "paper": 1.9808454261105517, "studi": 3.227968221729659, "known": 3.7027074557212285, "attempt": 4.1209115896068225, "evalu": 3.137681375057558, "predomin": 6.97354301952014, "user": 15.274377356866628, "popul": 6.280395838960195, "decad": 6.97354301952014, "profession": 5.027632870464827, "nonprogramm": 6.68586094706836, "aid": 4.029104040353699, "decis": 3.8977680382926128, "make": 3.380807425959106, "program": 1.438836874907873, "end": 5.127716329021809, "statist": 3.867462688797284, "logic": 3.6062471895336663, "signific": 3.929020581796717, "result": 4.750123643365691, "equal": 9.341915853052189, "cost": 7.036556833175418, "usag": 4.6064194053885235, "higher": 4.814058770166768, "level": 6.5362685269099865, "perform": 5.618930238566729, "attain": 5.992713766508414, "indic": 5.076423034634259, "significantli": 5.127716329021809, "lower": 5.238941964132033, "stop": 6.280395838960195, "work": 3.344767489475909, "reach": 5.87493073085203, "speed": 3.823660066138891, "attitud": 5.87493073085203, "made": 3.2046208577326674, "favor": 5.433097978572992, "cacm": 0.00031215857909170155, "gold": 7.379008127628304}