{"minimum": 4.1209115896068225, "excess": 6.126245159132937, "cost": 3.518278416587709, "curv": 4.1803350100776235, "algorithm": 0.8920854338854537, "cacm": 0.00031215857909170155, "august": 2.3750618216828454, "muth": 7.379008127628304}