{"design": 9.96970192880811, "display": 19.725104615715793, "processor": 14.861785925994633, "flexibl": 4.26549281841793, "power": 7.5361804299681605, "need": 3.251873742583213, "data": 2.1667934601336793, "channel": 17.30871064558261, "comput": 3.9352218513144654, "consid": 3.152174382360125, "work": 3.344767489475909, "effici": 2.7108631424788245, "suffici": 4.26549281841793, "number": 2.2028583950544753, "instruct": 3.867462688797284, "understood": 6.280395838960195, "small": 3.594818493710043, "found": 3.852647603012143, "success": 4.083171261623976, "improv": 6.707312873786311, "lie": 5.58724865840025, "circular": 5.769570215194204, "path": 4.48863636973214, "make": 3.380807425959106, "origin": 4.2435139116991545, "simpl": 3.009560275161283, "gener": 1.8279884075245136, "purpos": 3.2599709528158325, "trip": 6.462717395754149, "degre": 4.222007706478191, "physic": 4.57564774672177, "separ": 4.2435139116991545, "parent": 7.379008127628304, "key": 4.064822122955779, "factor": 3.852647603012143, "cacm": 0.00031215857909170155, "june": 2.3717117347975636, "myer": 7.379008127628304}