{"reduct": 4.5168072466988365, "compil": 15.374715172120673, "cost": 17.591392082938544, "languag": 13.050008643309056, "contract": 6.68586094706836, "program": 1.438836874907873, "tailor": 6.280395838960195, "group": 4.1803350100776235, "user": 3.0548754713733257, "construct": 3.189353385601879, "remov": 14.9433385644898, "unwant": 7.379008127628304, "featur": 10.197979421179031, "gener": 1.8279884075245136, "purpos": 3.2599709528158325, "paper": 1.9808454261105517, "describ": 6.190843131535351, "simul": 3.380807425959106, "techniqu": 2.240272830904733, "predict": 4.894101477840304, "save": 4.739950798013046, "achiev": 3.7954891891721947, "approach": 3.1743155082373384, "result": 2.3750618216828454, "suggest": 3.399326473726344, "function": 2.2610143152115496, "effect": 3.0954215657676754, "power": 3.7680902149840803, "algorithm": 2.676256301656361, "express": 3.1595004224521976, "actual": 4.287965674269989, "decreas": 5.027632870464827, "moder": 6.126245159132937, "need": 3.251873742583213, "increas": 3.6295040516979333, "sharpli": 7.379008127628304, "cacm": 0.00031215857909170155, "shaw": 5.87493073085203}