{"need": 3.251873742583213, "algorithm": 0.8920854338854537, "cacm": 0.00031215857909170155, "april": 2.4231810700270437, "selden": 8.07215530818825}