{"interpol": 4.6064194053885235, "aitken": 7.379008127628304, "algorithm": 0.8920854338854537, "cacm": 0.00031215857909170155, "novemb": 2.4445341944976127, "mifsud": 6.126245159132937}