{"chi": 6.462717395754149, "squar": 3.6295040516979333, "integr": 2.984558972955866, "algorithm": 0.8920854338854537, "s15": 5.127716329021809, "cacm": 0.00031215857909170155, "april": 2.4231810700270437, "brien": 8.07215530818825, "wood": 5.87493073085203}