{"convers": 3.867462688797284, "float": 4.77631844218392, "point": 3.015909502839942, "represent": 3.5503667311392095, "cacm": 0.00031215857909170155, "june": 2.3717117347975636, "perri": 6.97354301952014}