{"round": 23.52429739100888, "problem": 1.9651324204459957, "commerci": 12.252490318265874, "data": 4.333586920267359, "process": 4.350002881103019, "common": 3.9450209231431583, "requir": 2.388575540849568, "sum": 18.183179134288356, "set": 2.554702411723542, "number": 8.811433580217901, "gener": 1.8279884075245136, "understood": 6.280395838960195, "manner": 4.6064194053885235, "equal": 4.6709579265260945, "individu": 4.6064194053885235, "procedur": 5.27686660926802, "accomplish": 4.638168103703103, "depend": 3.929020581796717, "accumul": 5.127716329021809, "vari": 9.409718956403552, "sign": 11.014411901453427, "recogn": 5.027632870464827, "prior": 5.992713766508414, "cacm": 0.00031215857909170155, "novemb": 2.4445341944976127, "kelley": 7.379008127628304}