{"pose": 29.37465365426015, "languag": 8.700005762206038, "problem": 5.895397261337987, "comput": 5.246962468419287, "drastic": 6.97354301952014, "departur": 7.379008127628304, "fortran": 13.072537053819973, "algol": 3.243841570885949, "type": 3.144901623031045, "util": 3.6901286735143684, "formula": 4.0117122976418305, "logic": 7.212494379067333, "represent": 3.5503667311392095, "actual": 4.287965674269989, "vi": 6.97354301952014, "subset": 4.545794783572089, "user": 6.109750942746651, "need": 6.503747485166426, "describ": 3.0954215657676754, "equat": 9.327932033785029, "form": 6.190843131535351, "method": 3.7071103769930414, "solut": 5.52777522157409, "provid": 3.015909502839942, "conjunct": 5.181783550292085, "translat": 3.6901286735143684, "instruct": 3.867462688797284, "solv": 3.5078071167204135, "difficult": 4.57564774672177, "differenti": 3.929020581796717, "requir": 4.777151081699136, "knowledg": 5.027632870464827, "numer": 3.2046208577326674, "intricaci": 7.379008127628304, "subroutin": 4.1209115896068225, "essenti": 4.434569148461864, "cleric": 8.07215530818825, "oper": 2.270036932811187, "program": 1.438836874907873, "autom": 4.57564774672177, "programm": 3.977810745966149, "concern": 3.9612814440149386, "detail": 3.447182494903979, "cacm": 0.00031215857909170155, "schlesing": 7.379008127628304, "sashkin": 7.379008127628304}