{"erf": 6.462717395754149, "algorithm": 0.8920854338854537, "cacm": 0.00031215857909170155, "octob": 2.4849066497880004, "ibbetson": 7.379008127628304}