{"multiplex": 12.56079167792039, "slow": 11.1744973168005, "peripher": 6.68586094706836, "philosophi": 5.238941964132033, "monitor": 4.638168103703103, "output": 3.497444329684867, "devic": 3.929020581796717, "present": 1.8221800659287668, "cacm": 0.00031215857909170155, "decemb": 2.4626835130032902, "abraham": 6.68586094706836, "lanc": 7.379008127628304, "pearcey": 7.379008127628304}