{"program": 1.438836874907873, "packag": 4.814058770166768, "gener": 1.8279884075245136, "mode": 4.77631844218392, "arithmet": 3.6901286735143684, "cacm": 0.00031215857909170155, "februari": 2.6211168546225494, "brooker": 6.97354301952014}