{"transit": 14.809983276777299, "network": 15.780083692572633, "grammar": 16.48364635842729, "natur": 11.108122367163686, "languag": 6.525004321654528, "analysi": 11.095351766560853, "augment": 5.507205950726713, "sentenc": 4.853279483320049, "structur": 4.94746669837975, "build": 5.076423034634259, "action": 4.57564774672177, "arc": 12.252490318265874, "allow": 7.734925377594568, "reorder": 8.07215530818825, "restructur": 5.87493073085203, "copi": 5.58724865840025, "constitu": 6.68586094706836, "produc": 3.427764409046877, "deep": 6.68586094706836, "represent": 3.5503667311392095, "type": 3.144901623031045, "obtain": 3.116328250586989, "transform": 3.6654360609239967, "condit": 3.39002408106403, "power": 3.7680902149840803, "select": 3.617808011934742, "rule": 3.47703545805366, "meaningless": 7.379008127628304, "analys": 5.769570215194204, "take": 4.160132302760104, "advantag": 7.405414911442457, "semant": 4.287965674269989, "inform": 2.5627669715602726, "guid": 5.127716329021809, "pars": 8.766551708148627, "model": 2.996981492954423, "discuss": 2.1972245773362196, "detail": 3.447182494903979, "illustr": 3.47703545805366, "exampl": 3.371674942395834, "implement": 2.570897097643523, "experiment": 3.867462688797284, "system": 1.55744261731572, "briefli": 4.5168072466988365, "cacm": 0.00031215857909170155, "octob": 2.4849066497880004, "wood": 5.87493073085203}