{"upper": 10.72821021417208, "bound": 11.514146410772971, "select": 7.235616023869484, "worst": 5.674260035389879, "case": 3.2123429038265776, "minimum": 4.1209115896068225, "number": 2.2028583950544753, "comparison": 3.6901286735143684, "complex": 3.137681375057558, "vi": 13.94708603904028, "th": 6.126245159132937, "problem": 1.9651324204459957, "consid": 3.152174382360125, "improv": 3.3536564368931554, "standard": 3.1023420086122493, "hadian": 16.1443106163765, "sobel": 16.1443106163765, "algorithm": 2.676256301656361, "gener": 3.6559768150490273, "kirkpatrick": 16.1443106163765, "extend": 3.8977680382926128, "method": 1.8535551884965207, "wider": 6.68586094706836, "rang": 4.222007706478191, "applic": 2.481168327677393, "compar": 3.227968221729659, "favor": 5.433097978572992, "recent": 3.8977680382926128, "hyafil": 8.07215530818825, "cacm": 0.00031215857909170155, "septemb": 2.546702369056466, "yap": 8.07215530818825}