{"determin": 6.019120550322566, "minimum": 24.725469537640933, "area": 23.204776132783703, "encas": 16.1443106163765, "rectangl": 41.841258117120844, "arbitrari": 8.320264605520208, "close": 4.638168103703103, "curv": 16.721340040310494, "paper": 1.9808454261105517, "describ": 3.0954215657676754, "method": 3.7071103769930414, "find": 3.58351893845611, "plane": 5.433097978572992, "contain": 5.181783550292085, "interest": 3.9450209231431583, "pack": 5.58724865840025, "optimum": 4.704859478201776, "layout": 6.280395838960195, "problem": 1.9651324204459957, "consist": 3.823660066138891, "minim": 3.39002408106403, "perimet": 7.379008127628304, "convex": 11.74986146170406, "polygon": 22.348994633601, "enclos": 16.1443106163765, "select": 3.617808011934742, "capabl": 3.8094754311469345, "theorem": 4.5168072466988365, "introduc": 3.8380488035909903, "show": 3.641338509344936, "side": 5.299566585948469, "colinear": 8.07215530818825, "edg": 5.238941964132033, "cacm": 0.00031215857909170155, "juli": 2.3683728335320486, "freeman": 6.68586094706836, "shapira": 7.379008127628304}