{"denot": 6.462717395754149, "semant": 12.863897022809967, "program": 4.31651062472362, "languag": 13.050008643309056, "paper": 3.9616908522211034, "tutori": 5.507205950726713, "introduct": 4.894101477840304, "theori": 12.420989026391773, "develop": 2.4267084105450123, "scott": 13.37172189413672, "strachey": 7.379008127628304, "applic": 4.962336655354786, "formal": 7.456699772669132, "specif": 3.227968221729659, "demonstr": 4.0117122976418305, "survey": 4.48863636973214, "consid": 3.152174382360125, "loop": 4.739950798013046, "elementari": 4.5168072466988365, "definit": 7.355412307031623, "mere": 6.68586094706836, "introduc": 7.676097607181981, "notat": 4.434569148461864, "methodolog": 4.894101477840304, "approach": 3.1743155082373384, "concept": 3.4181949580307265, "environ": 3.7680902149840803, "store": 3.5288605259182457, "continu": 3.852647603012143, "model": 2.996981492954423, "class": 3.427764409046877, "featur": 3.399326473726344, "underli": 5.127716329021809, "mathemat": 3.6295040516979333, "comput": 1.3117406171048218, "due": 4.9811128548299335, "motiv": 5.674260035389879, "outlin": 4.160132302760104, "final": 3.7680902149840803, "present": 1.8221800659287668, "gedanken": 7.379008127628304, "cacm": 0.00031215857909170155, "august": 2.3750618216828454, "tennent": 8.07215530818825}