{"product": 3.9946178642825303, "type": 3.144901623031045, "simpson": 5.299566585948469, "integr": 2.984558972955866, "d1": 4.545794783572089, "algorithm": 0.8920854338854537, "a437": 8.07215530818825, "cacm": 0.00031215857909170155, "decemb": 2.4626835130032902, "boland": 6.68586094706836}