{"root": 4.140329675463924, "low": 4.383275854074314, "order": 2.93049175168559, "polynomi": 3.4087162140761826, "equat": 3.1093106779283426, "algorithm": 0.8920854338854537, "c2": 5.87493073085203, "cacm": 0.00031215857909170155, "april": 2.4231810700270437, "nonweil": 8.07215530818825}