{"newton": 4.9366610922591, "maehli": 6.97354301952014, "algorithm": 0.8920854338854537, "cacm": 0.00031215857909170155, "juli": 2.3683728335320486, "bauer": 5.992713766508414, "stoer": 7.379008127628304}