{"discuss": 2.1972245773362196, "pro": 7.379008127628304, "con": 6.68586094706836, "special": 3.5395558150349937, "ir": 6.97354301952014, "languag": 2.1750014405515095, "cacm": 0.00031215857909170155, "januari": 2.6297375976664563, "sammet": 5.992713766508414, "ohlman": 8.07215530818825, "bohnest": 8.07215530818825}