{"hydra": 16.1443106163765, "kernel": 12.252490318265874, "multiprocessor": 5.433097978572992, "oper": 9.080147731244748, "system": 6.22977046926288, "paper": 1.9808454261105517, "describ": 3.0954215657676754, "design": 2.4924254822020275, "philosophi": 10.477883928264067, "mmp": 8.07215530818825, "carnegi": 7.379008127628304, "mellon": 7.379008127628304, "multi": 5.027632870464827, "mini": 6.97354301952014, "processor": 3.7154464814986583, "realiz": 5.027632870464827, "introduct": 9.788202955680608, "gener": 1.8279884075245136, "notion": 5.076423034634259, "resourc": 4.287965674269989, "physic": 4.57564774672177, "virtual": 4.6064194053885235, "call": 3.4087162140761826, "object": 13.523229703836424, "mechan": 7.5361804299681605, "present": 1.8221800659287668, "deal": 4.461237395544026, "includ": 2.7688504001291743, "creation": 11.985427533016829, "type": 9.434704869093135, "specif": 3.227968221729659, "applic": 4.962336655354786, "share": 3.4871878295176777, "protect": 4.704859478201776, "refer": 3.823660066138891, "improp": 6.68586094706836, "defin": 3.1595004224521976, "respect": 4.26549281841793, "provid": 3.015909502839942, "coher": 7.379008127628304, "basi": 4.029104040353699, "extens": 3.3359568597937543, "direct": 3.58351893845611, "facil": 3.8977680382926128, "highli": 4.638168103703103, "secur": 5.238941964132033, "cacm": 0.00031215857909170155, "june": 2.3717117347975636, "wulf": 6.68586094706836, "cohen": 6.126245159132937, "corwin": 8.07215530818825, "jone": 6.126245159132937, "levin": 6.462717395754149, "pierson": 8.07215530818825, "pollack": 5.992713766508414}