{"high": 3.6777061535158113, "speed": 3.823660066138891, "sort": 3.8825005661618244, "procedur": 2.63843330463401, "cacm": 0.00031215857909170155, "januari": 2.6297375976664563, "frank": 7.379008127628304, "lazaru": 8.07215530818825}