{"rootfind": 6.126245159132937, "algorithm": 0.8920854338854537, "cacm": 0.00031215857909170155, "august": 2.3750618216828454, "thacher": 4.358583241483942, "jr": 3.243841570885949}