{"stabli": 6.68586094706836, "updat": 14.114578434605328, "mean": 12.88050017707453, "standard": 9.307026025836748, "deviat": 16.76174597520075, "data": 15.167554220935756, "consid": 3.152174382360125, "sampl": 8.621910384989375, "set": 2.554702411723542, "fit": 3.9946178642825303, "constant": 4.48863636973214, "function": 2.2610143152115496, "comput": 1.3117406171048218, "method": 3.7071103769930414, "base": 2.701517280060587, "matrix": 3.137681375057558, "formul": 4.545794783572089, "given": 6.97354301952014, "transform": 3.6654360609239967, "accumul": 5.127716329021809, "procedur": 2.63843330463401, "numer": 3.2046208577326674, "stabl": 5.507205950726713, "requir": 4.777151081699136, "storag": 2.7394365149228808, "deal": 4.461237395544026, "weight": 4.77631844218392, "remov": 4.9811128548299335, "present": 1.8221800659287668, "squar": 7.259008103395867, "process": 2.1750014405515095, "root": 4.140329675463924, "cacm": 0.00031215857909170155, "januari": 2.6297375976664563, "hanson": 5.992713766508414}