{"recurr": 17.624792192556093, "scheme": 10.554835249763126, "convert": 8.766551708148627, "orthogon": 5.127716329021809, "expans": 5.36410510708604, "gener": 1.8279884075245136, "ham": 7.379008127628304, "polynomi": 3.4087162140761826, "pn": 6.97354301952014, "chebyshev": 4.9366610922591, "seri": 7.765001132323649, "combin": 3.5612958016714, "clenshaw": 6.462717395754149, "sum": 4.545794783572089, "finit": 4.2435139116991545, "term": 6.552729525183017, "satisfi": 4.383275854074314, "formula": 4.0117122976418305, "cacm": 0.00031215857909170155, "novemb": 2.4445341944976127, "salzer": 6.126245159132937}