{"solut": 2.763887610787045, "diophantin": 6.97354301952014, "equat": 3.1093106779283426, "algorithm": 0.8920854338854537, "a1": 4.894101477840304, "cacm": 0.00031215857909170155, "march": 2.546702369056466, "bowlden": 6.97354301952014}