{"orderli": 6.68586094706836, "enumer": 10.866195957145983, "nonsingular": 48.4329318491295, "binari": 19.047377155734672, "matric": 15.716082327186868, "appli": 3.2681342634549932, "text": 8.166342523247952, "encrypt": 12.56079167792039, "order": 2.93049175168559, "field": 3.9946178642825303, "initi": 4.2435139116991545, "segment": 4.434569148461864, "natur": 14.810829822884914, "number": 13.217150370326852, "correspond": 9.8733221845182, "intermedi": 10.599133171896938, "vector": 13.637384350716268, "map": 13.075749724451825, "matrix": 9.413044125172675, "exampl": 3.371674942395834, "complet": 3.47703545805366, "produc": 3.427764409046877, "applic": 2.481168327677393, "vernam": 8.07215530818825, "encipher": 7.379008127628304, "method": 1.8535551884965207, "pseudorandom": 12.56079167792039, "sequenc": 7.330872121847993, "bit": 3.977810745966149, "string": 3.7027074557212285, "form": 6.190843131535351, "byte": 6.126245159132937, "data": 2.1667934601336793, "key": 8.129644245911559, "represent": 3.5503667311392095, "transform": 3.6654360609239967, "leverag": 8.07215530818825, "obtain": 3.116328250586989, "seed": 8.07215530818825, "shift": 5.58724865840025, "regist": 5.027632870464827, "gener": 1.8279884075245136, "cacm": 0.00031215857909170155, "april": 2.4231810700270437, "payn": 6.126245159132937, "mcmillen": 8.07215530818825}