{"loader": 13.37172189413672, "standard": 6.204684017224499, "overlay": 18.841187516880584, "program": 7.194184374539365, "capabl": 7.618950862293869, "gener": 1.8279884075245136, "comput": 2.6234812342096436, "system": 4.67232785194716, "cdc": 5.181783550292085, "ge": 8.07215530818825, "ibm": 3.518278416587709, "univac": 5.769570215194204, "critiqu": 7.379008127628304, "base": 2.701517280060587, "actual": 4.287965674269989, "experi": 3.4669851222001586, "larg": 2.8791984572980396, "overlaid": 8.07215530818825, "trajectori": 6.68586094706836, "simul": 3.380807425959106, "short": 5.299566585948469, "histori": 5.076423034634259, "descript": 3.437426319958614, "present": 1.8221800659287668, "minimum": 4.1209115896068225, "recommend": 4.853279483320049, "oper": 2.270036932811187, "easili": 4.26549281841793, "convert": 4.383275854074314, "maintain": 4.638168103703103, "propos": 2.907369334264736, "softwar": 3.929020581796717, "incorpor": 4.5168072466988365, "memori": 6.275362750115116, "occup": 6.97354301952014, "specif": 3.227968221729659, "concept": 6.836389916061453, "condit": 3.39002408106403, "tree": 3.58351893845611, "structur": 4.94746669837975, "delin": 6.280395838960195, "effici": 2.7108631424788245, "cost": 3.518278416587709, "effect": 3.0954215657676754, "util": 3.6901286735143684, "increas": 3.6295040516979333, "flexibl": 4.26549281841793, "cacm": 0.00031215857909170155, "octob": 2.4849066497880004, "lanzano": 8.07215530818825}