{"selfciph": 8.07215530818825, "program": 1.438836874907873, "cacm": 0.00031215857909170155, "februari": 2.6211168546225494, "pelta": 8.07215530818825}