{"rapid": 4.9366610922591, "comput": 1.3117406171048218, "weight": 4.77631844218392, "interpolatori": 8.07215530818825, "quadratur": 4.638168103703103, "rule": 3.47703545805366, "d1": 4.545794783572089, "algorithm": 0.8920854338854537, "cacm": 0.00031215857909170155, "decemb": 2.4626835130032902, "gustafson": 6.97354301952014}