{"comparison": 3.6901286735143684, "adapt": 8.869138296923728, "newton": 9.8733221845182, "cote": 16.1443106163765, "quadratur": 9.276336207406207, "routin": 3.867462688797284, "evalu": 3.137681375057558, "definit": 7.355412307031623, "integr": 8.953676918867597, "peak": 6.68586094706836, "integrand": 6.462717395754149, "report": 3.4669851222001586, "compar": 3.227968221729659, "perform": 2.8094651192833644, "scheme": 3.518278416587709, "base": 2.701517280060587, "point": 3.015909502839942, "rule": 3.47703545805366, "approxim": 3.380807425959106, "set": 2.554702411723542, "dx": 8.07215530818825, "rel": 4.200954297280359, "accuraci": 4.383275854074314, "cacm": 0.00031215857909170155, "june": 2.3717117347975636, "hillstrom": 6.68586094706836}