{"comment": 4.064822122955779, "paper": 1.9808454261105517, "wallac": 6.126245159132937, "mason": 7.379008127628304, "cacm": 0.00031215857909170155, "april": 2.4231810700270437, "heess": 8.07215530818825, "jr": 3.243841570885949}