{"test": 3.0817227214095135, "probabl": 4.222007706478191, "algorithm": 1.7841708677709074, "student": 4.310955192494688, "distribut": 3.497444329684867, "cacm": 0.00031215857909170155, "februari": 2.6211168546225494, "hill": 4.814058770166768, "loughhead": 8.07215530818825}