{"invers": 3.867462688797284, "permut": 4.287965674269989, "algorithm": 0.8920854338854537, "g6": 4.894101477840304, "cacm": 0.00031215857909170155, "februari": 2.6211168546225494, "boonstra": 8.07215530818825}