{"frequent": 4.5168072466988365, "occur": 4.310955192494688, "error": 3.0482747873419735, "algol": 3.243841570885949, "program": 1.438836874907873, "algorithm": 0.8920854338854537, "cacm": 0.00031215857909170155, "april": 2.4231810700270437, "herndon": 5.181783550292085}