{"method": 3.7071103769930414, "find": 3.58351893845611, "squar": 7.259008103395867, "estim": 3.929020581796717, "intersect": 16.76174597520075, "point": 6.031819005679884, "helic": 16.1443106163765, "space": 3.497444329684867, "trajectori": 6.68586094706836, "charg": 6.280395838960195, "particl": 6.68586094706836, "move": 5.181783550292085, "common": 3.9450209231431583, "magnet": 5.027632870464827, "field": 3.9946178642825303, "reconstruct": 16.76174597520075, "measur": 7.676097607181981, "track": 16.76174597520075, "perturb": 6.126245159132937, "error": 3.0482747873419735, "gener": 1.8279884075245136, "adjust": 5.507205950726713, "manner": 4.6064194053885235, "cacm": 0.00031215857909170155, "april": 2.4231810700270437, "royston": 8.07215530818825, "gregori": 6.462717395754149}