{"relax": 28.84785107597102, "method": 5.560665565489562, "imag": 15.08289861139448, "reconstruct": 11.1744973168005, "problem": 5.895397261337987, "recov": 5.769570215194204, "function": 2.2610143152115496, "variabl": 3.1093106779283426, "experiment": 3.867462688797284, "integr": 2.984558972955866, "gray": 5.238941964132033, "thin": 6.97354301952014, "strip": 6.97354301952014, "great": 5.433097978572992, "import": 6.994888659369734, "larg": 2.8791984572980396, "number": 2.2028583950544753, "scientif": 4.9366610922591, "area": 3.867462688797284, "version": 4.461237395544026, "medicin": 6.462717395754149, "obtain": 3.116328250586989, "exact": 4.853279483320049, "densiti": 5.507205950726713, "distribut": 3.497444329684867, "human": 4.5168072466988365, "bodi": 5.87493073085203, "ray": 5.507205950726713, "project": 4.222007706478191, "approach": 3.1743155082373384, "solv": 7.015614233440827, "consist": 7.647320132277782, "translat": 3.6901286735143684, "inform": 2.5627669715602726, "system": 7.787213086578601, "linear": 9.545418539899488, "inequ": 26.74344378827344, "size": 3.427764409046877, "sparsiti": 7.379008127628304, "result": 2.3750618216828454, "typic": 4.461237395544026, "fewer": 5.674260035389879, "percent": 4.814058770166768, "coeffici": 4.1209115896068225, "nonzero": 8.07215530818825, "make": 3.380807425959106, "success": 4.083171261623976, "comput": 1.3117406171048218, "attract": 5.87493073085203, "compar": 3.227968221729659, "way": 4.77631844218392, "paper": 1.9808454261105517, "shown": 5.5880812979154655, "sequenc": 7.330872121847993, "relaxarion": 8.07215530818825, "paramet": 11.345087601119577, "lie": 5.58724865840025, "strictli": 6.68586094706836, "gener": 1.8279884075245136, "vector": 4.545794783572089, "converg": 9.276336207406207, "solut": 5.52777522157409, "assumpt": 4.739950798013046, "equat": 3.1093106779283426, "minimum": 4.1209115896068225, "norm": 5.769570215194204, "previous": 4.739950798013046, "propos": 2.907369334264736, "techniqu": 2.240272830904733, "special": 3.5395558150349937, "case": 3.2123429038265776, "procedur": 2.63843330463401, "choic": 9.15129549344354, "practic": 3.617808011934742, "consequ": 5.769570215194204, "discuss": 2.1972245773362196, "cacm": 0.00031215857909170155, "februari": 2.6211168546225494, "herman": 6.97354301952014, "lent": 8.07215530818825, "lutz": 8.07215530818825}