{"syntact": 17.06197127367172, "sourc": 32.814907157089024, "transform": 25.658052426467975, "program": 7.194184374539365, "manipul": 6.874852639917228, "preserv": 5.433097978572992, "histori": 5.076423034634259, "comput": 1.3117406171048218, "modifi": 3.8977680382926128, "execut": 3.2358734012367716, "time": 2.0511319588387233, "combin": 3.5612958016714, "small": 3.594818493710043, "number": 2.2028583950544753, "primit": 4.814058770166768, "semant": 8.575931348539978, "provid": 3.015909502839942, "power": 3.7680902149840803, "tool": 4.638168103703103, "catalogu": 7.379008127628304, "solut": 2.763887610787045, "system": 1.55744261731572, "equat": 3.1093106779283426, "exampl": 3.371674942395834, "deriv": 3.2930318150767204, "complex": 3.137681375057558, "present": 1.8221800659287668, "case": 3.2123429038265776, "studi": 3.227968221729659, "illustr": 3.47703545805366, "develop": 2.4267084105450123, "clear": 5.674260035389879, "simpl": 3.009560275161283, "reason": 4.287965674269989, "effici": 2.7108631424788245, "cacm": 0.00031215857909170155, "januari": 2.6297375976664563, "arsac": 8.07215530818825}