{"languag": 6.525004321654528, "analysi": 5.5476758832804265, "human": 22.58403623349418, "comput": 5.246962468419287, "orient": 3.977810745966149, "exhaust": 5.507205950726713, "list": 3.189353385601879, "detail": 3.447182494903979, "indic": 5.076423034634259, "concord": 6.97354301952014, "widespread": 5.769570215194204, "accept": 9.15129549344354, "desir": 4.140329675463924, "implic": 4.739950798013046, "scienc": 11.933432237898447, "entail": 6.97354301952014, "gather": 6.97354301952014, "data": 2.1667934601336793, "construct": 3.189353385601879, "test": 3.0817227214095135, "model": 2.996981492954423, "wide": 4.408593662058603, "recogn": 5.027632870464827, "paper": 1.9808454261105517, "argu": 5.433097978572992, "major": 3.867462688797284, "role": 5.027632870464827, "establish": 4.408593662058603, "area": 3.867462688797284, "rigor": 6.280395838960195, "precis": 4.064822122955779, "analyz": 3.5503667311392095, "literatur": 4.894101477840304, "teach": 5.181783550292085, "student": 4.310955192494688, "write": 4.222007706478191, "composit": 4.853279483320049, "critic": 4.814058770166768, "import": 3.497444329684867, "facilit": 4.739950798013046, "cacm": 0.00031215857909170155, "juli": 2.3683728335320486, "sedelow": 8.07215530818825}