{"usa": 5.674260035389879, "particip": 5.507205950726713, "intern": 4.26549281841793, "standard": 3.1023420086122493, "glossari": 6.126245159132937, "inform": 2.5627669715602726, "process": 2.1750014405515095, "cacm": 0.00031215857909170155, "novemb": 2.4445341944976127, "traub": 5.992713766508414}