{"list": 3.189353385601879, "comput": 1.3117406171048218, "system": 1.55744261731572, "program": 1.438836874907873, "ibm": 3.518278416587709, "datatron": 8.07215530818825, "univac": 5.769570215194204, "ss": 8.07215530818825, "cacm": 0.00031215857909170155, "octob": 2.4849066497880004, "romberg": 5.58724865840025}