{"thread": 12.252490318265874, "code": 11.792765315139963, "concept": 3.4181949580307265, "present": 1.8221800659287668, "altern": 3.9612814440149386, "machin": 2.918863713690471, "languag": 2.1750014405515095, "hardwar": 3.8825005661618244, "softwar": 7.858041163593434, "realiz": 10.055265740929654, "interpret": 8.444015412956382, "need": 3.251873742583213, "extens": 3.3359568597937543, "optim": 3.1743155082373384, "mention": 5.507205950726713, "cacm": 0.00031215857909170155, "june": 2.3717117347975636, "bell": 5.433097978572992}