{"bound": 7.676097607181981, "storag": 5.4788730298457615, "algorithm": 3.5683417355418148, "copi": 11.1744973168005, "cyclic": 11.74986146170406, "structur": 7.421200047569625, "present": 1.8221800659287668, "list": 3.189353385601879, "workspac": 6.462717395754149, "linear": 3.1818061799664963, "time": 2.0511319588387233, "unlik": 5.87493073085203, "previou": 4.434569148461864, "similar": 3.7954891891721947, "make": 3.380807425959106, "assumpt": 4.739950798013046, "alloc": 3.6295040516979333, "system": 1.55744261731572, "oper": 2.270036932811187, "like": 6.126245159132937, "high": 3.6777061535158113, "level": 3.2681342634549932, "languag": 2.1750014405515095, "distinct": 5.076423034634259, "featur": 3.399326473726344, "techniqu": 2.240272830904733, "travers": 6.280395838960195, "span": 5.299566585948469, "tree": 3.58351893845611, "case": 3.2123429038265776, "left": 11.539140430388407, "cacm": 0.00031215857909170155, "june": 2.3717117347975636, "robson": 7.379008127628304}