{"code": 5.896382657569982, "lehmer": 14.758016255256608, "pseudo": 16.299293935718975, "random": 10.818741568600998, "number": 13.217150370326852, "gener": 5.483965222573541, "algorithm": 0.8920854338854537, "techniqu": 2.240272830904733, "present": 1.8221800659287668, "quick": 6.280395838960195, "evalu": 3.137681375057558, "modulo": 7.379008127628304, "prime": 14.012873779578284, "mersenn": 16.1443106163765, "produc": 3.427764409046877, "bit": 3.977810745966149, "greater": 4.853279483320049, "comput": 2.6234812342096436, "method": 1.8535551884965207, "extend": 3.8977680382926128, "limit": 3.6295040516979333, "problem": 1.9651324204459957, "modular": 5.992713766508414, "arithmet": 3.6901286735143684, "factor": 3.852647603012143, "primit": 4.814058770166768, "root": 4.140329675463924, "largest": 6.280395838960195, "construct": 3.189353385601879, "increas": 3.6295040516979333, "cycl": 5.027632870464827, "length": 3.7954891891721947, "cacm": 0.00031215857909170155, "februari": 2.6211168546225494, "payn": 6.126245159132937, "rabung": 8.07215530818825, "bogyo": 8.07215530818825}