{"squar": 7.259008103395867, "piecewis": 13.94708603904028, "cubic": 12.252490318265874, "curv": 4.1803350100776235, "fit": 7.989235728565061, "matric": 3.929020581796717, "involv": 3.4570347913469903, "linear": 3.1818061799664963, "formul": 4.545794783572089, "determin": 3.009560275161283, "problem": 1.9651324204459957, "function": 2.2610143152115496, "possess": 5.36410510708604, "continu": 3.852647603012143, "deriv": 3.2930318150767204, "array": 4.334485689904882, "planar": 6.280395838960195, "data": 2.1667934601336793, "cacm": 0.00031215857909170155, "june": 2.3717117347975636, "ferguson": 6.462717395754149, "staley": 8.07215530818825}