{"decompos": 11.985427533016829, "instabl": 6.97354301952014, "satur": 13.94708603904028, "multiprogram": 8.320264605520208, "system": 7.787213086578601, "step": 8.023424595283661, "approach": 6.348631016474677, "model": 2.996981492954423, "dynam": 3.8380488035909903, "behavior": 4.334485689904882, "evalu": 3.137681375057558, "perform": 2.8094651192833644, "comput": 2.6234812342096436, "propos": 2.907369334264736, "base": 2.701517280060587, "techniqu": 2.240272830904733, "variabl": 3.1093106779283426, "aggreg": 6.462717395754149, "concept": 3.4181949580307265, "nearli": 5.299566585948469, "borrow": 6.97354301952014, "econometr": 7.379008127628304, "order": 2.93049175168559, "identifi": 4.140329675463924, "page": 3.9612814440149386, "unstabl": 6.68586094706836, "regim": 7.379008127628304, "oper": 2.270036932811187, "ii": 4.140329675463924, "critic": 4.814058770166768, "load": 4.814058770166768, "bring": 5.992713766508414, "state": 3.852647603012143, "analysi": 2.7738379416402132, "lead": 4.48863636973214, "complet": 3.47703545805366, "definit": 3.6777061535158113, "circumst": 5.87493073085203, "thrash": 8.07215530818825, "set": 2.554702411723542, "cacm": 0.00031215857909170155, "juli": 2.3683728335320486, "courtoi": 7.379008127628304}