{"properti": 3.5395558150349937, "classif": 5.181783550292085, "method": 1.8535551884965207, "design": 2.4924254822020275, "process": 2.1750014405515095, "cacm": 0.00031215857909170155, "august": 2.3750618216828454, "mcgee": 8.07215530818825}