{"cobol": 4.545794783572089, "subroutin": 4.1209115896068225, "fortran": 3.2681342634549932, "main": 4.029104040353699, "program": 1.438836874907873, "cacm": 0.00031215857909170155, "april": 2.4231810700270437, "tajiri": 8.07215530818825}