{"improv": 6.707312873786311, "access": 7.212494379067333, "time": 2.0511319588387233, "random": 3.6062471895336663, "cluster": 5.58724865840025, "key": 20.324110614778895, "set": 5.109404823447084, "decreas": 10.055265740929654, "smooth": 5.433097978572992, "address": 7.826544449657156, "transform": 3.6654360609239967, "ad": 4.408593662058603, "shadow": 13.94708603904028, "bucket": 12.925434791508298, "open": 5.299566585948469, "chain": 4.894101477840304, "pre": 8.07215530818825, "hash": 4.814058770166768, "divis": 4.5168072466988365, "remov": 4.9811128548299335, "effect": 9.286264697303025, "sequenti": 4.5168072466988365, "properti": 3.5395558150349937, "search": 3.47703545805366, "sequenc": 3.6654360609239967, "reduc": 3.641338509344936, "nonuniform": 6.97354301952014, "load": 4.814058770166768, "number": 2.2028583950544753, "maximum": 5.027632870464827, "probe": 5.992713766508414, "need": 3.251873742583213, "locat": 4.140329675463924, "record": 3.867462688797284, "combin": 3.5612958016714, "techniqu": 2.240272830904733, "lead": 4.48863636973214, "perform": 2.8094651192833644, "secondari": 5.507205950726713, "storag": 2.7394365149228808, "devic": 3.929020581796717, "shown": 2.7940406489577327, "empir": 4.358583241483942, "studi": 3.227968221729659, "cacm": 0.00031215857909170155, "march": 2.546702369056466, "clapson": 8.07215530818825}