{"optim": 3.1743155082373384, "storag": 10.957746059691523, "alloc": 7.259008103395867, "serial": 10.152846069268518, "comput": 1.3117406171048218, "system": 3.11488523463144, "resid": 5.433097978572992, "direct": 3.58351893845611, "access": 3.6062471895336663, "devic": 3.929020581796717, "space": 13.989777318739469, "limit": 3.6295040516979333, "record": 7.734925377594568, "ad": 4.408593662058603, "job": 9.212838810777047, "batch": 4.853279483320049, "process": 2.1750014405515095, "mode": 4.77631844218392, "line": 3.5288605259182457, "transact": 10.866195957145983, "gener": 1.8279884075245136, "demand": 4.853279483320049, "vector": 4.545794783572089, "design": 2.4924254822020275, "requir": 2.388575540849568, "addit": 3.318565117081885, "run": 3.6777061535158113, "reorgan": 6.126245159132937, "paper": 1.9808454261105517, "consid": 3.152174382360125, "criteria": 4.57564774672177, "cacm": 0.00031215857909170155, "februari": 2.6211168546225494, "mendelson": 8.07215530818825, "pliskin": 8.07215530818825, "yechiali": 8.07215530818825}