{"incomplet": 5.127716329021809, "beta": 6.126245159132937, "ratio": 5.127716329021809, "algorithm": 0.8920854338854537, "cacm": 0.00031215857909170155, "june": 2.3717117347975636, "ludwig": 8.07215530818825}