{"optim": 3.1743155082373384, "binari": 11.428426293440804, "tree": 21.50111363073666, "grown": 18.378735477398813, "sort": 3.8825005661618244, "algorithm": 4.460427169427269, "item": 12.863897022809967, "retriev": 7.189636987420086, "form": 3.0954215657676754, "quicksort": 5.87493073085203, "averag": 8.53098563683586, "time": 4.102263917677447, "proport": 5.076423034634259, "log": 4.9811128548299335, "number": 2.2028583950544753, "branch": 11.1744973168005, "longer": 5.674260035389879, "reduc": 3.641338509344936, "restructur": 11.74986146170406, "make": 3.380807425959106, "uniform": 4.853279483320049, "length": 3.7954891891721947, "present": 1.8221800659287668, "discuss": 2.1972245773362196, "compar": 3.227968221729659, "ad": 4.408593662058603, "cacm": 0.00031215857909170155, "februari": 2.6211168546225494, "martin": 5.992713766508414, "ness": 7.379008127628304}