{"doubl": 17.30871064558261, "precis": 12.194466368867339, "squar": 3.6295040516979333, "root": 4.140329675463924, "cdc": 15.545350650876255, "januari": 2.6297375976664563, "late": 7.379008127628304, "han": 8.07215530818825, "maehli": 27.89417207808056, "complet": 3.47703545805366, "summari": 5.36410510708604, "approxim": 6.761614851918212, "elementari": 4.5168072466988365, "function": 2.2610143152115496, "comput": 2.6234812342096436, "techniqu": 2.240272830904733, "suggest": 3.399326473726344, "equal": 4.6709579265260945, "applic": 2.481168327677393, "larg": 5.758396914596079, "line": 3.5288605259182457, "unlik": 5.87493073085203, "built": 5.076423034634259, "float": 4.77631844218392, "point": 3.015909502839942, "arithmet": 3.6901286735143684, "present": 1.8221800659287668, "work": 3.344767489475909, "inspir": 8.07215530818825, "success": 4.083171261623976, "associ": 4.704859478201776, "concern": 3.9612814440149386, "extens": 3.3359568597937543, "idea": 4.5168072466988365, "subroutin": 4.1209115896068225, "cacm": 0.00031215857909170155, "decemb": 2.4626835130032902, "codi": 6.68586094706836}