{"select": 14.471232047738969, "travers": 18.841187516880584, "algorithm": 2.676256301656361, "binari": 7.618950862293869, "search": 6.95407091610732, "tree": 10.75055681536833, "problem": 1.9651324204459957, "data": 6.5003803804010385, "item": 4.287965674269989, "accord": 4.9366610922591, "list": 3.189353385601879, "rang": 8.444015412956382, "condit": 6.78004816212806, "consid": 3.152174382360125, "process": 2.1750014405515095, "visit": 6.280395838960195, "minim": 3.39002408106403, "number": 2.2028583950544753, "node": 8.869138296923728, "retriev": 3.594818493710043, "satisfi": 4.383275854074314, "call": 3.4087162140761826, "present": 1.8221800659287668, "paper": 1.9808454261105517, "tag": 11.985427533016829, "field": 7.989235728565061, "effici": 2.7108631424788245, "examin": 7.282677018689872, "time": 2.0511319588387233, "consum": 5.433097978572992, "cacm": 0.00031215857909170155, "june": 2.3717117347975636, "driscol": 7.379008127628304, "lien": 8.07215530818825}