{"record": 3.867462688797284, "magnet": 5.027632870464827, "tape": 4.046803617453101, "inform": 2.5627669715602726, "interchang": 4.638168103703103, "cpi": 6.462717395754149, "nrzi": 6.68586094706836, "propos": 2.907369334264736, "usa": 5.674260035389879, "standard": 3.1023420086122493, "cacm": 0.00031215857909170155, "novemb": 2.4445341944976127}