{"optimum": 18.819437912807103, "tape": 16.187214469812403, "write": 12.666023119434573, "procedur": 13.19216652317005, "consid": 3.152174382360125, "magnet": 5.027632870464827, "system": 1.55744261731572, "read": 4.57564774672177, "check": 4.545794783572089, "error": 6.096549574683947, "occur": 4.310955192494688, "record": 7.734925377594568, "program": 1.438836874907873, "routin": 3.867462688797284, "bypass": 29.516032510513217, "area": 19.337313443986417, "tri": 5.992713766508414, "rewrit": 6.280395838960195, "paper": 1.9808454261105517, "evalu": 3.137681375057558, "basi": 4.029104040353699, "expect": 4.334485689904882, "loss": 5.87493073085203, "comput": 1.3117406171048218, "time": 4.102263917677447, "develop": 4.853416821090025, "decis": 7.7955360765852255, "rule": 6.95407091610732, "select": 3.617808011934742, "depend": 3.929020581796717, "critic": 4.814058770166768, "number": 2.2028583950544753, "written": 3.728349886334566, "futur": 4.222007706478191, "case": 3.2123429038265776, "size": 3.427764409046877, "formula": 4.0117122976418305, "determin": 3.009560275161283, "cacm": 0.00031215857909170155, "septemb": 2.546702369056466, "hutchinson": 6.462717395754149}