{"dimension": 4.2435139116991545, "comput": 2.6234812342096436, "display": 19.725104615715793, "stereograph": 16.1443106163765, "termin": 4.101863394636128, "produc": 6.855528818093754, "raster": 6.280395838960195, "brad": 7.379008127628304, "recent": 3.8977680382926128, "develop": 2.4267084105450123, "brookhaven": 7.379008127628304, "system": 1.55744261731572, "rotat": 10.72821021417208, "refresh": 14.758016255256608, "memori": 6.275362750115116, "feed": 7.379008127628304, "standard": 3.1023420086122493, "televis": 14.758016255256608, "monitor": 9.276336207406207, "calcul": 3.5395558150349937, "project": 4.222007706478191, "video": 16.1443106163765, "imag": 15.08289861139448, "object": 3.380807425959106, "view": 13.003457069714646, "separ": 16.974055646796618, "point": 3.015909502839942, "result": 2.3750618216828454, "map": 4.358583241483942, "store": 3.5288605259182457, "band": 6.68586094706836, "output": 3.497444329684867, "signal": 5.238941964132033, "connect": 4.310955192494688, "color": 17.97814129952524, "gun": 8.07215530818825, "creat": 4.408593662058603, "superimpos": 6.97354301952014, "screen": 6.280395838960195, "optic": 6.126245159132937, "achiev": 3.7954891891721947, "filter": 6.280395838960195, "interact": 3.6654360609239967, "larg": 2.8791984572980396, "group": 4.1803350100776235, "peopl": 5.507205950726713, "time": 2.0511319588387233, "cacm": 0.00031215857909170155, "june": 2.3717117347975636, "ophir": 7.379008127628304, "shepherd": 7.379008127628304, "spinrad": 7.379008127628304}