{"digit": 3.2930318150767204, "comput": 1.3117406171048218, "univers": 3.9946178642825303, "iv": 4.77631844218392, "cacm": 0.00031215857909170155, "octob": 2.4849066497880004, "reev": 5.87493073085203}