{"posit": 4.1209115896068225, "paper": 1.9808454261105517, "comput": 3.9352218513144654, "commun": 11.146339444495975, "effect": 3.0954215657676754, "oper": 2.270036932811187, "free": 3.913272224828578, "enterpris": 8.07215530818825, "creat": 4.408593662058603, "envis": 6.97354301952014, "inform": 12.813834857801362, "servic": 18.067228986795346, "industri": 10.72821021417208, "depend": 3.929020581796717, "accomplish": 4.638168103703103, "restructur": 5.87493073085203, "process": 2.1750014405515095, "clear": 5.674260035389879, "divis": 4.5168072466988365, "cost": 7.036556833175418, "made": 6.409241715465335, "develop": 4.853416821090025, "wide": 4.408593662058603, "multiaccess": 6.126245159132937, "system": 1.55744261731572, "concept": 3.4181949580307265, "share": 3.4871878295176777, "instal": 5.58724865840025, "construct": 3.189353385601879, "reason": 4.287965674269989, "public": 5.127716329021809, "messag": 5.127716329021809, "switch": 5.36410510708604, "adequ": 5.507205950726713, "provis": 5.58724865840025, "secur": 5.238941964132033, "cacm": 0.00031215857909170155, "denni": 6.68586094706836}