{"gener": 1.8279884075245136, "import": 3.497444329684867, "event": 4.408593662058603, "techniqu": 2.240272830904733, "cacm": 0.00031215857909170155, "septemb": 2.546702369056466, "shapiro": 6.462717395754149, "vreenegoor": 8.07215530818825}