{"comput": 3.9352218513144654, "radiat": 14.758016255256608, "integr": 8.953676918867597, "rel": 4.200954297280359, "merit": 5.433097978572992, "cost": 3.518278416587709, "way": 4.77631844218392, "evalu": 6.275362750115116, "typic": 4.461237395544026, "spheric": 6.68586094706836, "bessel": 5.127716329021809, "function": 2.2610143152115496, "investig": 4.26549281841793, "method": 1.8535551884965207, "desk": 8.07215530818825, "machin": 2.918863713690471, "finit": 4.2435139116991545, "seri": 3.8825005661618244, "differenti": 3.929020581796717, "equat": 9.327932033785029, "reev": 5.87493073085203, "electron": 5.181783550292085, "analog": 5.299566585948469, "litton": 8.07215530818825, "ibm": 3.518278416587709, "result": 2.3750618216828454, "gener": 1.8279884075245136, "applic": 2.481168327677393, "separ": 4.2435139116991545, "helmholtz": 8.07215530818825, "wave": 5.58724865840025, "cacm": 0.00031215857909170155, "februari": 2.6211168546225494, "hansen": 5.87493073085203, "bailin": 8.07215530818825, "rutishaus": 6.280395838960195}