{"develop": 4.853416821090025, "decis": 19.488840191463062, "tabl": 10.371104374040971, "pars": 13.149827562222942, "complex": 3.137681375057558, "situat": 4.48863636973214, "techniqu": 2.240272830904733, "propos": 2.907369334264736, "base": 2.701517280060587, "syntact": 4.26549281841793, "characterist": 3.6295040516979333, "problem": 3.9302648408919914, "requir": 2.388575540849568, "descript": 3.437426319958614, "grid": 6.68586094706836, "chart": 5.674260035389879, "format": 4.1803350100776235, "defin": 3.1595004224521976, "limit": 3.6295040516979333, "avoid": 4.434569148461864, "minim": 3.39002408106403, "repetit": 5.433097978572992, "condit": 3.39002408106403, "action": 4.57564774672177, "result": 2.3750618216828454, "cacm": 0.00031215857909170155, "june": 2.3717117347975636, "strunz": 8.07215530818825}