{"error": 9.14482436202592, "free": 7.826544449657156, "method": 3.7071103769930414, "statist": 7.734925377594568, "comput": 3.9352218513144654, "neeli": 14.758016255256608, "discuss": 2.1972245773362196, "gener": 1.8279884075245136, "algorithm": 0.8920854338854537, "present": 1.8221800659287668, "paper": 1.9808454261105517, "simpl": 3.009560275161283, "concept": 3.4181949580307265, "costli": 6.462717395754149, "machin": 2.918863713690471, "time": 2.0511319588387233, "mention": 5.507205950726713, "cacm": 0.00031215857909170155, "march": 2.546702369056466, "rodden": 8.07215530818825}