{"experi": 3.4669851222001586, "text": 8.166342523247952, "compress": 16.76174597520075, "system": 3.11488523463144, "data": 4.333586920267359, "view": 4.334485689904882, "string": 7.405414911442457, "charact": 3.6654360609239967, "present": 1.8221800659287668, "method": 1.8535551884965207, "gener": 1.8279884075245136, "appli": 3.2681342634549932, "equal": 4.6709579265260945, "english": 4.6064194053885235, "pl": 5.127716329021809, "digit": 3.2930318150767204, "consist": 3.823660066138891, "encod": 10.255432658043619, "analysi": 5.5476758832804265, "program": 2.877673749815746, "decod": 6.126245159132937, "algorithm": 2.676256301656361, "differ": 3.977810745966149, "slightli": 5.769570215194204, "earlier": 5.076423034634259, "propos": 2.907369334264736, "attempt": 4.1209115896068225, "find": 3.58351893845611, "optim": 6.348631016474677, "set": 2.554702411723542, "code": 2.948191328784991, "repres": 3.6062471895336663, "substr": 6.280395838960195, "oper": 2.270036932811187, "compar": 3.227968221729659, "paramet": 3.7816958670398586, "obtain": 3.116328250586989, "high": 3.6777061535158113, "degre": 4.222007706478191, "sampl": 4.310955192494688, "cacm": 0.00031215857909170155, "novemb": 2.4445341944976127, "rubin": 7.379008127628304}