{"code": 2.948191328784991, "medic": 6.126245159132937, "case": 3.2123429038265776, "histori": 5.076423034634259, "data": 2.1667934601336793, "comput": 1.3117406171048218, "analysi": 2.7738379416402132, "cacm": 0.00031215857909170155, "octob": 2.4849066497880004, "lipkin": 8.07215530818825, "woodburi": 8.07215530818825}