{"gener": 3.6559768150490273, "bairstow": 12.252490318265874, "algorithm": 1.7841708677709074, "case": 3.2123429038265776, "polynomi": 6.817432428152365, "linear": 3.1818061799664963, "combin": 3.5612958016714, "satisfi": 4.383275854074314, "term": 3.2763647625915087, "recurs": 3.913272224828578, "converg": 4.638168103703103, "properti": 3.5395558150349937, "method": 1.8535551884965207, "deriv": 3.2930318150767204, "cacm": 0.00031215857909170155, "june": 2.3717117347975636, "golub": 6.68586094706836, "robertson": 7.379008127628304}