{"simul": 10.14242227787732, "traffic": 17.022780106169638, "flow": 14.114578434605328, "network": 7.890041846286317, "comput": 2.6234812342096436, "program": 1.438836874907873, "deal": 4.461237395544026, "larg": 2.8791984572980396, "area": 7.734925377594568, "road": 8.07215530818825, "segment": 4.434569148461864, "block": 15.716082327186868, "ten": 5.238941964132033, "meter": 7.379008127628304, "length": 3.7954891891721947, "repres": 3.6062471895336663, "bidirect": 7.379008127628304, "list": 3.189353385601879, "memori": 3.137681375057558, "movement": 6.462717395754149, "car": 27.89417207808056, "transfer": 4.853279483320049, "express": 3.1595004224521976, "proper": 5.076423034634259, "formula": 8.023424595283661, "base": 2.701517280060587, "supposit": 8.07215530818825, "speed": 7.647320132277782, "determin": 3.009560275161283, "densiti": 11.014411901453427, "versu": 5.992713766508414, "curv": 4.1803350100776235, "empir": 4.358583241483942, "numer": 3.2046208577326674, "valu": 3.7027074557212285, "scheme": 3.518278416587709, "excel": 6.280395838960195, "point": 3.015909502839942, "make": 3.380807425959106, "trace": 5.027632870464827, "dynam": 3.8380488035909903, "behavior": 4.334485689904882, "varieti": 4.1209115896068225, "situat": 4.48863636973214, "exampl": 3.371674942395834, "actual": 4.287965674269989, "citi": 6.68586094706836, "kyoto": 8.07215530818825, "japan": 8.07215530818825, "june": 2.3717117347975636, "sakai": 7.379008127628304, "nagao": 8.07215530818825}