{"automat": 3.371674942395834, "analysi": 5.5476758832804265, "electron": 5.181783550292085, "digit": 6.586063630153441, "circuit": 15.898699757845407, "list": 9.568060156805636, "process": 4.350002881103019, "map": 8.717166482967883, "black": 6.68586094706836, "diagram": 5.36410510708604, "structur": 2.473733349189875, "program": 1.438836874907873, "written": 3.728349886334566, "control": 2.954161495771495, "data": 2.1667934601336793, "carri": 4.77631844218392, "cacm": 0.00031215857909170155, "shalla": 8.07215530818825}