{"triangular": 6.126245159132937, "regress": 5.674260035389879, "algorithm": 0.8920854338854537, "cacm": 0.00031215857909170155, "decemb": 2.4626835130032902, "hafley": 8.07215530818825, "lewi": 5.992713766508414}