{"syntact": 12.79647845525379, "analysi": 8.32151382492064, "digit": 3.2930318150767204, "comput": 2.6234812342096436, "paper": 1.9808454261105517, "account": 9.479901596026092, "shadow": 13.94708603904028, "languag": 8.700005762206038, "describ": 3.0954215657676754, "syntax": 12.087312121061098, "subroutin": 16.48364635842729, "enabl": 4.5168072466988365, "perform": 2.8094651192833644, "input": 3.116328250586989, "consist": 7.647320132277782, "string": 7.405414911442457, "analyz": 3.5503667311392095, "descript": 3.437426319958614, "express": 6.319000844904395, "output": 3.497444329684867, "trace": 5.027632870464827, "tabl": 3.4570347913469903, "result": 2.3750618216828454, "tabular": 5.674260035389879, "form": 3.0954215657676754, "version": 4.461237395544026, "program": 1.438836874907873, "year": 4.160132302760104, "present": 1.8221800659287668, "summari": 5.36410510708604, "materi": 4.739950798013046, "previous": 4.739950798013046, "unpublish": 8.07215530818825, "report": 3.4669851222001586, "addit": 3.318565117081885, "discuss": 2.1972245773362196, "work": 3.344767489475909, "relat": 3.144901623031045, "gener": 1.8279884075245136, "question": 4.140329675463924, "problem": 1.9651324204459957, "orient": 3.977810745966149, "transform": 3.6654360609239967, "cacm": 0.00031215857909170155, "octob": 2.4849066497880004, "barnett": 5.87493073085203, "futrel": 7.379008127628304}