{"design": 2.4924254822020275, "characterist": 3.6295040516979333, "variabl": 9.327932033785029, "length": 22.77293513503317, "record": 19.337313443986417, "sort": 15.530002264647297, "fix": 12.194466368867339, "techniqu": 8.961091323618932, "paper": 1.9808454261105517, "describ": 3.0954215657676754, "applic": 2.481168327677393, "problem": 1.9651324204459957, "implement": 2.570897097643523, "sylvania": 8.07215530818825, "comput": 1.3117406171048218, "system": 3.11488523463144, "word": 3.7546671946519394, "memori": 3.137681375057558, "specif": 3.227968221729659, "sequenc": 3.6654360609239967, "unrestrict": 6.126245159132937, "size": 3.427764409046877, "produc": 3.427764409046877, "long": 4.638168103703103, "initi": 4.2435139116991545, "string": 7.405414911442457, "data": 6.5003803804010385, "merg": 4.9366610922591, "power": 3.7680902149840803, "number": 2.2028583950544753, "work": 3.344767489475909, "tape": 4.046803617453101, "restrict": 4.160132302760104, "volum": 5.58724865840025, "input": 3.116328250586989, "cacm": 0.00031215857909170155, "goetz": 6.68586094706836}