{"approxim": 3.380807425959106, "curv": 4.1803350100776235, "line": 3.5288605259182457, "segment": 4.434569148461864, "dynam": 3.8380488035909903, "program": 1.438836874907873, "cacm": 0.00031215857909170155, "june": 2.3717117347975636, "bellman": 5.507205950726713}