{"nonlinear": 9.409718956403552, "regress": 11.348520070779758, "solut": 8.291662832361135, "simultan": 8.360670020155247, "equat": 12.43724271171337, "set": 7.6641072351706265, "observ": 14.9433385644898, "z1": 24.21646592456475, "zm": 32.288621232753, "bound": 3.8380488035909903, "relat": 3.144901623031045, "paramet": 3.7816958670398586, "a1": 14.682304433520912, "frequent": 4.5168072466988365, "problem": 1.9651324204459957, "determin": 3.009560275161283, "valu": 11.108122367163686, "ai": 14.758016255256608, "minim": 10.17007224319209, "sum": 4.545794783572089, "squar": 3.6295040516979333, "differ": 3.977810745966149, "calcul": 3.5395558150349937, "distinguish": 5.36410510708604, "say": 6.97354301952014, "rise": 6.462717395754149, "function": 2.2610143152115496, "reli": 5.58724865840025, "version": 4.461237395544026, "gaussian": 5.299566585948469, "iter": 4.046803617453101, "scheme": 3.518278416587709, "converg": 4.638168103703103, "shown": 2.7940406489577327, "techniqu": 2.240272830904733, "necessarili": 5.507205950726713, "linear": 3.1818061799664963, "cacm": 0.00031215857909170155, "juli": 2.3683728335320486, "baer": 6.97354301952014}