{"method": 3.7071103769930414, "obtain": 3.116328250586989, "digit": 3.2930318150767204, "signatur": 26.74344378827344, "public": 5.127716329021809, "key": 32.518576983646234, "cryptosystem": 8.07215530818825, "encrypt": 31.401979194800976, "present": 1.8221800659287668, "properti": 3.5395558150349937, "publicli": 40.36077654094125, "reveal": 20.72713420116834, "decrypt": 32.288621232753, "import": 3.497444329684867, "consequ": 5.769570215194204, "courier": 8.07215530818825, "secur": 10.477883928264067, "mean": 3.2201250442686327, "need": 3.251873742583213, "transmit": 5.299566585948469, "messag": 20.510865316087237, "enciph": 7.379008127628304, "intend": 4.894101477840304, "recipi": 8.07215530818825, "deciph": 8.07215530818825, "know": 5.674260035389879, "sign": 5.507205950726713, "privat": 8.07215530818825, "held": 5.769570215194204, "verifi": 5.507205950726713, "forg": 8.07215530818825, "signer": 8.07215530818825, "later": 5.58724865840025, "deni": 8.07215530818825, "valid": 4.894101477840304, "obviou": 5.769570215194204, "applic": 2.481168327677393, "electron": 10.36356710058417, "mail": 6.97354301952014, "fund": 6.280395838960195, "transfer": 4.853279483320049, "system": 3.11488523463144, "repres": 3.6062471895336663, "number": 4.405716790108951, "rais": 5.769570215194204, "power": 7.5361804299681605, "take": 4.160132302760104, "remaind": 5.87493073085203, "result": 2.3750618216828454, "divid": 4.739950798013046, "product": 3.9946178642825303, "larg": 2.8791984572980396, "secret": 12.925434791508298, "prime": 4.6709579265260945, "similar": 3.7954891891721947, "mod": 8.07215530818825, "rest": 6.68586094706836, "part": 3.371674942395834, "difficulti": 4.57564774672177, "factor": 3.852647603012143, "publish": 4.6064194053885235, "divisor": 5.433097978572992, "cacm": 0.00031215857909170155, "februari": 2.6211168546225494, "rivest": 6.68586094706836, "shamir": 6.97354301952014, "adleman": 8.07215530818825}