{"interfer": 23.078280860776815, "match": 18.067228986795346, "techniqu": 2.240272830904733, "induc": 17.624792192556093, "abstract": 13.30370744538559, "method": 3.7071103769930414, "knowledg": 5.027632870464827, "sequenc": 3.6654360609239967, "train": 10.72821021417208, "exampl": 6.743349884791668, "propos": 2.907369334264736, "find": 3.58351893845611, "relat": 3.144901623031045, "properti": 3.5395558150349937, "common": 3.9450209231431583, "exemplar": 8.07215530818825, "task": 4.222007706478191, "solv": 3.5078071167204135, "program": 1.438836874907873, "algorithm": 0.8920854338854537, "present": 1.8221800659287668, "problem": 1.9651324204459957, "concern": 3.9612814440149386, "descript": 3.437426319958614, "adequaci": 6.462717395754149, "discuss": 2.1972245773362196, "direct": 3.58351893845611, "futur": 4.222007706478191, "research": 3.977810745966149, "consid": 3.152174382360125, "cacm": 0.00031215857909170155, "hay": 7.379008127628304, "roth": 7.379008127628304, "mcdermott": 8.07215530818825}