{"comment": 4.064822122955779, "paper": 1.9808454261105517, "low": 4.383275854074314, "cacm": 0.00031215857909170155, "juli": 2.3683728335320486, "sattley": 7.379008127628304, "millstein": 7.379008127628304}