{"integ": 4.140329675463924, "sign": 5.507205950726713, "constant": 4.48863636973214, "algol": 6.487683141771898, "remark": 4.57564774672177, "relat": 3.144901623031045, "syntax": 4.029104040353699, "semant": 4.287965674269989, "program": 1.438836874907873, "languag": 4.350002881103019, "aim": 5.299566585948469, "point": 3.015909502839942, "true": 5.674260035389879, "grammar": 8.241823179213645, "context": 3.913272224828578, "free": 3.913272224828578, "conceiv": 6.68586094706836, "string": 3.7027074557212285, "gener": 1.8279884075245136, "devic": 3.929020581796717, "method": 1.8535551884965207, "express": 3.1595004224521976, "mean": 3.2201250442686327, "open": 5.299566585948469, "critic": 4.814058770166768, "cacm": 0.00031215857909170155, "decemb": 2.4626835130032902, "petron": 8.07215530818825, "vandoni": 8.07215530818825}