{"method": 5.560665565489562, "find": 7.16703787691222, "smallest": 12.252490318265874, "valu": 7.405414911442457, "monoton": 25.850869583016596, "function": 11.305071576057749, "defin": 12.63800168980879, "order": 11.72196700674236, "set": 7.6641072351706265, "posit": 8.241823179213645, "integ": 8.280659350927849, "minimum": 4.1209115896068225, "increas": 3.6295040516979333, "partial": 4.287965674269989, "assum": 4.358583241483942, "minim": 3.39002408106403, "point": 3.015909502839942, "observ": 4.9811128548299335, "devis": 5.433097978572992, "effici": 2.7108631424788245, "pair": 4.9811128548299335, "easili": 4.26549281841793, "extend": 3.8977680382926128, "includ": 5.5377008002583485, "tupl": 6.68586094706836, "fortran": 3.2681342634549932, "program": 1.438836874907873, "written": 3.728349886334566, "implement": 2.570897097643523, "procedur": 2.63843330463401, "import": 3.497444329684867, "case": 3.2123429038265776, "cacm": 0.00031215857909170155, "juli": 2.3683728335320486, "sigillito": 8.07215530818825}