{"effici": 5.421726284957649, "bit": 7.955621491932298, "tabl": 6.914069582693981, "techniqu": 6.7208184927142, "dynam": 7.676097607181981, "storag": 5.4788730298457615, "alloc": 7.259008103395867, "word": 7.509334389303879, "block": 7.858041163593434, "requir": 2.388575540849568, "minim": 3.39002408106403, "amount": 4.1803350100776235, "memori": 3.137681375057558, "bookkeep": 5.992713766508414, "purpos": 3.2599709528158325, "test": 3.0817227214095135, "implement": 2.570897097643523, "list": 3.189353385601879, "process": 2.1750014405515095, "languag": 2.1750014405515095, "number": 2.2028583950544753, "idea": 4.5168072466988365, "incorpor": 4.5168072466988365, "processor": 3.7154464814986583, "cacm": 0.00031215857909170155, "septemb": 2.546702369056466, "isoda": 7.379008127628304, "goto": 6.97354301952014}