{"statu": 5.58724865840025, "ipl": 6.68586094706836, "philco": 6.68586094706836, "comput": 1.3117406171048218, "june": 2.3717117347975636, "cacm": 0.00031215857909170155, "septemb": 2.546702369056466, "shaffer": 8.07215530818825}