{"reduct": 4.5168072466988365, "matrix": 3.137681375057558, "polynomi": 3.4087162140761826, "element": 3.8825005661618244, "algorithm": 0.8920854338854537, "f3": 6.68586094706836, "cacm": 0.00031215857909170155, "juli": 2.3683728335320486, "prieb": 7.379008127628304}