{"design": 2.4924254822020275, "comput": 1.3117406171048218, "center": 4.6709579265260945, "cacm": 0.00031215857909170155, "april": 2.4231810700270437, "denison": 8.07215530818825, "popov": 8.07215530818825}