{"relat": 15.724508115155224, "model": 14.984907464772114, "data": 23.83472806147047, "larg": 5.758396914596079, "share": 3.4871878295176777, "bank": 11.348520070779758, "futur": 4.222007706478191, "user": 12.219501885493303, "protect": 4.704859478201776, "know": 5.674260035389879, "organ": 3.5078071167204135, "machin": 2.918863713690471, "intern": 8.53098563683586, "represent": 14.201466924556838, "prompt": 7.379008127628304, "servic": 4.5168072466988365, "suppli": 5.238941964132033, "inform": 5.125533943120545, "satisfactori": 5.238941964132033, "solut": 2.763887610787045, "activ": 3.977810745966149, "termin": 4.101863394636128, "applic": 2.481168327677393, "program": 1.438836874907873, "remain": 5.127716329021809, "unaffect": 8.07215530818825, "chang": 12.730541735097464, "aspect": 4.083171261623976, "extern": 4.9811128548299335, "need": 3.251873742583213, "result": 2.3750618216828454, "queri": 4.739950798013046, "updat": 4.704859478201776, "report": 3.4669851222001586, "traffic": 5.674260035389879, "natur": 3.7027074557212285, "growth": 5.769570215194204, "type": 3.144901623031045, "store": 3.5288605259182457, "exist": 3.572345637857985, "noninferenti": 8.07215530818825, "format": 4.1803350100776235, "system": 1.55744261731572, "provid": 3.015909502839942, "tree": 3.58351893845611, "structur": 2.473733349189875, "slightli": 5.769570215194204, "gener": 1.8279884075245136, "network": 3.9450209231431583, "section": 9.706558966640099, "inadequaci": 6.280395838960195, "discuss": 4.394449154672439, "base": 8.104551840181761, "ari": 6.68586094706836, "normal": 3.929020581796717, "form": 6.190843131535351, "concept": 6.836389916061453, "univers": 7.989235728565061, "sublanguag": 6.462717395754149, "introduc": 3.8380488035909903, "oper": 2.270036932811187, "logic": 3.6062471895336663, "infer": 5.36410510708604, "appli": 3.2681342634549932, "problem": 1.9651324204459957, "redund": 4.9811128548299335, "consist": 3.823660066138891, "cacm": 0.00031215857909170155, "june": 2.3717117347975636, "codd": 6.462717395754149}