{"final": 3.7680902149840803, "solut": 5.52777522157409, "dangl": 14.758016255256608, "algol": 6.487683141771898, "relat": 3.144901623031045, "languag": 2.1750014405515095, "problem": 3.9302648408919914, "consist": 3.823660066138891, "class": 3.427764409046877, "potenti": 4.6709579265260945, "ambigu": 15.383148987065429, "condit": 6.78004816212806, "statement": 37.15446481498658, "basic": 6.836389916061453, "form": 3.0954215657676754, "b1": 13.37172189413672, "b2": 16.1443106163765, "s1": 40.36077654094125, "s2": 16.1443106163765, "boolean": 4.638168103703103, "express": 3.1595004224521976, "difficulti": 4.57564774672177, "lie": 5.58724865840025, "attach": 6.126245159132937, "exist": 3.572345637857985, "unnecessarili": 6.68586094706836, "restrict": 8.320264605520208, "let": 6.97354301952014, "sand": 8.07215530818825, "defin": 6.319000844904395, "close": 18.552672414812413, "open": 15.898699757845407, "uncondit": 7.379008127628304, "syntax": 12.087312121061098, "equat": 9.327932033785029, "preserv": 5.433097978572992, "closur": 6.68586094706836, "case": 3.2123429038265776, "preced": 4.814058770166768, "shown": 2.7940406489577327, "unambigu": 6.280395838960195, "chang": 4.2435139116991545, "type": 3.144901623031045, "requir": 2.388575540849568, "lead": 4.48863636973214, "unnecessari": 6.126245159132937, "cacm": 0.00031215857909170155, "septemb": 2.546702369056466, "abraham": 6.68586094706836}