{"capabl": 3.8094754311469345, "repeat": 17.97814129952524, "exit": 19.38815218726245, "statement": 14.861785925994633, "form": 12.381686263070701, "program": 4.31651062472362, "defin": 3.1595004224521976, "loop": 4.739950798013046, "properli": 5.992713766508414, "nest": 5.076423034634259, "enter": 5.299566585948469, "begin": 5.238941964132033, "definit": 3.6777061535158113, "flowchart": 14.9433385644898, "shown": 8.382121946873198, "written": 3.728349886334566, "multi": 5.027632870464827, "level": 6.5362685269099865, "sequenc": 3.6654360609239967, "control": 2.954161495771495, "singl": 3.7546671946519394, "suffic": 5.992713766508414, "convert": 4.383275854074314, "node": 4.434569148461864, "split": 5.87493073085203, "practic": 3.617808011934742, "implic": 4.739950798013046, "discuss": 2.1972245773362196, "cacm": 0.00031215857909170155, "august": 2.3750618216828454, "peterson": 6.462717395754149, "kasami": 8.07215530818825, "tokura": 8.07215530818825}