{"minim": 6.78004816212806, "wast": 14.758016255256608, "space": 6.994888659369734, "partit": 4.358583241483942, "segment": 17.738276593847456, "page": 19.806407220074693, "virtual": 4.6064194053885235, "memori": 3.137681375057558, "system": 1.55744261731572, "finit": 4.2435139116991545, "number": 2.2028583950544753, "size": 10.283293227140632, "consid": 3.152174382360125, "algorithm": 1.7841708677709074, "assign": 4.064822122955779, "discuss": 2.1972245773362196, "simpl": 3.009560275161283, "implement": 2.570897097643523, "problem": 1.9651324204459957, "choos": 5.36410510708604, "expect": 4.334485689904882, "total": 4.1803350100776235, "intern": 4.26549281841793, "fragment": 5.769570215194204, "tabl": 3.4570347913469903, "solv": 3.5078071167204135, "probabl": 4.222007706478191, "densiti": 11.014411901453427, "function": 2.2610143152115496, "express": 3.1595004224521976, "convex": 5.87493073085203, "combin": 3.5612958016714, "erlang": 7.379008127628304, "cacm": 0.00031215857909170155, "june": 2.3717117347975636, "gelenb": 6.97354301952014}