{"fast": 3.9450209231431583, "algorithm": 3.5683417355418148, "comput": 1.3117406171048218, "longest": 13.37172189413672, "common": 7.890041846286317, "subsequ": 10.36356710058417, "previous": 4.739950798013046, "publish": 4.6064194053885235, "find": 3.58351893845611, "sequenc": 14.661744243695987, "length": 3.7954891891721947, "case": 6.424685807653155, "run": 14.710824614063245, "time": 8.204527835354893, "problem": 1.9651324204459957, "present": 1.8221800659287668, "log": 14.9433385644898, "total": 4.1803350100776235, "number": 2.2028583950544753, "order": 2.93049175168559, "pair": 4.9811128548299335, "posit": 12.362734768820467, "match": 9.033614493397673, "worst": 5.674260035389879, "applic": 2.481168327677393, "expect": 4.334485689904882, "cacm": 0.00031215857909170155, "hunt": 6.462717395754149, "szymanski": 6.68586094706836}