{"part": 6.743349884791668, "breakdown": 13.94708603904028, "techniqu": 4.480545661809466, "list": 6.378706771203758, "structur": 4.94746669837975, "propos": 2.907369334264736, "discuss": 2.1972245773362196, "implement": 2.570897097643523, "fact": 4.6709579265260945, "present": 1.8221800659287668, "oper": 2.270036932811187, "program": 1.438836874907873, "cacm": 0.00031215857909170155, "june": 2.3717117347975636, "brian": 8.07215530818825}