{"polyphas": 11.539140430388407, "sort": 11.647501698485474, "overlap": 17.022780106169638, "rewind": 16.1443106163765, "variat": 4.704859478201776, "merg": 9.8733221845182, "techniqu": 4.480545661809466, "permit": 3.572345637857985, "tape": 16.187214469812403, "time": 4.102263917677447, "rewound": 8.07215530818825, "continu": 3.852647603012143, "remain": 5.127716329021809, "result": 2.3750618216828454, "major": 3.867462688797284, "portion": 4.894101477840304, "consid": 3.152174382360125, "written": 3.728349886334566, "oper": 2.270036932811187, "read": 4.57564774672177, "backward": 5.87493073085203, "save": 4.739950798013046, "method": 1.8535551884965207, "increas": 7.259008103395867, "number": 2.2028583950544753, "cacm": 0.00031215857909170155, "march": 2.546702369056466, "mcalest": 8.07215530818825}