{"archaeolog": 7.379008127628304, "comput": 2.6234812342096436, "reminisc": 8.07215530818825, "period": 4.77631844218392, "preced": 4.814058770166768, "found": 3.852647603012143, "acm": 4.358583241483942, "domin": 5.769570215194204, "larg": 2.8791984572980396, "eniac": 8.07215530818825, "characterist": 3.6295040516979333, "foreshadow": 8.07215530818825, "later": 5.58724865840025, "develop": 2.4267084105450123, "cacm": 0.00031215857909170155, "juli": 2.3683728335320486, "alt": 7.379008127628304}