{"model": 5.993962985908846, "discuss": 2.1972245773362196, "multi": 10.055265740929654, "interpret": 25.332046238869147, "system": 4.67232785194716, "program": 2.877673749815746, "execut": 3.2358734012367716, "virtu": 6.280395838960195, "nest": 5.076423034634259, "run": 3.6777061535158113, "directli": 4.408593662058603, "host": 6.280395838960195, "machin": 2.918863713690471, "reveal": 5.181783550292085, "anatomi": 7.379008127628304, "differ": 3.977810745966149, "procedur": 2.63843330463401, "exhibit": 5.769570215194204, "link": 4.358583241483942, "protect": 4.704859478201776, "domain": 5.674260035389879, "multiprocessor": 5.433097978572992, "architectur": 5.076423034634259, "cacm": 0.00031215857909170155, "manthey": 8.07215530818825}