{"homili": 8.07215530818825, "humbl": 7.379008127628304, "standard": 3.1023420086122493, "copyright": 13.94708603904028, "associ": 9.409718956403552, "comput": 2.6234812342096436, "machineri": 12.56079167792039, "gener": 1.8279884075245136, "permiss": 13.37172189413672, "republish": 8.07215530818825, "profit": 7.379008127628304, "part": 3.371674942395834, "materi": 4.739950798013046, "grant": 11.74986146170406, "provid": 3.015909502839942, "acm": 4.358583241483942, "notic": 6.68586094706836, "refer": 3.823660066138891, "made": 3.2046208577326674, "public": 5.127716329021809, "data": 2.1667934601336793, "issu": 4.704859478201776, "fact": 4.6709579265260945, "reprint": 7.379008127628304, "privileg": 6.68586094706836, "cacm": 0.00031215857909170155, "novemb": 2.4445341944976127, "ross": 6.126245159132937}