{"consider": 3.8977680382926128, "relat": 3.144901623031045, "purpos": 3.2599709528158325, "fortran": 6.5362685269099865, "standard": 6.204684017224499, "appendix": 5.674260035389879, "asa": 5.992713766508414, "cacm": 0.00031215857909170155}