{"prove": 11.514146410772971, "termin": 32.814907157089024, "multiset": 44.27404876576983, "order": 20.51344226179913, "common": 3.9450209231431583, "tool": 4.638168103703103, "program": 5.755347499631492, "found": 15.410590412048572, "set": 15.328214470341253, "admit": 12.56079167792039, "infinit": 5.58724865840025, "descend": 6.126245159132937, "sequenc": 3.6654360609239967, "basic": 3.4181949580307265, "approach": 3.1743155082373384, "find": 7.16703787691222, "function": 9.044057260846198, "map": 4.358583241483942, "valu": 3.7027074557212285, "variabl": 3.1093106779283426, "repeatedli": 6.68586094706836, "reduc": 3.641338509344936, "comput": 1.3117406171048218, "requir": 2.388575540849568, "difficult": 9.15129549344354, "complex": 3.137681375057558, "proport": 5.076423034634259, "consider": 3.8977680382926128, "bag": 8.07215530818825, "multipl": 3.58351893845611, "occurr": 5.238941964132033, "element": 3.8825005661618244, "induc": 5.87493073085203, "finit": 4.2435139116991545, "shown": 2.7940406489577327, "enabl": 4.5168072466988365, "simpl": 3.009560275161283, "intuit": 6.462717395754149, "proof": 4.1803350100776235, "product": 3.9946178642825303, "system": 1.55744261731572, "defin": 3.1595004224521976, "term": 3.2763647625915087, "rewrit": 6.280395838960195, "rule": 3.47703545805366, "cacm": 0.00031215857909170155, "august": 2.3750618216828454, "dershowitz": 8.07215530818825, "manna": 6.126245159132937}