{"automat": 3.371674942395834, "segment": 22.17284574230932, "cyclic": 5.87493073085203, "program": 5.755347499631492, "structur": 2.473733349189875, "base": 2.701517280060587, "connect": 4.310955192494688, "processor": 3.7154464814986583, "time": 4.102263917677447, "share": 3.4871878295176777, "multiprogram": 4.160132302760104, "overlay": 6.280395838960195, "batch": 4.853279483320049, "system": 1.55744261731572, "frequent": 4.5168072466988365, "requir": 2.388575540849568, "comput": 2.6234812342096436, "discret": 4.814058770166768, "portion": 9.788202955680608, "transfer": 9.706558966640099, "execut": 3.2358734012367716, "peripher": 6.68586094706836, "storag": 2.7394365149228808, "manner": 4.6064194053885235, "reduc": 3.641338509344936, "frequenc": 4.739950798013046, "subject": 8.320264605520208, "paper": 1.9808454261105517, "techniqu": 2.240272830904733, "propos": 2.907369334264736, "ramamoorthi": 13.37172189413672, "limit": 3.6295040516979333, "aris": 4.704859478201776, "prefer": 5.58724865840025, "size": 3.427764409046877, "compat": 4.853279483320049, "physic": 4.57564774672177, "restrict": 4.160132302760104, "impos": 5.674260035389879, "equip": 4.9366610922591, "gener": 1.8279884075245136, "suggest": 3.399326473726344, "made": 3.2046208577326674, "order": 2.93049175168559, "allow": 3.867462688797284, "applic": 2.481168327677393, "circumst": 5.87493073085203, "ideal": 5.769570215194204, "cacm": 0.00031215857909170155, "januari": 2.6297375976664563, "low": 4.383275854074314}