{"normal": 3.929020581796717, "random": 3.6062471895336663, "algorithm": 0.8920854338854537, "cacm": 0.00031215857909170155, "august": 2.3750618216828454, "georg": 5.36410510708604}