{"construct": 3.189353385601879, "nonlinear": 4.704859478201776, "program": 1.438836874907873, "test": 3.0817227214095135, "problem": 1.9651324204459957, "cacm": 0.00031215857909170155, "februari": 2.6211168546225494, "rosen": 6.280395838960195, "suzuki": 8.07215530818825}