{"remark": 4.57564774672177, "fortran": 3.2681342634549932, "subroutin": 4.1209115896068225, "time": 2.0511319588387233, "seri": 3.8825005661618244, "analysi": 2.7738379416402132, "cacm": 0.00031215857909170155, "june": 2.3717117347975636, "bennett": 7.379008127628304}