{"clip": 6.97354301952014, "translat": 3.6901286735143684, "cacm": 0.00031215857909170155, "januari": 2.6297375976664563, "englund": 8.07215530818825, "clark": 5.433097978572992}