{"note": 3.497444329684867, "comput": 1.3117406171048218, "research": 3.977810745966149, "eastern": 7.379008127628304, "europ": 6.97354301952014, "cacm": 0.00031215857909170155, "decemb": 2.4626835130032902, "nadler": 6.68586094706836}