{"asymmetr": 6.97354301952014, "memori": 9.413044125172675, "hierarchi": 20.955767856528134, "studi": 6.455936443459318, "present": 1.8221800659287668, "system": 3.11488523463144, "implic": 4.739950798013046, "back": 16.52161785218014, "secondari": 5.507205950726713, "store": 3.5288605259182457, "small": 7.189636987420086, "read": 22.87823873360885, "time": 12.30679175303234, "rel": 4.200954297280359, "requir": 2.388575540849568, "write": 16.888030825912764, "convent": 7.676097607181981, "storag": 5.4788730298457615, "devic": 11.787061745390151, "analyt": 4.461237395544026, "model": 2.996981492954423, "introduc": 3.8380488035909903, "shown": 5.5880812979154655, "oper": 2.270036932811187, "way": 4.77631844218392, "differ": 3.977810745966149, "multiprogram": 4.160132302760104, "situat": 8.97727273946428, "past": 5.299566585948469, "roughli": 6.462717395754149, "symmetr": 4.57564774672177, "respect": 4.26549281841793, "continu": 3.852647603012143, "develop": 2.4267084105450123, "ratio": 5.127716329021809, "place": 5.127716329021809, "emphasi": 4.5168072466988365, "rca": 6.462717395754149, "holograph": 7.379008127628304, "optic": 6.126245159132937, "cacm": 0.00031215857909170155, "april": 2.4231810700270437, "william": 5.507205950726713}