{"translat": 11.070386020543104, "machin": 5.837727427380942, "languag": 4.350002881103019, "program": 2.877673749815746, "automat": 10.1150248271875, "highli": 4.638168103703103, "desir": 4.140329675463924, "goal": 4.9811128548299335, "advent": 6.97354301952014, "larg": 2.8791984572980396, "scale": 4.287965674269989, "comput": 1.3117406171048218, "pitfal": 6.68586094706836, "make": 3.380807425959106, "difficult": 4.57564774672177, "achiev": 3.7954891891721947, "complet": 3.47703545805366, "analyz": 3.5503667311392095, "shown": 2.7940406489577327, "primarili": 5.127716329021809, "semant": 8.575931348539978, "natur": 3.7027074557212285, "semi": 5.769570215194204, "procedur": 2.63843330463401, "resolv": 5.58724865840025, "problem": 1.9651324204459957, "suggest": 3.399326473726344, "cacm": 0.00031215857909170155, "decemb": 2.4626835130032902, "gain": 5.127716329021809}