{"minifun": 7.379008127628304, "algorithm": 0.8920854338854537, "cacm": 0.00031215857909170155, "septemb": 2.546702369056466, "wasscher": 6.68586094706836}