{"mean": 3.2201250442686327, "name": 16.299293935718975, "program": 2.877673749815746, "system": 3.11488523463144, "assum": 4.358583241483942, "similar": 7.590978378344389, "function": 6.783042945634649, "data": 2.1667934601336793, "languag": 2.1750014405515095, "oper": 2.270036932811187, "discuss": 4.394449154672439, "term": 9.829094287774526, "basic": 3.4181949580307265, "concept": 3.4181949580307265, "order": 2.93049175168559, "identifi": 4.140329675463924, "extent": 5.299566585948469, "overlap": 5.674260035389879, "suggest": 3.399326473726344, "idea": 9.033614493397673, "directori": 5.992713766508414, "storabl": 8.07215530818825, "object": 3.380807425959106, "type": 3.144901623031045, "context": 15.653088899314312, "manipul": 6.874852639917228, "length": 3.7954891891721947, "note": 3.497444329684867, "simpl": 3.009560275161283, "extens": 3.3359568597937543, "church": 6.97354301952014, "lambda": 11.985427533016829, "notat": 4.434569148461864, "deal": 4.461237395544026, "nice": 8.07215530818825, "regard": 4.77631844218392, "abstract": 8.869138296923728, "base": 5.403034560121174, "express": 12.63800168980879, "list": 12.757413542407516, "found": 3.852647603012143, "view": 4.334485689904882, "equival": 4.434569148461864, "mu": 8.07215530818825, "cacm": 0.00031215857909170155, "juli": 2.3683728335320486, "fraser": 6.462717395754149}