{"bit": 15.911242983864597, "pseudo": 10.866195957145983, "random": 14.424988758134665, "number": 11.014291975272377, "gener": 7.3119536300980545, "suitabl": 4.1803350100776235, "comput": 1.3117406171048218, "test": 9.245168164228541, "statist": 3.867462688797284, "determin": 3.009560275161283, "adequaci": 6.462717395754149, "mont": 5.769570215194204, "carlo": 5.769570215194204, "program": 1.438836874907873, "frequenc": 4.739950798013046, "distribut": 3.497444329684867, "low": 4.383275854074314, "order": 2.93049175168559, "moment": 5.87493073085203, "run": 7.355412307031623, "mean": 3.2201250442686327, "appli": 3.2681342634549932, "half": 4.739950798013046, "million": 6.97354301952014, "lie": 5.58724865840025, "interv": 4.48863636973214, "set": 5.109404823447084, "integ": 8.280659350927849, "obtain": 3.116328250586989, "substanti": 4.6709579265260945, "come": 5.769570215194204, "signific": 3.929020581796717, "cacm": 0.00031215857909170155, "august": 2.3750618216828454, "kuehn": 8.07215530818825}