{"normal": 11.787061745390151, "multipl": 10.75055681536833, "tabl": 10.371104374040971, "inform": 17.93936880092191, "storag": 2.7394365149228808, "retriev": 14.379273974840173, "paper": 1.9808454261105517, "describ": 3.0954215657676754, "method": 7.414220753986083, "organ": 7.015614233440827, "attribut": 15.7168258923961, "base": 2.701517280060587, "system": 7.787213086578601, "directori": 5.992713766508414, "algorithm": 1.7841708677709074, "suitabl": 4.1803350100776235, "queri": 4.739950798013046, "request": 4.434569148461864, "group": 4.1803350100776235, "item": 4.287965674269989, "possess": 5.36410510708604, "set": 2.554702411723542, "possibl": 4.77631844218392, "exampl": 3.371674942395834, "result": 2.3750618216828454, "respect": 4.26549281841793, "number": 2.2028583950544753, "disk": 9.409718956403552, "access": 3.6062471895336663, "space": 6.994888659369734, "compar": 3.227968221729659, "common": 3.9450209231431583, "approach": 6.348631016474677, "evalu": 3.137681375057558, "appropri": 6.280395838960195, "class": 3.427764409046877, "yield": 4.545794783572089, "rapid": 4.9366610922591, "econom": 4.6709579265260945, "requir": 2.388575540849568, "convent": 3.8380488035909903, "incorpor": 4.5168072466988365, "improv": 3.3536564368931554, "modif": 4.461237395544026, "invert": 5.299566585948469, "techniqu": 2.240272830904733, "cacm": 0.00031215857909170155, "march": 2.546702369056466, "motzkin": 8.07215530818825}