{"logic": 28.84997751626933, "structur": 4.94746669837975, "tabl": 17.28517395673495, "excel": 6.280395838960195, "develop": 2.4267084105450123, "express": 6.319000844904395, "requir": 2.388575540849568, "procedur": 2.63843330463401, "oper": 2.270036932811187, "system": 1.55744261731572, "circuit": 5.299566585948469, "set": 2.554702411723542, "rule": 3.47703545805366, "write": 4.222007706478191, "explain": 4.6709579265260945, "mean": 3.2201250442686327, "simpl": 3.009560275161283, "exampl": 3.371674942395834, "vend": 8.07215530818825, "machin": 2.918863713690471, "dimension": 4.2435139116991545, "natur": 3.7027074557212285, "enabl": 4.5168072466988365, "fulli": 5.299566585948469, "consid": 3.152174382360125, "sequenti": 4.5168072466988365, "parallel": 3.8825005661618244, "aspect": 4.083171261623976, "compil": 3.074943034424135, "directli": 4.408593662058603, "comput": 1.3117406171048218, "program": 1.438836874907873, "elimin": 4.064822122955779, "need": 3.251873742583213, "flow": 4.704859478201776, "chart": 5.674260035389879, "hand": 4.894101477840304, "code": 2.948191328784991, "cacm": 0.00031215857909170155, "june": 2.3717117347975636, "cantrel": 7.379008127628304, "king": 11.74986146170406}