{"perturb": 6.126245159132937, "eigenvalu": 4.814058770166768, "non": 4.638168103703103, "normal": 3.929020581796717, "matric": 3.929020581796717, "corrigendum": 4.545794783572089, "cacm": 0.00031215857909170155, "march": 2.546702369056466, "slui": 7.379008127628304}