{"solut": 2.763887610787045, "tridiagon": 5.58724865840025, "matric": 3.929020581796717, "cacm": 0.00031215857909170155, "juli": 2.3683728335320486, "wenrick": 7.379008127628304}