{"recent": 3.8977680382926128, "develop": 2.4267084105450123, "affect": 5.181783550292085, "adp": 8.07215530818825, "tax": 7.379008127628304, "administr": 5.299566585948469, "cacm": 0.00031215857909170155, "decemb": 2.4626835130032902, "leibowitz": 8.07215530818825}