{"glossari": 6.126245159132937, "construct": 3.189353385601879, "cacm": 0.00031215857909170155, "februari": 2.6211168546225494, "grem": 6.126245159132937}