{"decis": 3.8977680382926128, "tabl": 3.4570347913469903, "translat": 3.6901286735143684, "algorithm": 0.8920854338854537, "cacm": 0.00031215857909170155, "septemb": 2.546702369056466, "dial": 6.68586094706836}