{"proof": 8.360670020155247, "correct": 10.8885121550938, "calendar": 12.56079167792039, "program": 4.31651062472362, "formal": 3.728349886334566, "specif": 6.455936443459318, "simpl": 3.009560275161283, "deriv": 3.2930318150767204, "sketch": 6.68586094706836, "easi": 4.358583241483942, "understand": 4.704859478201776, "manifest": 6.97354301952014, "human": 4.5168072466988365, "cacm": 0.00031215857909170155, "octob": 2.4849066497880004, "lamport": 5.992713766508414}