{"comput": 2.6234812342096436, "system": 10.90209832121004, "transform": 18.327180304619983, "grammar": 12.362734768820467, "comprehens": 5.433097978572992, "design": 2.4924254822020275, "implement": 2.570897097643523, "ibm": 3.518278416587709, "deal": 4.461237395544026, "model": 2.996981492954423, "syntax": 12.087312121061098, "line": 3.5288605259182457, "chomski": 6.97354301952014, "aspect": 8.166342523247952, "theori": 4.140329675463924, "major": 3.867462688797284, "innov": 6.68586094706836, "includ": 2.7688504001291743, "full": 4.545794783572089, "formal": 3.728349886334566, "descript": 3.437426319958614, "direct": 3.58351893845611, "random": 3.6062471895336663, "phrase": 5.238941964132033, "structur": 2.473733349189875, "gener": 3.6559768150490273, "lexic": 6.462717395754149, "insert": 4.9366610922591, "algorithm": 1.7841708677709074, "extend": 3.8977680382926128, "definit": 3.6777061535158113, "analysi": 2.7738379416402132, "simpl": 3.009560275161283, "problem": 1.9651324204459957, "orient": 3.977810745966149, "program": 1.438836874907873, "languag": 2.1750014405515095, "applic": 2.481168327677393, "express": 3.1595004224521976, "paper": 3.9616908522211034, "present": 1.8221800659287668, "discuss": 4.394449154672439, "attitud": 5.87493073085203, "underli": 5.127716329021809, "develop": 2.4267084105450123, "outlin": 4.160132302760104, "import": 3.497444329684867, "special": 3.5395558150349937, "featur": 3.399326473726344, "refer": 3.823660066138891, "consid": 3.152174382360125, "detail": 3.447182494903979, "cacm": 0.00031215857909170155, "june": 2.3717117347975636, "friedman": 6.126245159132937}