{"trace": 10.055265740929654, "driven": 16.09231532125812, "model": 11.987925971817692, "analysi": 2.7738379416402132, "cpu": 20.510865316087237, "schedul": 23.866864475796895, "multiprogram": 12.480396908280312, "system": 4.67232785194716, "microscop": 8.07215530818825, "level": 3.2681342634549932, "job": 9.212838810777047, "stream": 5.992713766508414, "data": 2.1667934601336793, "obtain": 3.116328250586989, "product": 7.989235728565061, "environ": 7.5361804299681605, "event": 4.408593662058603, "softwar": 3.929020581796717, "probe": 5.992713766508414, "drive": 5.507205950726713, "comput": 1.3117406171048218, "algorithm": 0.8920854338854537, "systemat": 5.181783550292085, "vari": 4.704859478201776, "techniqu": 2.240272830904733, "call": 3.4087162140761826, "accur": 4.739950798013046, "replica": 8.07215530818825, "test": 6.163445442819027, "variat": 4.704859478201776, "time": 2.0511319588387233, "alter": 5.674260035389879, "method": 11.121331130979124, "easili": 4.26549281841793, "carri": 4.77631844218392, "control": 2.954161495771495, "effect": 3.0954215657676754, "relationship": 4.222007706478191, "isol": 6.126245159132937, "includ": 2.7688504001291743, "worst": 5.674260035389879, "tradit": 5.36410510708604, "theori": 4.140329675463924, "round": 4.704859478201776, "robin": 6.97354301952014, "come": 5.769570215194204, "serv": 4.57564774672177, "dynam": 3.8380488035909903, "predictor": 7.379008127628304, "rel": 4.200954297280359, "absolut": 5.769570215194204, "perform": 2.8094651192833644, "conclud": 4.814058770166768, "success": 4.083171261623976, "preemptiv": 7.379008127628304, "prevent": 5.674260035389879, "hold": 5.433097978572992, "long": 4.638168103703103, "period": 4.77631844218392, "cacm": 0.00031215857909170155, "decemb": 2.4626835130032902, "sherman": 6.68586094706836, "baskett": 6.97354301952014, "iii": 4.704859478201776, "brown": 5.027632870464827}