{"correspond": 4.9366610922591, "algol": 3.243841570885949, "church": 6.97354301952014, "lambda": 5.992713766508414, "notat": 4.434569148461864, "part": 3.371674942395834, "ii": 4.140329675463924, "cacm": 0.00031215857909170155, "march": 2.546702369056466, "landin": 6.97354301952014}