{"topolog": 5.433097978572992, "order": 2.93049175168559, "pert": 6.126245159132937, "network": 3.9450209231431583, "algorithm": 0.8920854338854537, "cacm": 0.00031215857909170155, "decemb": 2.4626835130032902, "kase": 8.07215530818825}