{"effici": 5.421726284957649, "list": 12.757413542407516, "move": 15.545350650876255, "algorithm": 4.460427169427269, "constant": 4.48863636973214, "workspac": 6.462717395754149, "present": 1.8221800659287668, "arbitrari": 4.160132302760104, "structur": 2.473733349189875, "storag": 2.7394365149228808, "program": 1.438836874907873, "variabl": 3.1093106779283426, "requir": 2.388575540849568, "hold": 5.433097978572992, "origin": 12.730541735097464, "copi": 11.1744973168005, "destroy": 6.68586094706836, "mark": 5.127716329021809, "bit": 3.977810745966149, "pointer": 11.348520070779758, "distinguish": 5.36410510708604, "superior": 4.77631844218392, "execut": 3.2358734012367716, "speed": 3.823660066138891, "previou": 4.434569148461864, "problem": 1.9651324204459957, "variat": 4.704859478201776, "extens": 3.3359568597937543, "discuss": 2.1972245773362196, "cacm": 0.00031215857909170155, "june": 2.3717117347975636, "clark": 5.433097978572992}