{"declar": 9.628117540333536, "arbitrarili": 6.126245159132937, "code": 2.948191328784991, "alphabet": 27.936243292001247, "inabl": 6.280395838960195, "exist": 3.572345637857985, "program": 1.438836874907873, "languag": 4.350002881103019, "handl": 3.7154464814986583, "charact": 10.99630818277199, "string": 3.7027074557212285, "mention": 5.507205950726713, "scheme": 7.036556833175418, "addit": 3.318565117081885, "propos": 2.907369334264736, "encod": 5.127716329021809, "left": 5.769570215194204, "justif": 6.126245159132937, "collat": 7.379008127628304, "sequenc": 7.330872121847993, "numer": 3.2046208577326674, "variat": 4.704859478201776, "size": 3.427764409046877, "number": 2.2028583950544753, "bit": 3.977810745966149, "arbitrari": 4.160132302760104, "sourc": 4.101863394636128, "represent": 3.5503667311392095, "cacm": 0.00031215857909170155, "shaw": 5.87493073085203}