{"note": 3.497444329684867, "chain": 4.894101477840304, "overflow": 5.87493073085203, "item": 4.287965674269989, "direct": 3.58351893845611, "access": 3.6062471895336663, "tabl": 3.4570347913469903, "cacm": 0.00031215857909170155, "januari": 2.6297375976664563, "bay": 6.126245159132937}