{"decomposit": 15.545350650876255, "program": 1.438836874907873, "analysi": 5.5476758832804265, "matrix": 3.137681375057558, "substructur": 14.758016255256608, "petroleum": 7.379008127628304, "blend": 8.07215530818825, "problem": 1.9651324204459957, "analyz": 3.5503667311392095, "order": 2.93049175168559, "compar": 6.455936443459318, "primal": 19.38815218726245, "dual": 5.769570215194204, "algorithm": 1.7841708677709074, "cours": 4.48863636973214, "discov": 6.462717395754149, "relev": 5.027632870464827, "rel": 4.200954297280359, "perform": 5.618930238566729, "absolut": 5.769570215194204, "standard": 3.1023420086122493, "simplex": 5.992713766508414, "solut": 2.763887610787045, "cacm": 0.00031215857909170155, "octob": 2.4849066497880004, "bell": 5.433097978572992}