{"singular": 5.992713766508414, "decomposit": 5.181783550292085, "complex": 3.137681375057558, "matrix": 3.137681375057558, "algorithm": 0.8920854338854537, "f1": 5.433097978572992, "cacm": 0.00031215857909170155, "octob": 2.4849066497880004, "busing": 6.97354301952014, "goulub": 6.97354301952014}