{"mad": 12.925434791508298, "definit": 18.388530767579056, "facil": 11.693304114877838, "higher": 4.814058770166768, "level": 3.2681342634549932, "languag": 6.525004321654528, "user": 3.0548754713733257, "defin": 3.1595004224521976, "oper": 2.270036932811187, "data": 2.1667934601336793, "type": 3.144901623031045, "appear": 4.48863636973214, "predefin": 6.97354301952014, "inform": 2.5627669715602726, "write": 4.222007706478191, "motiv": 5.674260035389879, "form": 3.0954215657676754, "written": 3.728349886334566, "conclus": 4.814058770166768, "drawn": 5.127716329021809, "futur": 4.222007706478191, "cacm": 0.00031215857909170155, "august": 2.3750618216828454, "arden": 6.126245159132937, "galler": 5.433097978572992, "graham": 5.299566585948469}