{"correspond": 14.809983276777299, "algol": 16.219207854429744, "church": 13.94708603904028, "lambda": 5.992713766508414, "notat": 13.30370744538559, "part": 6.743349884791668, "paper": 3.9616908522211034, "describ": 3.0954215657676754, "semant": 4.287965674269989, "formal": 7.456699772669132, "establish": 4.408593662058603, "express": 6.319000844904395, "modifi": 3.8977680382926128, "form": 3.0954215657676754, "model": 5.993962985908846, "comput": 2.6234812342096436, "languag": 8.700005762206038, "behavior": 4.334485689904882, "base": 2.701517280060587, "notion": 5.076423034634259, "function": 6.783042945634649, "applic": 4.962336655354786, "abstract": 22.17284574230932, "analogu": 7.379008127628304, "imper": 6.68586094706836, "featur": 6.798652947452688, "object": 3.380807425959106, "map": 4.358583241483942, "emerg": 6.126245159132937, "arrang": 4.9366610922591, "small": 3.594818493710043, "number": 2.2028583950544753, "structur": 2.473733349189875, "rule": 3.47703545805366, "suggest": 3.399326473726344, "classif": 5.181783550292085, "gener": 1.8279884075245136, "inform": 2.5627669715602726, "mainli": 5.769570215194204, "illustr": 3.47703545805366, "descript": 3.437426319958614, "compil": 3.074943034424135, "objct": 8.07215530818825, "present": 1.8221800659287668, "pure": 5.769570215194204, "cacm": 0.00031215857909170155, "februari": 2.6211168546225494, "landin": 6.97354301952014}