{"effici": 2.7108631424788245, "method": 1.8535551884965207, "gener": 1.8279884075245136, "uniformli": 5.992713766508414, "distribut": 3.497444329684867, "point": 3.015909502839942, "surfac": 4.704859478201776, "dimension": 4.2435139116991545, "sphere": 6.280395838960195, "corrigendum": 4.545794783572089, "cacm": 0.00031215857909170155, "octob": 2.4849066497880004, "cook": 6.97354301952014}