{"heap": 6.68586094706836, "appli": 3.2681342634549932, "event": 4.408593662058603, "driven": 5.36410510708604, "mechan": 3.7680902149840803, "cacm": 0.00031215857909170155, "juli": 2.3683728335320486, "gonnet": 8.07215530818825}