{"condit": 3.39002408106403, "base": 2.701517280060587, "number": 2.2028583950544753, "system": 1.55744261731572, "encod": 10.255432658043619, "sequenc": 10.99630818277199, "correl": 5.433097978572992, "charact": 7.330872121847993, "procedur": 5.27686660926802, "effici": 2.7108631424788245, "predecessor": 7.379008127628304, "successor": 7.379008127628304, "select": 3.617808011934742, "rule": 3.47703545805366, "shown": 2.7940406489577327, "assign": 4.064822122955779, "uniqu": 5.076423034634259, "integ": 4.140329675463924, "gener": 1.8279884075245136, "reason": 4.287965674269989, "compact": 4.9366610922591, "set": 2.554702411723542, "valu": 3.7027074557212285, "cacm": 0.00031215857909170155, "april": 2.4231810700270437, "brown": 5.027632870464827}