{"integr": 5.969117945911732, "algorithm": 3.5683417355418148, "ordinari": 8.869138296923728, "differenti": 11.787061745390151, "equat": 9.327932033785029, "base": 2.701517280060587, "continu": 7.705295206024286, "fraction": 10.72821021417208, "approxim": 6.761614851918212, "found": 3.852647603012143, "implement": 2.570897097643523, "compar": 6.455936443459318, "program": 1.438836874907873, "step": 8.023424595283661, "procedur": 2.63843330463401, "solv": 3.5078071167204135, "initi": 4.2435139116991545, "problem": 1.9651324204459957, "design": 2.4924254822020275, "pole": 7.379008127628304, "small": 3.594818493710043, "integ": 4.140329675463924, "order": 2.93049175168559, "solut": 5.52777522157409, "obtain": 3.116328250586989, "manipul": 3.437426319958614, "sum": 4.545794783572089, "truncat": 5.36410510708604, "taylor": 16.76174597520075, "seri": 11.647501698485474, "expans": 5.36410510708604, "method": 12.974886319475644, "gragg": 8.07215530818825, "bulirsh": 8.07215530818825, "stoer": 7.379008127628304, "shown": 5.5880812979154655, "superior": 9.55263688436784, "speed": 3.823660066138891, "accuraci": 4.383275854074314, "requir": 2.388575540849568, "singular": 11.985427533016829, "final": 3.7680902149840803, "seen": 6.126245159132937, "pass": 4.57564774672177, "discuss": 2.1972245773362196, "fail": 6.126245159132937, "cacm": 0.00031215857909170155, "septemb": 2.546702369056466, "willer": 8.07215530818825}