{"comput": 3.9352218513144654, "algorithm": 1.7841708677709074, "close": 9.276336207406207, "queue": 9.788202955680608, "network": 7.890041846286317, "exponenti": 8.360670020155247, "server": 13.37172189413672, "method": 1.8535551884965207, "present": 1.8221800659287668, "equilibrium": 7.379008127628304, "distribut": 6.994888659369734, "custom": 6.126245159132937, "express": 3.1595004224521976, "margin": 7.379008127628304, "deriv": 3.2930318150767204, "base": 2.701517280060587, "dimension": 4.2435139116991545, "iter": 4.046803617453101, "techniqu": 2.240272830904733, "highli": 4.638168103703103, "effici": 2.7108631424788245, "simpl": 3.009560275161283, "implement": 5.141794195287046, "consider": 3.8977680382926128, "storag": 2.7394365149228808, "alloc": 3.6295040516979333, "strategi": 4.6709579265260945, "order": 2.93049175168559, "evalu": 3.137681375057558, "examin": 3.641338509344936, "detail": 3.447182494903979, "cacm": 0.00031215857909170155, "septemb": 2.546702369056466, "buzen": 8.07215530818825}