{"euclidian": 8.07215530818825, "algorithm": 1.7841708677709074, "cacm": 0.00031215857909170155, "april": 2.4231810700270437, "claussen": 8.07215530818825}