{"comment": 4.064822122955779, "perfect": 7.379008127628304, "hash": 4.814058770166768, "function": 2.2610143152115496, "singl": 3.7546671946519394, "probe": 5.992713766508414, "retriev": 3.594818493710043, "method": 1.8535551884965207, "static": 5.36410510708604, "set": 2.554702411723542, "cacm": 0.00031215857909170155, "februari": 2.6211168546225494, "anderson": 6.126245159132937}