{"experiment": 7.734925377594568, "laboratori": 4.9811128548299335, "pattern": 4.101863394636128, "recognit": 9.409718956403552, "signal": 5.238941964132033, "process": 6.525004321654528, "interact": 3.6654360609239967, "comput": 2.6234812342096436, "control": 8.862484487314486, "scan": 4.894101477840304, "display": 7.890041846286317, "system": 4.67232785194716, "oper": 2.270036932811187, "ibm": 3.518278416587709, "thoma": 6.68586094706836, "watson": 6.68586094706836, "research": 3.977810745966149, "center": 4.6709579265260945, "year": 4.160132302760104, "includ": 2.7688504001291743, "fli": 6.97354301952014, "spot": 6.97354301952014, "scanner": 12.925434791508298, "tv": 7.379008127628304, "camera": 8.07215530818825, "special": 3.5395558150349937, "interfac": 5.299566585948469, "digit": 3.2930318150767204, "dot": 6.68586094706836, "mode": 4.77631844218392, "vector": 4.545794783572089, "analog": 5.299566585948469, "input": 3.116328250586989, "output": 3.497444329684867, "facil": 3.8977680382926128, "varieti": 4.1209115896068225, "equip": 4.9366610922591, "design": 2.4924254822020275, "program": 1.438836874907873, "support": 4.434569148461864, "typic": 4.461237395544026, "applic": 2.481168327677393, "optic": 6.126245159132937, "charact": 3.6654360609239967, "imag": 5.027632870464827, "present": 1.8221800659287668, "cacm": 0.00031215857909170155, "april": 2.4231810700270437, "herbst": 8.07215530818825}