{"non": 9.276336207406207, "linear": 3.1818061799664963, "extrapol": 13.94708603904028, "point": 3.015909502839942, "boundari": 4.6709579265260945, "problem": 1.9651324204459957, "suggest": 3.399326473726344, "converg": 4.638168103703103, "properti": 3.5395558150349937, "usual": 5.299566585948469, "picard": 7.379008127628304, "success": 4.083171261623976, "approxim": 3.380807425959106, "scheme": 3.518278416587709, "improv": 3.3536564368931554, "linrar": 8.07215530818825, "techniqu": 2.240272830904733, "numer": 3.2046208577326674, "provid": 3.015909502839942, "cacm": 0.00031215857909170155, "august": 2.3750618216828454, "bellman": 5.507205950726713, "kagiada": 8.07215530818825, "kalba": 8.07215530818825}