{"algol": 3.243841570885949, "construct": 3.189353385601879, "procedur": 5.27686660926802, "paramet": 3.7816958670398586, "cacm": 0.00031215857909170155, "april": 2.4231810700270437, "knight": 6.68586094706836}