{"program": 1.438836874907873, "arithmet": 3.6901286735143684, "oper": 2.270036932811187, "cacm": 0.00031215857909170155, "august": 2.3750618216828454, "ershov": 7.379008127628304}