{"simpl": 12.038241100645132, "recoveri": 5.769570215194204, "procedur": 2.63843330463401, "preced": 9.628117540333536, "parser": 15.383148987065429, "method": 1.8535551884965207, "enabl": 4.5168072466988365, "recov": 5.769570215194204, "syntax": 8.058208080707399, "error": 9.14482436202592, "attempt": 4.1209115896068225, "repair": 7.379008127628304, "made": 3.2046208577326674, "pars": 8.766551708148627, "semant": 4.287965674269989, "process": 2.1750014405515095, "continu": 3.852647603012143, "result": 2.3750618216828454, "good": 4.6064194053885235, "approxim": 3.380807425959106, "handl": 3.7154464814986583, "neglig": 6.68586094706836, "increas": 3.6295040516979333, "time": 2.0511319588387233, "space": 3.497444329684867, "complex": 3.137681375057558, "tabl": 3.4570347913469903, "gener": 1.8279884075245136, "cacm": 0.00031215857909170155, "novemb": 2.4445341944976127, "ripley": 8.07215530818825}