{"comparison": 14.760514694057473, "error": 6.096549574683947, "improv": 6.707312873786311, "estim": 11.787061745390151, "adapt": 8.869138296923728, "trapezoid": 13.37172189413672, "integr": 2.984558972955866, "simpl": 3.009560275161283, "choic": 9.15129549344354, "rule": 3.47703545805366, "studi": 3.227968221729659, "demonstr": 4.0117122976418305, "procedur": 2.63843330463401, "independ": 3.8094754311469345, "profus": 8.07215530818825, "search": 3.47703545805366, "stop": 6.280395838960195, "strategi": 4.6709579265260945, "base": 8.104551840181761, "inclus": 5.58724865840025, "noninteg": 8.07215530818825, "power": 3.7680902149840803, "make": 3.380807425959106, "realist": 5.87493073085203, "usual": 5.299566585948469, "polynomi": 3.4087162140761826, "behavior": 4.334485689904882, "singular": 5.992713766508414, "found": 3.852647603012143, "domin": 5.769570215194204, "factor": 3.852647603012143, "constant": 4.48863636973214, "curvatur": 8.07215530818825, "assumpt": 4.739950798013046, "parametr": 6.68586094706836, "differ": 3.977810745966149, "consid": 6.30434876472025, "slightli": 5.769570215194204, "cacm": 0.00031215857909170155, "march": 2.546702369056466, "schweikert": 7.379008127628304}