{"disciplin": 22.697040141559516, "real": 10.52342135016124, "time": 8.204527835354893, "program": 8.63302124944724, "divid": 4.739950798013046, "major": 3.867462688797284, "categori": 6.126245159132937, "increas": 3.6295040516979333, "complex": 6.275362750115116, "reason": 8.575931348539978, "valid": 4.894101477840304, "sequenti": 4.5168072466988365, "multiprogram": 4.160132302760104, "adher": 8.07215530818825, "strict": 6.97354301952014, "suitabl": 4.1803350100776235, "high": 3.6777061535158113, "level": 3.2681342634549932, "languag": 4.350002881103019, "mold": 6.97354301952014, "concurr": 4.9811128548299335, "execut": 3.2358734012367716, "constrain": 5.58724865840025, "ts": 5.769570215194204, "drastic": 6.97354301952014, "reduc": 3.641338509344936, "practic": 3.617808011934742, "make": 3.380807425959106, "system": 1.55744261731572, "analyt": 4.461237395544026, "verifi": 5.507205950726713, "ultim": 6.280395838960195, "reliabl": 4.77631844218392, "outlin": 4.160132302760104, "express": 3.1595004224521976, "term": 3.2763647625915087, "modula": 8.07215530818825, "cacm": 0.00031215857909170155, "august": 2.3750618216828454, "wirth": 5.238941964132033}