{"evalu": 6.275362750115116, "select": 7.235616023869484, "organ": 10.52342135016124, "model": 5.993962985908846, "system": 4.67232785194716, "work": 3.344767489475909, "discuss": 2.1972245773362196, "factor": 3.852647603012143, "affect": 5.181783550292085, "data": 6.5003803804010385, "base": 10.806069120242348, "perform": 2.8094651192833644, "elus": 8.07215530818825, "subject": 4.160132302760104, "present": 1.8221800659287668, "methodolog": 4.894101477840304, "program": 1.438836874907873, "estim": 7.858041163593434, "primarili": 5.127716329021809, "total": 4.1803350100776235, "storag": 2.7394365149228808, "cost": 3.518278416587709, "averag": 4.26549281841793, "access": 3.6062471895336663, "time": 2.0511319588387233, "specif": 9.683904665188976, "queri": 4.739950798013046, "character": 4.9811128548299335, "devic": 3.929020581796717, "relat": 3.144901623031045, "structur": 7.421200047569625, "situat": 4.48863636973214, "conveni": 4.814058770166768, "tool": 4.638168103703103, "studi": 3.227968221729659, "facilit": 4.739950798013046, "process": 2.1750014405515095, "design": 2.4924254822020275, "cacm": 0.00031215857909170155, "septemb": 2.546702369056466, "cardena": 6.97354301952014}