{"iter": 8.093607234906202, "element": 3.8825005661618244, "recent": 3.8977680382926128, "addit": 3.318565117081885, "mad": 12.925434791508298, "languag": 2.1750014405515095, "made": 3.2046208577326674, "structur": 2.473733349189875, "statement": 11.146339444495975, "algol": 3.243841570885949, "fortran": 3.2681342634549932, "express": 3.1595004224521976, "cacm": 0.00031215857909170155, "june": 2.3717117347975636, "galler": 5.433097978572992, "fischer": 6.462717395754149}