{"gener": 3.6559768150490273, "equat": 12.43724271171337, "ideal": 11.539140430388407, "cpu": 20.510865316087237, "overlap": 11.348520070779758, "configur": 9.479901596026092, "deriv": 3.2930318150767204, "estim": 3.929020581796717, "maximum": 5.027632870464827, "util": 7.380257347028737, "main": 8.058208080707399, "storag": 5.4788730298457615, "partit": 8.717166482967883, "devic": 3.929020581796717, "condit": 6.78004816212806, "model": 2.996981492954423, "multiprogram": 4.160132302760104, "comput": 2.6234812342096436, "system": 1.55744261731572, "directli": 4.408593662058603, "applic": 2.481168327677393, "consist": 3.823660066138891, "set": 2.554702411723542, "ident": 5.36410510708604, "processor": 3.7154464814986583, "user": 3.0548754713733257, "task": 4.222007706478191, "exampl": 3.371674942395834, "provid": 3.015909502839942, "illustr": 3.47703545805366, "effect": 3.0954215657676754, "process": 2.1750014405515095, "time": 4.102263917677447, "record": 3.867462688797284, "expect": 4.334485689904882, "timeshar": 6.97354301952014, "respons": 4.461237395544026, "balanc": 5.076423034634259, "unbalanc": 8.07215530818825, "resourc": 4.287965674269989, "cacm": 0.00031215857909170155, "june": 2.3717117347975636, "teori": 8.07215530818825}