{"rel": 4.200954297280359, "effici": 8.132589427436473, "context": 15.653088899314312, "free": 15.653088899314312, "grammar": 24.725469537640933, "recogn": 10.055265740929654, "number": 2.2028583950544753, "divers": 5.58724865840025, "recognit": 18.819437912807103, "procedur": 10.55373321853604, "propos": 2.907369334264736, "pars": 8.766551708148627, "sentenc": 9.706558966640099, "respect": 4.26549281841793, "paper": 1.9808454261105517, "mean": 6.440250088537265, "common": 3.9450209231431583, "devic": 3.929020581796717, "defin": 6.319000844904395, "give": 4.287965674269989, "algorithm": 1.7841708677709074, "obtain": 3.116328250586989, "nondeterminist": 5.992713766508414, "ture": 20.920629058560422, "machin": 8.756591141071414, "equival": 8.869138296923728, "formal": 7.456699772669132, "chosen": 4.894101477840304, "make": 3.380807425959106, "simpl": 6.019120550322566, "descript": 3.437426319958614, "consid": 6.30434876472025, "attempt": 4.1209115896068225, "made": 9.613862573198002, "compar": 3.227968221729659, "comparison": 7.380257347028737, "empir": 8.717166482967883, "realist": 5.87493073085203, "program": 2.877673749815746, "languag": 2.1750014405515095, "lisp": 4.57564774672177, "algol": 3.243841570885949, "simul": 3.380807425959106, "univac": 5.769570215194204, "comput": 1.3117406171048218, "produc": 3.427764409046877, "increas": 3.6295040516979333, "afford": 7.379008127628304, "investig": 4.26549281841793, "cacm": 0.00031215857909170155, "griffith": 7.379008127628304, "petrick": 6.97354301952014}