{"basic": 3.4181949580307265, "determin": 3.009560275161283, "comput": 2.6234812342096436, "program": 18.70487937380235, "product": 3.9946178642825303, "propos": 2.907369334264736, "research": 3.977810745966149, "examin": 3.641338509344936, "relationship": 4.222007706478191, "process": 2.1750014405515095, "characterist": 29.036032413583467, "experi": 6.933970244400317, "programm": 15.911242983864597, "develop": 14.560250463270073, "time": 14.357923711871063, "ultim": 6.280395838960195, "object": 6.761614851918212, "techniqu": 2.240272830904733, "predict": 9.788202955680608, "amount": 4.1803350100776235, "creat": 4.408593662058603, "fifteen": 6.97354301952014, "hypothes": 6.280395838960195, "increas": 7.259008103395867, "requir": 2.388575540849568, "measur": 7.676097607181981, "preprogram": 8.07215530818825, "specif": 3.227968221729659, "relat": 6.28980324606209, "task": 4.222007706478191, "begun": 7.379008127628304, "emerg": 6.126245159132937, "major": 3.867462688797284, "influenc": 5.433097978572992, "found": 3.852647603012143, "reduc": 3.641338509344936, "multipl": 3.58351893845611, "regress": 5.674260035389879, "equat": 3.1093106779283426, "contain": 5.181783550292085, "gave": 6.97354301952014, "evid": 5.076423034634259, "good": 4.6064194053885235, "power": 3.7680902149840803, "forecast": 6.68586094706836, "cacm": 0.00031215857909170155, "june": 2.3717117347975636, "chrysler": 8.07215530818825}