{"permut": 4.287965674269989, "algorithm": 0.8920854338854537, "cacm": 0.00031215857909170155, "novemb": 2.4445341944976127, "covey": 7.379008127628304, "sullivan": 8.07215530818825}