{"program": 1.438836874907873, "solv": 7.015614233440827, "pentomino": 24.21646592456475, "problem": 5.895397261337987, "recurs": 7.826544449657156, "macro": 9.706558966640099, "code": 2.948191328784991, "techniqu": 4.480545661809466, "instruct": 3.867462688797284, "list": 3.189353385601879, "argument": 4.77631844218392, "discuss": 2.1972245773362196, "cover": 4.9366610922591, "primarili": 5.127716329021809, "fit": 3.9946178642825303, "overlap": 5.674260035389879, "plane": 5.433097978572992, "area": 3.867462688797284, "form": 3.0954215657676754, "element": 3.8825005661618244, "squar": 3.6295040516979333, "cacm": 0.00031215857909170155, "octob": 2.4849066497880004, "fletcher": 6.462717395754149}