{"correct": 3.6295040516979333, "logic": 3.6062471895336663, "arithmet": 7.380257347028737, "comput": 1.3117406171048218, "complement": 5.674260035389879, "binari": 3.8094754311469345, "cacm": 0.00031215857909170155, "novemb": 2.4445341944976127, "ehrman": 7.379008127628304}