{"erf": 6.462717395754149, "algorithm": 0.8920854338854537, "cacm": 0.00031215857909170155, "march": 2.546702369056466, "barton": 6.97354301952014, "wagner": 6.462717395754149}