{"level": 19.60880558072996, "control": 5.90832299154299, "structur": 4.94746669837975, "nondeterminist": 23.970855066033657, "program": 5.755347499631492, "basic": 3.4181949580307265, "idea": 4.5168072466988365, "critic": 4.814058770166768, "reconsid": 6.97354301952014, "singl": 3.7546671946519394, "proper": 5.076423034634259, "attitud": 11.74986146170406, "style": 12.925434791508298, "languag": 2.1750014405515095, "allow": 3.867462688797284, "direct": 3.58351893845611, "featur": 3.399326473726344, "propos": 5.814738668529472, "aim": 5.299566585948469, "retain": 6.126245159132937, "puriti": 8.07215530818825, "formul": 4.545794783572089, "search": 6.95407091610732, "process": 2.1750014405515095, "attempt": 4.1209115896068225, "defer": 8.07215530818825, "coordin": 9.706558966640099, "problem": 1.9651324204459957, "solv": 3.5078071167204135, "effort": 4.5168072466988365, "choic": 27.453886480330617, "feasibl": 4.894101477840304, "recogn": 5.027632870464827, "discuss": 2.1972245773362196, "stress": 5.769570215194204, "manag": 4.046803617453101, "free": 3.913272224828578, "context": 3.913272224828578, "leav": 5.87493073085203, "comput": 2.6234812342096436, "environ": 3.7680902149840803, "hold": 10.866195957145983, "altern": 7.922562888029877, "inspect": 5.992713766508414, "node": 8.869138296923728, "poin": 17.624792192556093, "ts": 5.769570215194204, "accord": 9.8733221845182, "gener": 1.8279884075245136, "function": 2.2610143152115496, "express": 3.1595004224521976, "desir": 4.140329675463924, "strategi": 14.012873779578284, "main": 4.029104040353699, "advantag": 3.7027074557212285, "approach": 3.1743155082373384, "local": 4.6709579265260945, "nontermin": 7.379008127628304, "tree": 3.58351893845611, "keep": 5.769570215194204, "track": 5.58724865840025, "state": 3.852647603012143, "interrog": 6.97354301952014, "time": 2.0511319588387233, "exampl": 3.371674942395834, "term": 3.2763647625915087, "nd": 8.07215530818825, "lisp": 9.15129549344354, "extens": 3.3359568597937543, "design": 2.4924254822020275, "implement": 2.570897097643523, "guidelin": 5.674260035389879, "cacm": 0.00031215857909170155, "octob": 2.4849066497880004, "montangero": 8.07215530818825, "pacini": 8.07215530818825, "turini": 8.07215530818825}