{"prove": 7.676097607181981, "correct": 3.6295040516979333, "heurist": 4.6064194053885235, "optim": 9.522946524712015, "code": 8.844573986354973, "system": 4.67232785194716, "program": 8.63302124944724, "written": 3.728349886334566, "high": 3.6777061535158113, "level": 13.072537053819973, "languag": 8.700005762206038, "correctli": 5.674260035389879, "translat": 3.6901286735143684, "low": 13.149827562222942, "primari": 5.027632870464827, "post": 5.992713766508414, "step": 4.0117122976418305, "gener": 3.6559768150490273, "need": 3.251873742583213, "compil": 3.074943034424135, "fact": 4.6709579265260945, "hand": 4.894101477840304, "exampl": 6.743349884791668, "use": 5.433097978572992, "interest": 3.9450209231431583, "result": 4.750123643365691, "abil": 4.739950798013046, "handl": 3.7154464814986583, "implement": 2.570897097643523, "recurs": 3.913272224828578, "bypass": 7.379008127628304, "start": 4.894101477840304, "detect": 4.310955192494688, "pinpoint": 6.97354301952014, "wide": 4.408593662058603, "class": 3.427764409046877, "error": 3.0482747873419735, "demonstr": 4.0117122976418305, "genr": 8.07215530818825, "paper": 1.9808454261105517, "substanti": 4.6709579265260945, "faster": 4.9811128548299335, "oper": 2.270036932811187, "save": 4.739950798013046, "memori": 3.137681375057558, "term": 3.2763647625915087, "stack": 5.299566585948469, "size": 3.427764409046877, "cacm": 0.00031215857909170155, "juli": 2.3683728335320486, "samet": 6.97354301952014}