{"copyright": 41.841258117120844, "aspect": 8.166342523247952, "comput": 3.9352218513144654, "usag": 4.6064194053885235, "paper": 3.9616908522211034, "concern": 3.9612814440149386, "question": 8.280659350927849, "constitut": 5.769570215194204, "infring": 16.1443106163765, "book": 6.97354301952014, "nondramat": 8.07215530818825, "literari": 8.07215530818825, "work": 6.689534978951818, "fed": 8.07215530818825, "index": 4.383275854074314, "analyz": 3.5503667311392095, "partial": 4.287965674269989, "reprint": 7.379008127628304, "util": 3.6901286735143684, "produc": 3.427764409046877, "eye": 7.379008127628304, "readabl": 5.992713766508414, "output": 3.497444329684867, "program": 2.877673749815746, "discuss": 4.394449154672439, "direct": 3.58351893845611, "primarili": 5.127716329021809, "present": 1.8221800659287668, "law": 17.022780106169638, "propos": 5.814738668529472, "includ": 2.7688504001291743, "gener": 1.8279884075245136, "recommend": 4.853279483320049, "made": 3.2046208577326674, "respect": 4.26549281841793, "revis": 5.238941964132033, "cacm": 0.00031215857909170155, "octob": 2.4849066497880004, "lawlor": 8.07215530818825}