{"gauss": 10.72821021417208, "harmon": 20.920629058560422, "interpol": 9.212838810777047, "formula": 16.046849190567322, "let": 13.94708603904028, "open": 5.299566585948469, "bound": 3.8380488035909903, "simpli": 5.36410510708604, "connect": 4.310955192494688, "region": 4.894101477840304, "plane": 5.433097978572992, "point": 9.047728508519825, "assum": 4.358583241483942, "starlik": 8.07215530818825, "respect": 4.26549281841793, "discuss": 2.1972245773362196, "method": 1.8535551884965207, "comput": 1.3117406171048218, "approxim": 6.761614851918212, "function": 2.2610143152115496, "term": 3.2763647625915087, "linear": 3.1818061799664963, "combin": 3.5612958016714, "valu": 3.7027074557212285, "select": 3.617808011934742, "boundari": 4.6709579265260945, "solut": 2.763887610787045, "dirichlet": 6.97354301952014, "problem": 1.9651324204459957, "cacm": 0.00031215857909170155, "august": 2.3750618216828454, "stroud": 7.379008127628304}