{"automat": 3.371674942395834, "error": 9.14482436202592, "recoveri": 11.539140430388407, "lr": 17.97814129952524, "parser": 10.255432658043619, "paper": 1.9808454261105517, "present": 3.6443601318575336, "scheme": 7.036556833175418, "detect": 4.310955192494688, "recov": 5.769570215194204, "syntax": 4.029104040353699, "program": 1.438836874907873, "base": 2.701517280060587, "pars": 4.383275854074314, "driven": 5.36410510708604, "inform": 5.125533943120545, "directli": 4.408593662058603, "obtain": 3.116328250586989, "approach": 3.1743155082373384, "pattern": 4.101863394636128, "levi": 7.379008127628304, "graham": 5.299566585948469, "rhode": 7.379008127628304, "appear": 4.48863636973214, "provid": 3.015909502839942, "simpl": 3.009560275161283, "power": 3.7680902149840803, "cacm": 0.00031215857909170155, "june": 2.3717117347975636, "mickuna": 7.379008127628304, "modri": 8.07215530818825}