{"automat": 10.1150248271875, "simplif": 17.022780106169638, "sourc": 8.203726789272256, "languag": 6.525004321654528, "program": 10.071858124355112, "method": 3.7071103769930414, "appli": 3.2681342634549932, "written": 7.456699772669132, "algol": 3.243841570885949, "discuss": 4.394449154672439, "base": 2.701517280060587, "form": 3.0954215657676754, "knowledg": 5.027632870464827, "obtain": 3.116328250586989, "processor": 7.430892962997317, "understand": 4.704859478201776, "suppos": 6.68586094706836, "implement": 2.570897097643523, "call": 3.4087162140761826, "sure": 14.758016255256608, "accept": 4.57564774672177, "jovial": 13.94708603904028, "output": 3.497444329684867, "equival": 4.434569148461864, "shorter": 6.97354301952014, "execut": 3.2358734012367716, "faster": 4.9811128548299335, "origin": 4.2435139116991545, "problem": 1.9651324204459957, "encount": 5.076423034634259, "improv": 6.707312873786311, "level": 3.2681342634549932, "type": 3.144901623031045, "suggest": 3.399326473726344, "cacm": 0.00031215857909170155, "march": 2.546702369056466, "clark": 5.433097978572992}