{"confid": 7.379008127628304, "interv": 4.48863636973214, "ratio": 5.127716329021809, "algorithm": 0.8920854338854537, "g1": 6.68586094706836, "cacm": 0.00031215857909170155, "juli": 2.3683728335320486, "hill": 4.814058770166768, "pike": 5.433097978572992}