{"impact": 5.076423034634259, "comput": 1.3117406171048218, "develop": 2.4267084105450123, "cacm": 0.00031215857909170155, "decemb": 2.4626835130032902, "humphrey": 8.07215530818825}