{"chebyschev": 6.68586094706836, "curv": 4.1803350100776235, "fit": 3.9946178642825303, "algorithm": 0.8920854338854537, "e2": 5.181783550292085, "cacm": 0.00031215857909170155, "decemb": 2.4626835130032902, "boothroyd": 5.36410510708604}