{"procedur": 2.63843330463401, "convert": 4.383275854074314, "logic": 3.6062471895336663, "tabl": 3.4570347913469903, "condit": 3.39002408106403, "effici": 2.7108631424788245, "sequenc": 3.6654360609239967, "test": 3.0817227214095135, "instruct": 3.867462688797284, "cacm": 0.00031215857909170155, "septemb": 2.546702369056466, "egler": 8.07215530818825}