{"remark": 4.57564774672177, "practic": 10.853424035804228, "solut": 5.52777522157409, "characterist": 7.259008103395867, "problem": 11.790794522675974, "paper": 3.9616908522211034, "concern": 3.9612814440149386, "ordinari": 4.434569148461864, "differenti": 3.929020581796717, "equat": 3.1093106779283426, "appar": 6.280395838960195, "sequenti": 4.5168072466988365, "comput": 1.3117406171048218, "digit": 3.2930318150767204, "analog": 5.299566585948469, "solv": 3.5078071167204135, "initi": 4.2435139116991545, "boundari": 4.6709579265260945, "mathemat": 7.259008103395867, "process": 2.1750014405515095, "found": 3.852647603012143, "compens": 14.758016255256608, "machin": 5.837727427380942, "inadequaci": 6.280395838960195, "imperfect": 7.379008127628304, "cours": 4.48863636973214, "normal": 3.929020581796717, "activ": 3.977810745966149, "numer": 3.2046208577326674, "analyst": 6.280395838960195, "number": 2.2028583950544753, "appli": 3.2681342634549932, "devic": 3.929020581796717, "purpos": 3.2599709528158325, "note": 3.497444329684867, "establish": 4.408593662058603, "framework": 4.9811128548299335, "model": 2.996981492954423, "procedur": 2.63843330463401, "assist": 4.9366610922591, "extens": 3.3359568597937543, "idea": 4.5168072466988365, "cacm": 0.00031215857909170155, "june": 2.3717117347975636, "wouk": 8.07215530818825}