{"mont": 5.769570215194204, "carlo": 5.769570215194204, "algorithm": 0.8920854338854537, "assign": 8.129644245911559, "student": 17.24382076997875, "class": 3.427764409046877, "techniqu": 4.480545661809466, "random": 3.6062471895336663, "choic": 4.57564774672177, "illustr": 3.47703545805366, "applic": 2.481168327677393, "problem": 1.9651324204459957, "fix": 4.064822122955779, "schedul": 11.933432237898447, "cours": 4.48863636973214, "reduc": 3.641338509344936, "elimin": 4.064822122955779, "difficulti": 4.57564774672177, "result": 2.3750618216828454, "popular": 6.126245159132937, "section": 4.853279483320049, "fill": 6.280395838960195, "close": 4.638168103703103, "request": 4.434569148461864, "requir": 2.388575540849568, "effect": 3.0954215657676754, "automat": 3.371674942395834, "retain": 6.126245159132937, "loss": 5.87493073085203, "privileg": 6.68586094706836, "pick": 7.379008127628304, "favorit": 8.07215530818825, "instructor": 6.68586094706836, "cacm": 0.00031215857909170155, "macon": 7.379008127628304, "walker": 6.68586094706836}