{"analysi": 2.7738379416402132, "algorithm": 2.676256301656361, "program": 2.877673749815746, "problem": 7.860529681783983, "paper": 1.9808454261105517, "concern": 3.9612814440149386, "review": 4.48863636973214, "examin": 3.641338509344936, "exist": 3.572345637857985, "comput": 2.6234812342096436, "experi": 6.933970244400317, "summar": 5.076423034634259, "machin": 5.837727427380942, "time": 4.102263917677447, "storag": 2.7394365149228808, "requir": 2.388575540849568, "compar": 3.227968221729659, "test": 3.0817227214095135, "small": 3.594818493710043, "intermedi": 5.299566585948469, "size": 3.427764409046877, "provid": 3.015909502839942, "hope": 6.462717395754149, "solv": 3.5078071167204135, "variabl": 3.1093106779283426, "reason": 4.287965674269989, "amount": 4.1803350100776235, "cacm": 0.00031215857909170155, "decemb": 2.4626835130032902, "gue": 7.379008127628304, "liggett": 8.07215530818825, "cain": 7.379008127628304}