{"space": 13.989777318739469, "time": 10.255659794193617, "trade": 12.56079167792039, "off": 16.1443106163765, "hash": 38.51247016133414, "code": 11.792765315139963, "allow": 11.602388066391851, "error": 12.193099149367894, "paper": 1.9808454261105517, "comput": 2.6234812342096436, "factor": 7.705295206024286, "set": 7.6641072351706265, "messag": 15.383148987065429, "method": 14.828441507972165, "examin": 3.641338509344936, "compar": 3.227968221729659, "convent": 11.514146410772971, "consid": 3.152174382360125, "size": 3.427764409046877, "area": 19.337313443986417, "requir": 4.777151081699136, "identifi": 8.280659350927849, "nonmemb": 8.07215530818825, "reject": 12.252490318265874, "frequenc": 4.739950798013046, "intend": 4.894101477840304, "reduc": 3.641338509344936, "amount": 8.360670020155247, "inform": 2.5627669715602726, "reduct": 4.5168072466988365, "accomplish": 4.638168103703103, "exploit": 5.674260035389879, "possibl": 4.77631844218392, "small": 10.784455481130129, "fraction": 10.72821021417208, "commiss": 7.379008127628304, "toler": 6.462717395754149, "applic": 9.924673310709572, "larg": 2.8791984572980396, "data": 2.1667934601336793, "involv": 3.4570347913469903, "core": 8.621910384989375, "resid": 10.866195957145983, "feasibl": 4.894101477840304, "envisag": 8.07215530818825, "perform": 2.8094651192833644, "improv": 3.3536564368931554, "smaller": 11.014411901453427, "conjunct": 5.181783550292085, "secondari": 5.507205950726713, "consum": 5.433097978572992, "test": 6.163445442819027, "catch": 8.07215530818825, "discuss": 2.1972245773362196, "illustr": 3.47703545805366, "analysi": 2.7738379416402132, "paradigm": 6.97354301952014, "problem": 1.9651324204459957, "demonstr": 4.0117122976418305, "number": 2.2028583950544753, "fals": 6.68586094706836, "member": 5.299566585948469, "permit": 3.572345637857985, "increas": 3.6295040516979333, "cacm": 0.00031215857909170155, "juli": 2.3683728335320486, "bloom": 8.07215530818825}