{"time": 10.255659794193617, "share": 10.461563488553033, "traffic": 11.348520070779758, "control": 5.90832299154299, "program": 5.755347499631492, "toronto": 8.07215530818825, "signal": 5.238941964132033, "system": 3.11488523463144, "consist": 3.823660066138891, "varieti": 4.1209115896068225, "logic": 3.6062471895336663, "distinct": 5.076423034634259, "comput": 1.3117406171048218, "compet": 6.68586094706836, "machin": 2.918863713690471, "satisfi": 4.383275854074314, "demand": 4.853279483320049, "written": 3.728349886334566, "purpos": 3.2599709528158325, "execut": 3.2358734012367716, "order": 2.93049175168559, "predefin": 6.97354301952014, "prioriti": 5.299566585948469, "subprogram": 5.769570215194204, "real": 3.5078071167204135, "paper": 1.9808454261105517, "interest": 3.9450209231431583, "aspect": 4.083171261623976, "outlin": 4.160132302760104, "cacm": 0.00031215857909170155, "novemb": 2.4445341944976127, "green": 5.769570215194204}