{"dynam": 11.514146410772971, "document": 17.434332965935766, "process": 10.875007202757548, "role": 5.027632870464827, "comput": 1.3117406171048218, "automat": 6.743349884791668, "briefli": 4.5168072466988365, "outlin": 8.320264605520208, "reason": 4.287965674269989, "earli": 5.027632870464827, "promis": 5.58724865840025, "librari": 9.788202955680608, "autom": 4.57564774672177, "mechan": 3.7680902149840803, "fulfil": 7.379008127628304, "environ": 3.7680902149840803, "cluster": 5.58724865840025, "search": 6.95407091610732, "inform": 7.688300914680818, "retriev": 7.189636987420086, "interact": 3.6654360609239967, "user": 6.109750942746651, "control": 5.90832299154299, "method": 1.8535551884965207, "queri": 4.739950798013046, "modif": 4.461237395544026, "base": 2.701517280060587, "need": 3.251873742583213, "continu": 7.705295206024286, "reorgan": 6.126245159132937, "store": 3.5288605259182457, "function": 2.2610143152115496, "earlier": 5.076423034634259, "normal": 3.929020581796717, "collect": 8.444015412956382, "growth": 5.769570215194204, "propos": 2.907369334264736, "procedur": 2.63843330463401, "provid": 3.015909502839942, "power": 3.7680902149840803, "tool": 4.638168103703103, "item": 4.287965674269989, "ad": 4.408593662058603, "retir": 8.07215530818825, "cacm": 0.00031215857909170155, "juli": 2.3683728335320486, "salton": 6.126245159132937}