{"automat": 10.1150248271875, "program": 11.510694999262984, "synthesi": 11.348520070779758, "elementari": 4.5168072466988365, "outlin": 4.160132302760104, "theorem": 9.033614493397673, "prove": 7.676097607181981, "approach": 3.1743155082373384, "dwell": 8.07215530818825, "technic": 5.127716329021809, "detail": 6.894364989807958, "method": 1.8535551884965207, "illustr": 3.47703545805366, "construct": 12.757413542407516, "recurs": 11.739816674485734, "iter": 8.093607234906202, "oper": 2.270036932811187, "natur": 3.7027074557212285, "number": 2.2028583950544753, "list": 3.189353385601879, "tree": 3.58351893845611, "order": 5.86098350337118, "satisfi": 4.383275854074314, "specif": 6.455936443459318, "induc": 5.87493073085203, "desir": 4.140329675463924, "extract": 5.076423034634259, "proof": 4.1803350100776235, "techniqu": 2.240272830904733, "appli": 6.5362685269099865, "transform": 3.6654360609239967, "defin": 3.1595004224521976, "function": 2.2610143152115496, "frequent": 4.5168072466988365, "major": 3.867462688797284, "gain": 5.127716329021809, "ineffici": 5.87493073085203, "emphas": 5.674260035389879, "loop": 4.739950798013046, "principl": 4.5168072466988365, "mathemat": 3.6295040516979333, "induct": 11.539140430388407, "relat": 3.144901623031045, "version": 4.461237395544026, "rule": 3.47703545805366, "form": 3.0954215657676754, "explor": 5.181783550292085, "cacm": 0.00031215857909170155, "march": 2.546702369056466, "manna": 6.126245159132937, "walding": 6.97354301952014}