{"reconstruct": 11.1744973168005, "pictur": 18.425677621554094, "project": 8.444015412956382, "situat": 8.97727273946428, "natur": 3.7027074557212285, "scienc": 3.977810745966149, "medicin": 6.462717395754149, "electron": 10.36356710058417, "microscopi": 8.07215530818825, "ray": 11.014411901453427, "photographi": 8.07215530818825, "desir": 4.140329675463924, "estim": 3.929020581796717, "gray": 10.477883928264067, "level": 6.5362685269099865, "digit": 3.2930318150767204, "individu": 4.6064194053885235, "point": 3.015909502839942, "sum": 4.545794783572089, "straight": 6.126245159132937, "line": 3.5288605259182457, "angl": 5.992713766508414, "determin": 3.009560275161283, "problem": 3.9302648408919914, "find": 3.58351893845611, "repres": 3.6062471895336663, "algorithm": 1.7841708677709074, "mont": 5.769570215194204, "carlo": 5.769570215194204, "method": 1.8535551884965207, "design": 2.4924254822020275, "solv": 3.5078071167204135, "applic": 2.481168327677393, "larg": 2.8791984572980396, "vari": 4.704859478201776, "number": 2.2028583950544753, "field": 3.9946178642825303, "import": 3.497444329684867, "possibl": 4.77631844218392, "asymmetr": 6.97354301952014, "particl": 6.68586094706836, "micrograph": 8.07215530818825, "dimension": 4.2435139116991545, "analysi": 2.7738379416402132, "cacm": 0.00031215857909170155, "decemb": 2.4626835130032902, "gordon": 6.68586094706836, "herman": 6.97354301952014}