{"conceptu": 10.36356710058417, "framework": 9.962225709659867, "nonprocedur": 25.12158335584078, "program": 10.071858124355112, "languag": 8.700005762206038, "sequenti": 13.55042174009651, "forc": 5.36410510708604, "programm": 3.977810745966149, "prescrib": 6.126245159132937, "explicitli": 5.36410510708604, "order": 5.86098350337118, "oper": 2.270036932811187, "execut": 3.2358734012367716, "relev": 5.027632870464827, "solut": 2.763887610787045, "problem": 1.9651324204459957, "requir": 2.388575540849568, "irrelev": 7.379008127628304, "sequenc": 3.6654360609239967, "remov": 4.9811128548299335, "facil": 7.7955360765852255, "task": 4.222007706478191, "manner": 4.6064194053885235, "gener": 1.8279884075245136, "allow": 3.867462688797284, "concurr": 4.9811128548299335, "evalu": 3.137681375057558, "paper": 1.9808454261105517, "describ": 3.0954215657676754, "high": 3.6777061535158113, "level": 3.2681342634549932, "provid": 3.015909502839942, "modul": 5.181783550292085, "nest": 5.076423034634259, "freeli": 7.379008127628304, "cacm": 0.00031215857909170155, "decemb": 2.4626835130032902, "kessel": 7.379008127628304}