{"comput": 5.246962468419287, "usag": 13.81925821616557, "account": 14.219852394039139, "gener": 5.483965222573541, "time": 10.255659794193617, "share": 13.94875131807071, "system": 6.22977046926288, "develop": 2.4267084105450123, "requir": 2.388575540849568, "revis": 5.238941964132033, "procedur": 2.63843330463401, "user": 6.109750942746651, "oper": 2.270036932811187, "concurr": 4.9811128548299335, "precis": 4.064822122955779, "amount": 4.1803350100776235, "storag": 2.7394365149228808, "space": 3.497444329684867, "actual": 4.287965674269989, "util": 3.6901286735143684, "cost": 3.518278416587709, "factor": 3.852647603012143, "consid": 3.152174382360125, "discuss": 2.1972245773362196, "cacm": 0.00031215857909170155, "rosenberg": 8.07215530818825}