{"dynam": 3.8380488035909903, "storag": 2.7394365149228808, "alloc": 3.6295040516979333, "inform": 2.5627669715602726, "retriev": 3.594818493710043, "system": 1.55744261731572, "cacm": 0.00031215857909170155, "octob": 2.4849066497880004, "sam": 6.97354301952014}