{"larg": 8.637595371894118, "semaphor": 33.4293047353418, "base": 2.701517280060587, "oper": 9.080147731244748, "system": 9.34465570389432, "paper": 1.9808454261105517, "describ": 3.0954215657676754, "intern": 4.26549281841793, "structur": 4.94746669837975, "set": 2.554702411723542, "cooper": 5.87493073085203, "sequenti": 4.5168072466988365, "process": 6.525004321654528, "synchron": 5.181783550292085, "mean": 3.2201250442686327, "extend": 3.8977680382926128, "queue": 4.894101477840304, "number": 2.2028583950544753, "parallel": 3.8825005661618244, "care": 5.181783550292085, "justifi": 5.58724865840025, "construct": 3.189353385601879, "explain": 4.6709579265260945, "prove": 3.8380488035909903, "free": 3.913272224828578, "deadli": 8.07215530818825, "embrac": 8.07215530818825, "deadlock": 5.674260035389879, "design": 2.4924254822020275, "principl": 4.5168072466988365, "altern": 3.9612814440149386, "dijkstra": 5.238941964132033, "hierarch": 5.238941964132033, "project": 4.222007706478191, "manag": 4.046803617453101, "perform": 2.8094651192833644, "discuss": 2.1972245773362196, "rc": 8.07215530818825, "multiprogram": 4.160132302760104, "cacm": 0.00031215857909170155, "juli": 2.3683728335320486, "lauesen": 8.07215530818825}