{"solut": 2.763887610787045, "matrix": 3.137681375057558, "equat": 3.1093106779283426, "ax": 7.379008127628304, "xb": 8.07215530818825, "f4": 5.507205950726713, "algorithm": 0.8920854338854537, "a432": 8.07215530818825, "cacm": 0.00031215857909170155, "septemb": 2.546702369056466, "bartel": 6.462717395754149, "stewart": 6.280395838960195}