{"complex": 6.275362750115116, "comput": 3.9352218513144654, "measur": 7.676097607181981, "ai": 7.379008127628304, "bi": 8.07215530818825, "decis": 3.8977680382926128, "tree": 3.58351893845611, "union": 5.87493073085203, "possibl": 4.77631844218392, "overlap": 5.674260035389879, "interv": 8.97727273946428, "shown": 2.7940406489577327, "log": 9.962225709659867, "comparison": 3.6901286735143684, "linear": 3.1818061799664963, "function": 2.2610143152115496, "endpoint": 8.07215530818825, "allow": 3.867462688797284, "exist": 3.572345637857985, "lower": 5.238941964132033, "bound": 3.8380488035909903, "determin": 3.009560275161283, "real": 3.5078071167204135, "number": 2.2028583950544753, "demonstr": 4.0117122976418305, "problem": 1.9651324204459957, "provid": 3.015909502839942, "excel": 6.280395838960195, "opportun": 5.992713766508414, "discuss": 2.1972245773362196, "effect": 3.0954215657676754, "model": 2.996981492954423, "eas": 4.9366610922591, "analysi": 2.7738379416402132, "result": 2.3750618216828454, "produc": 3.427764409046877, "cacm": 0.00031215857909170155, "juli": 2.3683728335320486, "fredman": 8.07215530818825, "weid": 8.07215530818825}