{"index": 8.766551708148627, "lambda": 5.992713766508414, "notat": 8.869138296923728, "method": 1.8535551884965207, "sequenti": 4.5168072466988365, "store": 3.5288605259182457, "element": 3.8825005661618244, "spars": 5.507205950726713, "multi": 5.027632870464827, "dimension": 4.2435139116991545, "array": 4.334485689904882, "scheme": 3.518278416587709, "cacm": 0.00031215857909170155, "decemb": 2.4626835130032902, "barnett": 5.87493073085203}