{"comput": 5.246962468419287, "higher": 14.442176310500304, "educ": 17.151862697079956, "past": 5.299566585948469, "recommend": 4.853279483320049, "statu": 11.1744973168005, "need": 3.251873742583213, "data": 4.333586920267359, "survey": 4.48863636973214, "conduct": 5.238941964132033, "nation": 14.9433385644898, "scienc": 7.955621491932298, "foundat": 5.992713766508414, "support": 4.434569148461864, "publish": 4.6064194053885235, "decemb": 2.4626835130032902, "review": 4.48863636973214, "point": 3.015909502839942, "regard": 4.77631844218392, "goal": 9.962225709659867, "state": 3.852647603012143, "rosser": 8.07215530818825, "pierc": 8.07215530818825, "report": 3.4669851222001586, "attain": 5.992713766508414, "qualiti": 5.507205950726713, "lack": 5.58724865840025, "hardwar": 3.8825005661618244, "cours": 4.48863636973214, "nearli": 5.299566585948469, "half": 4.739950798013046, "associ": 4.704859478201776, "bachelor": 8.07215530818825, "degre": 8.444015412956382, "program": 2.877673749815746, "process": 2.1750014405515095, "offer": 4.77631844218392, "plea": 8.07215530818825, "made": 3.2046208577326674, "continu": 3.852647603012143, "studi": 3.227968221729659, "improv": 3.3536564368931554, "test": 3.0817227214095135, "laboratori": 4.9811128548299335, "technolog": 4.5168072466988365, "cacm": 0.00031215857909170155, "novemb": 2.4445341944976127, "hamblen": 6.280395838960195}