{"comput": 1.3117406171048218, "simul": 10.14242227787732, "citi": 13.37172189413672, "traffic": 11.348520070779758, "flow": 4.704859478201776, "street": 16.1443106163765, "nation": 4.9811128548299335, "bureau": 6.97354301952014, "standard": 3.1023420086122493, "data": 4.333586920267359, "process": 2.1750014405515095, "techniqu": 2.240272830904733, "tabul": 5.58724865840025, "make": 3.380807425959106, "motion": 5.58724865840025, "pictur": 4.6064194053885235, "vehicl": 17.97814129952524, "movement": 6.462717395754149, "model": 5.993962985908846, "assign": 4.064822122955779, "digit": 3.2930318150767204, "identif": 5.238941964132033, "give": 4.287965674269989, "point": 3.015909502839942, "entri": 4.334485689904882, "exit": 6.462717395754149, "type": 3.144901623031045, "desir": 4.140329675463924, "speed": 7.647320132277782, "actual": 4.287965674269989, "proport": 5.076423034634259, "field": 3.9946178642825303, "made": 3.2046208577326674, "observ": 4.9811128548299335, "consequ": 5.769570215194204, "determin": 3.009560275161283, "abil": 4.739950798013046, "real": 3.5078071167204135, "carri": 4.77631844218392, "load": 4.814058770166768, "expect": 4.334485689904882, "futur": 4.222007706478191, "cacm": 0.00031215857909170155, "april": 2.4231810700270437}