{"approach": 3.1743155082373384, "multidimension": 17.624792192556093, "data": 6.5003803804010385, "array": 21.672428449524407, "process": 10.875007202757548, "comput": 2.6234812342096436, "recent": 7.7955360765852255, "work": 3.344767489475909, "develop": 4.853416821090025, "gener": 3.6559768150490273, "purpos": 3.2599709528158325, "base": 2.701517280060587, "statist": 3.867462688797284, "capabl": 7.618950862293869, "handl": 3.7154464814986583, "present": 1.8221800659287668, "attent": 5.076423034634259, "problem": 1.9651324204459957, "tabl": 3.4570347913469903, "summari": 5.36410510708604, "world": 11.014411901453427, "bank": 11.348520070779758, "system": 3.11488523463144, "identifi": 4.140329675463924, "wrap": 8.07215530818825, "retriev": 3.594818493710043, "cacm": 0.00031215857909170155, "februari": 2.6211168546225494, "muller": 5.992713766508414}