{"decod": 6.126245159132937, "combin": 3.5612958016714, "integ": 4.140329675463924, "time": 2.0511319588387233, "cacm": 0.00031215857909170155, "april": 2.4231810700270437, "brown": 5.027632870464827}