{"unusu": 5.992713766508414, "applic": 2.481168327677393, "depart": 5.181783550292085, "automat": 3.371674942395834, "implement": 2.570897097643523, "comput": 1.3117406171048218, "logic": 3.6062471895336663, "cacm": 0.00031215857909170155, "morri": 5.299566585948469, "wohr": 8.07215530818825}