{"vulner": 16.1443106163765, "eft": 23.970855066033657, "intent": 12.56079167792039, "caus": 11.1744973168005, "loss": 11.74986146170406, "hypothesi": 6.126245159132937, "consum": 5.433097978572992, "provid": 3.015909502839942, "greater": 4.853279483320049, "accuraci": 4.383275854074314, "freedom": 6.126245159132937, "error": 3.0482747873419735, "fraud": 16.1443106163765, "electron": 5.181783550292085, "fund": 6.280395838960195, "transfer": 4.853279483320049, "system": 3.11488523463144, "discuss": 2.1972245773362196, "light": 5.507205950726713, "technic": 5.127716329021809, "capabl": 3.8094754311469345, "potenti": 4.6709579265260945, "comput": 1.3117406171048218, "protect": 4.704859478201776, "accident": 8.07215530818825, "nomenclatur": 7.379008127628304, "busi": 4.814058770166768, "crime": 16.1443106163765, "remain": 5.127716329021809, "depositori": 8.07215530818825, "financi": 6.462717395754149, "servic": 4.5168072466988365, "theft": 8.07215530818825, "embezzl": 8.07215530818825, "characterist": 3.6295040516979333, "result": 2.3750618216828454, "acceler": 6.280395838960195, "continu": 3.852647603012143, "technolog": 4.5168072466988365, "advanc": 4.704859478201776, "broaden": 8.07215530818825, "scope": 5.433097978572992, "secur": 5.238941964132033, "issu": 4.704859478201776, "examin": 3.641338509344936, "factor": 3.852647603012143, "backup": 6.97354301952014, "requir": 2.388575540849568, "regulatori": 8.07215530818825, "legisl": 8.07215530818825, "action": 4.57564774672177, "econom": 4.6709579265260945, "give": 4.287965674269989, "rise": 6.462717395754149, "urgenc": 7.379008127628304, "research": 3.977810745966149, "solut": 2.763887610787045, "emerg": 6.126245159132937, "relat": 3.144901623031045, "cacm": 0.00031215857909170155, "decemb": 2.4626835130032902, "parker": 6.97354301952014}