{"contribut": 5.181783550292085, "develop": 2.4267084105450123, "algol": 3.243841570885949, "cacm": 0.00031215857909170155, "decemb": 2.4626835130032902, "wirth": 5.238941964132033, "hoar": 5.299566585948469}