{"quadrat": 5.36410510708604, "search": 3.47703545805366, "hash": 4.814058770166768, "tabl": 3.4570347913469903, "size": 3.427764409046877, "cacm": 0.00031215857909170155, "march": 2.546702369056466, "ackerman": 8.07215530818825}