{"algorithm": 2.676256301656361, "filon": 13.94708603904028, "quadratur": 9.276336207406207, "consider": 3.8977680382926128, "attent": 5.076423034634259, "devot": 5.674260035389879, "analysi": 2.7738379416402132, "round": 4.704859478201776, "truncat": 5.36410510708604, "error": 6.096549574683947, "includ": 2.7688504001291743, "automat": 3.371674942395834, "control": 2.954161495771495, "featur": 3.399326473726344, "cacm": 0.00031215857909170155, "august": 2.3750618216828454, "chase": 6.126245159132937, "fosdick": 6.68586094706836}