{"perm": 6.97354301952014, "algorithm": 0.8920854338854537, "cacm": 0.00031215857909170155, "decemb": 2.4626835130032902, "phillip": 6.280395838960195}