{"test": 3.0817227214095135, "understand": 4.704859478201776, "differ": 3.977810745966149, "call": 6.817432428152365, "algol": 3.243841570885949, "cacm": 0.00031215857909170155, "june": 2.3717117347975636, "weil": 6.280395838960195}