{"display": 31.560167385145267, "procedur": 13.19216652317005, "structur": 7.421200047569625, "widespread": 5.769570215194204, "interact": 3.6654360609239967, "comput": 1.3117406171048218, "graphic": 4.2435139116991545, "present": 1.8221800659287668, "number": 2.2028583950544753, "problem": 3.9302648408919914, "tend": 5.299566585948469, "restrict": 4.160132302760104, "gener": 5.483965222573541, "use": 5.433097978572992, "paper": 3.9616908522211034, "discuss": 2.1972245773362196, "suggest": 3.399326473726344, "altern": 3.9612814440149386, "approach": 3.1743155082373384, "system": 1.55744261731572, "design": 2.4924254822020275, "avoid": 4.434569148461864, "techniqu": 2.240272830904733, "employ": 3.913272224828578, "inform": 2.5627669715602726, "includ": 2.7688504001291743, "transform": 3.6654360609239967, "call": 3.4087162140761826, "simplifi": 4.48863636973214, "specif": 3.227968221729659, "pictur": 9.212838810777047, "speed": 3.823660066138891, "permit": 3.572345637857985, "element": 3.8825005661618244, "defin": 3.1595004224521976, "condit": 3.39002408106403, "facilit": 4.739950798013046, "process": 2.1750014405515095, "input": 3.116328250586989, "point": 3.015909502839942, "devic": 3.929020581796717, "illustr": 3.47703545805366, "exampl": 3.371674942395834, "avers": 8.07215530818825, "euler": 5.992713766508414, "languag": 2.1750014405515095, "implement": 2.570897097643523, "cacm": 0.00031215857909170155, "octob": 2.4849066497880004, "newman": 8.07215530818825}