{"gener": 1.8279884075245136, "purpos": 3.2599709528158325, "display": 15.780083692572633, "process": 4.350002881103019, "tutori": 11.014411901453427, "system": 14.016983555841481, "adept": 16.1443106163765, "expedit": 8.07215530818825, "design": 2.4924254822020275, "improv": 3.3536564368931554, "man": 4.739950798013046, "comput": 5.246962468419287, "commun": 3.7154464814986583, "employ": 3.913272224828578, "unit": 8.487027823398309, "interleav": 6.280395838960195, "tutor": 7.379008127628304, "oper": 11.350184664055936, "simul": 6.761614851918212, "program": 5.755347499631492, "inform": 2.5627669715602726, "retriev": 3.594818493710043, "written": 3.728349886334566, "fortran": 3.2681342634549932, "iv": 4.77631844218392, "ibm": 7.036556833175418, "model": 5.993962985908846, "catalog": 13.37172189413672, "control": 5.90832299154299, "standard": 3.1023420086122493, "termin": 4.101863394636128, "reschedul": 7.379008127628304, "relinquish": 8.07215530818825, "resourc": 8.575931348539978, "alloc": 3.6295040516979333, "surrend": 8.07215530818825, "perform": 2.8094651192833644, "job": 4.6064194053885235, "expand": 5.181783550292085, "power": 3.7680902149840803, "flexibl": 4.26549281841793, "assist": 4.9366610922591, "instruct": 7.734925377594568, "make": 3.380807425959106, "immedi": 6.97354301952014, "student": 4.310955192494688, "teacher": 6.280395838960195, "user": 6.109750942746651, "full": 4.545794783572089, "languag": 2.1750014405515095, "processor": 3.7154464814986583, "compil": 3.074943034424135, "mathemat": 3.6295040516979333, "solut": 2.763887610787045, "techniqu": 2.240272830904733, "store": 3.5288605259182457, "data": 2.1667934601336793, "librari": 4.894101477840304, "incorpor": 4.5168072466988365, "materi": 4.739950798013046, "reprogram": 6.462717395754149, "illustr": 3.47703545805366, "applic": 2.481168327677393, "present": 1.8221800659287668, "implic": 4.739950798013046, "discuss": 2.1972245773362196, "cacm": 0.00031215857909170155, "octob": 2.4849066497880004, "engvold": 7.379008127628304, "hugh": 7.379008127628304}