{"gener": 1.8279884075245136, "partit": 4.358583241483942, "constraint": 4.358583241483942, "algorithm": 0.8920854338854537, "cacm": 0.00031215857909170155, "august": 2.3750618216828454, "stockmal": 6.97354301952014}