{"effici": 2.7108631424788245, "data": 2.1667934601336793, "structur": 2.473733349189875, "simul": 6.761614851918212, "event": 22.042968310293016, "set": 5.109404823447084, "recent": 3.8977680382926128, "algorithm": 4.460427169427269, "present": 3.6443601318575336, "realiz": 5.027632870464827, "schedul": 7.955621491932298, "routin": 3.867462688797284, "suitabl": 4.1803350100776235, "gener": 1.8279884075245136, "purpos": 3.2599709528158325, "discret": 4.814058770166768, "system": 1.55744261731572, "exhibit": 5.769570215194204, "perform": 5.618930238566729, "superior": 4.77631844218392, "commonli": 5.127716329021809, "simpl": 3.009560275161283, "link": 4.358583241483942, "list": 3.189353385601879, "paper": 1.9808454261105517, "improv": 3.3536564368931554, "aspect": 4.083171261623976, "previous": 4.739950798013046, "publish": 4.6064194053885235, "insensit": 7.379008127628304, "skew": 6.97354301952014, "distribut": 3.497444329684867, "worst": 5.674260035389879, "case": 3.2123429038265776, "complex": 6.275362750115116, "number": 2.2028583950544753, "test": 3.0817227214095135, "conduct": 5.238941964132033, "estim": 3.929020581796717, "averag": 4.26549281841793, "show": 3.641338509344936, "nearli": 5.299566585948469, "independ": 3.8094754311469345, "cacm": 0.00031215857909170155, "august": 2.3750618216828454, "franta": 7.379008127628304, "mali": 6.68586094706836}