{"revers": 5.299566585948469, "subroutin": 12.362734768820467, "comput": 2.6234812342096436, "run": 3.6777061535158113, "backward": 11.74986146170406, "design": 2.4924254822020275, "describ": 3.0954215657676754, "permit": 3.572345637857985, "execut": 3.2358734012367716, "forward": 5.507205950726713, "instruct": 7.734925377594568, "unchang": 8.07215530818825, "replac": 4.739950798013046, "conjug": 6.97354301952014, "shown": 2.7940406489577327, "concept": 3.4181949580307265, "number": 2.2028583950544753, "type": 3.144901623031045, "develop": 2.4267084105450123, "unusu": 5.992713766508414, "properti": 7.0791116300699874, "analog": 5.299566585948469, "matrix": 3.137681375057558, "oper": 2.270036932811187, "parallel": 3.8825005661618244, "nomenclatur": 7.379008127628304, "suggest": 3.399326473726344, "classif": 5.181783550292085, "cacm": 0.00031215857909170155, "septemb": 2.546702369056466, "reili": 8.07215530818825, "federighi": 8.07215530818825}