{"complex": 3.137681375057558, "gamma": 4.814058770166768, "function": 2.2610143152115496, "error": 3.0482747873419735, "control": 2.954161495771495, "s14": 5.027632870464827, "algorithm": 0.8920854338854537, "a421": 8.07215530818825, "cacm": 0.00031215857909170155, "april": 2.4231810700270437, "kuki": 6.97354301952014}