{"algorithm": 1.7841708677709074, "select": 3.617808011934742, "find": 3.58351893845611, "ith": 6.97354301952014, "smallest": 6.126245159132937, "element": 3.8825005661618244, "m1": 5.433097978572992, "cacm": 0.00031215857909170155, "march": 2.546702369056466, "floyd": 5.127716329021809, "rivest": 6.68586094706836}