{"altern": 3.9612814440149386, "checksum": 8.07215530818825, "method": 1.8535551884965207, "cacm": 0.00031215857909170155, "august": 2.3750618216828454, "newhal": 8.07215530818825}