{"retriev": 17.974092468550214, "misspel": 26.74344378827344, "name": 27.165489892864958, "airlin": 14.758016255256608, "passeng": 16.1443106163765, "record": 7.734925377594568, "system": 1.55744261731572, "paper": 1.9808454261105517, "discuss": 2.1972245773362196, "limit": 3.6295040516979333, "problem": 1.9651324204459957, "recognit": 4.704859478201776, "roster": 7.379008127628304, "hundr": 6.126245159132937, "reserv": 5.87493073085203, "inventori": 6.97354301952014, "flight": 6.97354301952014, "larg": 2.8791984572980396, "jet": 8.07215530818825, "program": 4.31651062472362, "develop": 2.4267084105450123, "oper": 2.270036932811187, "telefil": 7.379008127628304, "store": 3.5288605259182457, "core": 4.310955192494688, "drum": 5.127716329021809, "memori": 3.137681375057558, "solid": 5.674260035389879, "state": 3.852647603012143, "comput": 1.3117406171048218, "success": 8.166342523247952, "despit": 6.280395838960195, "signific": 3.929020581796717, "origin": 4.2435139116991545, "entri": 4.334485689904882, "time": 4.102263917677447, "procedur": 2.63843330463401, "involv": 3.4570347913469903, "automat": 3.371674942395834, "score": 7.379008127628304, "techniqu": 2.240272830904733, "match": 4.5168072466988365, "condens": 6.280395838960195, "form": 3.0954215657676754, "close": 4.638168103703103, "resembl": 6.68586094706836, "request": 4.434569148461864, "phone": 7.379008127628304, "number": 4.405716790108951, "annex": 8.07215530818825, "present": 1.8221800659287668, "agent": 8.07215530818825, "final": 3.7680902149840803, "selecton": 8.07215530818825, "isol": 6.126245159132937, "subject": 4.160132302760104, "unusu": 5.992713766508414, "usual": 5.299566585948469, "cacm": 0.00031215857909170155, "march": 2.546702369056466, "davidson": 6.97354301952014}