{"descript": 3.437426319958614, "high": 7.355412307031623, "capac": 5.36410510708604, "fast": 3.9450209231431583, "turnaround": 18.378735477398813, "univers": 3.9946178642825303, "comput": 1.3117406171048218, "center": 4.6709579265260945, "oper": 4.540073865622374, "system": 3.11488523463144, "univac": 5.769570215194204, "case": 3.2123429038265776, "institut": 5.299566585948469, "review": 4.48863636973214, "interest": 3.9450209231431583, "low": 4.383275854074314, "time": 4.102263917677447, "achiev": 7.590978378344389, "throughput": 6.126245159132937, "lack": 5.58724865840025, "staff": 6.462717395754149, "minut": 6.280395838960195, "job": 4.6064194053885235, "volum": 5.58724865840025, "quarter": 8.07215530818825, "year": 4.160132302760104, "report": 3.4669851222001586, "cacm": 0.00031215857909170155, "februari": 2.6211168546225494, "lynch": 6.126245159132937}