{"soviet": 19.38815218726245, "cybernet": 16.1443106163765, "comput": 2.6234812342096436, "articl": 5.076423034634259, "record": 3.867462688797284, "observ": 4.9811128548299335, "research": 3.977810745966149, "technolog": 4.5168072466988365, "scienc": 3.977810745966149, "made": 3.2046208577326674, "author": 4.287965674269989, "visit": 6.280395838960195, "union": 5.87493073085203, "deleg": 8.07215530818825, "ifac": 8.07215530818825, "congress": 7.379008127628304, "automat": 3.371674942395834, "control": 2.954161495771495, "held": 5.769570215194204, "moscow": 7.379008127628304, "summer": 7.379008127628304, "cacm": 0.00031215857909170155, "decemb": 2.4626835130032902, "feigenbaum": 8.07215530818825}