{"nonrecurs": 11.985427533016829, "list": 12.757413542407516, "compact": 14.809983276777299, "algorithm": 1.7841708677709074, "simpl": 3.009560275161283, "structur": 7.421200047569625, "scheme": 3.518278416587709, "garbag": 5.127716329021809, "collector": 5.87493073085203, "suitabl": 4.1803350100776235, "lisp": 4.57564774672177, "present": 1.8221800659287668, "avoid": 4.434569148461864, "need": 3.251873742583213, "recurs": 3.913272224828578, "partial": 4.287965674269989, "built": 5.076423034634259, "track": 5.58724865840025, "copi": 5.58724865840025, "cacm": 0.00031215857909170155, "novemb": 2.4445341944976127, "cheney": 6.97354301952014}