{"root": 4.140329675463924, "matrix": 3.137681375057558, "pencil": 7.379008127628304, "gener": 1.8279884075245136, "eigenvalu": 4.814058770166768, "problem": 1.9651324204459957, "f2": 5.674260035389879, "algorithm": 0.8920854338854537, "cacm": 0.00031215857909170155, "februari": 2.6211168546225494, "dell": 8.07215530818825, "weil": 6.280395838960195, "thompson": 5.87493073085203}