{"dynam": 3.8380488035909903, "storag": 2.7394365149228808, "alloc": 3.6295040516979333, "atla": 6.280395838960195, "comput": 1.3117406171048218, "includ": 2.7688504001291743, "automat": 3.371674942395834, "back": 5.507205950726713, "store": 3.5288605259182457, "cacm": 0.00031215857909170155, "octob": 2.4849066497880004, "fotheringham": 8.07215530818825}