{"optim": 3.1743155082373384, "real": 7.015614233440827, "time": 8.204527835354893, "algorithm": 2.676256301656361, "planar": 6.280395838960195, "convex": 17.624792192556093, "hull": 20.05758284120508, "construct": 6.378706771203758, "set": 2.554702411723542, "point": 3.015909502839942, "plane": 5.433097978572992, "data": 2.1667934601336793, "structur": 2.473733349189875, "success": 4.083171261623976, "updat": 4.704859478201776, "take": 4.160132302760104, "log": 9.962225709659867, "achiev": 3.7954891891721947, "total": 4.1803350100776235, "process": 2.1750014405515095, "cacm": 0.00031215857909170155, "juli": 2.3683728335320486, "preparata": 7.379008127628304}