{"fast": 7.890041846286317, "fourier": 14.32895532655176, "transform": 10.99630818277199, "algorithm": 3.5683417355418148, "real": 14.031228466881654, "valu": 7.405414911442457, "seri": 15.530002264647297, "procedur": 5.27686660926802, "present": 1.8221800659287668, "calcul": 3.5395558150349937, "complex": 6.275362750115116, "discret": 4.814058770166768, "time": 2.0511319588387233, "number": 2.2028583950544753, "point": 6.031819005679884, "integr": 2.984558972955866, "power": 3.7680902149840803, "preserv": 5.433097978572992, "order": 2.93049175168559, "symmetri": 6.462717395754149, "cooley": 7.379008127628304, "turkey": 7.379008127628304, "effect": 3.0954215657676754, "reduct": 4.5168072466988365, "comput": 1.3117406171048218, "storag": 5.4788730298457615, "achiev": 3.7954891891721947, "discuss": 2.1972245773362196, "hardwar": 3.8825005661618244, "softwar": 3.929020581796717, "implement": 2.570897097643523, "perform": 2.8094651192833644, "log2": 5.992713766508414, "multipli": 5.87493073085203, "add": 5.87493073085203, "oper": 2.270036932811187, "requir": 2.388575540849568, "locat": 4.140329675463924, "analyz": 3.5503667311392095, "record": 3.867462688797284, "cacm": 0.00031215857909170155, "octob": 2.4849066497880004, "bergland": 8.07215530818825}