{"comput": 1.3117406171048218, "program": 1.438836874907873, "art": 5.87493073085203, "cacm": 0.00031215857909170155, "decemb": 2.4626835130032902, "knuth": 5.027632870464827}