{"partit": 4.358583241483942, "gener": 1.8279884075245136, "algorithm": 0.8920854338854537, "a1": 4.894101477840304, "cacm": 0.00031215857909170155, "august": 2.3750618216828454, "mckay": 5.507205950726713}