{"inform": 2.5627669715602726, "retriev": 3.594818493710043, "languag": 2.1750014405515095, "legal": 6.126245159132937, "studi": 3.227968221729659, "cacm": 0.00031215857909170155, "septemb": 2.546702369056466, "kehl": 8.07215530818825, "horti": 8.07215530818825, "bacon": 8.07215530818825, "mitchel": 7.379008127628304}