{"techniqu": 2.240272830904733, "integr": 2.984558972955866, "report": 17.33492561100079, "multi": 5.027632870464827, "run": 11.033118460547435, "system": 7.787213086578601, "requir": 9.554302163398273, "requisit": 8.07215530818825, "account": 9.479901596026092, "san": 6.68586094706836, "francisco": 7.379008127628304, "oversea": 8.07215530818825, "suppli": 5.238941964132033, "agenc": 6.462717395754149, "osa": 24.21646592456475, "includ": 2.7688504001291743, "except": 5.992713766508414, "simultan": 4.1803350100776235, "satisfact": 7.379008127628304, "pose": 5.87493073085203, "definit": 3.6777061535158113, "problem": 1.9651324204459957, "design": 2.4924254822020275, "handl": 3.7154464814986583, "function": 2.2610143152115496, "practic": 3.617808011934742, "satisfactori": 5.238941964132033, "solut": 2.763887610787045, "develop": 2.4267084105450123, "expand": 5.181783550292085, "basic": 3.4181949580307265, "tailor": 6.280395838960195, "servic": 4.5168072466988365, "product": 7.989235728565061, "permit": 3.572345637857985, "final": 3.7680902149840803, "easier": 6.462717395754149, "debug": 4.6064194053885235, "easi": 4.358583241483942, "maintain": 4.638168103703103, "effici": 2.7108631424788245, "respons": 4.461237395544026, "chang": 4.2435139116991545, "cacm": 0.00031215857909170155, "june": 2.3717117347975636, "budea": 8.07215530818825, "kamena": 16.1443106163765}