{"note": 3.497444329684867, "format": 4.1803350100776235, "free": 3.913272224828578, "list": 3.189353385601879, "cacm": 0.00031215857909170155, "august": 2.3750618216828454, "wait": 5.36410510708604}