{"real": 3.5078071167204135, "zero": 5.507205950726713, "arbitrari": 4.160132302760104, "function": 2.2610143152115496, "algorithm": 0.8920854338854537, "cacm": 0.00031215857909170155, "march": 2.546702369056466, "colling": 7.379008127628304}