{"optim": 3.1743155082373384, "classif": 5.181783550292085, "object": 3.380807425959106, "algorithm": 0.8920854338854537, "cacm": 0.00031215857909170155, "march": 2.546702369056466, "mayoh": 6.68586094706836}