{"note": 3.497444329684867, "storag": 24.654928634305925, "fragment": 46.15656172155363, "program": 1.438836874907873, "segment": 13.30370744538559, "main": 4.029104040353699, "purpos": 3.2599709528158325, "paper": 1.9808454261105517, "present": 3.6443601318575336, "result": 7.125185465048537, "seri": 3.8825005661618244, "simul": 3.380807425959106, "experi": 3.4669851222001586, "investig": 4.26549281841793, "phenomenon": 6.280395838960195, "type": 3.144901623031045, "distinguish": 5.36410510708604, "extern": 9.962225709659867, "loss": 17.624792192556093, "util": 7.380257347028737, "caus": 11.1744973168005, "inabl": 6.280395838960195, "make": 3.380807425959106, "larg": 2.8791984572980396, "number": 6.608575185163426, "separ": 4.2435139116991545, "block": 7.858041163593434, "intern": 8.53098563683586, "round": 9.409718956403552, "request": 8.869138296923728, "alloc": 7.259008103395867, "exact": 4.853279483320049, "word": 3.7546671946519394, "requir": 2.388575540849568, "strike": 6.68586094706836, "appar": 6.280395838960195, "gener": 1.8279884075245136, "rule": 3.47703545805366, "reduc": 3.641338509344936, "size": 3.427764409046877, "coexist": 8.07215530818825, "increas": 3.6295040516979333, "save": 4.739950798013046, "decreas": 5.027632870464827, "method": 3.7071103769930414, "accompani": 6.97354301952014, "techniqu": 4.480545661809466, "address": 3.913272224828578, "take": 4.160132302760104, "advantag": 7.405414911442457, "evid": 5.076423034634259, "convent": 3.8380488035909903, "page": 3.9612814440149386, "cacm": 0.00031215857909170155, "juli": 2.3683728335320486, "randel": 6.126245159132937}