{"secant": 7.379008127628304, "modif": 4.461237395544026, "newton": 4.9366610922591, "method": 1.8535551884965207, "cacm": 0.00031215857909170155, "august": 2.3750618216828454, "jeev": 8.07215530818825}