{"eschenbach": 16.1443106163765, "drum": 51.27716329021809, "scheme": 24.62794891611396, "prime": 4.6709579265260945, "function": 4.522028630423099, "oper": 4.540073865622374, "real": 7.015614233440827, "time": 4.102263917677447, "perform": 5.618930238566729, "access": 7.212494379067333, "quickli": 6.126245159132937, "usual": 5.299566585948469, "mean": 3.2201250442686327, "increas": 7.259008103395867, "capac": 5.36410510708604, "incorpor": 4.5168072466988365, "engin": 4.814058770166768, "hardwar": 3.8825005661618244, "improv": 3.3536564368931554, "paper": 1.9808454261105517, "problem": 3.9302648408919914, "attack": 6.68586094706836, "chang": 4.2435139116991545, "modifi": 3.8977680382926128, "manner": 9.212838810777047, "outset": 7.379008127628304, "definit": 3.6777061535158113, "simpl": 3.009560275161283, "design": 4.984850964404055, "introduc": 3.8380488035909903, "enorm": 6.126245159132937, "rate": 4.408593662058603, "defin": 3.1595004224521976, "shown": 2.7940406489577327, "enabl": 9.033614493397673, "system": 1.55744261731572, "job": 4.6064194053885235, "employ": 3.913272224828578, "fewer": 5.674260035389879, "expens": 5.992713766508414, "suggest": 3.399326473726344, "specif": 6.455936443459318, "method": 3.7071103769930414, "underli": 10.255432658043619, "gener": 3.6559768150490273, "applic": 7.443504983032179, "question": 4.140329675463924, "efficaci": 8.07215530818825, "rais": 5.769570215194204, "deal": 4.461237395544026, "standard": 3.1023420086122493, "effici": 5.421726284957649, "develop": 2.4267084105450123, "light": 5.507205950726713, "realist": 5.87493073085203, "circumst": 5.87493073085203, "model": 2.996981492954423, "permit": 3.572345637857985, "analyz": 3.5503667311392095, "queue": 4.894101477840304, "theori": 4.140329675463924, "ascertain": 6.462717395754149, "analysi": 2.7738379416402132, "cacm": 0.00031215857909170155, "juli": 2.3683728335320486, "weingarten": 6.97354301952014}