{"quasilinear": 6.68586094706836, "calcul": 3.5395558150349937, "eigenvalu": 9.628117540333536, "problem": 1.9651324204459957, "system": 1.55744261731572, "ordinari": 4.434569148461864, "differenti": 3.929020581796717, "equat": 3.1093106779283426, "consid": 3.152174382360125, "resolv": 5.58724865840025, "comput": 1.3117406171048218, "quasiliner": 8.07215530818825, "techniqu": 2.240272830904733, "quadrat": 5.36410510708604, "converg": 4.638168103703103, "success": 4.083171261623976, "approxim": 3.380807425959106, "scheme": 3.518278416587709, "relat": 3.144901623031045, "newton": 4.9366610922591, "raphson": 6.280395838960195, "kantorovich": 8.07215530818825, "method": 1.8535551884965207, "cacm": 0.00031215857909170155, "juli": 2.3683728335320486, "bellman": 5.507205950726713, "kagiwada": 6.462717395754149, "kalaba": 5.992713766508414}