{"model": 2.996981492954423, "type": 28.304114607279406, "check": 27.274768701432535, "program": 8.63302124944724, "languag": 2.1750014405515095, "treat": 4.814058770166768, "comput": 1.3117406171048218, "class": 3.427764409046877, "object": 3.380807425959106, "number": 2.2028583950544753, "string": 3.7027074557212285, "label": 5.238941964132033, "function": 4.522028630423099, "correct": 14.518016206791733, "compil": 3.074943034424135, "execut": 3.2358734012367716, "question": 8.280659350927849, "aris": 4.704859478201776, "properli": 5.992713766508414, "construct": 3.189353385601879, "oper": 2.270036932811187, "operand": 5.992713766508414, "compat": 4.853279483320049, "activ": 3.977810745966149, "answer": 4.9366610922591, "call": 3.4087162140761826, "paper": 1.9808454261105517, "attempt": 4.1209115896068225, "isol": 6.126245159132937, "notion": 15.229269103902777, "present": 1.8221800659287668, "partial": 4.287965674269989, "solut": 2.763887610787045, "problem": 3.9302648408919914, "base": 2.701517280060587, "abstract": 4.434569148461864, "applic": 4.962336655354786, "map": 4.358583241483942, "express": 6.319000844904395, "decid": 5.58724865840025, "subset": 4.545794783572089, "lambda": 11.985427533016829, "calculu": 11.014411901453427, "character": 4.9811128548299335, "relat": 3.144901623031045, "elimin": 4.064822122955779, "inform": 2.5627669715602726, "determin": 3.009560275161283, "wise": 12.925434791508298, "incorrect": 6.462717395754149, "resolv": 5.58724865840025, "reduc": 3.641338509344936, "normal": 3.929020581796717, "form": 3.0954215657676754, "constant": 8.97727273946428, "error": 3.0482747873419735, "algol": 3.243841570885949, "made": 3.2046208577326674, "attend": 8.07215530818825, "face": 5.674260035389879, "discuss": 2.1972245773362196, "cacm": 0.00031215857909170155, "novemb": 2.4445341944976127, "ledgard": 6.462717395754149}