{"term": 3.2763647625915087, "frequent": 4.5168072466988365, "combin": 3.5612958016714, "problem": 1.9651324204459957, "descript": 3.437426319958614, "cacm": 0.00031215857909170155, "januari": 2.6297375976664563, "grem": 6.126245159132937}