{"squar": 3.6295040516979333, "root": 4.140329675463924, "approxim": 3.380807425959106, "cacm": 0.00031215857909170155, "novemb": 2.4445341944976127, "wadey": 8.07215530818825}