{"improv": 3.3536564368931554, "hash": 14.442176310500304, "code": 5.896382657569982, "scatter": 5.87493073085203, "storag": 2.7394365149228808, "introduc": 3.8380488035909903, "method": 7.414220753986083, "base": 2.701517280060587, "fix": 4.064822122955779, "point": 3.015909502839942, "divis": 4.5168072466988365, "multipl": 3.58351893845611, "logic": 3.6062471895336663, "oper": 2.270036932811187, "tabl": 3.4570347913469903, "length": 3.7954891891721947, "handl": 3.7154464814986583, "collis": 6.462717395754149, "discuss": 2.1972245773362196, "known": 3.7027074557212285, "quadrat": 5.36410510708604, "search": 10.431106374160981, "faster": 4.9811128548299335, "random": 3.6062471895336663, "free": 3.913272224828578, "cluster": 5.58724865840025, "build": 5.076423034634259, "linear": 3.1818061799664963, "cacm": 0.00031215857909170155, "januari": 2.6297375976664563, "maurer": 6.97354301952014}