{"simpl": 6.019120550322566, "algorithm": 4.460427169427269, "comput": 1.3117406171048218, "gener": 7.3119536300980545, "invers": 23.204776132783703, "matrix": 12.550725500230232, "import": 3.497444329684867, "analysi": 5.5476758832804265, "extens": 6.671913719587509, "concept": 3.4181949580307265, "appli": 3.2681342634549932, "matric": 7.858041163593434, "applic": 2.481168327677393, "numer": 3.2046208577326674, "wide": 4.408593662058603, "exist": 3.572345637857985, "fairli": 5.769570215194204, "complic": 5.027632870464827, "requir": 4.777151081699136, "consider": 3.8977680382926128, "storag": 5.4788730298457615, "space": 3.497444329684867, "found": 3.852647603012143, "convent": 3.8380488035909903, "orthogon": 5.127716329021809, "method": 1.8535551884965207, "invert": 5.299566585948469, "non": 9.276336207406207, "singular": 11.985427533016829, "extra": 6.126245159132937, "effort": 4.5168072466988365, "addit": 3.318565117081885, "includ": 2.7688504001291743, "special": 3.5395558150349937, "case": 12.84937161530631, "rank": 6.68586094706836, "ordinari": 8.869138296923728, "yield": 4.545794783572089, "squar": 3.6295040516979333, "transform": 3.6654360609239967, "inv": 8.07215530818825, "advantag": 3.7027074557212285, "avoid": 4.434569148461864, "loss": 5.87493073085203, "signific": 3.929020581796717, "result": 2.3750618216828454, "form": 3.0954215657676754, "product": 3.9946178642825303, "explicitli": 5.36410510708604, "cacm": 0.00031215857909170155, "rust": 8.07215530818825, "burru": 8.07215530818825, "schneeberg": 8.07215530818825}