{"comment": 4.064822122955779, "lawler": 7.379008127628304, "multilevel": 6.280395838960195, "boolean": 4.638168103703103, "minim": 3.39002408106403, "cacm": 0.00031215857909170155, "april": 2.4231810700270437, "devri": 8.07215530818825}