{"improv": 13.414625747572622, "program": 8.63302124944724, "synthes": 17.022780106169638, "algorithm": 5.352512603312722, "correct": 7.259008103395867, "base": 2.701517280060587, "propos": 2.907369334264736, "walding": 13.94708603904028, "lee": 12.56079167792039, "problem": 3.9302648408919914, "translat": 3.6901286735143684, "theorem": 4.5168072466988365, "prove": 7.676097607181981, "obtain": 9.348984751760968, "analyz": 3.5503667311392095, "proof": 8.360670020155247, "analysi": 2.7738379416402132, "soon": 7.379008127628304, "complet": 3.47703545805366, "achiev": 3.7954891891721947, "modifi": 3.8977680382926128, "variabl": 3.1093106779283426, "trace": 5.027632870464827, "mechan": 3.7680902149840803, "invent": 6.68586094706836, "green": 5.769570215194204, "satisfi": 4.383275854074314, "specif": 3.227968221729659, "cacm": 0.00031215857909170155, "april": 2.4231810700270437, "chang": 4.2435139116991545}