{"abscissa": 6.97354301952014, "weight": 4.77631844218392, "romberg": 5.58724865840025, "quadratur": 4.638168103703103, "algorithm": 0.8920854338854537, "d1": 4.545794783572089, "cacm": 0.00031215857909170155, "april": 2.4231810700270437, "welsch": 6.68586094706836}