{"molecular": 13.94708603904028, "orbit": 6.68586094706836, "calcul": 3.5395558150349937, "interact": 3.6654360609239967, "cacm": 0.00031215857909170155, "juli": 2.3683728335320486, "kruglyak": 6.126245159132937, "whitman": 6.126245159132937}