{"recommend": 4.853279483320049, "share": 3.4871878295176777, "algol": 3.243841570885949, "committe": 4.853279483320049, "cacm": 0.00031215857909170155, "octob": 2.4849066497880004}