{"gaussian": 5.299566585948469, "pseudo": 5.433097978572992, "random": 3.6062471895336663, "number": 2.2028583950544753, "gener": 1.8279884075245136, "algorithm": 0.8920854338854537, "cacm": 0.00031215857909170155, "decemb": 2.4626835130032902, "brent": 6.97354301952014}