{"mechan": 7.5361804299681605, "tediou": 5.769570215194204, "algebra": 12.035136892925491, "coeffici": 4.1209115896068225, "theoret": 4.26549281841793, "chemistri": 13.94708603904028, "tabl": 3.4570347913469903, "formula": 8.023424595283661, "integr": 2.984558972955866, "involv": 3.4570347913469903, "legendr": 5.58724865840025, "function": 2.2610143152115496, "construct": 6.378706771203758, "program": 2.877673749815746, "perform": 2.8094651192833644, "oper": 2.270036932811187, "ration": 5.027632870464827, "express": 3.1595004224521976, "singl": 3.7546671946519394, "variabl": 3.1093106779283426, "recurr": 5.87493073085203, "procedur": 2.63843330463401, "interest": 3.9450209231431583, "molecular": 6.97354301952014, "quantum": 5.87493073085203, "trivial": 6.68586094706836, "code": 2.948191328784991, "techniqu": 2.240272830904733, "write": 4.222007706478191, "relev": 5.027632870464827, "fortran": 3.2681342634549932, "result": 2.3750618216828454, "photo": 7.379008127628304, "compos": 5.433097978572992, "photon": 7.379008127628304, "system": 1.55744261731572, "control": 2.954161495771495, "tape": 4.046803617453101, "punch": 5.58724865840025, "directli": 4.408593662058603, "comput": 1.3117406171048218, "output": 3.497444329684867, "avoid": 4.434569148461864, "keyboard": 11.348520070779758, "transcript": 6.97354301952014, "error": 3.0482747873419735, "correct": 3.6295040516979333, "cacm": 0.00031215857909170155, "decemb": 2.4626835130032902, "wactlar": 8.07215530818825, "barnett": 5.87493073085203}