{"complex": 3.137681375057558, "root": 4.140329675463924, "find": 3.58351893845611, "algorithm": 0.8920854338854537, "c5": 5.87493073085203, "cacm": 0.00031215857909170155, "decemb": 2.4626835130032902, "bach": 7.379008127628304}