{"format": 4.1803350100776235, "languag": 2.1750014405515095, "cacm": 0.00031215857909170155, "februari": 2.6211168546225494, "perli": 5.58724865840025}