{"petri": 32.288621232753, "net": 24.504980636531748, "speed": 15.294640264555564, "independ": 15.237901724587738, "design": 4.984850964404055, "investig": 8.53098563683586, "method": 1.8535551884965207, "model": 5.993962985908846, "asynchron": 6.126245159132937, "circuit": 10.599133171896938, "studi": 3.227968221729659, "realiz": 5.027632870464827, "lead": 4.48863636973214, "demonstr": 4.0117122976418305, "use": 10.866195957145983, "oper": 2.270036932811187, "emphas": 5.674260035389879, "processor": 3.7154464814986583, "modul": 5.181783550292085, "develop": 2.4267084105450123, "implement": 2.570897097643523, "cacm": 0.00031215857909170155, "august": 2.3750618216828454, "misuna": 8.07215530818825}