{"boolean": 9.276336207406207, "matrix": 3.137681375057558, "method": 1.8535551884965207, "detect": 4.310955192494688, "simpl": 6.019120550322566, "preced": 9.628117540333536, "grammar": 16.48364635842729, "mechan": 3.7680902149840803, "procedur": 7.915299913902031, "deriv": 3.2930318150767204, "determin": 3.009560275161283, "context": 3.913272224828578, "free": 3.913272224828578, "phrase": 5.238941964132033, "structur": 2.473733349189875, "consist": 3.823660066138891, "elementari": 4.5168072466988365, "oper": 4.540073865622374, "suitabl": 4.1803350100776235, "defin": 3.1595004224521976, "matric": 3.929020581796717, "applic": 2.481168327677393, "cacm": 0.00031215857909170155, "octob": 2.4849066497880004, "martin": 5.992713766508414}