{"advantag": 3.7027074557212285, "keyword": 6.462717395754149, "notat": 4.434569148461864, "paramet": 3.7816958670398586, "commun": 3.7154464814986583, "subprogram": 5.769570215194204, "cacm": 0.00031215857909170155, "august": 2.3750618216828454, "francez": 8.07215530818825}