{"multiphas": 7.379008127628304, "sort": 3.8825005661618244, "cacm": 0.00031215857909170155, "manker": 8.07215530818825}