{"method": 1.8535551884965207, "random": 7.212494379067333, "nonrandom": 7.379008127628304, "properti": 3.5395558150349937, "commonli": 5.127716329021809, "number": 2.2028583950544753, "gener": 1.8279884075245136, "analyz": 3.5503667311392095, "cacm": 0.00031215857909170155, "march": 2.546702369056466, "greenberg": 7.379008127628304}