{"optim": 6.348631016474677, "space": 6.994888659369734, "alloc": 3.6295040516979333, "disk": 9.409718956403552, "storag": 5.4788730298457615, "devic": 3.929020581796717, "amount": 8.360670020155247, "requir": 2.388575540849568, "exce": 6.462717395754149, "line": 3.5288605259182457, "decis": 7.7955360765852255, "made": 3.2046208577326674, "perman": 6.280395838960195, "resid": 10.866195957145983, "mountabl": 8.07215530818825, "affect": 5.181783550292085, "number": 4.405716790108951, "mount": 14.758016255256608, "request": 4.434569148461864, "issu": 4.704859478201776, "oper": 2.270036932811187, "bottleneck": 7.379008127628304, "comput": 2.6234812342096436, "facil": 3.8977680382926128, "reduc": 3.641338509344936, "decreas": 5.027632870464827, "turnaround": 6.126245159132937, "time": 2.0511319588387233, "model": 2.996981492954423, "assign": 4.064822122955779, "pack": 11.1744973168005, "nonresid": 8.07215530818825, "statu": 5.58724865840025, "present": 1.8221800659287668, "heurist": 4.6064194053885235, "suggest": 3.399326473726344, "case": 3.2123429038265776, "ineffici": 5.87493073085203, "actual": 4.287965674269989, "optimum": 4.704859478201776, "cacm": 0.00031215857909170155, "march": 2.546702369056466, "morgan": 6.126245159132937}