{"fortran": 3.2681342634549932, "cacm": 0.00031215857909170155, "march": 2.546702369056466, "heis": 6.68586094706836}