{"optim": 3.1743155082373384, "balanc": 5.076423034634259, "request": 4.434569148461864, "disk": 23.52429739100888, "determin": 3.009560275161283, "polici": 4.894101477840304, "effici": 2.7108631424788245, "alloc": 3.6295040516979333, "util": 11.070386020543104, "set": 5.109404823447084, "drive": 16.52161785218014, "differ": 3.977810745966149, "oper": 2.270036932811187, "characterist": 3.6295040516979333, "examin": 7.282677018689872, "analyt": 4.461237395544026, "techniqu": 2.240272830904733, "standard": 3.1023420086122493, "queue": 9.788202955680608, "theori": 4.140329675463924, "character": 4.9811128548299335, "model": 5.993962985908846, "servic": 4.5168072466988365, "time": 4.102263917677447, "repres": 3.6062471895336663, "probabl": 4.222007706478191, "densiti": 5.507205950726713, "function": 2.2610143152115496, "sum": 4.545794783572089, "uniform": 4.853279483320049, "distribut": 3.497444329684867, "total": 4.1803350100776235, "respons": 4.461237395544026, "minim": 3.39002408106403, "vari": 4.704859478201776, "load": 9.628117540333536, "condit": 3.39002408106403, "result": 2.3750618216828454, "faster": 4.9811128548299335, "devic": 7.858041163593434, "higher": 4.814058770166768, "factor": 3.852647603012143, "number": 2.2028583950544753, "type": 3.144901623031045, "tend": 5.299566585948469, "decreas": 10.055265740929654, "specif": 3.227968221729659, "exampl": 3.371674942395834, "combin": 3.5612958016714, "cacm": 0.00031215857909170155, "septemb": 2.546702369056466, "piepmeier": 8.07215530818825}