{"reiter": 16.1443106163765, "acm": 8.717166482967883, "polici": 14.682304433520912, "standard": 6.204684017224499, "period": 4.77631844218392, "chang": 12.730541735097464, "offic": 6.68586094706836, "chairman": 6.462717395754149, "editor": 5.674260035389879, "follow": 6.126245159132937, "elect": 7.379008127628304, "occasion": 6.68586094706836, "result": 2.3750618216828454, "case": 3.2123429038265776, "depart": 5.181783550292085, "radic": 6.280395838960195, "proper": 5.076423034634259, "time": 2.0511319588387233, "an": 7.379008127628304, "underlin": 7.379008127628304, "respect": 4.26549281841793, "comput": 1.3117406171048218, "area": 3.867462688797284, "cacm": 0.00031215857909170155, "novemb": 2.4445341944976127, "gorn": 5.87493073085203}