{"number": 2.2028583950544753, "automorph": 7.379008127628304, "singli": 7.379008127628304, "gener": 1.8279884075245136, "automaton": 7.379008127628304, "cacm": 0.00031215857909170155, "septemb": 2.546702369056466, "bavel": 8.07215530818825}