{"comment": 4.064822122955779, "algorithm": 0.8920854338854537, "verhelst": 6.97354301952014, "convers": 3.867462688797284, "limit": 3.6295040516979333, "entri": 4.334485689904882, "decis": 3.8977680382926128, "tabl": 3.4570347913469903, "flowchart": 4.9811128548299335, "cacm": 0.00031215857909170155, "januari": 2.6297375976664563, "king": 5.87493073085203, "johnson": 5.58724865840025}