{"program": 4.31651062472362, "syntact": 8.53098563683586, "analysi": 11.095351766560853, "english": 13.81925821616557, "sentenc": 14.559838449960148, "produc": 6.855528818093754, "analys": 5.769570215194204, "respect": 4.26549281841793, "transform": 7.330872121847993, "grammar": 8.241823179213645, "main": 4.029104040353699, "featur": 3.399326473726344, "analyz": 3.5503667311392095, "limit": 7.259008103395867, "dictionari": 11.348520070779758, "word": 3.7546671946519394, "pursu": 6.68586094706836, "path": 4.48863636973214, "simultan": 4.1803350100776235, "process": 2.1750014405515095, "left": 5.769570215194204, "form": 3.0954215657676754, "represent": 3.5503667311392095, "outlin": 4.160132302760104, "account": 4.739950798013046, "procedur": 2.63843330463401, "techniqu": 2.240272830904733, "keep": 5.769570215194204, "size": 3.427764409046877, "record": 3.867462688797284, "reason": 4.287965674269989, "avoid": 4.434569148461864, "need": 3.251873742583213, "dynam": 3.8380488035909903, "applic": 2.481168327677393, "rule": 3.47703545805366, "number": 2.2028583950544753, "exampl": 3.371674942395834, "output": 6.994888659369734, "includ": 2.7688504001291743, "time": 2.0511319588387233, "inform": 2.5627669715602726, "cacm": 0.00031215857909170155, "august": 2.3750618216828454, "dewar": 6.97354301952014, "bratley": 6.462717395754149}