{"multiprogram": 4.160132302760104, "monitor": 13.91450431110931, "small": 7.189636987420086, "machin": 8.756591141071414, "int": 8.07215530818825, "combin": 3.5612958016714, "hardwar": 7.765001132323649, "softwar": 7.858041163593434, "design": 2.4924254822020275, "control": 2.954161495771495, "wide": 4.408593662058603, "varieti": 4.1209115896068225, "real": 3.5078071167204135, "time": 4.102263917677447, "input": 9.348984751760968, "output": 6.994888659369734, "devic": 11.787061745390151, "simpl": 3.009560275161283, "addit": 3.318565117081885, "provid": 3.015909502839942, "uniform": 4.853279483320049, "interfac": 5.299566585948469, "element": 3.8825005661618244, "keyboard": 5.674260035389879, "graphic": 4.2435139116991545, "interv": 4.48863636973214, "timer": 8.07215530818825, "reliev": 8.07215530818825, "user": 6.109750942746651, "program": 2.877673749815746, "detail": 3.447182494903979, "buffer": 5.238941964132033, "task": 4.222007706478191, "schedul": 3.977810745966149, "parallel": 3.8825005661618244, "process": 2.1750014405515095, "capabl": 3.8094754311469345, "commun": 3.7154464814986583, "set": 2.554702411723542, "meta": 6.126245159132937, "instruct": 3.867462688797284, "consist": 3.823660066138891, "languag": 2.1750014405515095, "subroutin": 4.1209115896068225, "call": 3.4087162140761826, "cacm": 0.00031215857909170155, "hornbuckl": 8.07215530818825}