{"simul": 13.523229703836424, "network": 7.890041846286317, "parallel": 7.765001132323649, "process": 6.525004321654528, "simultan": 12.54100503023287, "event": 22.042968310293016, "occur": 8.621910384989375, "problem": 7.860529681783983, "discret": 4.814058770166768, "system": 4.67232785194716, "comput": 3.9352218513144654, "convent": 3.8380488035909903, "digit": 3.2930318150767204, "dealt": 6.126245159132937, "assum": 4.358583241483942, "interconnect": 6.126245159132937, "sequenti": 4.5168072466988365, "briefli": 4.5168072466988365, "review": 4.48863636973214, "common": 3.9450209231431583, "techniqu": 8.961091323618932, "handl": 7.430892962997317, "simpl": 3.009560275161283, "prioriti": 5.299566585948469, "rule": 3.47703545805366, "deal": 4.461237395544026, "separ": 4.2435139116991545, "introduc": 3.8380488035909903, "abstract": 4.434569148461864, "develop": 2.4267084105450123, "admit": 6.280395838960195, "solut": 8.291662832361135, "major": 3.867462688797284, "commonli": 5.127716329021809, "encount": 5.076423034634259, "find": 7.16703787691222, "method": 1.8535551884965207, "report": 3.4669851222001586, "found": 3.852647603012143, "case": 6.424685807653155, "shown": 2.7940406489577327, "extend": 3.8977680382926128, "inform": 5.125533943120545, "unfeas": 8.07215530818825, "addit": 3.318565117081885, "provid": 3.015909502839942, "cacm": 0.00031215857909170155, "septemb": 2.546702369056466, "parna": 5.87493073085203}