{"interact": 7.330872121847993, "consult": 16.1443106163765, "natur": 11.108122367163686, "languag": 6.525004321654528, "program": 2.877673749815746, "system": 4.67232785194716, "help": 15.7168258923961, "command": 13.726943240165308, "give": 4.287965674269989, "programm": 3.977810745966149, "line": 3.5288605259182457, "instruct": 3.867462688797284, "regard": 4.77631844218392, "argu": 5.433097978572992, "easi": 4.358583241483942, "make": 3.380807425959106, "significantli": 5.127716329021809, "accept": 4.57564774672177, "request": 4.434569148461864, "demonstr": 4.0117122976418305, "weizenbaum": 6.126245159132937, "eliza": 6.97354301952014, "provid": 3.015909502839942, "script": 7.379008127628304, "turn": 5.181783550292085, "cacm": 0.00031215857909170155, "august": 2.3750618216828454, "sharo": 8.07215530818825, "kwasni": 8.07215530818825}