{"minim": 3.39002408106403, "span": 5.299566585948469, "tree": 3.58351893845611, "algorithm": 0.8920854338854537, "a422": 8.07215530818825, "cacm": 0.00031215857909170155, "april": 2.4231810700270437, "whitney": 8.07215530818825}