{"test": 3.0817227214095135, "probabl": 4.222007706478191, "algorithm": 0.8920854338854537, "s14": 5.027632870464827, "cacm": 0.00031215857909170155, "februari": 2.6211168546225494, "morri": 5.299566585948469}