{"analyt": 4.461237395544026, "differenti": 3.929020581796717, "comput": 1.3117406171048218, "cacm": 0.00031215857909170155, "june": 2.3717117347975636, "hanson": 5.992713766508414, "cavi": 8.07215530818825, "joseph": 8.07215530818825}