{"recurs": 3.913272224828578, "program": 1.438836874907873, "fortran": 3.2681342634549932, "ii": 4.140329675463924, "cacm": 0.00031215857909170155, "novemb": 2.4445341944976127, "ayer": 8.07215530818825}