{"termin": 16.407453578544512, "orient": 3.977810745966149, "commun": 11.146339444495975, "system": 7.787213086578601, "paper": 1.9808454261105517, "describ": 3.0954215657676754, "full": 4.545794783572089, "duplex": 6.68586094706836, "time": 4.102263917677447, "share": 6.974375659035355, "comput": 3.9352218513144654, "consist": 3.823660066138891, "directli": 4.408593662058603, "connect": 8.621910384989375, "number": 4.405716790108951, "small": 3.594818493710043, "remot": 5.127716329021809, "attach": 6.126245159132937, "medium": 5.36410510708604, "speed": 3.823660066138891, "telephon": 11.348520070779758, "line": 7.0577210518364915, "servic": 4.5168072466988365, "larg": 2.8791984572980396, "type": 3.144901623031045, "design": 2.4924254822020275, "present": 1.8221800659287668, "algorithm": 0.8920854338854537, "solv": 3.5078071167204135, "specif": 3.227968221729659, "problem": 1.9651324204459957, "local": 4.6709579265260945, "echo": 7.379008127628304, "error": 3.0482747873419735, "detect": 4.310955192494688, "correct": 3.6295040516979333, "multiplex": 6.280395838960195, "charact": 3.6654360609239967, "output": 3.497444329684867, "cacm": 0.00031215857909170155, "juli": 2.3683728335320486, "heckel": 7.379008127628304, "lampson": 6.462717395754149}