{"variabl": 3.1093106779283426, "length": 3.7954891891721947, "tree": 28.66815150764888, "structur": 14.84240009513925, "minimum": 16.48364635842729, "averag": 21.32746409208965, "search": 34.770354580536605, "time": 10.255659794193617, "sussenguth": 22.137024382884913, "suggest": 3.399326473726344, "paper": 3.9616908522211034, "organ": 3.5078071167204135, "doubli": 12.925434791508298, "chain": 9.788202955680608, "updat": 14.114578434605328, "frequent": 4.5168072466988365, "compromis": 6.126245159132937, "fast": 7.890041846286317, "slow": 11.1744973168005, "characterist": 7.259008103395867, "binari": 3.8094754311469345, "serial": 5.076423034634259, "method": 1.8535551884965207, "limit": 3.6295040516979333, "restrict": 12.480396908280312, "termin": 16.407453578544512, "node": 26.60741489077118, "lie": 11.1744973168005, "level": 6.5362685269099865, "consid": 3.152174382360125, "effect": 3.0954215657676754, "relax": 11.539140430388407, "properti": 3.5395558150349937, "priori": 6.462717395754149, "filial": 16.1443106163765, "set": 5.109404823447084, "defin": 3.1595004224521976, "studi": 3.227968221729659, "prove": 3.8380488035909903, "code": 2.948191328784991, "respect": 4.26549281841793, "number": 4.405716790108951, "reachabl": 6.97354301952014, "suffici": 4.26549281841793, "guarante": 5.58724865840025, "gener": 1.8279884075245136, "case": 3.2123429038265776, "entir": 4.638168103703103, "changeabl": 8.07215530818825, "treat": 4.814058770166768, "procedur": 2.63843330463401, "develop": 2.4267084105450123, "construct": 3.189353385601879, "simpl": 3.009560275161283, "close": 4.638168103703103, "express": 3.1595004224521976, "obtain": 6.232656501173978, "function": 2.2610143152115496, "storag": 2.7394365149228808, "capac": 5.36410510708604, "requir": 2.388575540849568, "implement": 2.570897097643523, "digit": 3.2930318150767204, "comput": 2.6234812342096436, "determin": 3.009560275161283, "final": 3.7680902149840803, "total": 8.360670020155247, "cost": 10.554835249763126, "criterion": 5.58724865840025, "shown": 2.7940406489577327, "signific": 3.929020581796717, "improv": 3.3536564368931554, "cacm": 0.00031215857909170155, "februari": 2.6211168546225494, "patt": 8.07215530818825}