{"poisson": 5.87493073085203, "charlier": 7.379008127628304, "polynomi": 3.4087162140761826, "algorithm": 0.8920854338854537, "s23": 7.379008127628304, "cacm": 0.00031215857909170155, "februari": 2.6211168546225494, "samet": 6.97354301952014}