{"stop": 12.56079167792039, "criterion": 11.1744973168005, "polynomi": 13.63486485630473, "root": 12.420989026391773, "find": 3.58351893845611, "search": 3.47703545805366, "gener": 1.8279884075245136, "difficult": 4.57564774672177, "know": 5.674260035389879, "accept": 9.15129549344354, "number": 4.405716790108951, "adequ": 5.507205950726713, "approxim": 3.380807425959106, "paper": 1.9808454261105517, "algorithm": 0.8920854338854537, "present": 1.8221800659287668, "termin": 4.101863394636128, "iter": 4.046803617453101, "process": 2.1750014405515095, "basi": 4.029104040353699, "calcul": 3.5395558150349937, "bound": 3.8380488035909903, "roundoff": 6.462717395754149, "error": 3.0482747873419735, "occur": 4.310955192494688, "evalu": 3.137681375057558, "test": 3.0817227214095135, "numer": 3.2046208577326674, "exampl": 3.371674942395834, "found": 3.852647603012143, "serv": 4.57564774672177, "satisfactori": 5.238941964132033, "mean": 3.2201250442686327, "complex": 3.137681375057558, "real": 3.5078071167204135, "cacm": 0.00031215857909170155, "octob": 2.4849066497880004, "adam": 5.992713766508414}