{"real": 3.5078071167204135, "error": 3.0482747873419735, "function": 2.2610143152115496, "erf": 6.462717395754149, "algorithm": 0.8920854338854537, "s15": 5.127716329021809, "cacm": 0.00031215857909170155, "june": 2.3717117347975636, "hill": 4.814058770166768, "joyc": 5.992713766508414}