{"idea": 4.5168072466988365, "data": 6.5003803804010385, "type": 15.724508115155224, "high": 3.6777061535158113, "level": 3.2681342634549932, "languag": 2.1750014405515095, "number": 2.2028583950544753, "issu": 4.704859478201776, "explor": 5.181783550292085, "concern": 3.9612814440149386, "notion": 5.076423034634259, "set": 7.6641072351706265, "valu": 11.108122367163686, "primit": 4.814058770166768, "oper": 2.270036932811187, "need": 6.503747485166426, "notat": 13.30370744538559, "iter": 4.046803617453101, "element": 3.8825005661618244, "finit": 4.2435139116991545, "narrow": 6.68586094706836, "domain": 5.674260035389879, "array": 4.334485689904882, "simpl": 3.009560275161283, "allow": 3.867462688797284, "paramet": 7.563391734079717, "restrict": 4.160132302760104, "fashion": 5.992713766508414, "result": 2.3750618216828454, "problem": 1.9651324204459957, "convers": 3.867462688797284, "cacm": 0.00031215857909170155, "june": 2.3717117347975636, "gri": 5.992713766508414, "gehani": 8.07215530818825}