{"set": 2.554702411723542, "matric": 3.929020581796717, "test": 3.0817227214095135, "comput": 1.3117406171048218, "program": 1.438836874907873, "cacm": 0.00031215857909170155, "august": 2.3750618216828454, "brenner": 7.379008127628304}