{"multipl": 7.16703787691222, "termin": 16.407453578544512, "user": 6.109750942746651, "program": 4.31651062472362, "control": 5.90832299154299, "time": 4.102263917677447, "share": 6.974375659035355, "environ": 3.7680902149840803, "written": 7.456699772669132, "dartmouth": 8.07215530818825, "system": 6.22977046926288, "commun": 3.7154464814986583, "remot": 5.127716329021809, "simultan": 4.1803350100776235, "interact": 3.6654360609239967, "standard": 3.1023420086122493, "input": 3.116328250586989, "output": 3.497444329684867, "instruct": 3.867462688797284, "languag": 2.1750014405515095, "paper": 1.9808454261105517, "describ": 3.0954215657676754, "facil": 3.8977680382926128, "implement": 2.570897097643523, "requir": 2.388575540849568, "execut": 3.2358734012367716, "compil": 3.074943034424135, "interpret": 4.222007706478191, "cacm": 0.00031215857909170155, "octob": 2.4849066497880004, "mcgeachi": 8.07215530818825}