{"syminv2": 6.68586094706836, "algorithm": 0.8920854338854537, "cacm": 0.00031215857909170155, "march": 2.546702369056466, "naur": 5.127716329021809}