{"metalanguag": 13.94708603904028, "syntax": 8.058208080707399, "specif": 6.455936443459318, "suffici": 4.26549281841793, "tabl": 6.914069582693981, "algol": 3.243841570885949, "addit": 3.318565117081885, "metaoper": 8.07215530818825, "adequ": 5.507205950726713, "formal": 3.728349886334566, "descript": 3.437426319958614, "basic": 3.4181949580307265, "fortran": 3.2681342634549932, "cacm": 0.00031215857909170155, "burkhardt": 8.07215530818825}