{"discret": 4.814058770166768, "newton": 4.9366610922591, "method": 1.8535551884965207, "solv": 3.5078071167204135, "system": 1.55744261731572, "simultan": 4.1803350100776235, "nonlinear": 4.704859478201776, "equat": 3.1093106779283426, "algorithm": 0.8920854338854537, "c5": 5.87493073085203, "cacm": 0.00031215857909170155, "april": 2.4231810700270437, "pankiewicz": 7.379008127628304}