{"optim": 6.348631016474677, "insert": 29.619966553554598, "algorithm": 5.352512603312722, "side": 10.599133171896938, "height": 12.252490318265874, "balanc": 10.152846069268518, "binari": 7.618950862293869, "search": 6.95407091610732, "tree": 28.66815150764888, "element": 3.8825005661618244, "oshb": 24.21646592456475, "present": 1.8221800659287668, "oper": 4.540073865622374, "time": 10.255659794193617, "log": 19.924451419319734, "number": 2.2028583950544753, "node": 4.434569148461864, "repres": 3.6062471895336663, "improv": 3.3536564368931554, "previou": 4.434569148461864, "ly": 8.07215530818825, "known": 3.7027074557212285, "hirschberg": 5.992713766508414, "kosaraju": 7.379008127628304, "requir": 2.388575540849568, "complex": 6.275362750115116, "earlier": 5.076423034634259, "result": 4.750123643365691, "shown": 2.7940406489577327, "delet": 20.72713420116834, "structur": 2.473733349189875, "perform": 5.618930238566729, "paper": 1.9808454261105517, "neg": 6.126245159132937, "answer": 4.9366610922591, "question": 4.140329675463924, "exampl": 3.371674942395834, "kind": 4.408593662058603, "smaller": 5.507205950726713, "conclud": 4.814058770166768, "retriev": 3.594818493710043, "gener": 1.8279884075245136, "avl": 12.252490318265874, "constant": 4.48863636973214, "factor": 3.852647603012143, "complic": 5.027632870464827, "cacm": 0.00031215857909170155, "septemb": 2.546702369056466, "raiha": 8.07215530818825, "zweben": 7.379008127628304}