{"bisect": 6.97354301952014, "routin": 3.867462688797284, "algorithm": 0.8920854338854537, "cacm": 0.00031215857909170155, "march": 2.546702369056466, "rader": 6.97354301952014}