{"manipul": 3.437426319958614, "tree": 3.58351893845611, "inform": 2.5627669715602726, "retriev": 3.594818493710043, "cacm": 0.00031215857909170155, "februari": 2.6211168546225494, "salton": 6.126245159132937}