{"insert": 9.8733221845182, "delet": 10.36356710058417, "side": 10.599133171896938, "height": 12.252490318265874, "balanc": 10.152846069268518, "tree": 7.16703787691222, "recent": 3.8977680382926128, "hirschberg": 11.985427533016829, "establish": 4.408593662058603, "log": 9.962225709659867, "step": 8.023424595283661, "prove": 3.8380488035909903, "perform": 2.8094651192833644, "answer": 4.9366610922591, "open": 5.299566585948469, "problem": 1.9651324204459957, "pose": 5.87493073085203, "cacm": 0.00031215857909170155, "march": 2.546702369056466, "kosaraju": 7.379008127628304}