{"perform": 5.618930238566729, "test": 3.0817227214095135, "quicksort": 11.74986146170406, "descend": 6.126245159132937, "detail": 6.894364989807958, "evalu": 3.137681375057558, "present": 1.8221800659287668, "acm": 4.358583241483942, "algorithm": 3.5683417355418148, "shellsort": 6.68586094706836, "stringsort": 6.97354301952014, "treesort3": 8.07215530818825, "quickersort": 13.94708603904028, "qsort": 16.1443106163765, "refin": 5.87493073085203, "discuss": 2.1972245773362196, "evid": 5.076423034634259, "demonstr": 4.0117122976418305, "requir": 4.777151081699136, "comparison": 7.380257347028737, "author": 4.287965674269989, "claim": 5.87493073085203, "fewest": 7.379008127628304, "sort": 3.8825005661618244, "random": 3.6062471895336663, "array": 4.334485689904882, "cacm": 0.00031215857909170155, "march": 2.546702369056466, "loeser": 8.07215530818825}