{"multiprocess": 6.126245159132937, "compactifi": 7.379008127628304, "garbag": 5.127716329021809, "collect": 4.222007706478191, "corrigendum": 4.545794783572089, "cacm": 0.00031215857909170155, "june": 2.3717117347975636, "steel": 6.280395838960195, "jr": 3.243841570885949}