{"prime": 4.6709579265260945, "twin": 7.379008127628304, "algorithm": 0.8920854338854537, "cacm": 0.00031215857909170155, "april": 2.4231810700270437, "shimrat": 6.68586094706836}