{"applic": 2.481168327677393, "game": 17.30871064558261, "tree": 7.16703787691222, "search": 6.95407091610732, "techniqu": 4.480545661809466, "sequenti": 9.033614493397673, "pattern": 16.407453578544512, "recognit": 14.114578434605328, "spr": 32.288621232753, "procedur": 18.46903313243807, "test": 12.326890885638054, "featur": 10.197979421179031, "select": 7.235616023869484, "receiv": 5.238941964132033, "result": 4.750123643365691, "classifi": 5.674260035389879, "unknown": 5.769570215194204, "medic": 6.126245159132937, "diagnosi": 5.87493073085203, "paper": 1.9808454261105517, "author": 4.287965674269989, "suggest": 3.399326473726344, "view": 4.334485689904882, "person": 11.014411901453427, "play": 5.433097978572992, "natur": 3.7027074557212285, "chanc": 7.379008127628304, "virtual": 4.6064194053885235, "power": 3.7680902149840803, "develop": 2.4267084105450123, "strictli": 6.68586094706836, "competit": 7.379008127628304, "easili": 4.26549281841793, "incorpor": 9.033614493397673, "directli": 4.408593662058603, "analog": 5.299566585948469, "mini": 6.97354301952014, "averag": 4.26549281841793, "back": 11.014411901453427, "gamma": 4.814058770166768, "analogu": 7.379008127628304, "minimax": 6.280395838960195, "alpha": 6.97354301952014, "beta": 6.126245159132937, "comput": 1.3117406171048218, "simul": 3.380807425959106, "experi": 3.4669851222001586, "charact": 3.6654360609239967, "present": 1.8221800659287668, "approach": 3.1743155082373384, "promis": 5.58724865840025, "cacm": 0.00031215857909170155, "februari": 2.6211168546225494, "slagl": 6.126245159132937, "lee": 6.280395838960195}