{"programm": 3.977810745966149, "descript": 3.437426319958614, "bell": 5.433097978572992, "telephon": 5.674260035389879, "laboratori": 4.9811128548299335, "low": 4.383275854074314, "link": 8.717166482967883, "list": 9.568060156805636, "languag": 4.350002881103019, "pronounc": 8.07215530818825, "program": 2.877673749815746, "structur": 4.94746669837975, "manipul": 3.437426319958614, "facil": 3.8977680382926128, "underli": 5.127716329021809, "processor": 3.7154464814986583, "ipl": 6.68586094706836, "lisp": 4.57564774672177, "comit": 6.462717395754149, "ad": 4.408593662058603, "snobol": 6.126245159132937, "permit": 3.572345637857985, "user": 3.0548754713733257, "closer": 7.379008127628304, "machin": 2.918863713690471, "code": 2.948191328784991, "order": 2.93049175168559, "write": 4.222007706478191, "faster": 4.9811128548299335, "run": 3.6777061535158113, "storag": 2.7394365149228808, "effici": 2.7108631424788245, "build": 5.076423034634259, "wider": 6.68586094706836, "varieti": 4.1209115896068225, "data": 2.1667934601336793, "cacm": 0.00031215857909170155, "august": 2.3750618216828454, "knowlton": 6.97354301952014}