{"note": 3.497444329684867, "approxim": 3.380807425959106, "cacm": 0.00031215857909170155, "juli": 2.3683728335320486, "olivi": 8.07215530818825}