{"color": 5.992713766508414, "polygon": 5.58724865840025, "region": 4.894101477840304, "algorithm": 0.8920854338854537, "cacm": 0.00031215857909170155, "decemb": 2.4626835130032902, "herriot": 6.68586094706836}