{"marovian": 8.07215530818825, "model": 14.984907464772114, "univers": 3.9946178642825303, "michigan": 6.280395838960195, "execut": 9.707620203710315, "system": 6.22977046926288, "mathemat": 3.6295040516979333, "comput": 1.3117406171048218, "postul": 7.379008127628304, "paramet": 3.7816958670398586, "estim": 3.929020581796717, "aid": 4.029104040353699, "extens": 3.3359568597937543, "data": 2.1667934601336793, "oper": 2.270036932811187, "simplifi": 4.48863636973214, "assumpt": 4.739950798013046, "made": 3.2046208577326674, "result": 4.750123643365691, "predict": 4.894101477840304, "agre": 6.97354301952014, "reason": 4.287965674269989, "actual": 4.287965674269989, "studi": 3.227968221729659, "effect": 3.0954215657676754, "compil": 3.074943034424135, "applic": 2.481168327677393, "discuss": 2.1972245773362196, "cacm": 0.00031215857909170155, "septemb": 2.546702369056466, "foley": 7.379008127628304}