{"fourier": 4.77631844218392, "cosin": 6.462717395754149, "integr": 2.984558972955866, "d1": 4.545794783572089, "algorithm": 0.8920854338854537, "a427": 8.07215530818825, "cacm": 0.00031215857909170155, "linz": 7.379008127628304}