{"ration": 10.055265740929654, "chebyshev": 4.9366610922591, "approxim": 10.14242227787732, "bessel": 5.127716329021809, "function": 4.522028630423099, "integr": 5.969117945911732, "ki": 16.1443106163765, "reme": 6.97354301952014, "algorithm": 0.8920854338854537, "relat": 3.144901623031045, "coeffici": 4.1209115896068225, "ki1": 8.07215530818825, "ki2": 8.07215530818825, "ki3": 8.07215530818825, "precis": 4.064822122955779, "cacm": 0.00031215857909170155, "decemb": 2.4626835130032902, "gargantini": 7.379008127628304, "pomental": 7.379008127628304}