{"gener": 1.8279884075245136, "permut": 4.287965674269989, "lexicograph": 5.674260035389879, "order": 2.93049175168559, "algorithm": 0.8920854338854537, "g6": 4.894101477840304, "cacm": 0.00031215857909170155, "februari": 2.6211168546225494, "ord": 6.68586094706836, "smith": 4.310955192494688}