{"convex": 23.49972292340812, "hull": 26.74344378827344, "finit": 4.2435139116991545, "set": 5.109404823447084, "poin": 11.74986146170406, "ts": 11.539140430388407, "dimens": 10.36356710058417, "determin": 3.009560275161283, "log": 9.962225709659867, "oper": 4.540073865622374, "present": 1.8221800659287668, "algorithm": 2.676256301656361, "divid": 4.739950798013046, "conquer": 8.07215530818825, "techniqu": 2.240272830904733, "recurs": 3.913272224828578, "appli": 3.2681342634549932, "merg": 4.9366610922591, "procedur": 2.63843330463401, "nonin": 7.379008127628304, "tersect": 8.07215530818825, "requir": 2.388575540849568, "time": 2.0511319588387233, "complex": 3.137681375057558, "propos": 2.907369334264736, "optim": 3.1743155082373384, "multipl": 3.58351893845611, "constant": 4.48863636973214, "cacm": 0.00031215857909170155, "februari": 2.6211168546225494, "preparata": 7.379008127628304, "hong": 8.07215530818825}