{"procedur": 2.63843330463401, "stabl": 5.507205950726713, "marriag": 6.68586094706836, "problem": 1.9651324204459957, "algorithm": 0.8920854338854537, "cacm": 0.00031215857909170155, "juli": 2.3683728335320486, "mcviti": 7.379008127628304, "wilson": 6.126245159132937}