{"simul": 10.14242227787732, "hospit": 20.05758284120508, "admiss": 27.89417207808056, "polici": 24.470507389201522, "studi": 3.227968221729659, "larg": 2.8791984572980396, "special": 3.5395558150349937, "object": 3.380807425959106, "determin": 3.009560275161283, "stabil": 5.58724865840025, "censu": 6.97354301952014, "rate": 17.634374648234413, "maintain": 4.638168103703103, "reason": 4.287965674269989, "full": 4.545794783572089, "type": 6.28980324606209, "examin": 3.641338509344936, "base": 2.701517280060587, "percentag": 6.68586094706836, "discharg": 24.21646592456475, "minu": 6.97354301952014, "constant": 4.48863636973214, "fix": 4.064822122955779, "author": 4.287965674269989, "independ": 3.8094754311469345, "produc": 3.427764409046877, "stabl": 5.507205950726713, "result": 2.3750618216828454, "put": 5.674260035389879, "practic": 3.617808011934742, "improv": 3.3536564368931554, "realiz": 5.027632870464827, "cacm": 0.00031215857909170155, "smith": 4.310955192494688, "solomon": 6.462717395754149, "jr": 3.243841570885949}