{"length": 7.590978378344389, "string": 18.513537278606144, "merg": 14.809983276777299, "sort": 15.530002264647297, "detail": 3.447182494903979, "statist": 3.867462688797284, "maxim": 5.299566585948469, "result": 2.3750618216828454, "form": 3.0954215657676754, "intern": 4.26549281841793, "phase": 5.027632870464827, "tape": 4.046803617453101, "shown": 2.7940406489577327, "produc": 10.283293227140632, "altern": 7.922562888029877, "method": 3.7071103769930414, "ascend": 13.94708603904028, "descend": 6.126245159132937, "tend": 5.299566585948469, "fourth": 5.507205950726713, "long": 4.638168103703103, "contrari": 8.07215530818825, "statement": 3.7154464814986583, "appear": 4.48863636973214, "previous": 4.739950798013046, "literatur": 4.894101477840304, "slight": 7.379008127628304, "modif": 4.461237395544026, "read": 4.57564774672177, "backward": 5.87493073085203, "polyphas": 5.769570215194204, "algorithm": 0.8920854338854537, "suggest": 3.399326473726344, "cacm": 0.00031215857909170155, "novemb": 2.4445341944976127, "knuth": 5.027632870464827}