{"reduct": 4.5168072466988365, "matrix": 3.137681375057558, "polynomi": 3.4087162140761826, "element": 3.8825005661618244, "algorithm": 0.8920854338854537, "cacm": 0.00031215857909170155, "april": 2.4231810700270437, "hennion": 6.280395838960195}