{"design": 2.4924254822020275, "implement": 2.570897097643523, "gener": 3.6559768150490273, "purpos": 6.519941905631665, "input": 6.232656501173978, "routin": 7.734925377594568, "discuss": 2.1972245773362196, "advoc": 6.97354301952014, "fortran": 3.2681342634549932, "philosophi": 5.238941964132033, "program": 1.438836874907873, "examin": 3.641338509344936, "exemplifi": 6.97354301952014, "cacm": 0.00031215857909170155, "june": 2.3717117347975636, "hassitt": 6.97354301952014}