{"note": 3.497444329684867, "abacu": 8.07215530818825, "number": 2.2028583950544753, "convers": 3.867462688797284, "cacm": 0.00031215857909170155, "march": 2.546702369056466, "kanner": 6.97354301952014}