{"develop": 2.4267084105450123, "mu5": 32.288621232753, "comput": 1.3117406171048218, "system": 1.55744261731572, "outlin": 4.160132302760104, "background": 5.299566585948469, "project": 4.222007706478191, "aim": 5.299566585948469, "idea": 9.033614493397673, "discuss": 2.1972245773362196, "descript": 3.437426319958614, "instruct": 7.734925377594568, "set": 2.554702411723542, "includ": 2.7688504001291743, "number": 2.2028583950544753, "featur": 3.399326473726344, "conduc": 7.379008127628304, "product": 3.9946178642825303, "effici": 2.7108631424788245, "compil": 3.074943034424135, "code": 2.948191328784991, "high": 3.6777061535158113, "level": 3.2681342634549932, "languag": 2.1750014405515095, "sourc": 4.101863394636128, "program": 1.438836874907873, "design": 2.4924254822020275, "processor": 3.7154464814986583, "trace": 5.027632870464827, "initi": 4.2435139116991545, "associ": 4.704859478201776, "address": 3.913272224828578, "store": 3.5288605259182457, "final": 3.7680902149840803, "multistag": 7.379008127628304, "pipelin": 6.97354301952014, "structur": 2.473733349189875, "involv": 3.4570347913469903, "predict": 4.894101477840304, "mechan": 3.7680902149840803, "prefetch": 8.07215530818825, "function": 2.2610143152115496, "queue": 4.894101477840304, "array": 4.334485689904882, "element": 3.8825005661618244, "access": 3.6062471895336663, "view": 4.334485689904882, "complet": 3.47703545805366, "complex": 3.137681375057558, "present": 1.8221800659287668, "indic": 5.076423034634259, "perform": 2.8094651192833644, "cacm": 0.00031215857909170155, "januari": 2.6297375976664563, "ibbett": 8.07215530818825, "capon": 8.07215530818825}