{"signific": 11.787061745390151, "arithmet": 11.070386020543104, "digit": 3.2930318150767204, "comput": 1.3117406171048218, "nyu": 8.07215530818825, "modifi": 3.8977680382926128, "includ": 5.5377008002583485, "mode": 19.10527376873568, "oper": 4.540073865622374, "intend": 4.894101477840304, "facilit": 4.739950798013046, "identif": 5.238941964132033, "bit": 3.977810745966149, "result": 2.3750618216828454, "float": 9.55263688436784, "point": 6.031819005679884, "manner": 4.6064194053885235, "handl": 3.7154464814986583, "discuss": 2.1972245773362196, "numer": 3.2046208577326674, "experi": 3.4669851222001586, "comparison": 3.6901286735143684, "made": 3.2046208577326674, "ordinari": 4.434569148461864, "normal": 3.929020581796717, "exampl": 3.371674942395834, "power": 3.7680902149840803, "seri": 3.8825005661618244, "evalu": 6.275362750115116, "linear": 3.1818061799664963, "equat": 3.1093106779283426, "solut": 2.763887610787045, "determin": 3.009560275161283, "matrix": 3.137681375057558, "invers": 3.867462688797284, "cacm": 0.00031215857909170155, "march": 2.546702369056466, "goldstein": 6.462717395754149}