{"note": 3.497444329684867, "onstochast": 8.07215530818825, "matric": 3.929020581796717, "cacm": 0.00031215857909170155, "septemb": 2.546702369056466, "dumey": 8.07215530818825}