{"pictori": 12.925434791508298, "pattern": 12.305590183908384, "recognit": 14.114578434605328, "phase": 5.027632870464827, "problem": 1.9651324204459957, "ray": 11.014411901453427, "crystallographi": 13.94708603904028, "avail": 5.769570215194204, "interact": 7.330872121847993, "dimension": 4.2435139116991545, "comput": 6.558703085524109, "graphic": 8.487027823398309, "system": 3.11488523463144, "coupl": 5.87493073085203, "power": 3.7680902149840803, "digit": 3.2930318150767204, "encourag": 5.769570215194204, "develop": 2.4267084105450123, "algorithm": 1.7841708677709074, "adapt": 4.434569148461864, "environ": 3.7680902149840803, "techniqu": 6.7208184927142, "make": 6.761614851918212, "number": 2.2028583950544753, "approach": 3.1743155082373384, "structur": 12.368666745949374, "determin": 6.019120550322566, "base": 5.403034560121174, "molecular": 6.97354301952014, "model": 8.99094447886327, "build": 10.152846069268518, "chemic": 6.462717395754149, "inform": 5.125533943120545, "frame": 5.58724865840025, "hypothes": 6.280395838960195, "test": 3.0817227214095135, "refin": 5.87493073085203, "refer": 3.823660066138891, "experiment": 3.867462688797284, "data": 4.333586920267359, "applic": 2.481168327677393, "standard": 3.1023420086122493, "hinder": 8.07215530818825, "fact": 4.6709579265260945, "cross": 17.30871064558261, "correl": 16.299293935718975, "correct": 3.6295040516979333, "fundament": 5.076423034634259, "incomplet": 5.127716329021809, "measur": 3.8380488035909903, "upper": 5.36410510708604, "bound": 3.8380488035909903, "simpl": 3.009560275161283, "demonstr": 4.0117122976418305, "basi": 4.029104040353699, "effect": 3.0954215657676754, "intrins": 6.97354301952014, "advantag": 3.7027074557212285, "usual": 5.299566585948469, "crystallograph": 8.07215530818825, "autocorrel": 6.68586094706836, "patterson": 6.97354301952014, "function": 2.2610143152115496, "especi": 5.127716329021809, "larg": 2.8791984572980396, "signific": 3.929020581796717, "biolog": 5.87493073085203, "macromolecul": 8.07215530818825, "hasbeen": 8.07215530818825, "continu": 3.852647603012143, "field": 3.9946178642825303, "intens": 6.126245159132937, "interest": 3.9450209231431583, "cacm": 0.00031215857909170155, "januari": 2.6297375976664563, "lesk": 6.68586094706836}