{"method": 1.8535551884965207, "convert": 4.383275854074314, "hexadecim": 6.97354301952014, "decim": 5.127716329021809, "cacm": 0.00031215857909170155, "march": 2.546702369056466, "kaila": 8.07215530818825}