{"expand": 5.181783550292085, "world": 5.507205950726713, "comput": 5.246962468419287, "onward": 8.07215530818825, "sweep": 7.379008127628304, "automat": 3.371674942395834, "process": 4.350002881103019, "inform": 5.125533943120545, "imped": 8.07215530818825, "princip": 5.181783550292085, "barrier": 32.288621232753, "geographi": 8.07215530818825, "cost": 3.518278416587709, "problem": 5.895397261337987, "complex": 6.275362750115116, "man": 4.739950798013046, "machin": 2.918863713690471, "commun": 7.430892962997317, "inadequ": 6.462717395754149, "sensor": 7.379008127628304, "lack": 5.58724865840025, "understand": 9.409718956403552, "distanc": 5.58724865840025, "time": 6.15339587651617, "size": 3.427764409046877, "main": 4.029104040353699, "incent": 7.379008127628304, "breach": 6.97354301952014, "univers": 3.9946178642825303, "need": 3.251873742583213, "urgent": 8.07215530818825, "greater": 4.853279483320049, "part": 3.371674942395834, "human": 4.5168072466988365, "work": 3.344767489475909, "activ": 3.977810745966149, "product": 3.9946178642825303, "servic": 4.5168072466988365, "develop": 2.4267084105450123, "hardwar": 3.8825005661618244, "program": 1.438836874907873, "share": 6.974375659035355, "educ": 8.575931348539978, "data": 2.1667934601336793, "display": 3.9450209231431583, "judg": 6.68586094706836, "effect": 6.190843131535351, "remov": 4.9811128548299335, "smash": 8.07215530818825, "potenti": 4.6709579265260945, "continu": 3.852647603012143, "rapid": 4.9366610922591, "expans": 5.36410510708604, "orient": 3.977810745966149, "languag": 2.1750014405515095, "entir": 4.638168103703103, "front": 6.97354301952014, "onlin": 5.127716329021809, "rate": 4.408593662058603, "high": 3.6777061535158113, "measur": 3.8380488035909903, "increas": 3.6295040516979333, "basic": 3.4181949580307265, "progress": 5.181783550292085, "power": 3.7680902149840803, "tool": 4.638168103703103, "import": 3.497444329684867, "govern": 5.181783550292085, "scientist": 5.674260035389879, "studi": 3.227968221729659, "creat": 4.408593662058603, "popul": 6.280395838960195, "explos": 6.68586094706836, "analyz": 3.5503667311392095, "solut": 2.763887610787045, "cacm": 0.00031215857909170155, "april": 2.4231810700270437, "harder": 8.07215530818825}