{"matrix": 3.137681375057558, "invers": 3.867462688797284, "algorithm": 0.8920854338854537, "f1": 5.433097978572992, "cacm": 0.00031215857909170155, "april": 2.4231810700270437, "fer": 8.07215530818825}