{"syntax": 4.029104040353699, "direct": 3.58351893845611, "interpret": 4.222007706478191, "class": 6.855528818093754, "pictur": 18.425677621554094, "descript": 10.312278959875842, "scheme": 3.518278416587709, "base": 2.701517280060587, "label": 5.238941964132033, "techniqu": 2.240272830904733, "parallel": 11.647501698485474, "process": 6.525004321654528, "algorithm": 0.8920854338854537, "propos": 2.907369334264736, "author": 4.287965674269989, "year": 4.160132302760104, "ago": 6.97354301952014, "work": 6.689534978951818, "appli": 3.2681342634549932, "bubbl": 14.758016255256608, "chamber": 13.37172189413672, "simul": 6.761614851918212, "origin": 4.2435139116991545, "written": 3.728349886334566, "ibm": 3.518278416587709, "system": 3.11488523463144, "rewritten": 8.07215530818825, "cdc": 5.181783550292085, "paper": 1.9808454261105517, "model": 2.996981492954423, "consid": 3.152174382360125, "specif": 6.455936443459318, "applic": 2.481168327677393, "gener": 5.483965222573541, "phase": 5.027632870464827, "embed": 5.299566585948469, "larger": 4.9366610922591, "convers": 3.867462688797284, "program": 1.438836874907873, "explain": 4.6709579265260945, "mean": 3.2201250442686327, "partial": 4.287965674269989, "grammar": 8.241823179213645, "handwritten": 7.379008127628304, "english": 4.6064194053885235, "letter": 5.769570215194204, "comput": 1.3117406171048218, "output": 3.497444329684867, "mention": 5.507205950726713, "earlier": 5.076423034634259, "cacm": 0.00031215857909170155, "march": 2.546702369056466, "narasimhan": 8.07215530818825}