{"structur": 7.421200047569625, "multiprogram": 8.320264605520208, "paper": 1.9808454261105517, "present": 1.8221800659287668, "propos": 2.907369334264736, "represent": 3.5503667311392095, "high": 3.6777061535158113, "level": 3.2681342634549932, "languag": 2.1750014405515095, "notat": 4.434569148461864, "explicitli": 5.36410510708604, "associ": 4.704859478201776, "data": 2.1667934601336793, "share": 3.4871878295176777, "concurr": 4.9811128548299335, "process": 4.350002881103019, "oper": 4.540073865622374, "defin": 3.1595004224521976, "clarifi": 5.674260035389879, "mean": 3.2201250442686327, "program": 2.877673749815746, "permit": 3.572345637857985, "larg": 2.8791984572980396, "class": 3.427764409046877, "time": 4.102263917677447, "depend": 3.929020581796717, "error": 3.0482747873419735, "caught": 8.07215530818825, "compil": 3.074943034424135, "combin": 3.5612958016714, "critic": 4.814058770166768, "region": 4.894101477840304, "event": 4.408593662058603, "variabl": 3.1093106779283426, "enabl": 4.5168072466988365, "programm": 3.977810745966149, "control": 2.954161495771495, "schedul": 3.977810745966149, "resourc": 4.287965674269989, "compet": 6.68586094706836, "degre": 4.222007706478191, "desir": 4.140329675463924, "concept": 3.4181949580307265, "suffici": 4.26549281841793, "safe": 6.126245159132937, "system": 1.55744261731572, "user": 3.0548754713733257, "cacm": 0.00031215857909170155, "juli": 2.3683728335320486, "hansen": 5.87493073085203}