{"comparison": 7.380257347028737, "primal": 32.31358697877074, "simplex": 11.985427533016829, "dual": 17.30871064558261, "algorithm": 2.676256301656361, "linear": 6.363612359932993, "program": 2.877673749815746, "statist": 7.734925377594568, "commonli": 5.127716329021809, "solv": 3.5078071167204135, "problem": 3.9302648408919914, "made": 3.2046208577326674, "assumpt": 4.739950798013046, "start": 4.894101477840304, "full": 4.545794783572089, "artifici": 5.36410510708604, "basi": 4.029104040353699, "condit": 3.39002408106403, "method": 1.8535551884965207, "show": 3.641338509344936, "signific": 3.929020581796717, "superior": 4.77631844218392, "randomli": 6.280395838960195, "gener": 1.8279884075245136, "found": 3.852647603012143, "regress": 5.674260035389879, "analysi": 2.7738379416402132, "relev": 5.027632870464827, "paramet": 3.7816958670398586, "determin": 3.009560275161283, "differ": 3.977810745966149, "number": 6.608575185163426, "iter": 4.046803617453101, "constraint": 4.358583241483942, "variabl": 3.1093106779283426, "ratio": 5.127716329021809, "cacm": 0.00031215857909170155, "novemb": 2.4445341944976127, "mueller": 7.379008127628304, "cooper": 5.87493073085203}