{"autom": 4.57564774672177, "print": 10.055265740929654, "circuit": 10.599133171896938, "rout": 28.84785107597102, "step": 8.023424595283661, "apertur": 36.89504063814152, "comput": 1.3117406171048218, "program": 2.877673749815746, "interconnect": 36.757470954797625, "side": 5.299566585948469, "board": 12.925434791508298, "regular": 5.507205950726713, "pattern": 4.101863394636128, "line": 10.586581577754737, "pin": 32.288621232753, "termin": 4.101863394636128, "via": 16.1443106163765, "feed": 7.379008127628304, "hole": 6.97354301952014, "plan": 9.276336207406207, "typic": 4.461237395544026, "upper": 5.36410510708604, "horizont": 12.252490318265874, "lower": 10.477883928264067, "top": 5.181783550292085, "virtual": 4.6064194053885235, "long": 4.638168103703103, "slit": 8.07215530818825, "basi": 4.029104040353699, "rerout": 8.07215530818825, "resolv": 16.76174597520075, "conflict": 17.022780106169638, "maxim": 5.299566585948469, "effect": 3.0954215657676754, "usag": 4.6064194053885235, "arriv": 5.36410510708604, "delet": 5.181783550292085, "extens": 3.3359568597937543, "techniqu": 2.240272830904733, "control": 2.954161495771495, "crosstalk": 8.07215530818825, "problem": 1.9651324204459957, "obtain": 3.116328250586989, "percent": 4.814058770166768, "discuss": 2.1972245773362196, "cacm": 0.00031215857909170155, "lass": 7.379008127628304}