{"synthet": 6.462717395754149, "approach": 12.697262032949354, "decis": 23.386608229755677, "tabl": 13.828139165387961, "convers": 3.867462688797284, "previou": 4.434569148461864, "problem": 3.9302648408919914, "convert": 4.383275854074314, "comput": 1.3117406171048218, "program": 8.63302124944724, "base": 2.701517280060587, "decomposit": 5.181783550292085, "stage": 4.9811128548299335, "condit": 10.17007224319209, "select": 3.617808011934742, "test": 3.0817227214095135, "smaller": 5.507205950726713, "creat": 13.22578098617581, "optim": 12.697262032949354, "respect": 4.26549281841793, "averag": 4.26549281841793, "execut": 3.2358734012367716, "time": 2.0511319588387233, "storag": 2.7394365149228808, "space": 3.497444329684867, "locat": 4.140329675463924, "implicit": 5.507205950726713, "enumer": 5.433097978572992, "tree": 7.16703787691222, "techniqu": 2.240272830904733, "branch": 5.58724865840025, "bound": 3.8380488035909903, "paper": 1.9808454261105517, "dynam": 3.8380488035909903, "synthes": 5.674260035389879, "effici": 2.7108631424788245, "increas": 3.6295040516979333, "substanti": 4.6709579265260945, "permit": 3.572345637857985, "gener": 1.8279884075245136, "ten": 5.238941964132033, "twelv": 6.462717395754149, "cacm": 0.00031215857909170155, "june": 2.3717117347975636, "schumach": 8.07215530818825, "sevcik": 8.07215530818825}