{"quick": 6.280395838960195, "calcul": 3.5395558150349937, "jacobian": 6.97354301952014, "ellipt": 5.238941964132033, "function": 2.2610143152115496, "corrigendum": 4.545794783572089, "cacm": 0.00031215857909170155, "septemb": 2.546702369056466, "salzer": 6.126245159132937}