{"algol": 3.243841570885949, "convent": 3.8380488035909903, "cacm": 0.00031215857909170155, "march": 2.546702369056466, "zaremba": 8.07215530818825}