{"muse": 40.36077654094125, "model": 14.984907464772114, "understand": 9.409718956403552, "simpl": 6.019120550322566, "english": 13.81925821616557, "comput": 1.3117406171048218, "natur": 3.7027074557212285, "languag": 2.1750014405515095, "process": 6.525004321654528, "base": 2.701517280060587, "semant": 12.863897022809967, "memori": 12.550725500230232, "network": 3.9450209231431583, "quillian": 7.379008127628304, "tlc": 14.758016255256608, "sentenc": 4.853279483320049, "unrestrict": 6.126245159132937, "content": 9.276336207406207, "restrict": 4.160132302760104, "format": 4.1803350100776235, "appli": 3.2681342634549932, "syntact": 8.53098563683586, "analysi": 2.7738379416402132, "elimin": 4.064822122955779, "interpret": 16.888030825912764, "employ": 3.913272224828578, "simplifi": 4.48863636973214, "intersect": 5.58724865840025, "procedur": 2.63843330463401, "find": 3.58351893845611, "valid": 4.894101477840304, "input": 6.232656501173978, "similar": 3.7954891891721947, "compon": 4.26549281841793, "includ": 2.7688504001291743, "earli": 5.027632870464827, "pars": 4.383275854074314, "tree": 3.58351893845611, "special": 3.5395558150349937, "purpos": 3.2599709528158325, "rule": 3.47703545805366, "relat": 3.144901623031045, "tripl": 6.97354301952014, "notat": 4.434569148461864, "compat": 4.853279483320049, "structur": 2.473733349189875, "allow": 3.867462688797284, "direct": 3.58351893845611, "verif": 5.433097978572992, "familiar": 5.58724865840025, "concept": 3.4181949580307265, "addit": 3.318565117081885, "repertoir": 6.462717395754149, "action": 9.15129549344354, "rang": 4.222007706478191, "edit": 4.739950798013046, "report": 3.4669851222001586, "indirect": 6.126245159132937, "form": 3.0954215657676754, "question": 4.140329675463924, "answer": 4.9366610922591, "exampl": 6.743349884791668, "present": 1.8221800659287668, "demonstr": 4.0117122976418305, "text": 4.083171261623976, "resolv": 5.58724865840025, "ambigu": 5.127716329021809, "add": 5.87493073085203, "inform": 2.5627669715602726, "gener": 1.8279884075245136, "perform": 2.8094651192833644, "cacm": 0.00031215857909170155, "januari": 2.6297375976664563, "mccalla": 8.07215530818825, "sampson": 8.07215530818825}