{"method": 1.8535551884965207, "comput": 1.3117406171048218, "squar": 3.6295040516979333, "root": 4.140329675463924, "divis": 4.5168072466988365, "cacm": 0.00031215857909170155, "novemb": 2.4445341944976127, "sarafyan": 7.379008127628304}