{"fortran": 19.60880558072996, "standard": 12.409368034448997, "offici": 7.379008127628304, "titl": 6.97354301952014, "american": 4.358583241483942, "nation": 4.9811128548299335, "program": 1.438836874907873, "languag": 2.1750014405515095, "x3": 12.252490318265874, "commonli": 5.127716329021809, "refer": 3.823660066138891, "develop": 4.853416821090025, "complet": 3.47703545805366, "replac": 4.739950798013046, "design": 2.4924254822020275, "paper": 1.9808454261105517, "describ": 3.0954215657676754, "featur": 3.399326473726344, "inform": 2.5627669715602726, "cacm": 0.00031215857909170155, "octob": 2.4849066497880004, "brainerd": 8.07215530818825}