{"flexibl": 4.26549281841793, "abbrevi": 6.462717395754149, "word": 3.7546671946519394, "comput": 1.3117406171048218, "languag": 2.1750014405515095, "cacm": 0.00031215857909170155, "novemb": 2.4445341944976127, "lomi": 8.07215530818825, "rubin": 7.379008127628304}