{"polynomi": 6.817432428152365, "spline": 10.866195957145983, "approxim": 13.523229703836424, "quadrat": 10.72821021417208, "program": 2.877673749815746, "problem": 1.9651324204459957, "function": 6.783042945634649, "fit": 11.983853592847591, "set": 2.554702411723542, "data": 2.1667934601336793, "requir": 2.388575540849568, "deriv": 6.586063630153441, "sign": 5.507205950726713, "rang": 4.222007706478191, "studi": 3.227968221729659, "approach": 3.1743155082373384, "present": 1.8221800659287668, "provid": 3.015909502839942, "constraint": 4.358583241483942, "select": 3.617808011934742, "yield": 4.545794783572089, "modifi": 3.8977680382926128, "bernstein": 6.126245159132937, "scheme": 3.518278416587709, "cacm": 0.00031215857909170155, "juli": 2.3683728335320486, "amo": 8.07215530818825, "slater": 6.68586094706836}