{"finit": 4.2435139116991545, "assumpt": 4.739950798013046, "intellectu": 7.379008127628304, "isol": 6.126245159132937, "comput": 1.3117406171048218, "scientist": 5.674260035389879, "cacm": 0.00031215857909170155, "decemb": 2.4626835130032902, "wagner": 6.462717395754149}