{"learn": 9.788202955680608, "program": 8.63302124944724, "play": 10.866195957145983, "partnership": 16.1443106163765, "domino": 22.137024382884913, "written": 3.728349886334566, "basic": 3.4181949580307265, "player": 13.37172189413672, "game": 23.078280860776815, "incomplet": 5.127716329021809, "inform": 5.125533943120545, "principl": 4.5168072466988365, "artifici": 5.36410510708604, "intellig": 5.181783550292085, "complet": 3.47703545805366, "checker": 7.379008127628304, "chess": 7.379008127628304, "construct": 3.189353385601879, "strategi": 14.012873779578284, "signatur": 6.68586094706836, "tabl": 6.914069582693981, "classifi": 5.674260035389879, "board": 6.462717395754149, "situat": 8.97727273946428, "interact": 3.6654360609239967, "paramet": 3.7816958670398586, "entri": 4.334485689904882, "adapt": 4.434569148461864, "determin": 3.009560275161283, "weight": 4.77631844218392, "indic": 5.076423034634259, "advi": 8.07215530818825, "sabil": 8.07215530818825, "chosen": 4.894101477840304, "employ": 3.913272224828578, "probabl": 4.222007706478191, "analysi": 2.7738379416402132, "linear": 3.1818061799664963, "polynomi": 3.4087162140761826, "evalu": 3.137681375057558, "choos": 5.36410510708604, "move": 5.181783550292085, "win": 6.97354301952014, "approxim": 3.380807425959106, "third": 8.07215530818825, "tournament": 8.07215530818825, "defeat": 7.379008127628304, "championship": 8.07215530818825, "cacm": 0.00031215857909170155, "august": 2.3750618216828454, "smith": 4.310955192494688}