{"convert": 13.149827562222942, "high": 7.355412307031623, "level": 6.5362685269099865, "translat": 14.760514694057473, "definit": 7.355412307031623, "languag": 8.700005762206038, "data": 6.5003803804010385, "convers": 3.867462688797284, "paper": 1.9808454261105517, "describ": 3.0954215657676754, "nonprocedur": 6.280395838960195, "power": 3.7680902149840803, "highli": 4.638168103703103, "flexibl": 4.26549281841793, "restructur": 5.87493073085203, "capabl": 3.8094754311469345, "design": 2.4924254822020275, "base": 2.701517280060587, "simpl": 3.009560275161283, "underli": 5.127716329021809, "concept": 3.4181949580307265, "form": 3.0954215657676754, "enabl": 4.5168072466988365, "user": 3.0548754713733257, "visual": 6.126245159132937, "process": 2.1750014405515095, "make": 3.380807425959106, "simpler": 5.674260035389879, "task": 4.222007706478191, "chosen": 4.894101477840304, "convey": 8.07215530818825, "purpos": 3.2599709528158325, "confus": 7.379008127628304, "program": 1.438836874907873, "bear": 6.68586094706836, "cacm": 0.00031215857909170155, "octob": 2.4849066497880004, "shu": 8.07215530818825, "housel": 8.07215530818825, "lum": 6.126245159132937}