{"pei": 6.97354301952014, "matrix": 3.137681375057558, "eigenvector": 5.507205950726713, "cacm": 0.00031215857909170155, "septemb": 2.546702369056466, "newberi": 7.379008127628304}