{"fix": 12.194466368867339, "point": 9.047728508519825, "approach": 3.1743155082373384, "theori": 8.280659350927849, "comput": 3.9352218513144654, "scott": 6.68586094706836, "semant": 4.287965674269989, "program": 4.31651062472362, "defin": 3.1595004224521976, "term": 3.2763647625915087, "recurs": 3.913272224828578, "justif": 6.126245159132937, "exist": 3.572345637857985, "verif": 5.433097978572992, "techniqu": 2.240272830904733, "extens": 3.3359568597937543, "handl": 3.7154464814986583, "uniform": 4.853279483320049, "manner": 4.6064194053885235, "properti": 3.5395558150349937, "includ": 2.7688504001291743, "correct": 3.6295040516979333, "termin": 4.101863394636128, "equival": 4.434569148461864, "cacm": 0.00031215857909170155, "juli": 2.3683728335320486, "manna": 6.126245159132937, "vuillemin": 6.97354301952014}