{"divisionless": 7.379008127628304, "method": 1.8535551884965207, "integ": 4.140329675463924, "convers": 3.867462688797284, "cacm": 0.00031215857909170155, "juli": 2.3683728335320486, "clarkson": 8.07215530818825, "princ": 8.07215530818825}