{"multilingu": 7.379008127628304, "terminolog": 5.181783550292085, "project": 4.222007706478191, "cacm": 0.00031215857909170155, "juli": 2.3683728335320486, "holmstrom": 8.07215530818825}