{"digit": 9.879095445230162, "simul": 23.665651981713744, "river": 32.288621232753, "plankton": 16.1443106163765, "popul": 18.841187516880584, "dynam": 7.676097607181981, "paper": 1.9808454261105517, "deal": 4.461237395544026, "develop": 4.853416821090025, "mathemat": 3.6295040516979333, "model": 2.996981492954423, "fortran": 3.2681342634549932, "iv": 4.77631844218392, "phytoplankton": 8.07215530818825, "zooplankton": 8.07215530818825, "densiti": 5.507205950726713, "previous": 4.739950798013046, "rate": 4.408593662058603, "express": 3.1595004224521976, "order": 2.93049175168559, "studi": 6.455936443459318, "relationship": 4.222007706478191, "ecolog": 8.07215530818825, "mechan": 3.7680902149840803, "involv": 6.914069582693981, "paramet": 3.7816958670398586, "vari": 4.704859478201776, "illustr": 3.47703545805366, "respons": 4.461237395544026, "ecosystem": 16.1443106163765, "condit": 6.78004816212806, "includ": 2.7688504001291743, "type": 3.144901623031045, "chemic": 6.462717395754149, "thermal": 7.379008127628304, "pollut": 8.07215530818825, "investig": 4.26549281841793, "accuraci": 4.383275854074314, "method": 1.8535551884965207, "actual": 4.287965674269989, "asterionella": 8.07215530818825, "columbia": 8.07215530818825, "made": 3.2046208577326674, "base": 2.701517280060587, "approxim": 3.380807425959106, "total": 4.1803350100776235, "accur": 4.739950798013046, "found": 3.852647603012143, "predict": 4.894101477840304, "gener": 1.8279884075245136, "annual": 16.1443106163765, "pattern": 8.203726789272256, "growth": 5.769570215194204, "fairli": 5.769570215194204, "specif": 3.227968221729659, "reveal": 5.181783550292085, "import": 3.497444329684867, "veloc": 8.07215530818825, "cycl": 5.027632870464827, "determin": 3.009560275161283, "addit": 3.318565117081885, "demonstr": 4.0117122976418305, "use": 5.433097978572992, "examin": 7.282677018689872, "aquat": 8.07215530818825, "environment": 8.07215530818825, "plan": 4.638168103703103, "cacm": 0.00031215857909170155, "septemb": 2.546702369056466, "claudson": 8.07215530818825}