{"intern": 4.26549281841793, "organ": 3.5078071167204135, "mad": 6.462717395754149, "translat": 3.6901286735143684, "cacm": 0.00031215857909170155, "januari": 2.6297375976664563, "arden": 6.126245159132937, "galler": 5.433097978572992, "graham": 5.299566585948469}