{"gener": 1.8279884075245136, "polyphas": 5.769570215194204, "merg": 4.9366610922591, "algorithm": 0.8920854338854537, "cacm": 0.00031215857909170155, "novemb": 2.4445341944976127, "reynold": 6.462717395754149}