{"modifi": 3.8977680382926128, "hankel": 6.68586094706836, "function": 2.2610143152115496, "algorithm": 0.8920854338854537, "cacm": 0.00031215857909170155, "septemb": 2.546702369056466, "thacher": 4.358583241483942, "jr": 3.243841570885949}