{"contextu": 7.379008127628304, "correl": 5.433097978572992, "synonymi": 8.07215530818825, "experiment": 3.867462688797284, "corrobor": 8.07215530818825, "obtain": 3.116328250586989, "hypothesi": 6.126245159132937, "proport": 5.076423034634259, "word": 15.018668778607758, "common": 3.9450209231431583, "context": 11.739816674485734, "function": 4.522028630423099, "degre": 4.222007706478191, "similar": 11.386467567516585, "mean": 6.440250088537265, "shape": 5.076423034634259, "reliabl": 4.77631844218392, "criterion": 5.58724865840025, "detect": 4.310955192494688, "pair": 4.9811128548299335, "cacm": 0.00031215857909170155, "octob": 2.4849066497880004, "rubenstein": 8.07215530818825, "goodenough": 6.97354301952014}