{"crout": 5.87493073085203, "pivot": 5.992713766508414, "ii": 4.140329675463924, "algorithm": 0.8920854338854537, "cacm": 0.00031215857909170155, "april": 2.4231810700270437, "thacher": 4.358583241483942, "jr": 3.243841570885949}