{"norc": 8.07215530818825, "high": 3.6777061535158113, "speed": 3.823660066138891, "printer": 6.280395838960195, "cacm": 0.00031215857909170155, "june": 2.3717117347975636, "gleissner": 8.07215530818825}