{"note": 3.497444329684867, "compil": 6.14988606884827, "fix": 8.129644245911559, "point": 6.031819005679884, "binari": 7.618950862293869, "multipl": 7.16703787691222, "algorithm": 2.676256301656361, "develop": 2.4267084105450123, "sequenc": 3.6654360609239967, "shift": 5.58724865840025, "addit": 3.318565117081885, "subtract": 5.58724865840025, "involv": 3.4570347913469903, "constant": 4.48863636973214, "signific": 3.929020581796717, "characterist": 3.6295040516979333, "simplic": 5.433097978572992, "test": 3.0817227214095135, "determin": 3.009560275161283, "appli": 3.2681342634549932, "degre": 4.222007706478191, "suggest": 3.399326473726344, "effici": 2.7108631424788245, "object": 3.380807425959106, "code": 2.948191328784991, "cacm": 0.00031215857909170155, "june": 2.3717117347975636, "glaswin": 8.07215530818825}