{"adjust": 5.507205950726713, "invers": 3.867462688797284, "symmetr": 9.15129549344354, "matrix": 3.137681375057558, "element": 3.8825005661618244, "chang": 4.2435139116991545, "algorithm": 0.8920854338854537, "f1": 5.433097978572992, "cacm": 0.00031215857909170155, "februari": 2.6211168546225494, "zielk": 8.07215530818825}