{"account": 4.739950798013046, "classif": 5.181783550292085, "autom": 4.57564774672177, "bank": 5.674260035389879, "cacm": 0.00031215857909170155, "decemb": 2.4626835130032902, "eckert": 8.07215530818825}