{"interact": 3.6654360609239967, "comput": 2.6234812342096436, "graphic": 21.21756955849577, "approach": 3.1743155082373384, "surfac": 18.819437912807103, "represent": 7.100733462278419, "teract": 19.38815218726245, "method": 7.414220753986083, "develop": 2.4267084105450123, "rapid": 4.9366610922591, "gener": 3.6559768150490273, "arbitrari": 4.160132302760104, "shape": 10.152846069268518, "dimension": 4.2435139116991545, "synthesi": 5.674260035389879, "spline": 21.732391914291966, "theori": 4.140329675463924, "algorithm": 1.7841708677709074, "mean": 3.2201250442686327, "man": 4.739950798013046, "machin": 2.918863713690471, "commun": 3.7154464814986583, "softwar": 3.929020581796717, "static": 5.36410510708604, "dynam": 3.8380488035909903, "display": 7.890041846286317, "basic": 3.4181949580307265, "techniqu": 2.240272830904733, "employ": 3.913272224828578, "modifi": 3.8977680382926128, "loft": 8.07215530818825, "section": 14.559838449960148, "curv": 8.360670020155247, "repres": 3.6062471895336663, "uniform": 4.853279483320049, "terpol": 8.07215530818825, "cardin": 7.379008127628304, "featur": 3.399326473726344, "enabl": 4.5168072466988365, "modif": 4.461237395544026, "stage": 4.9811128548299335, "process": 2.1750014405515095, "spatial": 6.68586094706836, "inform": 2.5627669715602726, "user": 3.0548754713733257, "complex": 3.137681375057558, "creat": 4.408593662058603, "combin": 3.5612958016714, "number": 2.2028583950544753, "separ": 4.2435139116991545, "join": 6.68586094706836, "system": 1.55744261731572, "success": 4.083171261623976, "terfac": 8.07215530818825, "varieti": 4.1209115896068225, "analyt": 4.461237395544026, "routin": 3.867462688797284, "structur": 2.473733349189875, "medic": 6.126245159132937, "applic": 2.481168327677393, "cacm": 0.00031215857909170155, "octob": 2.4849066497880004, "wu": 8.07215530818825, "sheng": 8.07215530818825, "chuan": 8.07215530818825, "abel": 8.07215530818825, "greenberg": 7.379008127628304}