{"legal": 30.631225795664683, "implic": 9.479901596026092, "comput": 2.6234812342096436, "bank": 39.71982024772915, "busi": 14.442176310500304, "introduct": 4.894101477840304, "wide": 4.408593662058603, "varieti": 4.1209115896068225, "merit": 5.433097978572992, "care": 5.181783550292085, "attent": 5.076423034634259, "earli": 5.027632870464827, "stage": 4.9811128548299335, "industri": 5.36410510708604, "highli": 4.638168103703103, "regul": 18.378735477398813, "govern": 10.36356710058417, "subject": 4.160132302760104, "statut": 7.379008127628304, "affect": 5.181783550292085, "import": 3.497444329684867, "common": 3.9450209231431583, "law": 11.348520070779758, "rule": 3.47703545805366, "establish": 4.408593662058603, "court": 8.07215530818825, "ramif": 8.07215530818825, "involv": 3.4570347913469903, "mechan": 3.7680902149840803, "signific": 3.929020581796717, "econom": 4.6709579265260945, "attract": 5.87493073085203, "phenomenon": 6.280395838960195, "premis": 14.758016255256608, "process": 4.350002881103019, "essenti": 4.434569148461864, "identifi": 4.140329675463924, "provid": 3.015909502839942, "aspect": 8.166342523247952, "system": 1.55744261731572, "practic": 3.617808011934742, "crystal": 8.07215530818825, "order": 2.93049175168559, "avoid": 4.434569148461864, "later": 5.58724865840025, "impact": 5.076423034634259, "unanticip": 8.07215530818825, "physic": 4.57564774672177, "complic": 5.027632870464827, "expens": 5.992713766508414, "computer": 5.674260035389879, "especi": 5.127716329021809, "divers": 5.58724865840025, "state": 3.852647603012143, "basic": 3.4181949580307265, "question": 8.280659350927849, "author": 4.287965674269989, "invest": 6.97354301952014, "facil": 3.8977680382926128, "directli": 4.408593662058603, "cooper": 5.87493073085203, "challeng": 7.379008127628304, "relat": 3.144901623031045, "processor": 3.7154464814986583, "respect": 4.26549281841793, "oblig": 8.07215530818825, "disclos": 8.07215530818825, "inform": 2.5627669715602726, "concern": 3.9612814440149386, "custom": 6.126245159132937, "adequaci": 6.462717395754149, "fidel": 7.379008127628304, "bond": 6.68586094706836, "coverag": 6.68586094706836, "extent": 5.299566585948469, "liabil": 6.68586094706836, "improp": 6.68586094706836, "refus": 7.379008127628304, "pay": 8.07215530818825, "check": 4.545794783572089, "suscept": 8.07215530818825, "agenc": 6.462717395754149, "pertin": 5.674260035389879, "proprieti": 8.07215530818825, "data": 2.1667934601336793, "nonbank": 8.07215530818825, "entiti": 5.992713766508414, "render": 6.462717395754149, "servic": 4.5168072466988365, "charg": 6.280395838960195, "depositor": 8.07215530818825, "cacm": 0.00031215857909170155, "decemb": 2.4626835130032902, "freed": 6.68586094706836}