{"student": 4.310955192494688, "frequenc": 4.739950798013046, "s14": 5.027632870464827, "algorithm": 0.8920854338854537, "a465": 8.07215530818825, "cacm": 0.00031215857909170155, "novemb": 2.4445341944976127, "hill": 4.814058770166768}