{"flow": 9.409718956403552, "outlin": 4.160132302760104, "substitut": 5.433097978572992, "chart": 5.674260035389879, "cacm": 0.00031215857909170155, "novemb": 2.4445341944976127, "gant": 8.07215530818825}