{"increas": 3.6295040516979333, "effici": 2.7108631424788245, "quicksort": 5.87493073085203, "algorithm": 0.8920854338854537, "m1": 5.433097978572992, "cacm": 0.00031215857909170155, "novemb": 2.4445341944976127, "van": 5.36410510708604, "emden": 6.97354301952014}