{"complex": 12.550725500230232, "matrix": 9.413044125172675, "invers": 19.337313443986417, "versu": 5.992713766508414, "real": 17.539035583602068, "comparison": 3.6901286735143684, "made": 3.2046208577326674, "shown": 2.7940406489577327, "fast": 3.9450209231431583, "round": 4.704859478201776, "error": 3.0482747873419735, "bound": 7.676097607181981, "eighth": 8.07215530818825, "gaussian": 5.299566585948469, "elimin": 4.064822122955779, "extend": 3.8977680382926128, "product": 3.9946178642825303, "accumul": 5.127716329021809, "half": 4.739950798013046, "system": 1.55744261731572, "cacm": 0.00031215857909170155, "septemb": 2.546702369056466, "ehrlich": 6.280395838960195}