{"minit": 6.462717395754149, "algorithm": 1.7841708677709074, "linear": 3.1818061799664963, "program": 1.438836874907873, "cacm": 0.00031215857909170155, "januari": 2.6297375976664563, "kolm": 7.379008127628304, "dahlstrand": 8.07215530818825}