{"analysi": 2.7738379416402132, "varianc": 4.9811128548299335, "balanc": 5.076423034634259, "experi": 3.4669851222001586, "algorithm": 0.8920854338854537, "g2": 6.97354301952014, "cacm": 0.00031215857909170155, "decemb": 2.4626835130032902, "claringbold": 7.379008127628304}