{"fibonaccian": 7.379008127628304, "search": 3.47703545805366, "cacm": 0.00031215857909170155, "decemb": 2.4626835130032902, "ferguson": 6.462717395754149}