{"machin": 2.918863713690471, "method": 1.8535551884965207, "squar": 3.6295040516979333, "root": 4.140329675463924, "comput": 1.3117406171048218, "cacm": 0.00031215857909170155, "januari": 2.6297375976664563, "bemer": 5.58724865840025}