{"hollerith": 6.97354301952014, "punch": 5.58724865840025, "card": 5.238941964132033, "code": 2.948191328784991, "propos": 2.907369334264736, "usa": 5.674260035389879, "standard": 3.1023420086122493, "cacm": 0.00031215857909170155, "april": 2.4231810700270437}