{"region": 34.25871034488213, "color": 17.97814129952524, "techniqu": 2.240272830904733, "scene": 6.68586094706836, "analysi": 2.7738379416402132, "method": 3.7071103769930414, "convert": 4.383275854074314, "pictur": 18.425677621554094, "cartoon": 8.07215530818825, "map": 13.075749724451825, "correspond": 4.9366610922591, "differ": 3.977810745966149, "textur": 22.137024382884913, "edg": 10.477883928264067, "detect": 4.310955192494688, "solid": 5.674260035389879, "surround": 6.97354301952014, "broken": 6.97354301952014, "propag": 6.280395838960195, "process": 2.1750014405515095, "result": 2.3750618216828454, "clean": 6.97354301952014, "compar": 3.227968221729659, "merg": 4.9366610922591, "accord": 4.9366610922591, "criteria": 4.57564774672177, "base": 2.701517280060587, "topolog": 5.433097978572992, "size": 3.427764409046877, "appli": 3.2681342634549932, "construct": 3.189353385601879, "cloud": 16.1443106163765, "cover": 9.8733221845182, "obtain": 3.116328250586989, "satellit": 6.97354301952014, "cacm": 0.00031215857909170155, "april": 2.4231810700270437, "strong": 5.58724865840025, "iii": 4.704859478201776, "rosenfeld": 6.280395838960195}