{"comput": 2.6234812342096436, "routin": 3.867462688797284, "quadrat": 10.72821021417208, "linear": 6.363612359932993, "program": 5.755347499631492, "problem": 5.895397261337987, "algorithm": 1.7841708677709074, "a431": 8.07215530818825, "base": 2.701517280060587, "lemk": 8.07215530818825, "complementari": 6.126245159132937, "pivot": 5.992713766508414, "present": 1.8221800659287668, "solv": 3.5078071167204135, "extens": 3.3359568597937543, "test": 3.0817227214095135, "wide": 4.408593662058603, "rang": 4.222007706478191, "result": 2.3750618216828454, "extrem": 5.507205950726713, "satisfactori": 5.238941964132033, "cacm": 0.00031215857909170155, "septemb": 2.546702369056466, "ravindran": 7.379008127628304}