{"divis": 4.5168072466988365, "squar": 3.6295040516979333, "root": 4.140329675463924, "quater": 8.07215530818825, "imaginari": 5.992713766508414, "number": 2.2028583950544753, "system": 1.55744261731572, "cacm": 0.00031215857909170155, "april": 2.4231810700270437, "nadler": 6.68586094706836}