{"exponenti": 4.1803350100776235, "seri": 3.8825005661618244, "algorithm": 0.8920854338854537, "cacm": 0.00031215857909170155, "septemb": 2.546702369056466, "lawrenc": 7.379008127628304}