{"stringsort": 6.97354301952014, "algorithm": 0.8920854338854537, "m1": 5.433097978572992, "cacm": 0.00031215857909170155, "octob": 2.4849066497880004, "blair": 7.379008127628304}