{"schedul": 3.977810745966149, "independ": 11.428426293440804, "task": 16.888030825912764, "reduc": 3.641338509344936, "mean": 16.100625221343165, "finish": 27.89417207808056, "time": 12.30679175303234, "sequenc": 3.6654360609239967, "minim": 10.17007224319209, "system": 1.55744261731572, "desir": 4.140329675463924, "user": 3.0548754713733257, "tend": 5.299566585948469, "point": 3.015909502839942, "storag": 2.7394365149228808, "requir": 2.388575540849568, "hold": 5.433097978572992, "incomplet": 5.127716329021809, "paper": 1.9808454261105517, "determinist": 5.769570215194204, "model": 2.996981492954423, "introduc": 3.8380488035909903, "result": 2.3750618216828454, "deriv": 3.2930318150767204, "extend": 3.8977680382926128, "gener": 3.6559768150490273, "algorithm": 1.7841708677709074, "known": 3.7027074557212285, "addit": 3.318565117081885, "present": 1.8221800659287668, "analyz": 3.5503667311392095, "shown": 2.7940406489577327, "problem": 1.9651324204459957, "polynomi": 3.4087162140761826, "complet": 3.47703545805366, "unlik": 5.87493073085203, "admit": 6.280395838960195, "non": 4.638168103703103, "enum": 6.97354301952014, "solut": 2.763887610787045, "cacm": 0.00031215857909170155, "juli": 2.3683728335320486, "bruno": 8.07215530818825, "coffman": 5.87493073085203, "jr": 3.243841570885949, "sethi": 8.07215530818825}