{"crout": 5.87493073085203, "pivot": 5.992713766508414, "algorithm": 0.8920854338854537, "cacm": 0.00031215857909170155, "septemb": 2.546702369056466, "forsyth": 6.126245159132937}