{"databas": 26.194709820660165, "abstract": 17.738276593847456, "aggreg": 51.70173916603319, "troduc": 11.985427533016829, "import": 6.994888659369734, "conceptu": 5.181783550292085, "real": 7.015614233440827, "world": 11.014411901453427, "transform": 3.6654360609239967, "relationship": 4.222007706478191, "object": 6.761614851918212, "higher": 4.814058770166768, "level": 3.2681342634549932, "data": 2.1667934601336793, "type": 9.434704869093135, "call": 3.4087162140761826, "develop": 2.4267084105450123, "criteria": 4.57564774672177, "defined": 16.1443106163765, "specifi": 5.769570215194204, "relat": 12.57960649212418, "defin": 6.319000844904395, "collect": 4.222007706478191, "structur": 4.94746669837975, "hierarchi": 5.238941964132033, "ari": 6.68586094706836, "main": 4.029104040353699, "tain": 7.379008127628304, "updat": 4.704859478201776, "oper": 2.270036932811187, "preserv": 5.433097978572992, "invari": 5.58724865840025, "distinct": 5.076423034634259, "normal": 3.929020581796717, "form": 3.0954215657676754, "shown": 2.7940406489577327, "notion": 5.076423034634259, "complementari": 6.126245159132937, "design": 4.984850964404055, "top": 5.181783550292085, "methodolog": 4.894101477840304, "separ": 4.2435139116991545, "decis": 7.7955360765852255, "concern": 7.922562888029877, "key": 4.064822122955779, "identif": 5.238941964132033, "suggest": 3.399326473726344, "support": 4.434569148461864, "implement": 2.570897097643523, "detail": 3.447182494903979, "incorpor": 4.5168072466988365, "program": 1.438836874907873, "languag": 2.1750014405515095, "cacm": 0.00031215857909170155, "june": 2.3717117347975636, "smith": 8.621910384989375}