{"hankel": 6.68586094706836, "function": 2.2610143152115496, "algorithm": 0.8920854338854537, "s17": 6.462717395754149, "cacm": 0.00031215857909170155, "decemb": 2.4626835130032902, "reilli": 8.07215530818825}