{"approxim": 10.14242227787732, "polygon": 16.76174597520075, "map": 26.15149944890365, "cellular": 13.94708603904028, "themat": 8.07215530818825, "import": 3.497444329684867, "oper": 4.540073865622374, "geograph": 8.07215530818825, "data": 6.5003803804010385, "process": 2.1750014405515095, "analyz": 3.5503667311392095, "organ": 10.52342135016124, "repres": 3.6062471895336663, "wide": 4.408593662058603, "segment": 13.30370744538559, "base": 2.701517280060587, "structur": 2.473733349189875, "class": 3.427764409046877, "label": 5.238941964132033, "identifi": 4.140329675463924, "region": 9.788202955680608, "border": 8.07215530818825, "side": 5.299566585948469, "algorithm": 2.676256301656361, "present": 1.8221800659287668, "elimin": 4.064822122955779, "need": 3.251873742583213, "recognit": 4.704859478201776, "boundari": 4.6709579265260945, "examin": 3.641338509344936, "versatil": 6.68586094706836, "illustr": 3.47703545805366, "outlin": 4.160132302760104, "area": 3.867462688797284, "comput": 2.6234812342096436, "point": 3.015909502839942, "inclus": 5.58724865840025, "appli": 3.2681342634549932, "set": 2.554702411723542, "soil": 8.07215530818825, "convert": 4.383275854074314, "readabl": 5.992713766508414, "form": 3.0954215657676754, "mean": 3.2201250442686327, "coordin": 4.853279483320049, "digit": 3.2930318150767204, "cacm": 0.00031215857909170155, "septemb": 2.546702369056466, "nagi": 6.97354301952014, "wagl": 8.07215530818825}