{"modif": 4.461237395544026, "intern": 4.26549281841793, "algebra": 4.0117122976418305, "languag": 2.1750014405515095, "cacm": 0.00031215857909170155, "februari": 2.6211168546225494, "green": 5.769570215194204}