{"algorithm": 2.676256301656361, "hidden": 11.1744973168005, "line": 7.0577210518364915, "elimin": 8.129644245911559, "present": 1.8221800659287668, "represent": 3.5503667311392095, "perspect": 5.769570215194204, "view": 4.334485689904882, "concav": 24.21646592456475, "convex": 5.87493073085203, "plane": 16.299293935718975, "face": 5.674260035389879, "object": 10.14242227787732, "pictur": 4.6064194053885235, "edg": 15.7168258923961, "consid": 6.30434876472025, "sequenti": 4.5168072466988365, "hide": 8.07215530818825, "point": 9.047728508519825, "found": 3.852647603012143, "comput": 1.3117406171048218, "time": 2.0511319588387233, "increas": 3.6295040516979333, "roughli": 6.462717395754149, "squar": 3.6295040516979333, "number": 4.405716790108951, "take": 4.160132302760104, "advantag": 3.7027074557212285, "reduc": 3.641338509344936, "recogn": 5.027632870464827, "case": 3.2123429038265776, "result": 2.3750618216828454, "obtain": 3.116328250586989, "simpler": 5.674260035389879, "cacm": 0.00031215857909170155, "april": 2.4231810700270437, "galimberti": 8.07215530818825, "montanari": 6.68586094706836}