{"factor": 3.852647603012143, "algorithm": 0.8920854338854537, "cacm": 0.00031215857909170155, "juli": 2.3683728335320486, "relph": 5.769570215194204}