{"heurist": 9.212838810777047, "problem": 9.825662102229979, "solv": 3.5078071167204135, "design": 14.954552893212165, "system": 1.55744261731572, "equip": 9.8733221845182, "furnitur": 16.1443106163765, "layout": 18.841187516880584, "solver": 13.94708603904028, "dp": 24.21646592456475, "demonstr": 8.023424595283661, "comput": 1.3117406171048218, "perform": 5.618930238566729, "simpl": 6.019120550322566, "task": 21.110038532390956, "chosen": 4.894101477840304, "defin": 3.1595004224521976, "characterist": 3.6295040516979333, "architectur": 5.076423034634259, "engin": 4.814058770166768, "urban": 6.68586094706836, "plan": 23.190840518515515, "natur": 3.7027074557212285, "resourc": 4.287965674269989, "manag": 4.046803617453101, "space": 3.497444329684867, "involv": 6.914069582693981, "manipul": 3.437426319958614, "dimension": 4.2435139116991545, "represent": 10.651100193417628, "object": 6.761614851918212, "creat": 4.408593662058603, "feasibl": 4.894101477840304, "optim": 3.1743155082373384, "solut": 2.763887610787045, "topolog": 10.866195957145983, "metric": 12.925434791508298, "spatial": 6.68586094706836, "constraint": 8.717166482967883, "paper": 1.9808454261105517, "describ": 6.190843131535351, "extens": 3.3359568597937543, "test": 6.163445442819027, "program": 1.438836874907873, "phase": 5.027632870464827, "prefix": 6.97354301952014, "process": 2.1750014405515095, "give": 4.287965674269989, "sens": 4.739950798013046, "direct": 3.58351893845611, "diagnost": 10.866195957145983, "procedur": 5.27686660926802, "locat": 4.140329675463924, "difficulti": 9.15129549344354, "remedi": 13.94708603904028, "action": 9.15129549344354, "recov": 5.769570215194204, "convex": 5.87493073085203, "polygon": 5.58724865840025, "accur": 4.739950798013046, "easili": 4.26549281841793, "updat": 4.704859478201776, "appli": 3.2681342634549932, "slow": 5.58724865840025, "limit": 3.6295040516979333, "scope": 5.433097978572992, "idea": 4.5168072466988365, "gener": 3.6559768150490273, "need": 3.251873742583213, "select": 7.235616023869484, "control": 2.954161495771495, "search": 3.47703545805366, "method": 1.8535551884965207, "achiev": 3.7954891891721947, "specif": 3.227968221729659, "inform": 2.5627669715602726, "altern": 3.9612814440149386, "cacm": 0.00031215857909170155, "pfefferkorn": 8.07215530818825}