{"intrins": 6.97354301952014, "exponenti": 12.54100503023287, "complex": 3.137681375057558, "circular": 17.30871064558261, "problem": 9.825662102229979, "attribut": 10.477883928264067, "grammar": 16.48364635842729, "extens": 3.3359568597937543, "context": 7.826544449657156, "free": 7.826544449657156, "devis": 5.433097978572992, "knuth": 10.055265740929654, "mechan": 3.7680902149840803, "includ": 2.7688504001291743, "semant": 8.575931348539978, "languag": 4.350002881103019, "syntax": 4.029104040353699, "determin": 3.009560275161283, "sentenc": 4.853279483320049, "program": 1.438836874907873, "fact": 4.6709579265260945, "defin": 3.1595004224521976, "prove": 3.8380488035909903, "gener": 1.8279884075245136, "comput": 1.3117406171048218, "intract": 6.97354301952014, "specif": 3.227968221729659, "shown": 2.7940406489577327, "determinist": 5.769570215194204, "algorithm": 1.7841708677709074, "solv": 7.015614233440827, "infinit": 5.58724865840025, "case": 3.2123429038265776, "amount": 4.1803350100776235, "time": 4.102263917677447, "improv": 3.3536564368931554, "version": 4.461237395544026, "test": 3.0817227214095135, "actual": 4.287965674269989, "cacm": 0.00031215857909170155, "decemb": 2.4626835130032902, "jazayeri": 8.07215530818825, "ogden": 7.379008127628304, "round": 4.704859478201776}