{"softwar": 7.858041163593434, "design": 9.96970192880811, "evalu": 9.413044125172675, "system": 9.34465570389432, "critic": 4.814058770166768, "failur": 12.252490318265874, "implement": 7.712691292930569, "methodolog": 9.788202955680608, "perform": 14.047325596416822, "propos": 8.722108002794208, "actual": 4.287965674269989, "paper": 1.9808454261105517, "reason": 4.287965674269989, "explor": 5.181783550292085, "overcom": 5.433097978572992, "difficulti": 4.57564774672177, "integr": 2.984558972955866, "base": 2.701517280060587, "simpl": 3.009560275161283, "high": 3.6777061535158113, "level": 3.2681342634549932, "languag": 4.350002881103019, "describ": 3.0954215657676754, "evolv": 5.507205950726713, "stage": 4.9811128548299335, "develop": 2.4267084105450123, "sourc": 4.101863394636128, "descript": 3.437426319958614, "direct": 3.58351893845611, "input": 3.116328250586989, "analysi": 2.7738379416402132, "simul": 3.380807425959106, "routin": 7.734925377594568, "inform": 2.5627669715602726, "obtain": 3.116328250586989, "feedback": 5.992713766508414, "problem": 1.9651324204459957, "advers": 7.379008127628304, "affect": 5.181783550292085, "detect": 4.310955192494688, "earli": 5.027632870464827, "correct": 3.6295040516979333, "costli": 6.462717395754149, "major": 3.867462688797284, "reimplement": 7.379008127628304, "cacm": 0.00031215857909170155, "februari": 2.6211168546225494, "graham": 5.299566585948469, "clanci": 8.07215530818825, "jr": 3.243841570885949, "devaney": 8.07215530818825}