{"error": 6.096549574683947, "bound": 7.676097607181981, "period": 14.32895532655176, "quintic": 14.758016255256608, "spline": 16.299293935718975, "explicit": 4.853279483320049, "interpol": 9.212838810777047, "develop": 2.4267084105450123, "deriv": 6.586063630153441, "shown": 2.7940406489577327, "sixth": 8.07215530818825, "fourth": 5.507205950726713, "order": 2.93049175168559, "approxim": 3.380807425959106, "mesh": 6.68586094706836, "point": 3.015909502839942, "function": 2.2610143152115496, "cacm": 0.00031215857909170155, "august": 2.3750618216828454, "hall": 5.87493073085203}