{"descript": 3.437426319958614, "format": 12.54100503023287, "text": 4.083171261623976, "process": 2.1750014405515095, "program": 2.877673749815746, "product": 3.9946178642825303, "facilit": 4.739950798013046, "edit": 4.739950798013046, "print": 5.027632870464827, "finish": 6.97354301952014, "document": 4.358583241483942, "directli": 4.408593662058603, "printer": 6.280395838960195, "small": 3.594818493710043, "comput": 1.3117406171048218, "system": 1.55744261731572, "featur": 3.399326473726344, "good": 4.6064194053885235, "perform": 2.8094651192833644, "total": 4.1803350100776235, "free": 3.913272224828578, "form": 3.0954215657676754, "input": 3.116328250586989, "flexibl": 4.26549281841793, "capabl": 3.8094754311469345, "includ": 2.7688504001291743, "column": 5.433097978572992, "page": 3.9612814440149386, "automat": 3.371674942395834, "capit": 8.07215530818825, "aid": 4.029104040353699, "index": 4.383275854074314, "construct": 3.189353385601879, "minimum": 4.1209115896068225, "nontext": 8.07215530818825, "item": 4.287965674269989, "written": 3.728349886334566, "entir": 4.638168103703103, "fortran": 3.2681342634549932, "iv": 4.77631844218392, "cacm": 0.00031215857909170155, "march": 2.546702369056466, "bern": 7.379008127628304}