{"unifi": 11.348520070779758, "comput": 3.9352218513144654, "method": 11.121331130979124, "analysi": 8.32151382492064, "complet": 6.95407091610732, "factori": 12.56079167792039, "experi": 6.933970244400317, "calcul": 7.0791116300699874, "sum": 13.637384350716268, "squar": 10.8885121550938, "varianc": 9.962225709659867, "main": 8.058208080707399, "effect": 6.190843131535351, "interact": 10.99630818277199, "mean": 9.660375132805898, "elucid": 7.379008127628304, "varieti": 4.1209115896068225, "purpos": 3.2599709528158325, "previous": 4.739950798013046, "requir": 2.388575540849568, "program": 1.438836874907873, "advantag": 3.7027074557212285, "obviou": 5.769570215194204, "variant": 5.238941964132033, "discuss": 2.1972245773362196, "standard": 6.204684017224499, "analys": 17.30871064558261, "omit": 6.97354301952014, "level": 13.072537053819973, "factor": 19.263238015060715, "separ": 4.2435139116991545, "combin": 3.5612958016714, "perform": 5.618930238566729, "simultan": 4.1803350100776235, "expect": 4.334485689904882, "data": 6.5003803804010385, "order": 5.86098350337118, "leav": 5.87493073085203, "rearrang": 5.992713766508414, "total": 4.1803350100776235, "exclud": 6.97354301952014, "replic": 6.97354301952014, "partit": 8.717166482967883, "polynomi": 3.4087162140761826, "degre": 4.222007706478191, "freedom": 6.126245159132937, "unequ": 6.97354301952014, "space": 3.497444329684867, "cacm": 0.00031215857909170155, "januari": 2.6297375976664563, "cooper": 5.87493073085203}