{"polici": 19.576405911361217, "driven": 5.36410510708604, "schedul": 11.933432237898447, "time": 6.15339587651617, "share": 6.974375659035355, "system": 4.67232785194716, "servic": 40.65126522028953, "receiv": 26.194709820660165, "process": 8.700005762206038, "oper": 4.540073865622374, "character": 9.962225709659867, "resourc": 12.863897022809967, "count": 9.8733221845182, "sum": 4.545794783572089, "ij": 14.758016255256608, "number": 2.2028583950544753, "unit": 8.487027823398309, "cost": 3.518278416587709, "class": 6.855528818093754, "user": 9.164626414119978, "function": 11.305071576057749, "specifi": 5.769570215194204, "amount": 4.1803350100776235, "belong": 6.462717395754149, "prioriti": 5.299566585948469, "dynam": 3.8380488035909903, "differ": 3.977810745966149, "promis": 5.58724865840025, "actual": 4.287965674269989, "swap": 12.252490318265874, "algorithm": 1.7841708677709074, "keep": 5.769570215194204, "provid": 6.031819005679884, "level": 6.5362685269099865, "overhead": 5.433097978572992, "reduc": 3.641338509344936, "avoid": 4.434569148461864, "implement": 2.570897097643523, "gener": 1.8279884075245136, "purpos": 3.2599709528158325, "significantli": 5.127716329021809, "interact": 3.6654360609239967, "batch": 4.853279483320049, "job": 4.6064194053885235, "previou": 4.434569148461864, "cacm": 0.00031215857909170155, "februari": 2.6211168546225494, "bernstein": 6.126245159132937, "sharp": 6.97354301952014}