{"anomali": 6.280395838960195, "space": 3.497444329684867, "time": 6.15339587651617, "characterist": 3.6295040516979333, "program": 4.31651062472362, "run": 14.710824614063245, "page": 7.922562888029877, "machin": 5.837727427380942, "gener": 1.8279884075245136, "increas": 3.6295040516979333, "store": 7.0577210518364915, "constrain": 5.58724865840025, "decreas": 15.08289861139448, "experi": 3.4669851222001586, "reveal": 5.181783550292085, "case": 6.424685807653155, "revers": 5.299566585948469, "true": 5.674260035389879, "size": 3.427764409046877, "accompani": 6.97354301952014, "inform": 2.5627669715602726, "discuss": 2.1972245773362196, "anomal": 6.97354301952014, "behavior": 4.334485689904882, "fifo": 7.379008127628304, "replac": 4.739950798013046, "algorithm": 0.8920854338854537, "formal": 3.728349886334566, "treatment": 5.674260035389879, "present": 1.8221800659287668, "cacm": 0.00031215857909170155, "june": 2.3717117347975636, "beladi": 6.97354301952014, "nelson": 6.68586094706836, "shedler": 6.68586094706836}