{"nonrecurs": 11.985427533016829, "list": 15.946766928009396, "move": 20.72713420116834, "algorithm": 3.5683417355418148, "effici": 2.7108631424788245, "lisp": 4.57564774672177, "type": 3.144901623031045, "requir": 2.388575540849568, "storag": 2.7394365149228808, "node": 13.30370744538559, "addit": 3.318565117081885, "bit": 3.977810745966149, "mark": 5.127716329021809, "run": 3.6777061535158113, "time": 2.0511319588387233, "proport": 5.076423034634259, "number": 2.2028583950544753, "origin": 4.2435139116991545, "structur": 2.473733349189875, "destroy": 6.68586094706836, "cacm": 0.00031215857909170155, "reingold": 6.97354301952014}