{"addit": 3.318565117081885, "comment": 4.064822122955779, "problem": 1.9651324204459957, "concurr": 4.9811128548299335, "progam": 8.07215530818825, "control": 2.954161495771495, "cacm": 0.00031215857909170155, "decemb": 2.4626835130032902, "knuth": 5.027632870464827}