{"certif": 5.769570215194204, "algorithm": 0.8920854338854537, "combinatori": 5.027632870464827, "thing": 5.36410510708604, "time": 2.0511319588387233, "wolfson": 6.68586094706836, "wright": 6.126245159132937, "comm": 5.769570215194204, "acm": 4.358583241483942, "apr": 6.97354301952014, "cacm": 0.00031215857909170155, "august": 2.3750618216828454, "thoro": 6.97354301952014}