{"remark": 4.57564774672177, "algorithm": 2.676256301656361, "cacm": 0.00031215857909170155, "march": 2.546702369056466, "wilkinson": 7.379008127628304}