{"secur": 20.955767856528134, "kernel": 18.378735477398813, "valid": 9.788202955680608, "practic": 3.617808011934742, "softwar": 3.929020581796717, "hardwar": 3.8825005661618244, "mechan": 3.7680902149840803, "enforc": 6.126245159132937, "access": 3.6062471895336663, "control": 2.954161495771495, "comput": 1.3117406171048218, "system": 3.11488523463144, "correct": 3.6295040516979333, "pdp": 5.507205950726713, "prove": 3.8380488035909903, "paper": 1.9808454261105517, "describ": 3.0954215657676754, "techniqu": 2.240272830904733, "carri": 4.77631844218392, "step": 4.0117122976418305, "proof": 4.1803350100776235, "formal": 3.728349886334566, "specif": 3.227968221729659, "program": 1.438836874907873, "respect": 4.26549281841793, "axiom": 6.126245159132937, "cacm": 0.00031215857909170155, "millen": 8.07215530818825}