{"comment": 4.064822122955779, "prevent": 28.371300176949394, "system": 3.11488523463144, "deadlock": 28.371300176949394, "habermann": 12.925434791508298, "method": 5.560665565489562, "discuss": 2.1972245773362196, "defin": 3.1595004224521976, "state": 3.852647603012143, "resourc": 8.575931348539978, "alloc": 3.6295040516979333, "process": 4.350002881103019, "shown": 5.5880812979154655, "schedul": 3.977810745966149, "introduc": 3.8380488035909903, "artifici": 5.36410510708604, "perman": 18.841187516880584, "block": 11.787061745390151, "situat": 4.48863636973214, "receiv": 5.238941964132033, "request": 4.434569148461864, "necessarili": 5.507205950726713, "elimin": 4.064822122955779, "cacm": 0.00031215857909170155, "januari": 2.6297375976664563, "holt": 6.280395838960195}