{"algorithm": 0.8920854338854537, "analyz": 3.5503667311392095, "logic": 3.6062471895336663, "statement": 3.7154464814986583, "produc": 3.427764409046877, "truth": 6.97354301952014, "function": 2.2610143152115496, "tabl": 3.4570347913469903, "cacm": 0.00031215857909170155, "march": 2.546702369056466, "wolp": 8.07215530818825}