{"multi": 5.027632870464827, "attribut": 5.238941964132033, "retriev": 7.189636987420086, "combin": 14.2451832066856, "index": 35.06620683259451, "paper": 1.9808454261105517, "organ": 3.5078071167204135, "scheme": 10.554835249763126, "design": 2.4924254822020275, "replac": 4.739950798013046, "popular": 6.126245159132937, "secondari": 33.04323570436028, "file": 13.37172189413672, "invert": 5.299566585948469, "key": 20.324110614778895, "field": 15.978471457130121, "redund": 14.9433385644898, "store": 3.5288605259182457, "access": 14.424988758134665, "number": 4.405716790108951, "record": 3.867462688797284, "satisfi": 8.766551708148627, "valu": 11.108122367163686, "bucket": 19.38815218726245, "input": 3.116328250586989, "queri": 18.959803192052185, "deriv": 3.2930318150767204, "subset": 4.545794783572089, "singl": 3.7546671946519394, "requir": 2.388575540849568, "method": 3.7071103769930414, "degener": 8.07215530818825, "case": 12.84937161530631, "convent": 3.8380488035909903, "work": 3.344767489475909, "similarli": 6.68586094706836, "advantag": 3.7027074557212285, "elimin": 12.194466368867339, "multipl": 3.58351893845611, "fals": 6.68586094706836, "drop": 6.462717395754149, "comput": 1.3117406171048218, "time": 2.0511319588387233, "perform": 2.8094651192833644, "intersect": 5.58724865840025, "set": 2.554702411723542, "qualifi": 6.68586094706836, "avoid": 4.434569148461864, "long": 4.638168103703103, "string": 3.7027074557212285, "appear": 4.48863636973214, "gener": 1.8279884075245136, "trade": 6.280395838960195, "exist": 3.572345637857985, "cacm": 0.00031215857909170155, "novemb": 2.4445341944976127, "lum": 6.126245159132937}