{"algorithm": 0.8920854338854537, "sequenti": 9.033614493397673, "access": 3.6062471895336663, "method": 1.8535551884965207, "altern": 3.9612814440149386, "index": 4.383275854074314, "cacm": 0.00031215857909170155, "march": 2.546702369056466, "whitt": 8.07215530818825, "sullenberg": 8.07215530818825}