{"role": 10.055265740929654, "program": 8.63302124944724, "ph": 5.58724865840025, "comput": 1.3117406171048218, "scienc": 3.977810745966149, "gener": 1.8279884075245136, "paper": 1.9808454261105517, "advanc": 4.704859478201776, "graduat": 5.238941964132033, "train": 5.36410510708604, "discuss": 2.1972245773362196, "subject": 8.320264605520208, "matter": 5.674260035389879, "relat": 3.144901623031045, "se": 7.379008127628304, "consid": 6.30434876472025, "import": 3.497444329684867, "applic": 2.481168327677393, "formal": 3.728349886334566, "need": 3.251873742583213, "good": 4.6064194053885235, "empir": 4.358583241483942, "experiment": 3.867462688797284, "outlin": 4.160132302760104, "sequenc": 3.6654360609239967, "cours": 4.48863636973214, "includ": 5.5377008002583485, "head": 5.181783550292085, "obtain": 3.116328250586989, "extens": 3.3359568597937543, "bibliographi": 12.56079167792039, "refer": 3.823660066138891, "cacm": 0.00031215857909170155, "januari": 2.6297375976664563, "arden": 6.126245159132937}