{"correct": 7.259008103395867, "proof": 8.360670020155247, "topolog": 27.165489892864958, "inform": 15.376601829361636, "main": 4.029104040353699, "tenanc": 6.68586094706836, "protocol": 26.74344378827344, "distribut": 6.994888659369734, "comput": 5.246962468419287, "network": 19.725104615715793, "order": 2.93049175168559, "node": 13.30370744538559, "commun": 3.7154464814986583, "link": 4.358583241483942, "crash": 8.07215530818825, "scheme": 7.036556833175418, "need": 3.251873742583213, "updat": 4.704859478201776, "major": 3.867462688797284, "constrain": 5.58724865840025, "ts": 5.769570215194204, "involv": 3.4570347913469903, "central": 4.739950798013046, "control": 2.954161495771495, "implement": 5.141794195287046, "merit": 5.433097978572992, "present": 3.6443601318575336, "explain": 4.6709579265260945, "gener": 1.8279884075245136, "base": 2.701517280060587, "baran": 8.07215530818825, "hot": 7.379008127628304, "potato": 7.379008127628304, "heurist": 4.6064194053885235, "rout": 5.769570215194204, "doctrin": 7.379008127628304, "cacm": 0.00031215857909170155, "juli": 2.3683728335320486, "tajibnapi": 8.07215530818825}