{"convers": 7.734925377594568, "program": 4.31651062472362, "decis": 7.7955360765852255, "tabl": 6.914069582693981, "method": 1.8535551884965207, "object": 6.761614851918212, "problem": 1.9651324204459957, "convert": 4.383275854074314, "investig": 4.26549281841793, "mainli": 5.769570215194204, "debug": 4.6064194053885235, "optim": 3.1743155082373384, "practic": 3.617808011934742, "extens": 3.3359568597937543, "theori": 4.140329675463924, "comput": 2.6234812342096436, "suggest": 3.399326473726344, "cacm": 0.00031215857909170155, "august": 2.3750618216828454, "cavoura": 8.07215530818825}