{"construct": 3.189353385601879, "micro": 6.97354301952014, "flowchart": 4.9811128548299335, "cacm": 0.00031215857909170155, "octob": 2.4849066497880004, "gorn": 5.87493073085203, "ingerman": 5.992713766508414, "crozier": 8.07215530818825}