{"regular": 5.507205950726713, "coulomb": 5.992713766508414, "wave": 5.58724865840025, "function": 2.2610143152115496, "algorithm": 0.8920854338854537, "s22": 5.299566585948469, "cacm": 0.00031215857909170155, "septemb": 2.546702369056466, "codi": 6.68586094706836, "paciorek": 7.379008127628304}