{"sqank": 8.07215530818825, "algorithm": 0.8920854338854537, "d1": 4.545794783572089, "cacm": 0.00031215857909170155, "april": 2.4231810700270437, "lyness": 7.379008127628304}