{"gre": 14.758016255256608, "advanc": 14.114578434605328, "test": 9.245168164228541, "comput": 3.9352218513144654, "scienc": 11.933432237898447, "report": 3.4669851222001586, "describ": 3.0954215657676754, "recent": 3.8977680382926128, "troduc": 5.992713766508414, "graduat": 5.238941964132033, "record": 3.867462688797284, "examin": 3.641338509344936, "program": 2.877673749815746, "gener": 1.8279884075245136, "event": 4.408593662058603, "lead": 4.48863636973214, "establish": 4.408593662058603, "discuss": 2.1972245773362196, "content": 4.638168103703103, "specif": 3.227968221729659, "rational": 7.379008127628304, "set": 2.554702411723542, "sampl": 4.310955192494688, "question": 4.140329675463924, "includ": 2.7688504001291743, "cacm": 0.00031215857909170155, "septemb": 2.546702369056466, "aust": 6.462717395754149}