{"improv": 3.3536564368931554, "equival": 26.60741489077118, "algorithm": 3.5683417355418148, "assign": 4.064822122955779, "storag": 2.7394365149228808, "basi": 4.029104040353699, "dimens": 5.181783550292085, "common": 3.9450209231431583, "declar": 9.628117540333536, "present": 1.8221800659287668, "base": 2.701517280060587, "tree": 3.58351893845611, "structur": 2.473733349189875, "reduc": 3.641338509344936, "comput": 1.3117406171048218, "time": 2.0511319588387233, "percent": 4.814058770166768, "previous": 4.739950798013046, "publish": 4.6064194053885235, "identifi": 8.280659350927849, "class": 6.855528818093754, "scan": 4.894101477840304, "method": 1.8535551884965207, "applic": 2.481168327677393, "problem": 1.9651324204459957, "element": 3.8825005661618244, "pair": 4.9811128548299335, "defin": 3.1595004224521976, "relat": 3.144901623031045, "cacm": 0.00031215857909170155, "galler": 5.433097978572992, "fisher": 6.126245159132937}