{"gener": 5.483965222573541, "rosari": 20.920629058560422, "permut": 38.5916910684299, "express": 3.1595004224521976, "hamiltonian": 29.516032510513217, "circuit": 26.497832929742344, "systemat": 5.181783550292085, "specif": 6.455936443459318, "class": 3.427764409046877, "fundament": 5.076423034634259, "schedul": 3.977810745966149, "problem": 1.9651324204459957, "nonori": 8.07215530818825, "complet": 3.47703545805366, "graph": 4.029104040353699, "vertic": 32.59858787143795, "hamitonian": 8.07215530818825, "equival": 4.434569148461864, "element": 3.8825005661618244, "term": 3.2763647625915087, "defin": 3.1595004224521976, "correspond": 4.9366610922591, "circular": 5.769570215194204, "mirror": 7.379008127628304, "imag": 5.027632870464827, "success": 4.083171261623976, "number": 2.2028583950544753, "system": 1.55744261731572, "cover": 4.9366610922591, "set": 5.109404823447084, "edg": 10.477883928264067, "determin": 6.019120550322566, "recurs": 3.913272224828578, "construct": 3.189353385601879, "start": 4.894101477840304, "basic": 3.4181949580307265, "oper": 2.270036932811187, "consist": 3.823660066138891, "transposit": 5.992713766508414, "pair": 9.962225709659867, "adjac": 5.769570215194204, "posit": 4.1209115896068225, "algorithm": 0.8920854338854537, "treat": 4.814058770166768, "present": 1.8221800659287668, "easi": 4.358583241483942, "deriv": 3.2930318150767204, "cycl": 5.027632870464827, "take": 4.160132302760104, "revers": 5.299566585948469, "order": 2.93049175168559, "procedur": 2.63843330463401, "perform": 2.8094651192833644, "fairli": 5.769570215194204, "effici": 2.7108631424788245, "comput": 1.3117406171048218, "cacm": 0.00031215857909170155, "june": 2.3717117347975636, "harada": 8.07215530818825}