{"method": 3.7071103769930414, "converg": 13.91450431110931, "improv": 16.768282184465775, "improp": 20.05758284120508, "integr": 26.861030756602794, "numer": 3.2046208577326674, "kind": 4.408593662058603, "customari": 6.68586094706836, "truncat": 5.36410510708604, "chang": 4.2435139116991545, "yield": 9.091589567144178, "iter": 4.046803617453101, "predetermin": 7.379008127628304, "constant": 4.48863636973214, "effici": 2.7108631424788245, "scheme": 3.518278416587709, "recent": 3.8977680382926128, "advanc": 4.704859478201776, "theori": 4.140329675463924, "nonlinear": 4.704859478201776, "transform": 7.330872121847993, "import": 3.497444329684867, "integrand": 6.462717395754149, "ration": 10.055265740929654, "polynomi": 6.817432428152365, "fail": 6.126245159132937, "paper": 1.9808454261105517, "develop": 2.4267084105450123, "greatli": 5.238941964132033, "includ": 2.7688504001291743, "cacm": 0.00031215857909170155, "juli": 2.3683728335320486, "mcwilliam": 8.07215530818825, "thompson": 5.87493073085203}