{"interpol": 18.425677621554094, "round": 9.409718956403552, "ramp": 20.920629058560422, "function": 13.566085891269298, "introduc": 3.8380488035909903, "infinit": 5.58724865840025, "continu": 3.852647603012143, "deriv": 3.2930318150767204, "composit": 4.853279483320049, "smooth": 5.433097978572992, "bend": 8.07215530818825, "call": 3.4087162140761826, "extend": 3.8977680382926128, "variabl": 3.1093106779283426, "shown": 2.7940406489577327, "effici": 2.7108631424788245, "fortran": 3.2681342634549932, "program": 1.438836874907873, "obtain": 3.116328250586989, "point": 3.015909502839942, "set": 2.554702411723542, "cacm": 0.00031215857909170155, "august": 2.3750618216828454, "lagerlof": 8.07215530818825}