{"structur": 2.473733349189875, "connect": 4.310955192494688, "formal": 3.728349886334566, "languag": 2.1750014405515095, "cacm": 0.00031215857909170155, "februari": 2.6211168546225494, "iron": 5.769570215194204}