{"method": 3.7071103769930414, "find": 10.75055681536833, "hamilton": 14.758016255256608, "path": 8.97727273946428, "knight": 13.37172189413672, "tour": 16.1443106163765, "warnsdorff": 8.07215530818825, "rule": 3.47703545805366, "gener": 1.8279884075245136, "appli": 3.2681342634549932, "problem": 1.9651324204459957, "graph": 8.058208080707399, "theoret": 4.26549281841793, "justif": 6.126245159132937, "cacm": 0.00031215857909170155, "juli": 2.3683728335320486, "pohl": 7.379008127628304}