{"automat": 3.371674942395834, "data": 6.5003803804010385, "structur": 4.94746669837975, "select": 7.235616023869484, "overview": 6.462717395754149, "level": 6.5362685269099865, "abstract": 22.17284574230932, "prove": 3.8380488035909903, "help": 5.238941964132033, "construct": 3.189353385601879, "maintain": 4.638168103703103, "program": 7.194184374539365, "design": 2.4924254822020275, "type": 12.57960649212418, "set": 2.554702411723542, "list": 3.189353385601879, "programm": 3.977810745966149, "time": 4.102263917677447, "save": 4.739950798013046, "autom": 4.57564774672177, "process": 4.350002881103019, "fill": 6.280395838960195, "low": 8.766551708148627, "implement": 10.283588390574092, "detail": 6.894364989807958, "past": 5.299566585948469, "system": 3.11488523463144, "provid": 3.015909502839942, "singl": 3.7546671946519394, "gener": 3.6559768150490273, "purpos": 3.2599709528158325, "produc": 3.427764409046877, "ineffici": 5.87493073085203, "space": 3.497444329684867, "paper": 1.9808454261105517, "choos": 5.36410510708604, "effici": 2.7108631424788245, "librari": 4.894101477840304, "discuss": 4.394449154672439, "issu": 4.704859478201776, "review": 4.48863636973214, "cacm": 0.00031215857909170155}