{"euler": 5.992713766508414, "gener": 1.8279884075245136, "algol": 3.243841570885949, "formal": 3.728349886334566, "definit": 3.6777061535158113, "part": 3.371674942395834, "ii": 4.140329675463924, "cacm": 0.00031215857909170155, "februari": 2.6211168546225494, "wirth": 5.238941964132033, "weber": 6.126245159132937}