{"solut": 2.763887610787045, "overdetermin": 6.462717395754149, "system": 1.55744261731572, "equat": 3.1093106779283426, "l1": 6.68586094706836, "norm": 5.769570215194204, "f4": 5.507205950726713, "algorithm": 0.8920854338854537, "a478": 8.07215530818825, "cacm": 0.00031215857909170155, "june": 2.3717117347975636, "barrodal": 7.379008127628304, "robert": 6.126245159132937}