{"dynam": 7.676097607181981, "partit": 21.792916207419708, "array": 39.01037120914393, "languag": 10.875007202757548, "classic": 5.238941964132033, "process": 2.1750014405515095, "subarray": 16.1443106163765, "extend": 3.8977680382926128, "oper": 2.270036932811187, "mode": 4.77631844218392, "defin": 3.1595004224521976, "type": 3.144901623031045, "vari": 4.704859478201776, "origin": 4.2435139116991545, "nearli": 5.299566585948469, "arbitrari": 4.160132302760104, "manner": 4.6064194053885235, "definit": 3.6777061535158113, "motiv": 5.674260035389879, "realist": 5.87493073085203, "exampl": 3.371674942395834, "illustr": 3.47703545805366, "gener": 1.8279884075245136, "interest": 3.9450209231431583, "data": 2.1667934601336793, "structur": 4.94746669837975, "consist": 3.823660066138891, "tree": 3.58351893845611, "deriv": 3.2930318150767204, "maintain": 4.638168103703103, "control": 2.954161495771495, "inform": 2.5627669715602726, "suffici": 4.26549281841793, "detail": 3.447182494903979, "design": 2.4924254822020275, "descript": 3.437426319958614, "present": 1.8221800659287668, "paper": 1.9808454261105517, "implement": 2.570897097643523, "ol": 8.07215530818825, "develop": 2.4267084105450123, "univers": 3.9946178642825303, "illinoi": 6.68586094706836, "cacm": 0.00031215857909170155, "decemb": 2.4626835130032902, "phillip": 6.280395838960195, "adam": 5.992713766508414}