{"cubic": 18.378735477398813, "spline": 16.299293935718975, "uniform": 9.706558966640099, "mesh": 13.37172189413672, "simpl": 3.009560275161283, "procedur": 2.63843330463401, "present": 1.8221800659287668, "construct": 6.378706771203758, "period": 4.77631844218392, "nonperiod": 8.07215530818825, "arc": 6.126245159132937, "suffic": 5.992713766508414, "basi": 4.029104040353699, "cardin": 7.379008127628304, "algorithm": 0.8920854338854537, "requir": 2.388575540849568, "minim": 3.39002408106403, "storag": 2.7394365149228808, "comput": 1.3117406171048218, "permit": 3.572345637857985, "easi": 4.358583241483942, "trade": 6.280395838960195, "cacm": 0.00031215857909170155, "april": 2.4231810700270437, "nilson": 8.07215530818825}