{"elementari": 4.5168072466988365, "function": 2.2610143152115496, "continu": 3.852647603012143, "fraction": 5.36410510708604, "algorithm": 0.8920854338854537, "cacm": 0.00031215857909170155, "morelock": 8.07215530818825}