{"transport": 6.126245159132937, "algorithm": 0.8920854338854537, "cacm": 0.00031215857909170155, "juli": 2.3683728335320486, "bayer": 5.769570215194204}