{"runcibl": 8.07215530818825, "algebra": 4.0117122976418305, "translat": 3.6901286735143684, "limit": 3.6295040516979333, "comput": 1.3117406171048218, "cacm": 0.00031215857909170155, "novemb": 2.4445341944976127, "knuth": 5.027632870464827}