{"dynam": 7.676097607181981, "respons": 17.844949582176103, "time": 10.255659794193617, "predict": 9.788202955680608, "comput": 5.246962468419287, "network": 27.61514646200211, "ultim": 6.280395838960195, "aim": 5.299566585948469, "resourc": 8.575931348539978, "share": 6.974375659035355, "human": 4.5168072466988365, "compon": 8.53098563683586, "technic": 5.127716329021809, "fulli": 5.299566585948469, "investig": 8.53098563683586, "achiev": 3.7954891891721947, "goal": 4.9811128548299335, "research": 7.955621491932298, "step": 4.0117122976418305, "assist": 4.9366610922591, "user": 6.109750942746651, "particip": 5.507205950726713, "vast": 7.379008127628304, "store": 3.5288605259182457, "analyt": 4.461237395544026, "simul": 3.380807425959106, "statist": 3.867462688797284, "perform": 2.8094651192833644, "evalu": 3.137681375057558, "tool": 4.638168103703103, "employ": 3.913272224828578, "feasibl": 4.894101477840304, "monitor": 4.638168103703103, "capabl": 3.8094754311469345, "provid": 3.015909502839942, "compar": 3.227968221729659, "inform": 2.5627669715602726, "wish": 5.769570215194204, "process": 2.1750014405515095, "applic": 2.481168327677393, "node": 4.434569148461864, "clearli": 6.280395838960195, "reveal": 5.181783550292085, "suffici": 4.26549281841793, "system": 6.22977046926288, "data": 2.1667934601336793, "obtain": 3.116328250586989, "divers": 5.58724865840025, "arpa": 6.462717395754149, "studi": 3.227968221729659, "detail": 3.447182494903979, "describ": 3.0954215657676754, "depend": 3.929020581796717, "measur": 3.8380488035909903, "activ": 3.977810745966149, "load": 4.814058770166768, "level": 3.2681342634549932, "cacm": 0.00031215857909170155, "juli": 2.3683728335320486, "mamrak": 6.97354301952014}