{"commun": 7.430892962997317, "sequenti": 9.033614493397673, "process": 4.350002881103019, "paper": 1.9808454261105517, "suggest": 3.399326473726344, "input": 3.116328250586989, "output": 3.497444329684867, "basic": 3.4181949580307265, "primit": 4.814058770166768, "program": 4.31651062472362, "parallel": 3.8825005661618244, "composit": 4.853279483320049, "fundament": 5.076423034634259, "structur": 2.473733349189875, "method": 1.8535551884965207, "combin": 3.5612958016714, "develop": 2.4267084105450123, "dijkstra": 5.238941964132033, "guard": 6.68586094706836, "command": 4.57564774672177, "concept": 3.4181949580307265, "surprisingli": 6.280395838960195, "versatil": 6.68586094706836, "illustr": 3.47703545805366, "sampl": 4.310955192494688, "solut": 2.763887610787045, "varieti": 4.1209115896068225, "familiar": 5.58724865840025, "exercis": 5.992713766508414, "cacm": 0.00031215857909170155, "august": 2.3750618216828454, "hoar": 5.299566585948469}