{"linear": 6.363612359932993, "space": 10.492332989054601, "algorithm": 1.7841708677709074, "comput": 1.3117406171048218, "maxim": 5.299566585948469, "common": 7.890041846286317, "subsequ": 10.36356710058417, "problem": 3.9302648408919914, "find": 3.58351893845611, "longest": 6.68586094706836, "string": 3.7027074557212285, "solv": 7.015614233440827, "quadrat": 10.72821021417208, "time": 4.102263917677447, "present": 1.8221800659287668, "cacm": 0.00031215857909170155, "june": 2.3717117347975636, "hirschberg": 5.992713766508414}