{"translat": 14.760514694057473, "write": 16.888030825912764, "system": 1.55744261731572, "critic": 4.814058770166768, "review": 4.48863636973214, "recent": 3.8977680382926128, "effort": 4.5168072466988365, "autom": 9.15129549344354, "program": 1.438836874907873, "languag": 2.1750014405515095, "present": 1.8221800659287668, "formal": 3.728349886334566, "studi": 3.227968221729659, "syntax": 4.029104040353699, "applic": 2.481168327677393, "discuss": 4.394449154672439, "section": 14.559838449960148, "ii": 4.140329675463924, "approach": 3.1743155082373384, "post": 5.992713766508414, "syntact": 4.26549281841793, "semant": 4.287965674269989, "aspect": 4.083171261623976, "iii": 4.704859478201776, "relat": 3.144901623031045, "topic": 5.299566585948469, "iv": 4.77631844218392, "cacm": 0.00031215857909170155, "februari": 2.6211168546225494, "feldman": 5.992713766508414, "gri": 5.992713766508414}