{"unifi": 5.674260035389879, "approach": 3.1743155082373384, "schedul": 23.866864475796895, "paper": 1.9808454261105517, "present": 1.8221800659287668, "scheme": 3.518278416587709, "classifi": 5.674260035389879, "algorithm": 5.352512603312722, "base": 2.701517280060587, "abstract": 8.869138296923728, "model": 5.993962985908846, "system": 3.11488523463144, "formal": 3.728349886334566, "notion": 5.076423034634259, "prioriti": 10.599133171896938, "class": 3.427764409046877, "defin": 3.1595004224521976, "relat": 3.144901623031045, "exist": 3.572345637857985, "criterion": 5.58724865840025, "implement": 10.283588390574092, "effici": 2.7108631424788245, "develop": 2.4267084105450123, "result": 2.3750618216828454, "definit": 3.6777061535158113, "time": 4.102263917677447, "invari": 11.1744973168005, "includ": 2.7688504001291743, "commonli": 5.127716329021809, "depend": 3.929020581796717, "process": 2.1750014405515095, "rate": 4.408593662058603, "deriv": 3.2930318150767204, "framework": 4.9811128548299335, "flexibl": 4.26549281841793, "real": 3.5078071167204135, "oper": 2.270036932811187, "polici": 4.894101477840304, "driven": 5.36410510708604, "bernstein": 6.126245159132937, "sharp": 6.97354301952014, "discuss": 2.1972245773362196, "cacm": 0.00031215857909170155, "juli": 2.3683728335320486, "ruschitzka": 8.07215530818825, "fabri": 6.68586094706836}