{"recurs": 7.826544449657156, "analysi": 5.5476758832804265, "compil": 6.14988606884827, "optim": 9.522946524712015, "simpl": 3.009560275161283, "method": 1.8535551884965207, "detect": 4.310955192494688, "procedur": 5.27686660926802, "present": 1.8221800659287668, "implement": 2.570897097643523, "consider": 3.8977680382926128, "discuss": 2.1972245773362196, "modif": 4.461237395544026, "algorithm": 0.8920854338854537, "improv": 3.3536564368931554, "determin": 3.009560275161283, "subset": 4.545794783572089, "valu": 11.108122367163686, "assum": 8.717166482967883, "variabl": 6.218621355856685, "take": 4.160132302760104, "small": 3.594818493710043, "discret": 4.814058770166768, "set": 2.554702411723542, "common": 3.9450209231431583, "paramet": 3.7816958670398586, "label": 5.238941964132033, "pascal": 7.379008127628304, "enumer": 5.433097978572992, "type": 3.144901623031045, "cacm": 0.00031215857909170155, "septemb": 2.546702369056466, "walter": 6.68586094706836}