{"insert": 9.8733221845182, "techniqu": 2.240272830904733, "side": 5.299566585948469, "height": 12.252490318265874, "balanc": 10.152846069268518, "tree": 7.16703787691222, "restrict": 8.320264605520208, "binari": 3.8094754311469345, "present": 1.8221800659287668, "seen": 6.126245159132937, "reduc": 3.641338509344936, "extra": 12.252490318265874, "memori": 3.137681375057558, "requir": 4.777151081699136, "half": 4.739950798013046, "bit": 3.977810745966149, "node": 8.869138296923728, "maintain": 4.638168103703103, "fast": 3.9450209231431583, "search": 3.47703545805366, "capabl": 3.8094754311469345, "cost": 3.518278416587709, "increas": 3.6295040516979333, "time": 2.0511319588387233, "cacm": 0.00031215857909170155, "august": 2.3750618216828454, "hirschberg": 5.992713766508414}