{"algorithm": 0.8920854338854537, "partial": 4.287965674269989, "sort": 3.8825005661618244, "m1": 5.433097978572992, "cacm": 0.00031215857909170155, "chamber": 6.68586094706836}