{"remark": 4.57564774672177, "sampl": 4.310955192494688, "tape": 4.046803617453101, "cacm": 0.00031215857909170155, "octob": 2.4849066497880004, "muller": 5.992713766508414}