{"numer": 6.409241715465335, "solut": 8.291662832361135, "point": 6.031819005679884, "boundari": 9.341915853052189, "problem": 3.9302648408919914, "linear": 9.545418539899488, "ordinari": 8.869138296923728, "differenti": 7.858041163593434, "equat": 9.327932033785029, "method": 3.7071103769930414, "homogen": 6.462717395754149, "develop": 2.4267084105450123, "requir": 2.388575540849568, "rung": 5.87493073085203, "kutta": 5.58724865840025, "integr": 2.984558972955866, "interv": 4.48863636973214, "consider": 3.8977680382926128, "system": 1.55744261731572, "unknown": 5.769570215194204, "cacm": 0.00031215857909170155, "april": 2.4231810700270437, "day": 5.507205950726713}