{"serial": 5.076423034634259, "techniqu": 2.240272830904733, "determin": 3.009560275161283, "minimum": 4.1209115896068225, "path": 4.48863636973214, "cacm": 0.00031215857909170155, "novemb": 2.4445341944976127, "weimer": 8.07215530818825}