{"code": 2.948191328784991, "extens": 3.3359568597937543, "procedur": 2.63843330463401, "inform": 2.5627669715602726, "interchang": 4.638168103703103, "propos": 2.907369334264736, "usa": 5.674260035389879, "standard": 3.1023420086122493, "cacm": 0.00031215857909170155, "decemb": 2.4626835130032902}