{"gener": 1.8279884075245136, "permut": 8.575931348539978, "nest": 5.076423034634259, "cycl": 5.027632870464827, "purpos": 3.2599709528158325, "letter": 5.769570215194204, "two_fold": 8.07215530818825, "give": 4.287965674269989, "due": 4.9811128548299335, "credit": 6.68586094706836, "tompkin": 7.379008127628304, "paig": 8.07215530818825, "algorithm": 0.8920854338854537, "clarifi": 5.674260035389879, "comment": 4.064822122955779, "hill": 4.814058770166768, "cr": 8.07215530818825, "review": 4.48863636973214, "program": 1.438836874907873, "cacm": 0.00031215857909170155, "june": 2.3717117347975636, "langdon": 7.379008127628304, "glen": 8.07215530818825}