{"dimension": 16.974055646796618, "code": 23.585530630279926, "detect": 17.24382076997875, "correct": 14.518016206791733, "multipl": 7.16703787691222, "error": 12.193099149367894, "paper": 3.9616908522211034, "introduc": 7.676097607181981, "famili": 10.055265740929654, "binari": 3.8094754311469345, "messag": 10.255432658043619, "arrang": 4.9366610922591, "conceptu": 5.181783550292085, "multidimension": 11.74986146170406, "rectangular": 5.299566585948469, "array": 8.668971379809763, "process": 2.1750014405515095, "encod": 5.127716329021809, "base": 2.701517280060587, "pariti": 27.89417207808056, "evalu": 6.275362750115116, "prescrib": 6.126245159132937, "dimens": 10.36356710058417, "effect": 3.0954215657676754, "increas": 3.6295040516979333, "system": 1.55744261731572, "check": 9.091589567144178, "bit": 11.933432237898447, "essenti": 4.434569148461864, "discuss": 4.394449154672439, "horizont": 6.126245159132937, "vertic": 5.433097978572992, "main": 4.029104040353699, "diagon": 6.126245159132937, "restrict": 4.160132302760104, "evidenc": 8.07215530818825, "minnick": 8.07215530818825, "ashenhurst": 6.97354301952014, "similar": 3.7954891891721947, "singl": 3.7546671946519394, "select": 3.617808011934742, "plan": 4.638168103703103, "purpos": 3.2599709528158325, "develop": 2.4267084105450123, "extens": 3.3359568597937543, "higher": 4.814058770166768, "greater": 4.853279483320049, "power": 3.7680902149840803, "straightforward": 5.433097978572992, "cacm": 0.00031215857909170155, "decemb": 2.4626835130032902, "rubinoff": 6.68586094706836}