{"legendr": 5.58724865840025, "function": 2.2610143152115496, "argument": 4.77631844218392, "larger": 4.9366610922591, "algorithm": 0.8920854338854537, "s16": 7.379008127628304, "cacm": 0.00031215857909170155, "august": 2.3750618216828454, "gautschi": 5.433097978572992}