{"gener": 3.6559768150490273, "random": 3.6062471895336663, "number": 2.2028583950544753, "algorithm": 0.8920854338854537, "g5": 5.238941964132033, "cacm": 0.00031215857909170155, "januari": 2.6297375976664563, "butler": 7.379008127628304}