{"revers": 5.299566585948469, "seri": 3.8825005661618244, "algorithm": 0.8920854338854537, "cacm": 0.00031215857909170155, "juli": 2.3683728335320486, "fetti": 6.68586094706836}