{"integr": 5.969117945911732, "equat": 6.218621355856685, "immunolog": 8.07215530818825, "invers": 3.867462688797284, "fredholm": 8.07215530818825, "kind": 4.408593662058603, "basic": 3.4181949580307265, "problem": 1.9651324204459957, "consid": 3.152174382360125, "strategi": 4.6709579265260945, "yield": 4.545794783572089, "success": 4.083171261623976, "consist": 3.823660066138891, "essenti": 4.434569148461864, "point": 3.015909502839942, "fit": 3.9946178642825303, "known": 3.7027074557212285, "experiment": 7.734925377594568, "data": 4.333586920267359, "curv": 4.1803350100776235, "properti": 7.0791116300699874, "deriv": 3.2930318150767204, "unknown": 17.30871064558261, "function": 6.783042945634649, "stabil": 5.58724865840025, "comput": 1.3117406171048218, "singular": 5.992713766508414, "decomposit": 5.181783550292085, "constrain": 5.58724865840025, "approxim": 3.380807425959106, "repres": 3.6062471895336663, "probabl": 4.222007706478191, "distribut": 3.497444329684867, "nonneg": 8.07215530818825, "number": 2.2028583950544753, "test": 3.0817227214095135, "case": 3.2123429038265776, "present": 3.6443601318575336, "set": 2.554702411723542, "actual": 4.287965674269989, "analyz": 3.5503667311392095, "procedur": 2.63843330463401, "cacm": 0.00031215857909170155, "octob": 2.4849066497880004, "hanson": 5.992713766508414}