{"standard": 3.1023420086122493, "handwritten": 7.379008127628304, "cacm": 0.00031215857909170155, "august": 2.3750618216828454, "bemer": 5.58724865840025}