{"present": 1.8221800659287668, "futur": 4.222007706478191, "scientif": 4.9366610922591, "comput": 2.6234812342096436, "pessimist": 8.07215530818825, "forecast": 6.68586094706836, "expect": 4.334485689904882, "happen": 6.280395838960195, "applic": 2.481168327677393, "physic": 4.57564774672177, "scienc": 3.977810745966149, "cacm": 0.00031215857909170155, "juli": 2.3683728335320486, "rice": 6.68586094706836}