{"cope": 13.37172189413672, "consol": 11.014411901453427, "oper": 11.350184664055936, "profici": 13.94708603904028, "examin": 10.924015528034808, "year": 4.160132302760104, "electron": 5.181783550292085, "comput": 3.9352218513144654, "sophist": 5.076423034634259, "program": 4.31651062472362, "process": 2.1750014405515095, "complex": 3.137681375057558, "depend": 3.929020581796717, "skill": 6.280395838960195, "experi": 3.4669851222001586, "increas": 3.6295040516979333, "time": 2.0511319588387233, "select": 3.617808011934742, "train": 10.72821021417208, "qualifi": 6.68586094706836, "grow": 5.127716329021809, "difficult": 4.57564774672177, "meet": 5.299566585948469, "need": 3.251873742583213, "quick": 6.280395838960195, "accur": 4.739950798013046, "uniform": 4.853279483320049, "test": 3.0817227214095135, "aid": 4.029104040353699, "author": 4.287965674269989, "develop": 4.853416821090025, "outlin": 4.160132302760104, "specif": 3.227968221729659, "ibm": 3.518278416587709, "model": 2.996981492954423, "ii": 4.140329675463924, "tape": 4.046803617453101, "record": 3.867462688797284, "coordin": 4.853279483320049, "similar": 3.7954891891721947, "cacm": 0.00031215857909170155, "decemb": 2.4626835130032902, "farbman": 8.07215530818825, "ketov": 8.07215530818825}