{"group": 4.1803350100776235, "particip": 5.507205950726713, "comput": 1.3117406171048218, "demonstr": 4.0117122976418305, "cacm": 0.00031215857909170155, "octob": 2.4849066497880004, "mccormick": 8.07215530818825}