{"modular": 5.992713766508414, "comput": 14.42914678815304, "share": 10.461563488553033, "system": 10.90209832121004, "altern": 3.9612814440149386, "approach": 6.348631016474677, "design": 2.4924254822020275, "organ": 10.52342135016124, "gener": 1.8279884075245136, "purpos": 3.2599709528158325, "interact": 3.6654360609239967, "multitermin": 7.379008127628304, "present": 1.8221800659287668, "conceptu": 5.181783550292085, "simpl": 6.019120550322566, "arrang": 4.9366610922591, "bank": 5.674260035389879, "interchang": 4.638168103703103, "memori": 3.137681375057558, "processor": 3.7154464814986583, "pair": 4.9811128548299335, "assign": 4.064822122955779, "process": 2.1750014405515095, "termin": 24.611180367816768, "job": 4.6064194053885235, "arriv": 5.36410510708604, "serv": 4.57564774672177, "master": 6.126245159132937, "control": 2.954161495771495, "supervis": 6.97354301952014, "collect": 4.222007706478191, "distribut": 3.497444329684867, "messag": 5.127716329021809, "remot": 10.255432658043619, "simplest": 8.07215530818825, "form": 3.0954215657676754, "disk": 14.114578434605328, "drive": 16.52161785218014, "connect": 8.621910384989375, "crosspoint": 8.07215530818825, "switch": 5.36410510708604, "network": 3.9450209231431583, "activ": 3.977810745966149, "user": 15.274377356866628, "occupi": 6.280395838960195, "dedic": 12.925434791508298, "manner": 4.6064194053885235, "ratio": 5.127716329021809, "depend": 3.929020581796717, "size": 6.855528818093754, "power": 3.7680902149840803, "machin": 2.918863713690471, "requir": 2.388575540849568, "mix": 4.9811128548299335, "inher": 5.36410510708604, "simpler": 5.674260035389879, "reliabl": 4.77631844218392, "time": 2.0511319588387233, "potenti": 4.6709579265260945, "highli": 4.638168103703103, "low": 4.383275854074314, "cost": 3.518278416587709, "econom": 4.6709579265260945, "configur": 4.739950798013046, "rang": 4.222007706478191, "span": 5.299566585948469, "order": 2.93049175168559, "magnitud": 5.992713766508414, "final": 3.7680902149840803, "problem": 1.9651324204459957, "program": 1.438836874907873, "develop": 2.4267084105450123, "run": 3.6777061535158113, "batch": 4.853279483320049, "compat": 4.853279483320049, "cacm": 0.00031215857909170155, "octob": 2.4849066497880004, "baskin": 8.07215530818825, "horowitz": 6.462717395754149, "tennison": 8.07215530818825, "rittenhous": 8.07215530818825}