{"evolut": 5.87493073085203, "sperri": 14.758016255256608, "univac": 11.539140430388407, "seri": 15.530002264647297, "tori": 6.68586094706836, "analysi": 2.7738379416402132, "project": 4.222007706478191, "system": 6.22977046926288, "larg": 2.8791984572980396, "scale": 4.287965674269989, "main": 4.029104040353699, "frame": 5.58724865840025, "comput": 2.6234812342096436, "begin": 5.238941964132033, "progress": 5.181783550292085, "success": 4.083171261623976, "compat": 4.853279483320049, "model": 2.996981492954423, "latest": 7.379008127628304, "introduc": 3.8380488035909903, "hardwar": 3.8825005661618244, "architectur": 5.076423034634259, "base": 2.701517280060587, "bit": 3.977810745966149, "word": 3.7546671946519394, "complement": 5.674260035389879, "structur": 2.473733349189875, "obtain": 3.116328250586989, "operand": 11.985427533016829, "storag": 2.7394365149228808, "high": 7.355412307031623, "speed": 7.647320132277782, "regist": 10.055265740929654, "oper": 2.270036932811187, "design": 2.4924254822020275, "support": 4.434569148461864, "symmetr": 4.57564774672177, "multiprocessor": 5.433097978572992, "configur": 4.739950798013046, "simultan": 4.1803350100776235, "provid": 3.015909502839942, "multiprogram": 4.160132302760104, "batch": 4.853279483320049, "timeshar": 6.97354301952014, "transact": 5.433097978572992, "environ": 3.7680902149840803, "cacm": 0.00031215857909170155, "januari": 2.6297375976664563, "borgherson": 8.07215530818825, "hanson": 5.992713766508414, "hartley": 7.379008127628304}