{"groov": 8.07215530818825, "program": 4.31651062472362, "compos": 5.433097978572992, "store": 14.115442103672983, "edit": 9.479901596026092, "function": 20.349128836903947, "time": 10.255659794193617, "make": 3.380807425959106, "creat": 8.817187324117207, "reproduc": 6.68586094706836, "typic": 4.461237395544026, "gener": 1.8279884075245136, "human": 13.55042174009651, "be": 8.07215530818825, "multipl": 3.58351893845611, "produc": 3.427764409046877, "long": 4.638168103703103, "period": 4.77631844218392, "hour": 6.280395838960195, "suffici": 4.26549281841793, "high": 3.6777061535158113, "sampl": 8.621910384989375, "rate": 4.408593662058603, "describ": 3.0954215657676754, "fast": 3.9450209231431583, "reaction": 6.126245159132937, "varieti": 4.1209115896068225, "purpos": 3.2599709528158325, "control": 8.862484487314486, "machin": 5.837727427380942, "tool": 4.638168103703103, "sound": 5.87493073085203, "synthes": 5.674260035389879, "person": 5.507205950726713, "oper": 2.270036932811187, "small": 3.594818493710043, "comput": 3.9352218513144654, "ddp": 7.379008127628304, "disk": 4.704859478201776, "real": 7.015614233440827, "input": 3.116328250586989, "interact": 7.330872121847993, "feedback": 5.992713766508414, "process": 2.1750014405515095, "import": 3.497444329684867, "link": 4.358583241483942, "system": 1.55744261731572, "environ": 3.7680902149840803, "effect": 3.0954215657676754, "man": 4.739950798013046, "care": 5.181783550292085, "nurtur": 8.07215530818825, "cacm": 0.00031215857909170155, "decemb": 2.4626835130032902, "mathew": 7.379008127628304, "moor": 5.507205950726713}