{"construct": 9.568060156805636, "repres": 10.818741568600998, "synthet": 25.850869583016596, "workload": 71.91256519810096, "gener": 3.6559768150490273, "method": 3.7071103769930414, "drive": 22.028823802906853, "real": 14.031228466881654, "character": 4.9811128548299335, "demand": 4.853279483320049, "system": 3.11488523463144, "resourc": 4.287965674269989, "characterist": 14.518016206791733, "obtain": 3.116328250586989, "account": 4.739950798013046, "data": 2.1667934601336793, "determin": 6.019120550322566, "match": 4.5168072466988365, "joint": 6.280395838960195, "probabl": 4.222007706478191, "densiti": 5.507205950726713, "realiz": 5.027632870464827, "program": 2.877673749815746, "vari": 9.409718956403552, "paramet": 7.563391734079717, "calibr": 8.07215530818825, "experi": 3.4669851222001586, "conduct": 5.238941964132033, "express": 3.1595004224521976, "relat": 3.144901623031045, "appli": 3.2681342634549932, "case": 3.2123429038265776, "variabl": 3.1093106779283426, "cpu": 5.127716329021809, "second": 8.07215530818825, "number": 2.2028583950544753, "activ": 3.977810745966149, "job": 9.212838810777047, "month": 5.769570215194204, "consist": 3.823660066138891, "cacm": 0.00031215857909170155, "march": 2.546702369056466, "sreenivasan": 8.07215530818825, "kleinman": 7.379008127628304}