{"obtain": 6.232656501173978, "correct": 7.259008103395867, "input": 6.232656501173978, "approach": 3.1743155082373384, "inform": 2.5627669715602726, "put": 5.674260035389879, "machin": 5.837727427380942, "readabl": 5.992713766508414, "form": 3.0954215657676754, "scientif": 4.9366610922591, "busi": 4.814058770166768, "origin": 4.2435139116991545, "keypunch": 13.94708603904028, "paper": 1.9808454261105517, "address": 3.913272224828578, "difficulti": 4.57564774672177, "correctli": 5.674260035389879, "key": 4.064822122955779, "verifi": 5.507205950726713, "data": 2.1667934601336793, "altern": 3.9612814440149386, "method": 1.8535551884965207, "suggest": 3.399326473726344, "comput": 1.3117406171048218, "rule": 3.47703545805366, "possibl": 4.77631844218392, "error": 6.096549574683947, "techniqu": 2.240272830904733, "explain": 4.6709579265260945, "illustr": 3.47703545805366, "refer": 3.823660066138891, "work": 3.344767489475909, "program": 1.438836874907873, "involv": 3.4570347913469903, "essenti": 4.434569148461864, "phase": 15.08289861139448, "detect": 4.310955192494688, "subsequ": 5.181783550292085, "cacm": 0.00031215857909170155, "juli": 2.3683728335320486, "kennedi": 6.97354301952014}