{"count": 14.809983276777299, "larg": 5.758396914596079, "number": 6.608575185163426, "event": 13.22578098617581, "small": 7.189636987420086, "regist": 5.027632870464827, "counter": 11.985427533016829, "approxim": 3.380807425959106, "result": 2.3750618216828454, "expect": 8.668971379809763, "error": 9.14482436202592, "precis": 4.064822122955779, "control": 2.954161495771495, "bit": 3.977810745966149, "byte": 6.126245159132937, "track": 5.58724865840025, "rel": 8.401908594560718, "substanti": 4.6709579265260945, "independ": 3.8094754311469345, "percent": 9.628117540333536, "time": 2.0511319588387233, "techniqu": 2.240272830904733, "advantag": 3.7027074557212285, "multichannel": 8.07215530818825, "hardwar": 3.8825005661618244, "softwar": 3.929020581796717, "monitor": 4.638168103703103, "experi": 3.4669851222001586, "process": 2.1750014405515095, "cacm": 0.00031215857909170155, "octob": 2.4849066497880004, "morri": 5.299566585948469}