{"program": 4.31651062472362, "data": 6.5003803804010385, "flow": 9.409718956403552, "analysi": 5.5476758832804265, "procedur": 7.915299913902031, "global": 5.127716329021809, "relationship": 4.222007706478191, "expos": 6.68586094706836, "codifi": 8.07215530818825, "static": 5.36410510708604, "method": 1.8535551884965207, "paper": 1.9808454261105517, "determin": 3.009560275161283, "definit": 7.355412307031623, "possibl": 4.77631844218392, "reach": 5.87493073085203, "node": 4.434569148461864, "control": 2.954161495771495, "graph": 12.087312121061098, "live": 6.126245159132937, "edg": 10.477883928264067, "interv": 4.48863636973214, "order": 2.93049175168559, "list": 3.189353385601879, "structur": 2.473733349189875, "handl": 3.7154464814986583, "reduc": 3.641338509344936, "irreduc": 7.379008127628304, "indistinguish": 6.68586094706836, "cacm": 0.00031215857909170155, "march": 2.546702369056466, "allen": 6.97354301952014, "cock": 6.68586094706836}