{"comment": 4.064822122955779, "work": 3.344767489475909, "set": 2.554702411723542, "model": 2.996981492954423, "program": 1.438836874907873, "behavior": 4.334485689904882, "cacm": 0.00031215857909170155, "novemb": 2.4445341944976127, "bernstein": 6.126245159132937}