{"modular": 5.992713766508414, "hierarchi": 10.477883928264067, "famili": 15.08289861139448, "oper": 4.540073865622374, "system": 4.67232785194716, "paper": 1.9808454261105517, "describ": 3.0954215657676754, "design": 2.4924254822020275, "philosophi": 5.238941964132033, "construct": 3.189353385601879, "shown": 2.7940406489577327, "concept": 3.4181949580307265, "modul": 10.36356710058417, "level": 6.5362685269099865, "coincid": 6.97354301952014, "function": 2.2610143152115496, "member": 5.299566585948469, "share": 3.4871878295176777, "softwar": 3.929020581796717, "result": 2.3750618216828454, "implement": 2.570897097643523, "run": 3.6777061535158113, "time": 2.0511319588387233, "lowest": 6.68586094706836, "cacm": 0.00031215857909170155, "habermann": 6.462717395754149, "flon": 8.07215530818825, "cooprid": 8.07215530818825}