{"note": 6.994888659369734, "confin": 12.252490318265874, "problem": 5.895397261337987, "explor": 5.181783550292085, "program": 2.877673749815746, "execut": 3.2358734012367716, "transmit": 5.299566585948469, "inform": 5.125533943120545, "caller": 8.07215530818825, "set": 2.554702411723542, "exampl": 3.371674942395834, "attempt": 4.1209115896068225, "stake": 8.07215530818825, "boundari": 4.6709579265260945, "condit": 3.39002408106403, "solut": 2.763887610787045, "state": 3.852647603012143, "justifi": 5.58724865840025, "cacm": 0.00031215857909170155, "octob": 2.4849066497880004, "lampson": 6.462717395754149}