{"note": 3.497444329684867, "gener": 1.8279884075245136, "rosari": 6.97354301952014, "permut": 4.287965674269989, "cacm": 0.00031215857909170155, "august": 2.3750618216828454, "read": 4.57564774672177}