{"gener": 1.8279884075245136, "perform": 11.237860477133458, "analysi": 8.32151382492064, "key": 32.518576983646234, "address": 7.826544449657156, "transform": 18.327180304619983, "method": 11.121331130979124, "abstract": 4.434569148461864, "concept": 3.4181949580307265, "paper": 1.9808454261105517, "present": 1.8221800659287668, "approach": 9.522946524712015, "assum": 4.358583241483942, "select": 14.471232047738969, "space": 6.994888659369734, "accord": 9.8733221845182, "probabilist": 6.126245159132937, "algorithm": 1.7841708677709074, "number": 2.2028583950544753, "suitabl": 4.1803350100776235, "weight": 4.77631844218392, "averag": 4.26549281841793, "potenti": 4.6709579265260945, "classifi": 5.674260035389879, "distribut": 3.497444329684867, "partial": 4.287965674269989, "identifi": 4.140329675463924, "analyt": 4.461237395544026, "appli": 3.2681342634549932, "group": 4.1803350100776235, "randomli": 6.280395838960195, "cacm": 0.00031215857909170155, "octob": 2.4849066497880004, "lum": 6.126245159132937}