{"manag": 40.46803617453101, "util": 3.6901286735143684, "comput": 9.182184319733754, "american": 4.358583241483942, "local": 14.012873779578284, "govern": 20.72713420116834, "tradit": 5.36410510708604, "concept": 3.4181949580307265, "inform": 7.688300914680818, "system": 4.67232785194716, "mi": 7.379008127628304, "bear": 6.68586094706836, "relat": 3.144901623031045, "top": 15.545350650876255, "exist": 3.572345637857985, "orient": 3.977810745966149, "involv": 6.914069582693981, "unsophist": 16.1443106163765, "applic": 2.481168327677393, "despit": 6.280395838960195, "natur": 3.7027074557212285, "surprisingli": 6.280395838960195, "common": 3.9450209231431583, "vari": 4.704859478201776, "extent": 5.299566585948469, "preval": 7.379008127628304, "profession": 5.027632870464827, "practic": 3.617808011934742, "support": 4.434569148461864, "tend": 5.299566585948469, "control": 5.90832299154299, "decis": 7.7955360765852255, "depart": 5.181783550292085, "user": 3.0548754713733257, "design": 2.4924254822020275, "implement": 2.570897097643523, "activ": 3.977810745966149, "final": 3.7680902149840803, "clearli": 6.280395838960195, "impact": 5.076423034634259, "improv": 3.3536564368931554, "cacm": 0.00031215857909170155, "march": 2.546702369056466, "dutton": 7.379008127628304, "kraemer": 6.97354301952014}