{"comparison": 11.070386020543104, "multivari": 14.758016255256608, "normal": 7.858041163593434, "gener": 7.3119536300980545, "method": 9.267775942482604, "outcom": 7.379008127628304, "random": 7.212494379067333, "vector": 4.545794783572089, "varianc": 4.9811128548299335, "covari": 13.37172189413672, "matrix": 6.275362750115116, "present": 1.8221800659287668, "made": 3.2046208577326674, "determin": 3.009560275161283, "requir": 4.777151081699136, "comput": 2.6234812342096436, "execut": 3.2358734012367716, "time": 4.102263917677447, "memori": 6.275362750115116, "space": 6.994888659369734, "util": 3.6901286735143684, "ibm": 3.518278416587709, "basi": 4.029104040353699, "standard": 3.1023420086122493, "gaussian": 5.299566585948469, "number": 2.2028583950544753, "result": 2.3750618216828454, "base": 2.701517280060587, "triangular": 6.126245159132937, "factor": 3.852647603012143, "cacm": 0.00031215857909170155, "decemb": 2.4626835130032902, "barr": 8.07215530818825, "sezak": 8.07215530818825}