{"understand": 4.704859478201776, "data": 6.5003803804010385, "structur": 7.421200047569625, "paper": 1.9808454261105517, "present": 1.8221800659287668, "notat": 4.434569148461864, "formal": 3.728349886334566, "describ": 3.0954215657676754, "semant": 8.575931348539978, "base": 2.701517280060587, "direct": 3.58351893845611, "graph": 12.087312121061098, "name": 5.433097978572992, "edg": 5.238941964132033, "transform": 3.6654360609239967, "addit": 3.318565117081885, "implement": 5.141794195287046, "facil": 3.8977680382926128, "part": 3.371674942395834, "program": 1.438836874907873, "languag": 2.1750014405515095, "programm": 3.977810745966149, "express": 3.1595004224521976, "algorithm": 0.8920854338854537, "term": 3.2763647625915087, "order": 2.93049175168559, "gain": 5.127716329021809, "effici": 2.7108631424788245, "cacm": 0.00031215857909170155, "octob": 2.4849066497880004, "earley": 6.462717395754149}