{"languag": 4.350002881103019, "independ": 3.8094754311469345, "macro": 14.559838449960148, "processor": 7.430892962997317, "sourc": 4.101863394636128, "featur": 3.399326473726344, "facil": 3.8977680382926128, "abil": 4.739950798013046, "make": 3.380807425959106, "arbitrari": 4.160132302760104, "transform": 3.6654360609239967, "argument": 4.77631844218392, "string": 3.7027074557212285, "program": 1.438836874907873, "basser": 8.07215530818825, "comput": 1.3117406171048218, "depart": 5.181783550292085, "univers": 3.9946178642825303, "sydney": 16.1443106163765, "australia": 8.07215530818825, "process": 2.1750014405515095, "text": 4.083171261623976, "compil": 3.074943034424135, "cacm": 0.00031215857909170155, "juli": 2.3683728335320486, "wait": 5.36410510708604}