{"permut": 12.863897022809967, "data": 2.1667934601336793, "block": 3.929020581796717, "bubbl": 14.758016255256608, "memori": 6.275362750115116, "common": 3.9450209231431583, "intern": 4.26549281841793, "organ": 3.5078071167204135, "consist": 3.823660066138891, "set": 2.554702411723542, "minor": 11.985427533016829, "loop": 14.219852394039139, "connect": 4.310955192494688, "major": 3.867462688797284, "problem": 1.9651324204459957, "obtain": 3.116328250586989, "give": 4.287965674269989, "content": 4.638168103703103, "minimum": 4.1209115896068225, "time": 2.0511319588387233, "studi": 3.227968221729659, "paper": 1.9808454261105517, "lower": 5.238941964132033, "bound": 3.8380488035909903, "number": 2.2028583950544753, "step": 4.0117122976418305, "requir": 2.388575540849568, "buy": 7.379008127628304, "algorithm": 1.7841708677709074, "deriv": 3.2930318150767204, "class": 3.427764409046877, "optimum": 4.704859478201776, "identifi": 4.140329675463924, "cacm": 0.00031215857909170155, "januari": 2.6297375976664563, "bongiovanni": 8.07215530818825, "luccio": 6.68586094706836}