{"experi": 3.4669851222001586, "autom": 4.57564774672177, "instruct": 15.469850755189135, "system": 7.787213086578601, "numer": 6.409241715465335, "method": 3.7071103769930414, "comput": 2.6234812342096436, "develop": 2.4267084105450123, "purdu": 6.68586094706836, "univers": 3.9946178642825303, "teach": 5.181783550292085, "portion": 4.894101477840304, "undergradu": 5.674260035389879, "cours": 8.97727273946428, "unit": 4.2435139116991545, "lesson": 6.97354301952014, "divid": 4.739950798013046, "mode": 4.77631844218392, "allow": 3.867462688797284, "student": 17.24382076997875, "press": 6.68586094706836, "control": 5.90832299154299, "present": 1.8221800659287668, "investig": 4.26549281841793, "design": 2.4924254822020275, "classroom": 14.758016255256608, "independ": 7.618950862293869, "studi": 3.227968221729659, "semest": 8.07215530818825, "lieu": 8.07215530818825, "convent": 3.8380488035909903, "initi": 4.2435139116991545, "measur": 3.8380488035909903, "effect": 3.0954215657676754, "accept": 4.57564774672177, "oper": 4.540073865622374, "cost": 3.518278416587709, "result": 2.3750618216828454, "test": 3.0817227214095135, "instructor": 6.68586094706836, "intervent": 7.379008127628304, "cdc": 5.181783550292085, "teletyp": 6.462717395754149, "termin": 4.101863394636128, "cacm": 0.00031215857909170155, "octob": 2.4849066497880004, "oldehoeft": 7.379008127628304, "cont": 6.280395838960195}