{"rough": 6.280395838960195, "readi": 6.126245159132937, "error": 3.0482747873419735, "estim": 3.929020581796717, "gaussian": 5.299566585948469, "integr": 2.984558972955866, "analyt": 4.461237395544026, "function": 2.2610143152115496, "cacm": 0.00031215857909170155, "rabinowitz": 6.280395838960195}