{"stop": 6.280395838960195, "criterion": 5.58724865840025, "newton": 4.9366610922591, "raphson": 6.280395838960195, "method": 1.8535551884965207, "implicit": 5.507205950726713, "multistep": 6.97354301952014, "integr": 2.984558972955866, "algorithm": 0.8920854338854537, "nonlinear": 4.704859478201776, "system": 1.55744261731572, "ordinari": 4.434569148461864, "differenti": 3.929020581796717, "equat": 3.1093106779283426, "cacm": 0.00031215857909170155, "septemb": 2.546702369056466, "linig": 7.379008127628304}