{"damp": 7.379008127628304, "taylor": 5.58724865840025, "seri": 3.8825005661618244, "method": 1.8535551884965207, "minim": 3.39002408106403, "sum": 4.545794783572089, "squar": 3.6295040516979333, "solv": 3.5078071167204135, "system": 1.55744261731572, "nonlinear": 4.704859478201776, "equat": 3.1093106779283426, "algorithm": 0.8920854338854537, "e4": 5.433097978572992, "c5": 5.87493073085203, "cacm": 0.00031215857909170155, "septemb": 2.546702369056466, "silverman": 8.07215530818825}