{"modifi": 3.8977680382926128, "graeffe": 8.07215530818825, "method": 1.8535551884965207, "algorithm": 0.8920854338854537, "c2": 5.87493073085203, "cacm": 0.00031215857909170155, "septemb": 2.546702369056466, "stern": 8.07215530818825}