{"studi": 9.683904665188976, "error": 48.77239659747158, "prone": 20.920629058560422, "diagnosi": 11.74986146170406, "cobol": 36.36635826857671, "paper": 1.9808454261105517, "data": 2.1667934601336793, "frequenc": 14.219852394039139, "correct": 10.8885121550938, "student": 8.621910384989375, "orient": 3.977810745966149, "compil": 3.074943034424135, "improv": 3.3536564368931554, "teach": 5.181783550292085, "program": 1.438836874907873, "languag": 2.1750014405515095, "econom": 4.6709579265260945, "import": 3.497444329684867, "widespread": 5.769570215194204, "usag": 13.81925821616557, "includ": 2.7688504001291743, "design": 4.984850964404055, "lack": 5.58724865840025, "research": 7.955621491932298, "type": 9.434704869093135, "identifi": 4.140329675463924, "pilot": 6.97354301952014, "found": 7.705295206024286, "classifi": 11.348520070779758, "run": 3.6777061535158113, "densiti": 5.507205950726713, "high": 11.033118460547435, "percent": 19.25623508066707, "contain": 5.181783550292085, "total": 4.1803350100776235, "impli": 22.028823802906853, "potenti": 4.6709579265260945, "effect": 3.0954215657676754, "softwar": 3.929020581796717, "base": 2.701517280060587, "surprisingli": 6.280395838960195, "minim": 6.78004816212806, "induc": 5.87493073085203, "misspel": 13.37172189413672, "categori": 6.126245159132937, "previou": 4.434569148461864, "exist": 3.572345637857985, "algorithm": 0.8920854338854537, "reserv": 11.74986146170406, "word": 7.509334389303879, "interfer": 5.769570215194204, "inaccur": 7.379008127628304, "feedback": 5.992713766508414, "optim": 3.1743155082373384, "user": 6.109750942746651, "learn": 4.894101477840304, "cacm": 0.00031215857909170155, "januari": 2.6297375976664563, "litecki": 8.07215530818825, "davi": 6.462717395754149}