{"variabl": 15.546553389641712, "width": 20.920629058560422, "stack": 21.198266343793875, "charact": 3.6654360609239967, "address": 3.913272224828578, "field": 11.983853592847591, "comput": 1.3117406171048218, "permit": 3.572345637857985, "readi": 6.126245159132937, "establish": 4.408593662058603, "manipul": 3.437426319958614, "singl": 3.7546671946519394, "machin": 11.675454854761885, "command": 9.15129549344354, "push": 13.94708603904028, "item": 8.575931348539978, "pop": 14.758016255256608, "avail": 5.769570215194204, "varieti": 4.1209115896068225, "delimit": 6.97354301952014, "oper": 2.270036932811187, "made": 3.2046208577326674, "basi": 4.029104040353699, "compil": 6.14988606884827, "decod": 6.126245159132937, "algorithm": 0.8920854338854537, "proper": 5.076423034634259, "class": 3.427764409046877, "advantag": 3.7027074557212285, "fix": 4.064822122955779, "length": 3.7954891891721947, "word": 3.7546671946519394, "cacm": 0.00031215857909170155, "octob": 2.4849066497880004, "rotenberg": 6.97354301952014, "opler": 6.68586094706836}