{"machin": 2.918863713690471, "line": 3.5288605259182457, "cobol": 13.637384350716268, "product": 3.9946178642825303, "larg": 2.8791984572980396, "mainten": 5.507205950726713, "retriev": 3.594818493710043, "program": 1.438836874907873, "system": 3.11488523463144, "written": 3.728349886334566, "languag": 2.1750014405515095, "specif": 3.227968221729659, "enabl": 4.5168072466988365, "oper": 2.270036932811187, "ibm": 3.518278416587709, "comput": 1.3117406171048218, "cacm": 0.00031215857909170155, "decemb": 2.4626835130032902, "frederick": 6.97354301952014, "warburtin": 8.07215530818825}