{"syntax": 16.116416161414797, "macro": 24.26639741660025, "extend": 7.7955360765852255, "translat": 7.380257347028737, "approach": 3.1743155082373384, "semant": 4.287965674269989, "high": 3.6777061535158113, "level": 3.2681342634549932, "base": 10.806069120242348, "languag": 4.350002881103019, "formal": 3.728349886334566, "call": 3.4087162140761826, "defin": 3.1595004224521976, "string": 3.7027074557212285, "transform": 3.6654360609239967, "syntact": 4.26549281841793, "element": 3.8825005661618244, "type": 3.144901623031045, "discuss": 2.1972245773362196, "exampl": 3.371674942395834, "condit": 3.39002408106403, "gener": 1.8279884075245136, "option": 5.769570215194204, "altern": 3.9612814440149386, "recogn": 5.027632870464827, "scan": 4.894101477840304, "cacm": 0.00031215857909170155, "novemb": 2.4445341944976127, "leavenworth": 6.462717395754149}