{"consecut": 11.74986146170406, "storag": 5.4788730298457615, "relev": 10.055265740929654, "record": 7.734925377594568, "redund": 24.90556427414967, "paper": 1.9808454261105517, "studi": 3.227968221729659, "properti": 3.5395558150349937, "class": 3.427764409046877, "organ": 17.539035583602068, "crwr": 24.21646592456475, "queri": 14.219852394039139, "store": 3.5288605259182457, "locat": 4.140329675463924, "theorem": 9.033614493397673, "provid": 3.015909502839942, "tool": 4.638168103703103, "reduc": 3.641338509344936, "develop": 4.853416821090025, "obtain": 3.116328250586989, "applic": 2.481168327677393, "compar": 3.227968221729659, "invert": 5.299566585948469, "minimum": 4.1209115896068225, "set": 2.554702411723542, "key": 4.064822122955779, "cacm": 0.00031215857909170155, "august": 2.3750618216828454, "ghosh": 7.379008127628304}