{"note": 3.497444329684867, "empir": 4.358583241483942, "bound": 3.8380488035909903, "gener": 1.8279884075245136, "bessel": 5.127716329021809, "function": 2.2610143152115496, "cacm": 0.00031215857909170155, "randel": 6.126245159132937, "reev": 5.87493073085203}