{"implement": 2.570897097643523, "structur": 7.421200047569625, "walk": 20.920629058560422, "through": 24.21646592456475, "teach": 10.36356710058417, "cobol": 18.183179134288356, "program": 8.63302124944724, "effect": 6.190843131535351, "introductori": 6.462717395754149, "empir": 8.717166482967883, "assess": 5.507205950726713, "sampl": 4.310955192494688, "graduat": 5.238941964132033, "busi": 4.814058770166768, "administr": 5.299566585948469, "major": 3.867462688797284, "profici": 13.94708603904028, "measur": 3.8380488035909903, "final": 3.7680902149840803, "examin": 3.641338509344936, "test": 6.163445442819027, "knowledg": 5.027632870464827, "languag": 2.1750014405515095, "rule": 3.47703545805366, "abil": 9.479901596026092, "read": 4.57564774672177, "debug": 4.6064194053885235, "write": 8.444015412956382, "analysi": 2.7738379416402132, "multipl": 3.58351893845611, "covari": 6.68586094706836, "statist": 3.867462688797284, "adjust": 5.507205950726713, "score": 14.758016255256608, "age": 6.97354301952014, "condit": 3.39002408106403, "reason": 4.287965674269989, "find": 3.58351893845611, "provid": 3.015909502839942, "support": 4.434569148461864, "incorpor": 4.5168072466988365, "learn": 4.894101477840304, "process": 2.1750014405515095, "develop": 2.4267084105450123, "student": 4.310955192494688, "cacm": 0.00031215857909170155, "june": 2.3717117347975636, "lemo": 8.07215530818825}