{"arithmet": 3.6901286735143684, "translat": 3.6901286735143684, "compil": 3.074943034424135, "ibm": 3.518278416587709, "fortran": 3.2681342634549932, "automat": 3.371674942395834, "code": 2.948191328784991, "system": 1.55744261731572, "cacm": 0.00031215857909170155, "februari": 2.6211168546225494, "sheridan": 8.07215530818825}