{"report": 3.4669851222001586, "algorithm": 0.8920854338854537, "languag": 2.1750014405515095, "fortran": 3.2681342634549932, "ii": 4.140329675463924, "cacm": 0.00031215857909170155, "june": 2.3717117347975636, "rabinowitz": 6.280395838960195}