{"languag": 2.1750014405515095, "problem": 1.9651324204459957, "pose": 5.87493073085203, "heavili": 6.68586094706836, "structur": 2.473733349189875, "data": 2.1667934601336793, "cacm": 0.00031215857909170155, "januari": 2.6297375976664563, "barn": 6.97354301952014}