{"note": 6.994888659369734, "tripl": 13.94708603904028, "precis": 12.194466368867339, "float": 14.32895532655176, "point": 9.047728508519825, "arithmet": 11.070386020543104, "bit": 3.977810745966149, "number": 2.2028583950544753, "recent": 3.8977680382926128, "paper": 3.9616908522211034, "gregori": 12.925434791508298, "raney": 14.758016255256608, "techniqu": 6.7208184927142, "doubl": 5.769570215194204, "similar": 3.7954891891721947, "develop": 2.4267084105450123, "purpos": 3.2599709528158325, "describ": 3.0954215657676754, "multipl": 3.58351893845611, "divis": 4.5168072466988365, "algorithm": 2.676256301656361, "addit": 3.318565117081885, "subtract": 5.58724865840025, "obtain": 3.116328250586989, "trivial": 6.68586094706836, "modif": 4.461237395544026, "cacm": 0.00031215857909170155, "march": 2.546702369056466, "ikeb": 8.07215530818825}