{"comput": 9.182184319733754, "capabl": 7.618950862293869, "argentin": 8.07215530818825, "chilean": 8.07215530818825, "univers": 27.96232504997771, "author": 4.287965674269989, "report": 3.4669851222001586, "trip": 6.462717395754149, "argentina": 16.1443106163765, "chile": 16.1443106163765, "novemb": 2.4445341944976127, "describ": 3.0954215657676754, "condit": 3.39002408106403, "activ": 7.955621491932298, "experienc": 6.462717395754149, "student": 8.621910384989375, "discont": 8.07215530818825, "statu": 5.58724865840025, "quo": 8.07215530818825, "solut": 2.763887610787045, "attempt": 4.1209115896068225, "contrast": 5.58724865840025, "exclud": 6.97354301952014, "particip": 11.014411901453427, "govern": 10.36356710058417, "allow": 3.867462688797284, "servic": 4.5168072466988365, "academ": 17.624792192556093, "limit": 3.6295040516979333, "number": 2.2028583950544753, "small": 3.594818493710043, "capac": 5.36410510708604, "larger": 4.9366610922591, "ibm": 3.518278416587709, "except": 5.992713766508414, "scienc": 3.977810745966149, "program": 1.438836874907873, "rare": 6.97354301952014, "situat": 4.48863636973214, "mean": 3.2201250442686327, "attribut": 5.238941964132033, "respons": 4.461237395544026, "develop": 4.853416821090025, "strive": 8.07215530818825, "excel": 6.280395838960195, "system": 1.55744261731572, "hard": 6.68586094706836, "come": 5.769570215194204, "especi": 5.127716329021809, "strong": 5.58724865840025, "european": 6.97354301952014, "tradit": 5.36410510708604, "adapt": 4.434569148461864, "slowli": 6.68586094706836, "resourc": 4.287965674269989, "disciplin": 5.674260035389879, "superimpos": 6.97354301952014, "sever": 6.280395838960195, "technolog": 4.5168072466988365, "econom": 4.6709579265260945, "constraint": 4.358583241483942, "nation": 4.9811128548299335, "absenc": 6.126245159132937, "consciou": 8.07215530818825, "emphasi": 4.5168072466988365, "strengthen": 7.379008127628304, "futur": 4.222007706478191, "progress": 5.181783550292085, "retard": 7.379008127628304, "cacm": 0.00031215857909170155, "august": 2.3750618216828454, "finerman": 6.97354301952014}