{"multipl": 3.58351893845611, "program": 1.438836874907873, "data": 2.1667934601336793, "process": 2.1750014405515095, "cacm": 0.00031215857909170155, "februari": 2.6211168546225494, "ryle": 8.07215530818825}