{"discrimin": 6.280395838960195, "employ": 3.913272224828578, "women": 6.97354301952014, "comput": 1.3117406171048218, "industri": 5.36410510708604, "cacm": 0.00031215857909170155, "juli": 2.3683728335320486, "weber": 6.126245159132937, "gilchrist": 7.379008127628304}