{"shrink": 24.21646592456475, "binari": 7.618950862293869, "pictur": 4.6064194053885235, "pattern": 28.713043762452898, "parallel": 7.765001132323649, "process": 6.525004321654528, "algorithm": 1.7841708677709074, "obtain": 6.232656501173978, "singl": 7.509334389303879, "isol": 12.252490318265874, "element": 11.647501698485474, "present": 3.6443601318575336, "procedur": 2.63843330463401, "count": 4.9366610922591, "matrix": 3.137681375057558, "hardwar": 3.8825005661618244, "implement": 2.570897097643523, "larg": 2.8791984572980396, "scale": 4.287965674269989, "integr": 2.984558972955866, "technolog": 4.5168072466988365, "envis": 6.97354301952014, "princip": 5.181783550292085, "featur": 3.399326473726344, "method": 1.8535551884965207, "small": 3.594818493710043, "window": 7.379008127628304, "employ": 3.913272224828578, "natur": 3.7027074557212285, "possibl": 4.77631844218392, "regardless": 6.97354301952014, "complex": 3.137681375057558, "configur": 4.739950798013046, "problem": 1.9651324204459957, "regard": 4.77631844218392, "merg": 4.9366610922591, "disconnect": 8.07215530818825, "determin": 3.009560275161283, "maximum": 5.027632870464827, "number": 2.2028583950544753, "step": 4.0117122976418305, "review": 4.48863636973214, "discuss": 2.1972245773362196, "analog": 5.299566585948469, "neural": 7.379008127628304, "network": 3.9450209231431583, "descript": 3.437426319958614, "term": 3.2763647625915087, "mcculloch": 8.07215530818825, "pitt": 8.07215530818825, "neuron": 6.97354301952014, "cacm": 0.00031215857909170155, "januari": 2.6297375976664563, "levialdi": 8.07215530818825}