{"subgoal": 40.36077654094125, "induct": 51.92613193674784, "proof": 8.360670020155247, "method": 3.7071103769930414, "present": 3.6443601318575336, "altern": 3.9612814440149386, "supplement": 6.280395838960195, "commonli": 10.255432658043619, "assert": 5.87493073085203, "major": 3.867462688797284, "virtu": 6.280395838960195, "prove": 3.8380488035909903, "loop": 4.739950798013046, "correct": 3.6295040516979333, "directli": 4.408593662058603, "input": 6.232656501173978, "output": 6.994888659369734, "specif": 6.455936443459318, "invari": 5.58724865840025, "relat": 3.144901623031045, "rule": 3.47703545805366, "explor": 5.181783550292085, "shown": 2.7940406489577327, "view": 4.334485689904882, "special": 3.5395558150349937, "form": 3.0954215657676754, "comput": 1.3117406171048218, "set": 2.554702411723542, "suffici": 4.26549281841793, "condit": 3.39002408106403, "guarante": 5.58724865840025, "strong": 5.58724865840025, "step": 4.0117122976418305, "valid": 4.894101477840304, "cacm": 0.00031215857909170155, "april": 2.4231810700270437, "morri": 5.299566585948469, "jr": 3.243841570885949, "wegbreit": 6.280395838960195}