{"system": 6.22977046926288, "typeset": 33.4293047353418, "mathemat": 21.7770243101876, "paper": 3.9616908522211034, "describ": 3.0954215657676754, "design": 4.984850964404055, "implement": 2.570897097643523, "languag": 8.700005762206038, "easi": 4.358583241483942, "learn": 9.788202955680608, "peopl": 5.507205950726713, "secretari": 8.07215530818825, "typist": 8.07215530818825, "know": 5.674260035389879, "experi": 3.4669851222001586, "hour": 6.280395838960195, "rule": 3.47703545805366, "fewer": 5.674260035389879, "except": 5.992713766508414, "typic": 4.461237395544026, "express": 3.1595004224521976, "size": 3.427764409046877, "font": 7.379008127628304, "posit": 4.1209115896068225, "line": 7.0577210518364915, "draw": 5.433097978572992, "print": 5.027632870464827, "accord": 4.9366610922591, "convent": 3.8380488035909903, "input": 3.116328250586989, "sum": 4.545794783572089, "infin": 6.68586094706836, "pi": 6.97354301952014, "produc": 6.855528818093754, "formula": 4.0117122976418305, "syntax": 4.029104040353699, "small": 3.594818493710043, "context": 3.913272224828578, "free": 3.913272224828578, "grammar": 4.1209115896068225, "compil": 9.224829103272405, "make": 3.380807425959106, "translat": 3.6901286735143684, "command": 4.57564774672177, "output": 3.497444329684867, "mayb": 8.07215530818825, "phototypesett": 8.07215530818825, "termin": 4.101863394636128, "forward": 5.507205950726713, "revers": 5.299566585948469, "half": 4.739950798013046, "motion": 5.58724865840025, "interfac": 5.299566585948469, "directli": 4.408593662058603, "text": 8.166342523247952, "format": 4.1803350100776235, "program": 1.438836874907873, "mixtur": 6.126245159132937, "handl": 3.7154464814986583, "simpli": 5.36410510708604, "author": 4.287965674269989, "cacm": 0.00031215857909170155, "march": 2.546702369056466, "kernighan": 6.97354301952014, "cherri": 8.07215530818825}