{"comput": 1.3117406171048218, "routin": 3.867462688797284, "quadrat": 5.36410510708604, "linear": 3.1818061799664963, "program": 1.438836874907873, "problem": 1.9651324204459957, "algorithm": 0.8920854338854537, "r431": 7.379008127628304, "cacm": 0.00031215857909170155, "march": 2.546702369056466, "ravindran": 7.379008127628304}