{"signal": 5.238941964132033, "corp": 8.07215530818825, "research": 3.977810745966149, "develop": 2.4267084105450123, "automat": 3.371674942395834, "program": 1.438836874907873, "digit": 3.2930318150767204, "comput": 1.3117406171048218, "cacm": 0.00031215857909170155, "februari": 2.6211168546225494, "luebbert": 7.379008127628304, "capt": 16.1443106163765, "collom": 8.07215530818825, "jr": 3.243841570885949}