{"line": 10.586581577754737, "random": 10.818741568600998, "number": 6.608575185163426, "gener": 16.451895667720624, "combin": 3.5612958016714, "requir": 2.388575540849568, "singl": 3.7546671946519394, "fortran": 13.072537053819973, "instruct": 7.734925377594568, "discuss": 4.394449154672439, "short": 5.299566585948469, "program": 4.31651062472362, "mix": 9.962225709659867, "aim": 5.299566585948469, "provid": 6.031819005679884, "method": 1.8535551884965207, "incorpor": 4.5168072466988365, "directli": 4.408593662058603, "mean": 3.2201250442686327, "advantag": 3.7027074557212285, "speed": 3.823660066138891, "avoid": 4.434569148461864, "linkag": 5.769570215194204, "subroutin": 4.1209115896068225, "conveni": 4.814058770166768, "versatil": 6.68586094706836, "wish": 11.539140430388407, "experi": 3.4669851222001586, "congruenti": 6.68586094706836, "composit": 4.853279483320049, "potenti": 4.6709579265260945, "statist": 3.867462688797284, "properti": 3.5395558150349937, "librari": 4.894101477840304, "consid": 3.152174382360125, "simpl": 3.009560275161283, "cacm": 0.00031215857909170155, "novemb": 2.4445341944976127, "marsaglia": 6.68586094706836, "bray": 5.769570215194204}