{"fortran": 6.5362685269099865, "subroutin": 12.362734768820467, "time": 4.102263917677447, "seri": 7.765001132323649, "analysi": 2.7738379416402132, "author": 4.287965674269989, "recent": 3.8977680382926128, "concern": 3.9612814440149386, "studi": 3.227968221729659, "constitut": 5.769570215194204, "fairli": 5.769570215194204, "typic": 4.461237395544026, "piec": 5.992713766508414, "appli": 3.2681342634549932, "statist": 7.734925377594568, "research": 3.977810745966149, "involv": 3.4570347913469903, "extens": 3.3359568597937543, "comput": 1.3117406171048218, "moder": 6.126245159132937, "larg": 2.8791984572980396, "quantiti": 5.507205950726713, "data": 2.1667934601336793, "wehav": 8.07215530818825, "found": 3.852647603012143, "numer": 3.2046208577326674, "process": 2.1750014405515095, "requir": 2.388575540849568, "built": 5.076423034634259, "complet": 3.47703545805366, "small": 3.594818493710043, "number": 2.2028583950544753, "basic": 3.4181949580307265, "oper": 2.270036932811187, "set": 2.554702411723542, "written": 3.728349886334566, "perform": 2.8094651192833644, "main": 4.029104040353699, "purpos": 3.2599709528158325, "note": 3.497444329684867, "describ": 3.0954215657676754, "question": 4.140329675463924, "gener": 3.6559768150490273, "program": 1.438836874907873, "topic": 5.299566585948469, "includ": 2.7688504001291743, "remark": 4.57564774672177, "cacm": 0.00031215857909170155, "januari": 2.6297375976664563, "heali": 7.379008127628304, "bogert": 8.07215530818825}