{"procedur": 5.27686660926802, "gener": 3.6559768150490273, "dimension": 8.487027823398309, "half": 9.479901596026092, "tone": 13.94708603904028, "comput": 6.558703085524109, "graphic": 4.2435139116991545, "present": 5.4665401977863, "descript": 3.437426319958614, "algorithm": 4.460427169427269, "produc": 3.427764409046877, "polygon": 5.58724865840025, "surfac": 4.704859478201776, "structur": 2.473733349189875, "achiev": 7.590978378344389, "signific": 3.929020581796717, "increas": 3.6295040516979333, "speed": 3.823660066138891, "warnock": 16.1443106163765, "develop": 4.853416821090025, "univers": 7.989235728565061, "utah": 8.07215530818825, "implement": 2.570897097643523, "coordin": 4.853279483320049, "scienc": 3.977810745966149, "laboratori": 4.9811128548299335, "cdc": 5.181783550292085, "system": 1.55744261731572, "illinoi": 6.68586094706836, "histori": 5.076423034634259, "lead": 4.48863636973214, "result": 2.3750618216828454, "compar": 3.227968221729659, "run": 3.6777061535158113, "approach": 3.1743155082373384, "extens": 3.3359568597937543, "variabl": 3.1093106779283426, "posit": 4.1209115896068225, "illumin": 6.68586094706836, "sourc": 4.101863394636128, "cacm": 0.00031215857909170155, "septemb": 2.546702369056466, "bouknight": 8.07215530818825}