{"updat": 14.114578434605328, "mean": 6.440250088537265, "varianc": 9.962225709659867, "estim": 3.929020581796717, "improv": 6.707312873786311, "method": 7.414220753986083, "effici": 2.7108631424788245, "weight": 4.77631844218392, "sampl": 4.310955192494688, "data": 4.333586920267359, "addit": 3.318565117081885, "includ": 2.7688504001291743, "set": 2.554702411723542, "evid": 5.076423034634259, "present": 1.8221800659287668, "stabl": 5.507205950726713, "accur": 4.739950798013046, "exist": 3.572345637857985, "cacm": 0.00031215857909170155, "septemb": 2.546702369056466, "west": 8.07215530818825}