{"discuss": 2.1972245773362196, "summari": 5.36410510708604, "graphic": 4.2435139116991545, "languag": 2.1750014405515095, "cacm": 0.00031215857909170155, "march": 2.546702369056466}