{"method": 1.8535551884965207, "elimin": 4.064822122955779, "ambigu": 5.127716329021809, "due": 4.9811128548299335, "signal": 5.238941964132033, "coincid": 6.97354301952014, "digit": 3.2930318150767204, "design": 2.4924254822020275, "cacm": 0.00031215857909170155, "april": 2.4231810700270437, "kaiser": 7.379008127628304}