{"transport": 6.126245159132937, "problem": 1.9651324204459957, "algorithm": 0.8920854338854537, "cacm": 0.00031215857909170155, "april": 2.4231810700270437, "bayer": 5.769570215194204}