{"list": 12.757413542407516, "trace": 5.027632870464827, "system": 4.67232785194716, "allow": 7.734925377594568, "multipl": 3.58351893845611, "cell": 15.229269103902777, "type": 3.144901623031045, "process": 2.1750014405515095, "singl": 3.7546671946519394, "size": 6.855528818093754, "configur": 9.479901596026092, "paper": 1.9808454261105517, "arbitrarili": 6.126245159132937, "possibl": 4.77631844218392, "run": 3.6777061535158113, "time": 2.0511319588387233, "cacm": 0.00031215857909170155, "august": 2.3750618216828454, "fenichel": 6.280395838960195}