{"program": 4.31651062472362, "overlay": 18.841187516880584, "techniqu": 4.480545661809466, "gener": 1.8279884075245136, "featur": 6.798652947452688, "system": 4.67232785194716, "main": 4.029104040353699, "type": 3.144901623031045, "automat": 3.371674942395834, "semiautomat": 16.1443106163765, "nonautomat": 8.07215530818825, "classifi": 5.674260035389879, "explain": 4.6709579265260945, "function": 2.2610143152115496, "machin": 2.918863713690471, "hardwar": 3.8825005661618244, "implement": 2.570897097643523, "facil": 3.8977680382926128, "multiprogram": 4.160132302760104, "cdc": 5.181783550292085, "detail": 3.447182494903979, "special": 3.5395558150349937, "refer": 3.823660066138891, "real": 3.5078071167204135, "time": 2.0511319588387233, "applic": 2.481168327677393, "cacm": 0.00031215857909170155, "februari": 2.6211168546225494, "pankhurst": 8.07215530818825}