{"automat": 6.743349884791668, "fold": 40.11516568241016, "program": 2.877673749815746, "effici": 2.7108631424788245, "displac": 6.462717395754149, "oper": 4.540073865622374, "memori": 6.275362750115116, "discuss": 4.394449154672439, "measur": 3.8380488035909903, "brown": 5.027632870464827, "al": 6.462717395754149, "nelson": 13.37172189413672, "mechan": 7.5361804299681605, "simpl": 3.009560275161283, "design": 2.4924254822020275, "demand": 4.853279483320049, "page": 3.9612814440149386, "unit": 8.487027823398309, "built": 5.076423034634259, "ibm": 3.518278416587709, "research": 3.977810745966149, "center": 4.6709579265260945, "beladi": 6.97354301952014, "neil": 7.379008127628304, "permit": 3.572345637857985, "qualiti": 5.507205950726713, "compar": 3.227968221729659, "shown": 5.5880812979154655, "care": 5.181783550292085, "perform": 2.8094651192833644, "satisfactorili": 7.379008127628304, "condit": 3.39002408106403, "test": 3.0817227214095135, "storag": 2.7394365149228808, "interfac": 5.299566585948469, "larg": 2.8791984572980396, "speed": 3.823660066138891, "differ": 3.977810745966149, "disadvantag": 5.674260035389879, "prefold": 8.07215530818825, "requir": 2.388575540849568, "examin": 3.641338509344936, "number": 2.2028583950544753, "import": 3.497444329684867, "troubl": 6.280395838960195, "beset": 7.379008127628304, "comput": 2.6234812342096436, "today": 5.674260035389879, "aris": 4.704859478201776, "aggrav": 8.07215530818825, "sourc": 4.101863394636128, "conclud": 4.814058770166768, "normal": 3.929020581796717, "part": 3.371674942395834, "system": 1.55744261731572, "cacm": 0.00031215857909170155, "decemb": 2.4626835130032902, "sayr": 8.07215530818825}