{"comment": 4.064822122955779, "composit": 4.853279483320049, "semant": 4.287965674269989, "algol": 3.243841570885949, "cacm": 0.00031215857909170155, "august": 2.3750618216828454, "van": 5.36410510708604, "der": 6.97354301952014, "poel": 8.07215530818825}