{"effici": 2.7108631424788245, "prime": 4.6709579265260945, "number": 2.2028583950544753, "gener": 1.8279884075245136, "algorithm": 0.8920854338854537, "a1": 4.894101477840304, "cacm": 0.00031215857909170155, "octob": 2.4849066497880004, "singleton": 5.674260035389879}