{"realloc": 16.1443106163765, "hash": 24.07029385083384, "code": 8.844573986354973, "tabl": 20.742208748081943, "space": 6.994888659369734, "alloc": 3.6295040516979333, "alter": 5.674260035389879, "entri": 4.334485689904882, "rescatt": 24.21646592456475, "techniqu": 6.7208184927142, "accomplish": 4.638168103703103, "present": 1.8221800659287668, "independ": 3.8094754311469345, "length": 3.7954891891721947, "function": 2.2610143152115496, "util": 3.6901286735143684, "conjunct": 5.181783550292085, "linear": 3.1818061799664963, "elimin": 4.064822122955779, "previous": 4.739950798013046, "flag": 6.97354301952014, "delet": 5.181783550292085, "chang": 4.2435139116991545, "method": 1.8535551884965207, "effici": 2.7108631424788245, "discuss": 2.1972245773362196, "theoret": 4.26549281841793, "statist": 3.867462688797284, "cacm": 0.00031215857909170155, "januari": 2.6297375976664563, "bay": 6.126245159132937}