{"dynam": 23.028292821545943, "verif": 32.59858787143795, "oper": 9.080147731244748, "system": 6.22977046926288, "decis": 23.386608229755677, "impli": 5.507205950726713, "time": 4.102263917677447, "made": 3.2046208577326674, "consist": 3.823660066138891, "check": 4.545794783572089, "perform": 2.8094651192833644, "independ": 3.8094754311469345, "hardwar": 15.530002264647297, "softwar": 15.716082327186868, "prime": 14.012873779578284, "design": 2.4924254822020275, "construct": 6.378706771203758, "univers": 3.9946178642825303, "california": 6.126245159132937, "berkeley": 6.97354301952014, "experiment": 3.867462688797284, "share": 3.4871878295176777, "properti": 3.5395558150349937, "continu": 3.852647603012143, "avail": 5.769570215194204, "data": 2.1667934601336793, "privaci": 6.462717395754149, "cost": 3.518278416587709, "effect": 3.0954215657676754, "techniqu": 2.240272830904733, "make": 3.380807425959106, "improperli": 8.07215530818825, "presenc": 12.56079167792039, "singl": 7.509334389303879, "fault": 24.504980636531748, "multipl": 3.58351893845611, "lead": 4.48863636973214, "unreli": 6.280395838960195, "happen": 6.280395838960195, "reinforc": 8.07215530818825, "ensur": 6.126245159132937, "user": 6.109750942746651, "inform": 2.5627669715602726, "gratuit": 8.07215530818825, "amount": 4.1803350100776235, "addit": 3.318565117081885, "requir": 2.388575540849568, "modest": 6.68586094706836, "cacm": 0.00031215857909170155, "novemb": 2.4445341944976127, "fabri": 6.68586094706836}