{"solut": 2.763887610787045, "simultan": 4.1803350100776235, "nonlinear": 4.704859478201776, "equat": 3.1093106779283426, "cacm": 0.00031215857909170155, "juli": 2.3683728335320486, "raduchel": 7.379008127628304}