{"recurs": 7.826544449657156, "comput": 2.6234812342096436, "deriv": 6.586063630153441, "studi": 6.455936443459318, "error": 6.096549574683947, "propag": 12.56079167792039, "made": 3.2046208577326674, "linear": 3.1818061799664963, "order": 2.93049175168559, "differ": 3.977810745966149, "equat": 3.1093106779283426, "success": 4.083171261623976, "co": 7.379008127628304, "consid": 3.152174382360125, "illustr": 3.47703545805366, "cacm": 0.00031215857909170155, "januari": 2.6297375976664563, "gautschi": 5.433097978572992}