{"languag": 6.525004321654528, "formal": 3.728349886334566, "problem": 5.895397261337987, "specif": 9.683904665188976, "tend": 5.299566585948469, "behavior": 4.334485689904882, "commun": 3.7154464814986583, "parallel": 3.8825005661618244, "process": 2.1750014405515095, "constrain": 5.58724865840025, "ts": 5.769570215194204, "order": 2.93049175168559, "event": 4.408593662058603, "comput": 1.3117406171048218, "occur": 4.310955192494688, "write": 4.222007706478191, "reader": 11.014411901453427, "writer": 17.30871064558261, "prioriti": 5.299566585948469, "cacm": 0.00031215857909170155, "decemb": 2.4626835130032902, "greif": 8.07215530818825}