{"comput": 3.9352218513144654, "network": 39.450209231431586, "higher": 14.442176310500304, "educ": 17.151862697079956, "socio": 8.07215530818825, "econom": 4.6709579265260945, "polit": 6.280395838960195, "factor": 7.705295206024286, "studi": 6.455936443459318, "present": 1.8221800659287668, "result": 2.3750618216828454, "nationwid": 8.07215530818825, "survey": 4.48863636973214, "conduct": 10.477883928264067, "major": 7.734925377594568, "minor": 5.992713766508414, "identifi": 8.280659350927849, "includ": 2.7688504001291743, "arpa": 6.462717395754149, "net": 12.252490318265874, "california": 6.126245159132937, "state": 7.705295206024286, "colleg": 5.674260035389879, "univers": 11.983853592847591, "iowa": 16.1443106163765, "michigan": 6.280395838960195, "research": 3.977810745966149, "inform": 2.5627669715602726, "triad": 7.379008127628304, "triangl": 6.97354301952014, "center": 4.6709579265260945, "north": 6.97354301952014, "carolina": 7.379008127628304, "depth": 6.126245159132937, "base": 2.701517280060587, "experi": 3.4669851222001586, "oper": 2.270036932811187, "number": 2.2028583950544753, "consider": 3.8977680382926128, "develop": 4.853416821090025, "final": 3.7680902149840803, "recommend": 4.853279483320049, "advanc": 4.704859478201776, "regard": 4.77631844218392, "futur": 4.222007706478191, "cacm": 0.00031215857909170155, "april": 2.4231810700270437, "chamber": 6.68586094706836, "poor": 6.126245159132937}