{"design": 9.96970192880811, "surfac": 28.229156869210655, "experiment": 3.867462688797284, "system": 7.787213086578601, "comput": 1.3117406171048218, "aid": 8.058208080707399, "free": 3.913272224828578, "form": 6.190843131535351, "dimens": 5.181783550292085, "repres": 3.6062471895336663, "parametr": 6.68586094706836, "basi": 4.029104040353699, "spline": 5.433097978572992, "princip": 5.181783550292085, "featur": 6.798652947452688, "render": 6.462717395754149, "isoparametr": 8.07215530818825, "line": 3.5288605259182457, "draw": 5.433097978572992, "head": 5.181783550292085, "mount": 7.379008127628304, "display": 3.9450209231431583, "dimension": 4.2435139116991545, "wand": 8.07215530818825, "movement": 6.462717395754149, "point": 3.015909502839942, "control": 2.954161495771495, "shape": 5.076423034634259, "interact": 3.6654360609239967, "real": 3.5078071167204135, "time": 2.0511319588387233, "mathemat": 3.6295040516979333, "formul": 4.545794783572089, "assum": 4.358583241483942, "knowledg": 5.027632870464827, "user": 3.0548754713733257, "examin": 3.641338509344936, "part": 3.371674942395834, "practic": 3.617808011934742, "space": 3.497444329684867, "cacm": 0.00031215857909170155, "august": 2.3750618216828454, "clark": 5.433097978572992}