{"languag": 6.525004321654528, "describ": 6.190843131535351, "function": 4.522028630423099, "synchron": 10.36356710058417, "system": 9.34465570389432, "design": 4.984850964404055, "start": 4.894101477840304, "exact": 4.853279483320049, "desir": 4.140329675463924, "suggest": 3.399326473726344, "comput": 1.3117406171048218, "orient": 3.977810745966149, "purpos": 3.2599709528158325, "inadequaci": 6.280395838960195, "standard": 3.1023420086122493, "program": 1.438836874907873, "descript": 6.874852639917228, "discuss": 2.1972245773362196, "dialect": 6.462717395754149, "algol": 3.243841570885949, "suitabl": 4.1803350100776235, "introduc": 3.8380488035909903, "simul": 3.380807425959106, "automat": 3.371674942395834, "addit": 3.318565117081885, "commun": 3.7154464814986583, "specif": 3.227968221729659, "cacm": 0.00031215857909170155, "februari": 2.6211168546225494, "parna": 5.87493073085203}