{"mathemat": 14.518016206791733, "undergradu": 17.022780106169638, "comput": 5.246962468419287, "scientist": 5.674260035389879, "requir": 7.165726622548704, "program": 2.877673749815746, "scienc": 11.933432237898447, "subject": 4.160132302760104, "debat": 8.07215530818825, "associ": 4.704859478201776, "machineri": 6.280395838960195, "curriculum": 5.127716329021809, "committe": 14.559838449960148, "believ": 12.925434791508298, "essenti": 4.434569148461864, "content": 4.638168103703103, "physic": 4.57564774672177, "assur": 6.462717395754149, "student": 4.310955192494688, "broad": 5.769570215194204, "background": 5.299566585948469, "enabl": 4.5168072466988365, "take": 4.160132302760104, "wide": 4.408593662058603, "varieti": 4.1209115896068225, "cours": 4.48863636973214, "scientif": 9.8733221845182, "disciplin": 5.674260035389879, "concern": 3.9612814440149386, "develop": 2.4267084105450123, "solid": 5.674260035389879, "approach": 3.1743155082373384, "cacm": 0.00031215857909170155, "septemb": 2.546702369056466, "atchison": 7.379008127628304}