{"effici": 2.7108631424788245, "composit": 4.853279483320049, "formula": 8.023424595283661, "multidimension": 5.87493073085203, "quadratur": 9.276336207406207, "point": 12.063638011359767, "degre": 8.444015412956382, "integr": 2.984558972955866, "dimension": 4.2435139116991545, "hyper": 7.379008127628304, "rectangl": 6.97354301952014, "present": 1.8221800659287668, "lie": 5.58724865840025, "surfac": 4.704859478201776, "weight": 4.77631844218392, "opposit": 16.1443106163765, "sign": 5.507205950726713, "attach": 6.126245159132937, "face": 5.674260035389879, "larg": 2.8791984572980396, "volum": 5.58724865840025, "subdivid": 6.68586094706836, "congruent": 8.07215530818825, "rectangular": 5.299566585948469, "subdivis": 14.758016255256608, "requir": 2.388575540849568, "interior": 8.07215530818825, "achiev": 3.7954891891721947, "accuraci": 4.383275854074314, "cacm": 0.00031215857909170155, "januari": 2.6297375976664563, "thacher": 4.358583241483942, "jr": 3.243841570885949}