{"gener": 3.6559768150490273, "beta": 12.252490318265874, "variat": 9.409718956403552, "nonintegrel": 8.07215530818825, "shape": 5.076423034634259, "paramet": 7.563391734079717, "reject": 6.126245159132937, "method": 9.267775942482604, "compar": 3.227968221729659, "previous": 4.739950798013046, "publish": 4.6064194053885235, "theoret": 4.26549281841793, "comput": 1.3117406171048218, "time": 2.0511319588387233, "suggest": 3.399326473726344, "advantag": 3.7027074557212285, "speed": 3.823660066138891, "program": 1.438836874907873, "simplic": 5.433097978572992, "previou": 4.434569148461864, "especi": 5.127716329021809, "difficult": 4.57564774672177, "combin": 3.5612958016714, "valu": 3.7027074557212285, "cacm": 0.00031215857909170155, "april": 2.4231810700270437, "cheng": 7.379008127628304}