{"comput": 6.558703085524109, "analysi": 5.5476758832804265, "method": 3.7071103769930414, "thermal": 22.137024382884913, "diffus": 8.07215530818825, "biochem": 20.920629058560422, "system": 3.11488523463144, "detect": 4.310955192494688, "rapid": 4.9366610922591, "reaction": 18.378735477398813, "correct": 7.259008103395867, "temperatur": 16.1443106163765, "data": 4.333586920267359, "transient": 6.68586094706836, "heat": 40.11516568241016, "conduct": 10.477883928264067, "loss": 5.87493073085203, "cylindr": 6.97354301952014, "calorimet": 8.07215530818825, "handl": 3.7154464814986583, "complex": 3.137681375057558, "aris": 4.704859478201776, "vari": 4.704859478201776, "relax": 5.769570215194204, "time": 4.102263917677447, "concentr": 5.769570215194204, "insul": 7.379008127628304, "layer": 6.68586094706836, "program": 7.194184374539365, "develop": 2.4267084105450123, "distribut": 10.492332989054601, "function": 2.2610143152115496, "radiu": 6.97354301952014, "step": 4.0117122976418305, "subroutin": 4.1209115896068225, "calcul": 3.5395558150349937, "instantan": 6.97354301952014, "chemic": 12.925434791508298, "state": 3.852647603012143, "action": 4.57564774672177, "produc": 3.427764409046877, "base": 5.403034560121174, "direct": 7.16703787691222, "statement": 7.430892962997317, "fourier": 4.77631844218392, "law": 22.697040141559516, "rate": 4.408593662058603, "equat": 6.218621355856685, "provid": 3.015909502839942, "bookkeep": 5.992713766508414, "follow": 6.126245159132937, "reactant": 8.07215530818825, "flow": 4.704859478201776, "packet": 6.97354301952014, "continu": 3.852647603012143, "store": 3.5288605259182457, "regard": 4.77631844218392, "physic": 13.726943240165308, "process": 2.1750014405515095, "explicitli": 5.36410510708604, "result": 4.750123643365691, "pass": 4.57564774672177, "mathemat": 3.6295040516979333, "procedur": 2.63843330463401, "convent": 3.8380488035909903, "test": 3.0817227214095135, "known": 7.405414911442457, "exact": 4.853279483320049, "solut": 2.763887610787045, "gave": 6.97354301952014, "ident": 5.36410510708604, "compar": 3.227968221729659, "experiment": 3.867462688797284, "construct": 3.189353385601879, "principl": 4.5168072466988365, "gener": 1.8279884075245136, "applic": 2.481168327677393, "appli": 3.2681342634549932, "phenomena": 6.97354301952014, "cacm": 0.00031215857909170155, "septemb": 2.546702369056466, "david": 7.379008127628304, "berger": 8.07215530818825}