{"matrix": 3.137681375057558, "invers": 3.867462688797284, "algorithm": 0.8920854338854537, "cacm": 0.00031215857909170155, "novemb": 2.4445341944976127, "ingerman": 5.992713766508414}