{"problem": 3.9302648408919914, "commun": 11.146339444495975, "complex": 3.137681375057558, "inform": 10.25106788624109, "natur": 7.405414911442457, "difficulti": 4.57564774672177, "involv": 3.4570347913469903, "mathemat": 3.6295040516979333, "result": 2.3750618216828454, "scientist": 5.674260035389879, "comput": 2.6234812342096436, "base": 2.701517280060587, "retriev": 3.594818493710043, "system": 3.11488523463144, "examin": 3.641338509344936, "analyz": 3.5503667311392095, "term": 3.2763647625915087, "psycholog": 6.462717395754149, "process": 4.350002881103019, "turn": 5.181783550292085, "viciou": 7.379008127628304, "circl": 5.992713766508414, "effect": 3.0954215657676754, "includ": 2.7688504001291743, "way": 4.77631844218392, "augment": 5.507205950726713, "written": 3.728349886334566, "languag": 2.1750014405515095, "notat": 4.434569148461864, "linguist": 5.36410510708604, "devic": 3.929020581796717, "exhibit": 5.769570215194204, "structur": 2.473733349189875, "inher": 5.36410510708604, "sophist": 5.076423034634259, "interact": 3.6654360609239967, "control": 2.954161495771495, "cacm": 0.00031215857909170155, "pager": 6.97354301952014}