{"final": 7.5361804299681605, "examin": 7.282677018689872, "schedul": 7.955621491932298, "method": 1.8535551884965207, "yield": 9.091589567144178, "minim": 10.17007224319209, "number": 2.2028583950544753, "student": 4.310955192494688, "conflict": 5.674260035389879, "achiev": 3.7954891891721947, "repetit": 5.433097978572992, "evalu": 3.137681375057558, "nonlinear": 4.704859478201776, "set": 2.554702411723542, "equat": 3.1093106779283426, "imbed": 6.462717395754149, "process": 2.1750014405515095, "random": 3.6062471895336663, "mont": 5.769570215194204, "carlo": 5.769570215194204, "select": 3.617808011934742, "assign": 4.064822122955779, "heurist": 4.6064194053885235, "techniqu": 2.240272830904733, "solut": 5.52777522157409, "optimum": 4.704859478201776, "found": 3.852647603012143, "local": 4.6709579265260945, "result": 4.750123643365691, "comput": 1.3117406171048218, "program": 1.438836874907873, "empir": 4.358583241483942, "cacm": 0.00031215857909170155, "august": 2.3750618216828454, "broder": 8.07215530818825}