{"techniqu": 4.480545661809466, "alcor": 13.37172189413672, "illinoi": 6.68586094706836, "algol": 3.243841570885949, "compil": 12.29977213769654, "written": 3.728349886334566, "group": 4.1803350100776235, "ibm": 3.518278416587709, "known": 3.7027074557212285, "signific": 3.929020581796717, "write": 4.222007706478191, "organiz": 6.126245159132937, "detail": 3.447182494903979, "time": 2.0511319588387233, "estim": 3.929020581796717, "indic": 5.076423034634259, "requir": 2.388575540849568, "cacm": 0.00031215857909170155, "august": 2.3750618216828454, "gri": 5.992713766508414, "paul": 6.462717395754149, "wiehl": 7.379008127628304}