{"method": 7.414220753986083, "increment": 16.76174597520075, "compil": 9.224829103272405, "languag": 8.700005762206038, "nest": 10.152846069268518, "statement": 11.146339444495975, "structur": 7.421200047569625, "present": 1.8221800659287668, "appli": 3.2681342634549932, "especi": 5.127716329021809, "program": 1.438836874907873, "algol": 3.243841570885949, "pl": 5.127716329021809, "permit": 3.572345637857985, "edit": 9.479901596026092, "sourc": 4.101863394636128, "gener": 1.8279884075245136, "purpos": 3.2599709528158325, "text": 4.083171261623976, "editor": 5.674260035389879, "process": 2.1750014405515095, "frequent": 4.5168072466988365, "recompil": 22.137024382884913, "entir": 4.638168103703103, "routin": 3.867462688797284, "essenti": 4.434569148461864, "point": 3.015909502839942, "syntax": 4.029104040353699, "restrict": 4.160132302760104, "insof": 8.07215530818825, "ar": 8.07215530818825, "construct": 3.189353385601879, "occur": 8.621910384989375, "line": 14.115442103672983, "intern": 4.26549281841793, "data": 2.1667934601336793, "call": 3.4087162140761826, "skeleton": 6.280395838960195, "maintain": 4.638168103703103, "repres": 3.6062471895336663, "partial": 4.287965674269989, "batch": 4.853279483320049, "sens": 4.739950798013046, "modifi": 3.8977680382926128, "set": 2.554702411723542, "command": 4.57564774672177, "receiv": 5.238941964132033, "pars": 4.383275854074314, "factor": 3.852647603012143, "part": 3.371674942395834, "individu": 4.6064194053885235, "global": 5.127716329021809, "handl": 3.7154464814986583, "relationship": 4.222007706478191, "cacm": 0.00031215857909170155, "decemb": 2.4626835130032902, "earley": 6.462717395754149, "caizergu": 8.07215530818825}