{"mechan": 7.5361804299681605, "pragmat": 6.97354301952014, "time": 2.0511319588387233, "motion": 5.58724865840025, "studi": 3.227968221729659, "miniatur": 8.07215530818825, "linguist": 5.36410510708604, "system": 1.55744261731572, "cacm": 0.00031215857909170155, "decemb": 2.4626835130032902, "gorn": 5.87493073085203}