{"evalu": 3.137681375057558, "hermit": 6.68586094706836, "polynomi": 3.4087162140761826, "hn": 8.07215530818825, "recurs": 3.913272224828578, "algorithm": 0.8920854338854537, "cacm": 0.00031215857909170155, "june": 2.3717117347975636, "galler": 5.433097978572992}