{"assembl": 13.637384350716268, "code": 2.948191328784991, "machin": 5.837727427380942, "span": 10.599133171896938, "depend": 11.787061745390151, "instruct": 19.337313443986417, "modern": 5.992713766508414, "comput": 1.3117406171048218, "length": 7.590978378344389, "distanc": 5.58724865840025, "instanc": 5.58724865840025, "operand": 17.97814129952524, "paper": 1.9808454261105517, "consid": 3.152174382360125, "problem": 3.9302648408919914, "minim": 3.39002408106403, "program": 1.438836874907873, "effici": 2.7108631424788245, "solut": 2.763887610787045, "present": 1.8221800659287668, "case": 3.2123429038265776, "label": 5.238941964132033, "time": 4.102263917677447, "express": 6.319000844904395, "restrict": 8.320264605520208, "form": 3.0954215657676754, "relax": 5.769570215194204, "allow": 3.867462688797284, "gener": 1.8279884075245136, "shown": 2.7940406489577327, "np": 6.68586094706836, "complet": 3.47703545805366, "cacm": 0.00031215857909170155, "april": 2.4231810700270437, "szymanski": 6.68586094706836}