{"numer": 9.613862573198002, "analysi": 8.32151382492064, "ph": 5.58724865840025, "comput": 3.9352218513144654, "scienc": 7.955621491932298, "program": 2.877673749815746, "studi": 3.227968221729659, "method": 1.8535551884965207, "procedur": 5.27686660926802, "obtain": 3.116328250586989, "approxim": 3.380807425959106, "solut": 2.763887610787045, "mathemat": 7.259008103395867, "problem": 3.9302648408919914, "emphasi": 9.033614493397673, "scientif": 4.9366610922591, "calcul": 3.5395558150349937, "difficulti": 4.57564774672177, "educ": 4.287965674269989, "broad": 5.769570215194204, "area": 3.867462688797284, "center": 4.6709579265260945, "question": 4.140329675463924, "background": 10.599133171896938, "depart": 5.181783550292085, "emphas": 5.674260035389879, "awar": 6.97354301952014, "implement": 2.570897097643523, "experiment": 3.867462688797284, "need": 3.251873742583213, "solid": 5.674260035389879, "appli": 3.2681342634549932, "cacm": 0.00031215857909170155, "decemb": 2.4626835130032902, "parter": 8.07215530818825}