{"mathemat": 14.518016206791733, "model": 11.987925971817692, "mechan": 3.7680902149840803, "part": 10.1150248271875, "descript": 3.437426319958614, "flexibl": 4.26549281841793, "take": 4.160132302760104, "advantag": 3.7027074557212285, "common": 3.9450209231431583, "inform": 2.5627669715602726, "requir": 4.777151081699136, "comput": 3.9352218513144654, "aid": 4.029104040353699, "engin": 9.628117540333536, "draw": 5.433097978572992, "numer": 6.409241715465335, "control": 8.862484487314486, "tape": 4.046803617453101, "gener": 1.8279884075245136, "physic": 9.15129549344354, "characterist": 7.259008103395867, "judici": 8.07215530818825, "man": 4.739950798013046, "machin": 8.756591141071414, "commun": 3.7154464814986583, "improv": 3.3536564368931554, "result": 2.3750618216828454, "convent": 3.8380488035909903, "design": 4.984850964404055, "process": 2.1750014405515095, "english": 4.6064194053885235, "input": 3.116328250586989, "languag": 2.1750014405515095, "tailor": 6.280395838960195, "draftsmen": 8.07215530818825, "describ": 3.0954215657676754, "output": 3.497444329684867, "desir": 4.140329675463924, "approach": 3.1743155082373384, "consist": 3.823660066138891, "group": 4.1803350100776235, "surfac": 4.704859478201776, "defin": 3.1595004224521976, "quadric": 7.379008127628304, "equat": 3.1093106779283426, "creat": 4.408593662058603, "system": 3.11488523463144, "modular": 5.992713766508414, "subprogram": 17.30871064558261, "convert": 4.383275854074314, "instruct": 3.867462688797284, "drive": 5.507205950726713, "automat": 3.371674942395834, "draft": 7.379008127628304, "tool": 4.638168103703103, "center": 4.6709579265260945, "graviti": 8.07215530818825, "dynam": 3.8380488035909903, "analysi": 2.7738379416402132, "work": 3.344767489475909, "propos": 2.907369334264736, "present": 1.8221800659287668, "experi": 3.4669851222001586, "demonstr": 4.0117122976418305, "discuss": 2.1972245773362196, "cacm": 0.00031215857909170155, "februari": 2.6211168546225494, "luh": 8.07215530818825, "krolak": 6.97354301952014}