{"user": 6.109750942746651, "program": 2.877673749815746, "measur": 15.352195214363961, "time": 6.15339587651617, "share": 10.461563488553033, "environ": 7.5361804299681605, "gener": 1.8279884075245136, "discuss": 2.1972245773362196, "softwar": 7.858041163593434, "system": 6.22977046926288, "descript": 3.437426319958614, "hardwar": 3.8825005661618244, "scheme": 3.518278416587709, "tx": 7.379008127628304, "comput": 1.3117406171048218, "mit": 6.126245159132937, "lincoln": 6.97354301952014, "laboratori": 4.9811128548299335, "implement": 5.141794195287046, "characterist": 3.6295040516979333, "report": 3.4669851222001586, "scenario": 8.07215530818825, "show": 3.641338509344936, "present": 1.8221800659287668, "final": 3.7680902149840803, "shown": 2.7940406489577327, "provid": 3.015909502839942, "similar": 3.7954891891721947, "facil": 3.8977680382926128, "cacm": 0.00031215857909170155, "octob": 2.4849066497880004, "nemeth": 8.07215530818825, "rovner": 8.07215530818825}