{"basic": 3.4181949580307265, "side": 5.299566585948469, "tape": 4.046803617453101, "label": 5.238941964132033, "cacm": 0.00031215857909170155, "februari": 2.6211168546225494, "logan": 8.07215530818825}