{"comput": 2.6234812342096436, "scienc": 7.955621491932298, "engin": 9.628117540333536, "research": 7.955621491932298, "studi": 9.683904665188976, "coser": 16.1443106163765, "briefli": 4.5168072466988365, "motiv": 5.674260035389879, "organ": 3.5078071167204135, "schedul": 3.977810745966149, "nsf": 7.379008127628304, "support": 4.434569148461864, "refer": 3.823660066138891, "subject": 4.160132302760104, "area": 3.867462688797284, "panel": 6.462717395754149, "chairmen": 8.07215530818825, "member": 5.299566585948469, "steer": 7.379008127628304, "committe": 4.853279483320049, "identifi": 4.140329675463924, "cacm": 0.00031215857909170155, "decemb": 2.4626835130032902, "arden": 6.126245159132937}