{"procedur": 2.63843330463401, "comput": 1.3117406171048218, "smooth": 5.433097978572992, "interpol": 4.6064194053885235, "natur": 3.7027074557212285, "spline": 5.433097978572992, "e1": 6.462717395754149, "algorithm": 0.8920854338854537, "a480": 8.07215530818825, "cacm": 0.00031215857909170155, "august": 2.3750618216828454, "lych": 8.07215530818825, "schumak": 6.97354301952014}