{"oper": 4.540073865622374, "compat": 4.853279483320049, "system": 6.22977046926288, "convent": 7.676097607181981, "gener": 1.8279884075245136, "standard": 3.1023420086122493, "committe": 4.853279483320049, "share": 3.4871878295176777, "organ": 3.5078071167204135, "devot": 5.674260035389879, "consider": 3.8977680382926128, "effort": 4.5168072466988365, "problem": 1.9651324204459957, "comput": 5.246962468419287, "effici": 2.7108631424788245, "view": 4.334485689904882, "grow": 5.127716329021809, "number": 2.2028583950544753, "program": 2.877673749815746, "code": 2.948191328784991, "util": 3.6901286735143684, "fix": 4.064822122955779, "set": 10.218809646894169, "hardwar": 3.8825005661618244, "compon": 4.26549281841793, "recogn": 5.027632870464827, "fact": 4.6709579265260945, "occupi": 6.280395838960195, "storag": 2.7394365149228808, "medium": 5.36410510708604, "requir": 4.777151081699136, "incompat": 6.97354301952014, "resolv": 5.58724865840025, "manual": 6.68586094706836, "consid": 3.152174382360125, "minim": 3.39002408106403, "time": 2.0511319588387233, "suffici": 4.26549281841793, "broad": 5.769570215194204, "interest": 3.9450209231431583, "feel": 6.462717395754149, "user": 3.0548754713733257, "awar": 6.97354301952014, "georg": 5.36410510708604, "ryckman": 8.07215530818825, "chairman": 6.462717395754149, "cacm": 0.00031215857909170155, "june": 2.3717117347975636, "bright": 8.07215530818825}