{"iter": 8.093607234906202, "method": 3.7071103769930414, "fit": 7.989235728565061, "logist": 14.758016255256608, "curv": 8.360670020155247, "find": 3.58351893845611, "squar": 3.6295040516979333, "set": 2.554702411723542, "dimension": 4.2435139116991545, "point": 3.015909502839942, "cacm": 0.00031215857909170155, "march": 2.546702369056466, "howel": 6.280395838960195}