{"autom": 4.57564774672177, "plot": 4.9811128548299335, "flow": 4.704859478201776, "chart": 5.674260035389879, "small": 3.594818493710043, "comput": 1.3117406171048218, "cacm": 0.00031215857909170155, "januari": 2.6297375976664563, "anderson": 6.126245159132937}