{"comment": 4.064822122955779, "averag": 4.26549281841793, "binari": 3.8094754311469345, "search": 3.47703545805366, "length": 3.7954891891721947, "cacm": 0.00031215857909170155, "august": 2.3750618216828454, "jone": 6.126245159132937}