{"median": 20.920629058560422, "split": 35.249584385112186, "tree": 32.25167044610499, "fast": 3.9450209231431583, "lookup": 13.37172189413672, "techniqu": 6.7208184927142, "frequent": 9.033614493397673, "occur": 4.310955192494688, "key": 24.388932737734677, "search": 24.339248206375622, "set": 5.109404823447084, "highli": 4.638168103703103, "skew": 6.97354301952014, "frequenc": 14.219852394039139, "distribut": 3.497444329684867, "binari": 11.428426293440804, "node": 13.30370744538559, "valu": 7.405414911442457, "maxim": 5.299566585948469, "subtre": 12.925434791508298, "partit": 4.358583241483942, "remain": 5.127716329021809, "respect": 4.26549281841793, "lexic": 12.925434791508298, "order": 8.79147525505677, "left": 5.769570215194204, "mst": 32.288621232753, "descend": 6.126245159132937, "forc": 5.36410510708604, "perfectli": 7.379008127628304, "balanc": 5.076423034634259, "achiev": 3.7954891891721947, "space": 3.497444329684867, "effici": 2.7108631424788245, "represent": 3.5503667311392095, "high": 3.6777061535158113, "speed": 3.823660066138891, "unlik": 5.87493073085203, "cost": 3.518278416587709, "success": 4.083171261623976, "log": 9.962225709659867, "bound": 3.8380488035909903, "stabl": 5.507205950726713, "minim": 3.39002408106403, "built": 5.076423034634259, "time": 2.0511319588387233, "oppos": 6.68586094706836, "n2": 6.97354301952014, "optimum": 4.704859478201776, "discuss": 2.1972245773362196, "applic": 2.481168327677393, "dictionari": 5.674260035389879, "english": 4.6064194053885235, "present": 1.8221800659287668, "perform": 2.8094651192833644, "obtain": 3.116328250586989, "contrast": 5.58724865840025, "cacm": 0.00031215857909170155, "novemb": 2.4445341944976127, "sheil": 8.07215530818825}