{"discret": 4.814058770166768, "convolut": 6.68586094706836, "algorithm": 0.8920854338854537, "cacm": 0.00031215857909170155, "octob": 2.4849066497880004, "foreman": 8.07215530818825, "jr": 3.243841570885949}