{"automat": 6.743349884791668, "pars": 4.383275854074314, "content": 13.91450431110931, "analysi": 11.095351766560853, "syntact": 8.53098563683586, "semant": 4.287965674269989, "unrestrict": 6.126245159132937, "natur": 3.7027074557212285, "languag": 2.1750014405515095, "text": 8.166342523247952, "applic": 2.481168327677393, "stringent": 8.07215530818825, "coverag": 13.37172189413672, "requir": 2.388575540849568, "preliminari": 5.076423034634259, "studi": 3.227968221729659, "show": 3.641338509344936, "harvard": 6.280395838960195, "analyz": 3.5503667311392095, "produc": 3.427764409046877, "correct": 3.6295040516979333, "unambigu": 6.280395838960195, "identif": 5.238941964132033, "subject": 4.160132302760104, "object": 3.380807425959106, "verb": 6.68586094706836, "approxim": 3.380807425959106, "half": 4.739950798013046, "relev": 5.027632870464827, "occurr": 5.238941964132033, "degre": 4.222007706478191, "variabl": 6.218621355856685, "compar": 6.455936443459318, "favor": 10.866195957145983, "method": 3.7071103769930414, "sampl": 4.310955192494688, "total": 4.1803350100776235, "process": 2.1750014405515095, "cacm": 0.00031215857909170155, "june": 2.3717117347975636, "damerau": 7.379008127628304}