{"comput": 1.3117406171048218, "scienc": 3.977810745966149, "seminar": 7.379008127628304, "undergradu": 5.674260035389879, "cacm": 0.00031215857909170155, "juli": 2.3683728335320486, "kandel": 7.379008127628304}