{"shank": 7.379008127628304, "algorithm": 0.8920854338854537, "cacm": 0.00031215857909170155, "novemb": 2.4445341944976127, "thacher": 4.358583241483942, "jr": 3.243841570885949}