{"sort": 3.8825005661618244, "procedur": 2.63843330463401, "algorithm": 0.8920854338854537, "cacm": 0.00031215857909170155, "june": 2.3717117347975636, "randel": 6.126245159132937}