{"comparison": 3.6901286735143684, "program": 1.438836874907873, "method": 1.8535551884965207, "cacm": 0.00031215857909170155, "decemb": 2.4626835130032902, "curtz": 8.07215530818825, "riordan": 8.07215530818825, "spohn": 8.07215530818825}