{"elementari": 4.5168072466988365, "circuit": 5.299566585948469, "graph": 4.029104040353699, "algorithm": 0.8920854338854537, "a459": 8.07215530818825, "cacm": 0.00031215857909170155, "octob": 2.4849066497880004, "syslo": 7.379008127628304}