{"logic": 3.6062471895336663, "comput": 1.3117406171048218, "scienc": 3.977810745966149, "cacm": 0.00031215857909170155, "april": 2.4231810700270437, "korfhag": 7.379008127628304}