{"economi": 11.539140430388407, "scale": 8.575931348539978, "ibm": 3.518278416587709, "system": 3.11488523463144, "cost": 3.518278416587709, "function": 2.2610143152115496, "model": 2.996981492954423, "analyz": 3.5503667311392095, "examin": 3.641338509344936, "instruct": 7.734925377594568, "time": 2.0511319588387233, "program": 1.438836874907873, "kernel": 6.126245159132937, "typic": 4.461237395544026, "mix": 4.9811128548299335, "comparison": 3.6901286735143684, "made": 3.2046208577326674, "data": 4.333586920267359, "develop": 2.4267084105450123, "grosch": 7.379008127628304, "law": 5.674260035389879, "applic": 2.481168327677393, "sizabl": 8.07215530818825, "unquestion": 8.07215530818825, "present": 1.8221800659287668, "comput": 1.3117406171048218, "equip": 4.9366610922591, "cacm": 0.00031215857909170155, "june": 2.3717117347975636, "solomon": 6.462717395754149, "jr": 3.243841570885949}