{"eigen": 6.68586094706836, "problem": 1.9651324204459957, "block": 3.929020581796717, "tridiagon": 5.58724865840025, "matric": 3.929020581796717, "cacm": 0.00031215857909170155, "septemb": 2.546702369056466, "khalil": 8.07215530818825}