{"applic": 2.481168327677393, "differenti": 7.858041163593434, "equat": 6.218621355856685, "gener": 3.6559768150490273, "problem": 5.895397261337987, "solv": 3.5078071167204135, "larg": 2.8791984572980396, "class": 3.427764409046877, "lead": 4.48863636973214, "digit": 3.2930318150767204, "comput": 2.6234812342096436, "process": 4.350002881103019, "formul": 4.545794783572089, "term": 3.2763647625915087, "numer": 3.2046208577326674, "solut": 8.291662832361135, "system": 4.67232785194716, "ordinari": 4.434569148461864, "power": 7.5361804299681605, "method": 1.8535551884965207, "exist": 3.572345637857985, "good": 4.6064194053885235, "purpos": 3.2599709528158325, "routin": 3.867462688797284, "furnish": 6.68586094706836, "tool": 4.638168103703103, "true": 5.674260035389879, "point": 3.015909502839942, "view": 4.334485689904882, "eas": 9.8733221845182, "program": 1.438836874907873, "debug": 4.6064194053885235, "minim": 3.39002408106403, "time": 2.0511319588387233, "number": 2.2028583950544753, "exampl": 3.371674942395834, "discuss": 2.1972245773362196, "detail": 3.447182494903979, "cacm": 0.00031215857909170155, "septemb": 2.546702369056466, "klopfenstein": 8.07215530818825}