{"advanc": 4.704859478201776, "cryptograph": 20.05758284120508, "techniqu": 4.480545661809466, "comput": 3.9352218513144654, "maintain": 4.638168103703103, "confidenti": 6.68586094706836, "inform": 2.5627669715602726, "process": 2.1750014405515095, "dealt": 6.126245159132937, "special": 3.5395558150349937, "emphasi": 4.5168072466988365, "paid": 6.68586094706836, "uniqu": 5.076423034634259, "characterist": 3.6295040516979333, "make": 3.380807425959106, "method": 3.7071103769930414, "rel": 4.200954297280359, "secur": 5.238941964132033, "cost": 3.518278416587709, "prefer": 5.58724865840025, "includ": 2.7688504001291743, "paper": 1.9808454261105517, "cacm": 0.00031215857909170155, "decemb": 2.4626835130032902, "van": 5.36410510708604, "tassel": 8.07215530818825}