{"system": 7.787213086578601, "interprocess": 7.379008127628304, "commun": 11.146339444495975, "resourc": 4.287965674269989, "share": 6.974375659035355, "comput": 2.6234812342096436, "network": 11.835062769429475, "process": 4.350002881103019, "time": 2.0511319588387233, "extend": 3.8977680382926128, "distribut": 3.497444329684867, "hypothet": 6.126245159132937, "applic": 2.481168327677393, "exist": 3.572345637857985, "discuss": 2.1972245773362196, "cacm": 0.00031215857909170155, "april": 2.4231810700270437, "walden": 7.379008127628304}