{"sort": 3.8825005661618244, "cacm": 0.00031215857909170155, "june": 2.3717117347975636, "harper": 8.07215530818825, "payn": 6.126245159132937, "savag": 8.07215530818825, "strau": 8.07215530818825}