{"numer": 9.613862573198002, "mathemat": 10.8885121550938, "comput": 2.6234812342096436, "scienc": 3.977810745966149, "view": 4.334485689904882, "analysi": 8.32151382492064, "continu": 3.852647603012143, "algorithm": 1.7841708677709074, "compon": 4.26549281841793, "discuss": 2.1972245773362196, "foundat": 5.992713766508414, "finit": 4.2435139116991545, "precis": 4.064822122955779, "number": 2.2028583950544753, "system": 1.55744261731572, "complex": 3.137681375057558, "synthesi": 5.674260035389879, "error": 3.0482747873419735, "program": 2.877673749815746, "librari": 4.894101477840304, "cacm": 0.00031215857909170155, "juli": 2.3683728335320486, "traub": 5.992713766508414}