{"recurr": 5.87493073085203, "relat": 3.144901623031045, "fresnel": 5.992713766508414, "integr": 5.969117945911732, "similar": 3.7954891891721947, "cacm": 0.00031215857909170155, "august": 2.3750618216828454, "acton": 6.97354301952014}