{"empir": 4.358583241483942, "studi": 3.227968221729659, "minim": 3.39002408106403, "storag": 2.7394365149228808, "sort": 3.8825005661618244, "cacm": 0.00031215857909170155, "hibbard": 8.07215530818825}