{"recoveri": 11.539140430388407, "reentrant": 20.920629058560422, "list": 19.136120313611272, "structur": 7.421200047569625, "slip": 25.850869583016596, "consequ": 5.769570215194204, "refer": 3.823660066138891, "count": 4.9366610922591, "base": 2.701517280060587, "space": 3.497444329684867, "system": 3.11488523463144, "employ": 3.913272224828578, "recov": 11.539140430388407, "explicitli": 5.36410510708604, "eras": 7.379008127628304, "lisp": 9.15129549344354, "garbag": 10.255432658043619, "collect": 8.444015412956382, "scheme": 3.518278416587709, "free": 3.913272224828578, "impedi": 8.07215530818825, "depend": 3.929020581796717, "abl": 5.299566585948469, "find": 3.58351893845611, "mark": 10.255432658043619, "node": 4.434569148461864, "reachabl": 6.97354301952014, "program": 2.877673749815746, "variabl": 6.218621355856685, "trace": 5.027632870464827, "descend": 6.126245159132937, "identifi": 4.140329675463924, "creat": 4.408593662058603, "function": 2.2610143152115496, "amend": 7.379008127628304, "programm": 3.977810745966149, "wish": 5.769570215194204, "assum": 4.358583241483942, "respons": 4.461237395544026, "modif": 4.461237395544026, "collector": 5.87493073085203, "abandon": 6.97354301952014, "append": 6.97354301952014, "cacm": 0.00031215857909170155, "juli": 2.3683728335320486, "weizenbaum": 6.126245159132937}