{"gamma": 4.814058770166768, "function": 2.2610143152115496, "rang": 4.222007706478191, "algorithm": 0.8920854338854537, "cacm": 0.00031215857909170155, "april": 2.4231810700270437, "herndon": 5.181783550292085}