{"model": 8.99094447886327, "multifunct": 8.07215530818825, "teach": 36.2724848520446, "system": 18.68931140778864, "incorpor": 4.5168072466988365, "oper": 13.620221596867122, "larg": 2.8791984572980396, "comput": 2.6234812342096436, "transfer": 4.853279483320049, "control": 5.90832299154299, "execut": 9.707620203710315, "function": 2.2610143152115496, "recov": 5.769570215194204, "order": 2.93049175168559, "resum": 7.379008127628304, "abac": 8.07215530818825, "ii": 4.140329675463924, "written": 7.456699772669132, "run": 3.6777061535158113, "ibsi": 6.462717395754149, "ibm": 3.518278416587709, "graphic": 4.2435139116991545, "termin": 16.407453578544512, "reschedul": 7.379008127628304, "student": 12.932865577484062, "studi": 3.227968221729659, "cours": 8.97727273946428, "present": 1.8221800659287668, "cathod": 6.280395838960195, "ray": 5.507205950726713, "display": 3.9450209231431583, "switch": 5.36410510708604, "readili": 5.507205950726713, "mode": 9.55263688436784, "programm": 3.977810745966149, "full": 4.545794783572089, "resourc": 4.287965674269989, "languag": 4.350002881103019, "processor": 3.7154464814986583, "compil": 3.074943034424135, "librari": 4.894101477840304, "user": 3.0548754713733257, "program": 5.755347499631492, "dispos": 7.379008127628304, "write": 4.222007706478191, "assembl": 4.545794783572089, "debug": 4.6064194053885235, "process": 2.1750014405515095, "includ": 2.7688504001291743, "text": 4.083171261623976, "materi": 4.739950798013046, "interleav": 6.280395838960195, "problem": 1.9651324204459957, "solv": 3.5078071167204135, "leav": 5.87493073085203, "exercis": 5.992713766508414, "simul": 3.380807425959106, "game": 5.769570215194204, "provid": 3.015909502839942, "implic": 4.739950798013046, "degre": 4.222007706478191, "flexibl": 4.26549281841793, "industri": 5.36410510708604, "train": 5.36410510708604, "academ": 5.87493073085203, "educ": 4.287965674269989, "discuss": 2.1972245773362196, "addit": 3.318565117081885, "advantag": 3.7027074557212285, "type": 3.144901623031045, "consid": 3.152174382360125, "cacm": 0.00031215857909170155, "june": 2.3717117347975636, "engvold": 7.379008127628304, "hugh": 7.379008127628304}