{"recol": 8.07215530818825, "retriev": 7.189636987420086, "command": 4.57564774672177, "languag": 4.350002881103019, "interrog": 13.94708603904028, "scheme": 7.036556833175418, "manipul": 3.437426319958614, "data": 2.1667934601336793, "record": 15.469850755189135, "select": 3.617808011934742, "logic": 3.6062471895336663, "condit": 3.39002408106403, "statement": 3.7154464814986583, "defin": 3.1595004224521976, "class": 3.427764409046877, "associ": 4.704859478201776, "edit": 4.739950798013046, "print": 5.027632870464827, "output": 3.497444329684867, "summar": 5.076423034634259, "result": 2.3750618216828454, "oper": 2.270036932811187, "exampl": 3.371674942395834, "typic": 4.461237395544026, "applic": 2.481168327677393, "signific": 3.929020581796717, "featur": 3.399326473726344, "machin": 2.918863713690471, "implement": 2.570897097643523, "cacm": 0.00031215857909170155, "march": 2.546702369056466, "climenson": 8.07215530818825}