{"initi": 8.487027823398309, "experi": 3.4669851222001586, "oper": 6.810110798433561, "multiprogram": 12.480396908280312, "system": 7.787213086578601, "lewi": 11.985427533016829, "research": 7.955621491932298, "center": 14.012873779578284, "form": 3.0954215657676754, "degre": 4.222007706478191, "program": 4.31651062472362, "simultan": 8.360670020155247, "modifi": 3.8977680382926128, "sperri": 7.379008127628304, "rand": 6.280395838960195, "univac": 5.769570215194204, "scientif": 4.9366610922591, "model": 2.996981492954423, "comput": 2.6234812342096436, "year": 4.160132302760104, "evolv": 5.507205950726713, "achiev": 3.7954891891721947, "search": 3.47703545805366, "input": 3.116328250586989, "output": 3.497444329684867, "automat": 3.371674942395834, "time": 2.0511319588387233, "share": 3.4871878295176777, "independ": 3.8094754311469345, "code": 5.896382657569982, "problem": 1.9651324204459957, "import": 3.497444329684867, "machin": 2.918863713690471, "modif": 13.383712186632078, "accomplish": 4.638168103703103, "evolut": 11.74986146170406, "addit": 3.318565117081885, "requir": 2.388575540849568, "ad": 4.408593662058603, "facilit": 4.739950798013046, "eas": 4.9366610922591, "proceed": 6.126245159132937, "temper": 8.07215530818825, "pace": 7.379008127628304, "insur": 6.280395838960195, "basic": 6.836389916061453, "data": 2.1667934601336793, "reduct": 4.5168072466988365, "work": 3.344767489475909, "load": 4.814058770166768, "complet": 3.47703545805366, "schedul": 3.977810745966149, "educ": 4.287965674269989, "valuabl": 5.58724865840025, "mistak": 7.379008127628304, "made": 3.2046208577326674, "suggest": 3.399326473726344, "cure": 7.379008127628304, "point": 3.015909502839942, "futur": 4.222007706478191, "improv": 3.3536564368931554, "emphas": 5.674260035389879, "principl": 4.5168072466988365, "materi": 4.739950798013046, "follow": 6.126245159132937, "descript": 3.437426319958614, "hardwar": 3.8825005661618244, "develop": 2.4267084105450123, "present": 1.8221800659287668, "cacm": 0.00031215857909170155, "landi": 7.379008127628304, "mano": 6.97354301952014, "turner": 6.97354301952014}