{"comput": 3.9352218513144654, "scienc": 11.933432237898447, "cours": 13.465909109196419, "program": 4.31651062472362, "small": 10.784455481130129, "colleg": 17.022780106169638, "acm": 4.358583241483942, "subcommitte": 12.252490318265874, "committe": 4.853279483320049, "curriculum": 5.127716329021809, "ccc": 16.1443106163765, "appoint": 7.379008127628304, "consid": 3.152174382360125, "uniqu": 5.076423034634259, "problem": 3.9302648408919914, "univers": 3.9946178642825303, "make": 3.380807425959106, "recommend": 9.706558966640099, "regard": 4.77631844218392, "school": 5.299566585948469, "report": 3.4669851222001586, "author": 4.287965674269989, "suppli": 5.238941964132033, "set": 2.554702411723542, "resourc": 4.287965674269989, "implement": 2.570897097643523, "discuss": 2.1972245773362196, "specif": 3.227968221729659, "constraint": 4.358583241483942, "limit": 3.6295040516979333, "faculti": 6.126245159132937, "purpos": 3.2599709528158325, "satisfi": 4.383275854074314, "wide": 4.408593662058603, "varieti": 4.1209115896068225, "object": 3.380807425959106, "detail": 3.447182494903979, "descript": 3.437426319958614, "suggest": 3.399326473726344, "made": 3.2046208577326674, "advanc": 4.704859478201776, "work": 3.344767489475909, "extens": 3.3359568597937543, "librari": 4.894101477840304, "list": 3.189353385601879, "includ": 2.7688504001291743, "cacm": 0.00031215857909170155, "march": 2.546702369056466, "aust": 6.462717395754149, "engel": 7.379008127628304}