{"evalu": 3.137681375057558, "definit": 3.6777061535158113, "complex": 3.137681375057558, "line": 3.5288605259182457, "integr": 2.984558972955866, "algorithm": 0.8920854338854537, "cacm": 0.00031215857909170155, "june": 2.3717117347975636, "pfaltz": 7.379008127628304}