{"neliac": 6.68586094706836, "dialect": 6.462717395754149, "algol": 3.243841570885949, "cacm": 0.00031215857909170155, "august": 2.3750618216828454, "huskey": 6.68586094706836, "halstead": 6.462717395754149}