{"comput": 1.3117406171048218, "prepar": 4.57564774672177, "poetri": 8.07215530818825, "concord": 6.97354301952014, "cacm": 0.00031215857909170155, "februari": 2.6211168546225494, "painter": 8.07215530818825}