{"experi": 3.4669851222001586, "automat": 3.371674942395834, "storag": 2.7394365149228808, "alloc": 3.6295040516979333, "cacm": 0.00031215857909170155, "octob": 2.4849066497880004, "collin": 5.87493073085203, "jr": 3.243841570885949}