{"propos": 2.907369334264736, "set": 2.554702411723542, "public": 5.127716329021809, "standard": 3.1023420086122493, "acm": 4.358583241483942, "cacm": 0.00031215857909170155, "februari": 2.6211168546225494, "kent": 7.379008127628304}