{"comput": 15.740887405257862, "fast": 19.725104615715793, "fourier": 28.65791065310352, "transform": 32.98892454831597, "cooley": 7.379008127628304, "tukey": 7.379008127628304, "propos": 5.814738668529472, "algorithm": 2.676256301656361, "complex": 6.275362750115116, "shown": 2.7940406489577327, "major": 7.734925377594568, "time": 6.15339587651617, "save": 4.739950798013046, "larg": 8.637595371894118, "digit": 3.2930318150767204, "power": 3.7680902149840803, "proport": 10.152846069268518, "log2": 5.992713766508414, "improv": 3.3536564368931554, "method": 7.414220753986083, "paper": 1.9808454261105517, "briefli": 4.5168072466988365, "review": 4.48863636973214, "differ": 3.977810745966149, "equat": 3.1093106779283426, "accur": 4.739950798013046, "need": 3.251873742583213, "trigonometr": 6.97354301952014, "function": 2.2610143152115496, "valu": 3.7027074557212285, "problem": 1.9651324204459957, "system": 1.55744261731572, "virtual": 4.6064194053885235, "memori": 3.137681375057558, "consid": 3.152174382360125, "solut": 2.763887610787045, "size": 6.855528818093754, "word": 3.7546671946519394, "core": 8.621910384989375, "storag": 5.4788730298457615, "exce": 6.462717395754149, "factor": 3.852647603012143, "maximum": 5.027632870464827, "radix": 12.56079167792039, "fix": 8.129644245911559, "alloc": 3.6295040516979333, "amount": 4.1803350100776235, "mix": 4.9811128548299335, "scale": 4.287965674269989, "plan": 4.638168103703103, "point": 3.015909502839942, "arithmet": 3.6901286735143684, "cacm": 0.00031215857909170155, "octob": 2.4849066497880004, "singleton": 5.674260035389879}