{"experi": 3.4669851222001586, "algorithm": 4.460427169427269, "find": 14.33407575382444, "central": 14.219852394039139, "solut": 2.763887610787045, "pattern": 8.203726789272256, "classif": 5.181783550292085, "class": 13.711057636187508, "recognit": 4.704859478201776, "standard": 3.1023420086122493, "techniqu": 2.240272830904733, "hyperplan": 48.4329318491295, "separ": 12.730541735097464, "linearli": 6.126245159132937, "train": 5.36410510708604, "set": 5.109404823447084, "tradit": 5.36410510708604, "method": 1.8535551884965207, "point": 6.031819005679884, "necessarili": 5.507205950726713, "center": 4.6709579265260945, "empti": 6.126245159132937, "space": 3.497444329684867, "favor": 5.433097978572992, "lower": 5.238941964132033, "error": 3.0482747873419735, "rate": 4.408593662058603, "classifi": 5.674260035389879, "noncentr": 8.07215530818825, "test": 3.0817227214095135, "data": 2.1667934601336793, "frequent": 4.5168072466988365, "practic": 3.617808011934742, "modifi": 3.8977680382926128, "relax": 5.769570215194204, "poor": 6.126245159132937, "defin": 3.1595004224521976, "paper": 1.9808454261105517, "found": 3.852647603012143, "good": 4.6064194053885235, "cacm": 0.00031215857909170155, "march": 2.546702369056466, "slagl": 6.126245159132937}