{"monitor": 9.276336207406207, "oper": 4.540073865622374, "system": 3.11488523463144, "structur": 4.94746669837975, "concept": 6.836389916061453, "paper": 1.9808454261105517, "develop": 2.4267084105450123, "brinch": 7.379008127628304, "hansen": 5.87493073085203, "method": 3.7071103769930414, "introduc": 3.8380488035909903, "form": 3.0954215657676754, "synchron": 5.181783550292085, "describ": 3.0954215657676754, "implement": 2.570897097643523, "term": 3.2763647625915087, "semaphor": 6.68586094706836, "suitabl": 4.1803350100776235, "proof": 4.1803350100776235, "rule": 3.47703545805366, "illustr": 3.47703545805366, "exampl": 3.371674942395834, "includ": 2.7688504001291743, "singl": 3.7546671946519394, "resourc": 4.287965674269989, "schedul": 3.977810745966149, "bound": 3.8380488035909903, "buffer": 10.477883928264067, "alarm": 8.07215530818825, "clock": 6.126245159132937, "pool": 6.280395838960195, "disk": 4.704859478201776, "head": 5.181783550292085, "optim": 3.1743155082373384, "version": 4.461237395544026, "problem": 1.9651324204459957, "reader": 5.507205950726713, "writer": 5.769570215194204, "cacm": 0.00031215857909170155, "octob": 2.4849066497880004, "hoar": 5.299566585948469}