{"experiment": 3.867462688797284, "evalu": 3.137681375057558, "data": 4.333586920267359, "type": 9.434704869093135, "convent": 3.8380488035909903, "languag": 8.700005762206038, "program": 7.194184374539365, "written": 3.728349886334566, "substanti": 4.6709579265260945, "effect": 3.0954215657676754, "reliabl": 14.32895532655176, "result": 2.3750618216828454, "paper": 1.9808454261105517, "discuss": 2.1972245773362196, "experi": 3.4669851222001586, "compar": 3.227968221729659, "subject": 12.480396908280312, "static": 10.72821021417208, "typeless": 7.379008127628304, "analysi": 5.5476758832804265, "number": 4.405716790108951, "error": 9.14482436202592, "run": 3.6777061535158113, "show": 7.282677018689872, "environ": 3.7680902149840803, "increas": 3.6295040516979333, "detail": 3.447182494903979, "made": 3.2046208577326674, "solut": 2.763887610787045, "reason": 4.287965674269989, "small": 3.594818493710043, "problem": 1.9651324204459957, "difficulti": 4.57564774672177, "manipul": 3.437426319958614, "represent": 3.5503667311392095, "cacm": 0.00031215857909170155, "august": 2.3750618216828454, "gannon": 8.07215530818825}