{"gedanken": 14.758016255256608, "simpl": 3.009560275161283, "typeless": 7.379008127628304, "languag": 8.700005762206038, "base": 2.701517280060587, "principl": 4.5168072466988365, "complet": 3.47703545805366, "refer": 15.294640264555564, "concept": 3.4181949580307265, "experiment": 3.867462688797284, "program": 2.877673749815746, "characterist": 3.6295040516979333, "permit": 10.717036913573954, "context": 7.826544449657156, "permiss": 13.37172189413672, "meaning": 6.126245159132937, "function": 9.044057260846198, "label": 10.477883928264067, "result": 2.3750618216828454, "valu": 11.108122367163686, "variabl": 6.218621355856685, "assign": 8.129644245911559, "indirect": 6.126245159132937, "address": 3.913272224828578, "formal": 3.728349886334566, "introduc": 3.8380488035909903, "call": 3.4087162140761826, "turn": 5.181783550292085, "possess": 5.36410510708604, "oper": 2.270036932811187, "affect": 5.181783550292085, "relat": 3.144901623031045, "compound": 6.97354301952014, "data": 8.667173840534717, "structur": 12.368666745949374, "treat": 4.814058770166768, "type": 3.144901623031045, "declar": 4.814058770166768, "approach": 3.1743155082373384, "insur": 6.280395838960195, "process": 4.350002881103019, "accept": 9.15129549344354, "logic": 3.6062471895336663, "equival": 4.434569148461864, "regardless": 6.97354301952014, "intern": 4.26549281841793, "represent": 3.5503667311392095, "gener": 3.6559768150490273, "implicit": 5.507205950726713, "give": 4.287965674269989, "arbitrari": 4.160132302760104, "algorithm": 0.8920854338854537, "comput": 1.3117406171048218, "access": 3.6062471895336663, "compon": 4.26549281841793, "exist": 3.572345637857985, "construct": 3.189353385601879, "coroutin": 6.462717395754149, "quasi": 6.68586094706836, "parallel": 3.8825005661618244, "unorthodox": 8.07215530818825, "control": 2.954161495771495, "mechan": 3.7680902149840803, "varieti": 4.1209115896068225, "exampl": 3.371674942395834, "illustr": 3.47703545805366, "limit": 3.6295040516979333, "extens": 3.3359568597937543, "discuss": 2.1972245773362196, "briefli": 4.5168072466988365, "cacm": 0.00031215857909170155, "reynold": 6.462717395754149}