{"note": 3.497444329684867, "cheney": 6.97354301952014, "nonrecurs": 5.992713766508414, "list": 3.189353385601879, "compact": 4.9366610922591, "algorithm": 0.8920854338854537, "cacm": 0.00031215857909170155, "april": 2.4231810700270437, "walden": 7.379008127628304}