{"solut": 5.52777522157409, "dijkstra": 5.238941964132033, "concurr": 4.9811128548299335, "program": 1.438836874907873, "problem": 3.9302648408919914, "simpl": 3.009560275161283, "mutual": 5.238941964132033, "exclus": 5.433097978572992, "present": 1.8221800659287668, "system": 1.55744261731572, "continu": 3.852647603012143, "oper": 2.270036932811187, "despit": 6.280395838960195, "failur": 6.126245159132937, "individu": 4.6064194053885235, "compon": 4.26549281841793, "cacm": 0.00031215857909170155, "august": 2.3750618216828454, "lamport": 5.992713766508414}