{"determin": 3.009560275161283, "algorithm": 0.8920854338854537, "cacm": 0.00031215857909170155, "decemb": 2.4626835130032902, "lapidu": 7.379008127628304}