{"implic": 4.739950798013046, "digit": 6.586063630153441, "comput": 2.6234812342096436, "educ": 4.287965674269989, "mathemat": 14.518016206791733, "scienc": 7.955621491932298, "profoundli": 8.07215530818825, "alter": 5.674260035389879, "definit": 3.6777061535158113, "interest": 3.9450209231431583, "import": 3.497444329684867, "appli": 3.2681342634549932, "logic": 7.212494379067333, "human": 4.5168072466988365, "affair": 8.07215530818825, "chang": 4.2435139116991545, "exist": 3.572345637857985, "engin": 4.814058770166768, "result": 2.3750618216828454, "longer": 5.674260035389879, "think": 6.68586094706836, "term": 6.552729525183017, "singl": 3.7546671946519394, "disciplin": 5.674260035389879, "complex": 3.137681375057558, "cacm": 0.00031215857909170155, "septemb": 2.546702369056466, "given": 6.97354301952014}