{"process": 2.1750014405515095, "magnet": 5.027632870464827, "tape": 4.046803617453101, "variabl": 3.1093106779283426, "block": 3.929020581796717, "cacm": 0.00031215857909170155, "decemb": 2.4626835130032902, "graham": 5.299566585948469, "sprott": 8.07215530818825}