{"equival": 8.869138296923728, "reduc": 7.282677018689872, "transit": 9.8733221845182, "languag": 10.875007202757548, "determinist": 11.539140430388407, "class": 10.283293227140632, "introduc": 3.8380488035909903, "eickel": 7.379008127628304, "paul": 6.462717395754149, "bauer": 5.992713766508414, "samelson": 6.462717395754149, "shown": 2.7940406489577327, "morri": 5.299566585948469, "proper": 5.076423034634259, "superclass": 8.07215530818825, "simpl": 3.009560275161283, "preced": 4.814058770166768, "paper": 1.9808454261105517, "result": 2.3750618216828454, "extend": 3.8977680382926128, "show": 3.641338509344936, "fact": 4.6709579265260945, "context": 3.913272224828578, "free": 3.913272224828578, "cacm": 0.00031215857909170155, "septemb": 2.546702369056466, "schkolnick": 8.07215530818825}