{"program": 1.438836874907873, "binari": 3.8094754311469345, "counter": 5.992713766508414, "ibm": 3.518278416587709, "type": 3.144901623031045, "calcul": 3.5395558150349937, "cacm": 0.00031215857909170155, "januari": 2.6297375976664563, "kenni": 8.07215530818825, "hunter": 6.68586094706836}