{"rule": 6.95407091610732, "ethic": 24.21646592456475, "inform": 7.688300914680818, "process": 4.350002881103019, "background": 5.299566585948469, "motiv": 5.674260035389879, "adopt": 11.985427533016829, "acm": 8.717166482967883, "council": 7.379008127628304, "novemb": 2.4445341944976127, "set": 2.554702411723542, "guidelin": 11.348520070779758, "profession": 5.027632870464827, "conduct": 5.238941964132033, "tori": 6.68586094706836, "code": 2.948191328784991, "profess": 13.94708603904028, "reason": 4.287965674269989, "consid": 3.152174382360125, "section": 4.853279483320049, "analyz": 3.5503667311392095, "purpos": 3.2599709528158325, "import": 3.497444329684867, "aspect": 4.083171261623976, "stimul": 6.68586094706836, "thought": 5.87493073085203, "interest": 3.9450209231431583, "cacm": 0.00031215857909170155, "march": 2.546702369056466, "parker": 6.97354301952014}