{"divisionless": 7.379008127628304, "comput": 1.3117406171048218, "squar": 7.259008103395867, "root": 4.140329675463924, "continu": 3.852647603012143, "cacm": 0.00031215857909170155, "sarafyan": 7.379008127628304}