{"bit": 3.977810745966149, "manipul": 3.437426319958614, "fortran": 3.2681342634549932, "languag": 2.1750014405515095, "cacm": 0.00031215857909170155, "june": 2.3717117347975636, "tobey": 6.68586094706836}