{"evalu": 3.137681375057558, "modifi": 3.8977680382926128, "bessel": 5.127716329021809, "function": 2.2610143152115496, "k0": 8.07215530818825, "k1": 7.379008127628304, "complex": 3.137681375057558, "argument": 4.77631844218392, "s17": 6.462717395754149, "algorithm": 0.8920854338854537, "a484": 8.07215530818825, "cacm": 0.00031215857909170155, "septemb": 2.546702369056466, "burrel": 8.07215530818825}