{"eigenvalu": 4.814058770166768, "symmetr": 4.57564774672177, "matrix": 3.137681375057558, "cacm": 0.00031215857909170155, "april": 2.4231810700270437, "smith": 4.310955192494688}