{"state": 3.852647603012143, "digit": 3.2930318150767204, "comput": 1.3117406171048218, "technolog": 4.5168072466988365, "europ": 6.97354301952014, "cacm": 0.00031215857909170155, "june": 2.3717117347975636, "blachman": 7.379008127628304}