{"expand": 5.181783550292085, "system": 1.55744261731572, "input": 3.116328250586989, "card": 5.238941964132033, "replic": 6.97354301952014, "cacm": 0.00031215857909170155, "warrington": 8.07215530818825, "norri": 8.07215530818825}