{"coulomb": 5.992713766508414, "wave": 5.58724865840025, "function": 2.2610143152115496, "algorithm": 0.8920854338854537, "r300": 8.07215530818825, "cacm": 0.00031215857909170155, "vo": 8.07215530818825}