{"bendix": 7.379008127628304, "system": 1.55744261731572, "cacm": 0.00031215857909170155}