{"analysi": 2.7738379416402132, "pff": 7.379008127628304, "replac": 4.739950798013046, "algorithm": 0.8920854338854537, "semi": 5.769570215194204, "markov": 5.769570215194204, "model": 2.996981492954423, "corrigendum": 4.545794783572089, "cacm": 0.00031215857909170155, "septemb": 2.546702369056466, "chu": 6.462717395754149, "opderbeck": 6.97354301952014}