{"survey": 4.48863636973214, "code": 2.948191328784991, "charact": 3.6654360609239967, "represent": 3.5503667311392095, "cacm": 0.00031215857909170155, "decemb": 2.4626835130032902, "bemer": 5.58724865840025}