{"matrix": 3.137681375057558, "invers": 7.734925377594568, "gauss": 5.36410510708604, "jordan": 6.462717395754149, "ii": 4.140329675463924, "algorithm": 0.8920854338854537, "cacm": 0.00031215857909170155, "januari": 2.6297375976664563, "naur": 5.127716329021809}