{"pert": 12.252490318265874, "time": 10.255659794193617, "calcul": 17.697779075174967, "topolog": 21.732391914291966, "order": 5.86098350337118, "simplifi": 4.48863636973214, "techniqu": 2.240272830904733, "present": 1.8221800659287668, "event": 4.408593662058603, "assign": 4.064822122955779, "uniqu": 5.076423034634259, "memori": 9.413044125172675, "locat": 12.420989026391773, "activ": 19.889053729830746, "repres": 7.212494379067333, "link": 17.434332965935766, "defin": 3.1595004224521976, "address": 3.913272224828578, "inform": 2.5627669715602726, "carri": 4.77631844218392, "typic": 4.461237395544026, "net": 18.378735477398813, "major": 3.867462688797284, "bit": 7.955621491932298, "cell": 10.152846069268518, "remaind": 5.87493073085203, "unidirect": 8.07215530818825, "forward": 5.507205950726713, "expect": 4.334485689904882, "complet": 6.95407091610732, "backward": 5.87493073085203, "latest": 7.379008127628304, "allow": 3.867462688797284, "progress": 5.181783550292085, "core": 4.310955192494688, "cacm": 0.00031215857909170155, "march": 2.546702369056466, "lass": 7.379008127628304}