{"note": 3.497444329684867, "minim": 10.17007224319209, "length": 3.7954891891721947, "polygon": 22.348994633601, "approxim": 6.761614851918212, "digit": 6.586063630153441, "contour": 21.732391914291966, "method": 1.8535551884965207, "extract": 5.076423034634259, "smooth": 5.433097978572992, "imag": 15.08289861139448, "illustr": 3.47703545805366, "order": 2.93049175168559, "sequenc": 3.6654360609239967, "point": 3.015909502839942, "connect": 4.310955192494688, "graph": 4.029104040353699, "obtain": 3.116328250586989, "modifi": 3.8977680382926128, "ledley": 6.97354301952014, "algorithm": 1.7841708677709074, "scan": 4.894101477840304, "perimet": 7.379008127628304, "subject": 4.160132302760104, "constraint": 4.358583241483942, "chosen": 4.894101477840304, "determin": 3.009560275161283, "reduc": 3.641338509344936, "nonlinear": 4.704859478201776, "program": 1.438836874907873, "problem": 1.9651324204459957, "solv": 3.5078071167204135, "take": 4.160132302760104, "account": 4.739950798013046, "weak": 5.674260035389879, "bond": 6.68586094706836, "variabl": 3.1093106779283426, "exampl": 3.371674942395834, "present": 1.8221800659287668, "comput": 1.3117406171048218, "time": 2.0511319588387233, "list": 3.189353385601879, "cacm": 0.00031215857909170155, "januari": 2.6297375976664563, "montanari": 6.68586094706836}