{"data": 4.333586920267359, "direct": 7.16703787691222, "input": 6.232656501173978, "output": 6.994888659369734, "fortran": 19.60880558072996, "statement": 11.146339444495975, "similar": 3.7954891891721947, "namelist": 8.07215530818825, "iv": 9.55263688436784, "incorpor": 4.5168072466988365, "compil": 3.074943034424135, "implement": 2.570897097643523, "greater": 4.853279483320049, "flexibl": 4.26549281841793, "simplic": 5.433097978572992, "featur": 3.399326473726344, "hollerith": 6.97354301952014, "name": 5.433097978572992, "locat": 4.140329675463924, "mode": 4.77631844218392, "dimens": 5.181783550292085, "variabl": 3.1093106779283426, "discov": 6.462717395754149, "mean": 3.2201250442686327, "standard": 3.1023420086122493, "method": 1.8535551884965207, "inform": 2.5627669715602726, "illustr": 3.47703545805366, "relat": 3.144901623031045, "gener": 1.8279884075245136, "purpos": 3.2599709528158325, "routin": 3.867462688797284, "matrix": 3.137681375057558, "manipul": 3.437426319958614, "discuss": 2.1972245773362196, "cacm": 0.00031215857909170155, "januari": 2.6297375976664563, "hassitt": 6.97354301952014}