{"smart": 7.379008127628304, "automat": 6.743349884791668, "document": 13.075749724451825, "retriev": 14.379273974840173, "system": 7.787213086578601, "illustr": 6.95407091610732, "fulli": 5.299566585948469, "oper": 9.080147731244748, "ibm": 3.518278416587709, "character": 4.9811128548299335, "fact": 4.6709579265260945, "hundr": 6.126245159132937, "method": 3.7071103769930414, "analyz": 3.5503667311392095, "search": 10.431106374160981, "request": 8.869138296923728, "featur": 3.399326473726344, "process": 4.350002881103019, "leav": 5.87493073085203, "exact": 4.853279483320049, "sequenc": 3.6654360609239967, "initi": 4.2435139116991545, "unspecifi": 8.07215530818825, "adapt": 4.434569148461864, "strategi": 4.6709579265260945, "need": 3.251873742583213, "individu": 4.6064194053885235, "user": 3.0548754713733257, "simul": 3.380807425959106, "actual": 4.287965674269989, "environ": 3.7680902149840803, "test": 3.0817227214095135, "effect": 3.0954215657676754, "result": 2.3750618216828454, "obtain": 3.116328250586989, "combin": 3.5612958016714, "analysi": 2.7738379416402132, "procedur": 5.27686660926802, "gener": 1.8279884075245136, "reli": 5.58724865840025, "want": 6.68586094706836, "inform": 2.5627669715602726, "typic": 4.461237395544026, "present": 1.8221800659287668, "report": 3.4669851222001586, "evalu": 3.137681375057558, "cacm": 0.00031215857909170155, "june": 2.3717117347975636, "salton": 6.126245159132937, "lesk": 6.68586094706836}