{"interact": 7.330872121847993, "skeleton": 18.841187516880584, "techniqu": 6.7208184927142, "enhanc": 12.252490318265874, "motion": 16.76174597520075, "dynam": 7.676097607181981, "key": 12.194466368867339, "frame": 16.76174597520075, "anim": 34.8677150976007, "signific": 3.929020581796717, "increas": 3.6295040516979333, "capabl": 3.8094754311469345, "control": 11.81664598308598, "achiev": 3.7954891891721947, "develop": 2.4267084105450123, "complex": 3.137681375057558, "sequenc": 14.661744243695987, "stick": 14.758016255256608, "figur": 11.985427533016829, "represent": 3.5503667311392095, "imag": 20.110531481859308, "drive": 5.507205950726713, "movement": 6.462717395754149, "simplic": 5.433097978572992, "encourag": 5.769570215194204, "high": 3.6777061535158113, "level": 3.2681342634549932, "design": 2.4924254822020275, "stage": 4.9811128548299335, "compat": 4.853279483320049, "basic": 3.4181949580307265, "permit": 3.572345637857985, "appli": 3.2681342634549932, "select": 3.617808011934742, "compon": 4.26549281841793, "composit": 4.853279483320049, "requir": 2.388575540849568, "cacm": 0.00031215857909170155, "octob": 2.4849066497880004, "burtnyk": 8.07215530818825, "wein": 8.07215530818825}