{"desir": 4.140329675463924, "comput": 1.3117406171048218, "impact": 5.076423034634259, "undergradu": 11.348520070779758, "mathemat": 3.6295040516979333, "matter": 5.674260035389879, "relat": 6.28980324606209, "theme": 7.379008127628304, "symposium": 6.462717395754149, "discuss": 4.394449154672439, "author": 4.287965674269989, "examin": 3.641338509344936, "project": 4.222007706478191, "concern": 3.9612814440149386, "suppli": 5.238941964132033, "demand": 4.853279483320049, "mathematician": 22.137024382884913, "unit": 4.2435139116991545, "state": 3.852647603012143, "mid": 7.379008127628304, "comment": 4.064822122955779, "briefli": 4.5168072466988365, "factor": 3.852647603012143, "influenc": 5.433097978572992, "profession": 5.027632870464827, "activ": 3.977810745966149, "appli": 3.2681342634549932, "year": 4.160132302760104, "broad": 5.769570215194204, "term": 3.2763647625915087, "inform": 2.5627669715602726, "train": 5.36410510708604, "cacm": 0.00031215857909170155, "septemb": 2.546702369056466, "macon": 7.379008127628304}