{"program": 1.438836874907873, "numer": 9.613862573198002, "solut": 2.763887610787045, "polynomi": 6.817432428152365, "equat": 6.218621355856685, "techniqu": 4.480545661809466, "present": 1.8221800659287668, "comput": 1.3117406171048218, "root": 4.140329675463924, "appli": 6.5362685269099865, "recommend": 9.706558966640099, "scale": 4.287965674269989, "invers": 3.867462688797284, "rule": 3.47703545805366, "basic": 3.4181949580307265, "bairstow": 6.126245159132937, "newton": 4.9366610922591, "raphson": 6.280395838960195, "iter": 4.046803617453101, "great": 5.433097978572992, "reliabl": 4.77631844218392, "high": 3.6777061535158113, "degre": 4.222007706478191, "accuraci": 4.383275854074314, "rapid": 4.9366610922591, "converg": 4.638168103703103, "realiz": 5.027632870464827, "exampl": 3.371674942395834, "shown": 2.7940406489577327, "illustr": 3.47703545805366, "pitfal": 6.68586094706836, "show": 3.641338509344936, "circumv": 6.97354301952014, "applic": 2.481168327677393, "procedur": 2.63843330463401, "cacm": 0.00031215857909170155, "decemb": 2.4626835130032902, "ellenberg": 7.379008127628304}