{"eigenvalu": 4.814058770166768, "eigenvector": 5.507205950726713, "symmetr": 4.57564774672177, "system": 1.55744261731572, "algorithm": 0.8920854338854537, "f2": 5.674260035389879, "cacm": 0.00031215857909170155, "march": 2.546702369056466, "boothroyd": 5.36410510708604}