{"graph": 4.029104040353699, "plotter": 5.769570215194204, "algorithm": 0.8920854338854537, "r412": 8.07215530818825, "cacm": 0.00031215857909170155, "august": 2.3750618216828454, "watkin": 6.97354301952014}