{"method": 1.8535551884965207, "partial": 4.287965674269989, "rewrit": 6.280395838960195, "magnet": 5.027632870464827, "tape": 4.046803617453101, "cacm": 0.00031215857909170155, "decemb": 2.4626835130032902, "miller": 6.462717395754149}