{"unitari": 7.379008127628304, "symmetr": 4.57564774672177, "polynomi": 3.4087162140761826, "algorithm": 0.8920854338854537, "r391": 8.07215530818825, "cacm": 0.00031215857909170155, "januari": 2.6297375976664563, "schrack": 6.126245159132937}