{"machin": 5.837727427380942, "calcul": 7.0791116300699874, "moment": 17.624792192556093, "probabl": 12.666023119434573, "distribut": 13.989777318739469, "method": 5.560665565489562, "present": 1.8221800659287668, "necessit": 6.97354301952014, "addit": 6.63713023416377, "refer": 7.647320132277782, "memori": 6.275362750115116, "minimum": 4.1209115896068225, "multipl": 3.58351893845611, "requir": 2.388575540849568, "straightforward": 5.433097978572992, "number": 2.2028583950544753, "entri": 4.334485689904882, "directli": 4.408593662058603, "applic": 2.481168327677393, "tabul": 5.58724865840025, "exist": 3.572345637857985, "comput": 1.3117406171048218, "repeat": 5.992713766508414, "convolut": 6.68586094706836, "case": 3.2123429038265776, "conserv": 8.07215530818825, "time": 2.0511319588387233, "accuraci": 4.383275854074314, "cacm": 0.00031215857909170155, "decemb": 2.4626835130032902, "lechner": 8.07215530818825}