{"soviet": 6.462717395754149, "comput": 1.3117406171048218, "technolog": 4.5168072466988365, "cacm": 0.00031215857909170155, "march": 2.546702369056466}