{"design": 4.984850964404055, "implement": 7.712691292930569, "evalu": 3.137681375057558, "work": 10.034302468427727, "set": 7.6641072351706265, "dispatch": 13.37172189413672, "behavior": 13.003457069714646, "comput": 2.6234812342096436, "system": 6.22977046926288, "larg": 2.8791984572980396, "depend": 3.929020581796717, "algorithm": 0.8920854338854537, "employ": 3.913272224828578, "alloc": 7.259008103395867, "resourc": 4.287965674269989, "process": 2.1750014405515095, "compet": 6.68586094706836, "recent": 3.8977680382926128, "research": 7.955621491932298, "time": 2.0511319588387233, "share": 3.4871878295176777, "page": 3.9612814440149386, "develop": 2.4267084105450123, "model": 5.993962985908846, "program": 1.438836874907873, "sourc": 4.101863394636128, "strategi": 4.6709579265260945, "base": 5.403034560121174, "propos": 2.907369334264736, "principl": 9.033614493397673, "report": 6.933970244400317, "case": 3.2123429038265776, "result": 2.3750618216828454, "announc": 6.97354301952014, "discuss": 2.1972245773362196, "present": 1.8221800659287668, "data": 2.1667934601336793, "permit": 3.572345637857985, "analysi": 2.7738379416402132, "futur": 4.222007706478191, "direct": 3.58351893845611, "method": 1.8535551884965207, "control": 2.954161495771495, "cacm": 0.00031215857909170155, "april": 2.4231810700270437, "rodriguez": 6.462717395754149, "rosel": 7.379008127628304, "dupuy": 8.07215530818825}