{"partit": 4.358583241483942, "natur": 3.7027074557212285, "order": 2.93049175168559, "algorithm": 0.8920854338854537, "a1": 4.894101477840304, "cacm": 0.00031215857909170155, "januari": 2.6297375976664563, "mckay": 5.507205950726713}