{"logarithm": 5.181783550292085, "complex": 3.137681375057558, "number": 2.2028583950544753, "algorithm": 0.8920854338854537, "b3": 6.97354301952014, "cacm": 0.00031215857909170155, "novemb": 2.4445341944976127, "collen": 7.379008127628304}