{"model": 5.993962985908846, "stack": 15.898699757845407, "implement": 12.854485488217616, "multipl": 7.16703787691222, "environ": 7.5361804299681605, "control": 11.81664598308598, "access": 3.6062471895336663, "structur": 2.473733349189875, "requir": 4.777151081699136, "storag": 10.957746059691523, "procedur": 10.55373321853604, "activ": 15.911242983864597, "exist": 3.572345637857985, "time": 4.102263917677447, "nest": 5.076423034634259, "straightforward": 5.433097978572992, "dynam": 3.8380488035909903, "alloc": 7.259008103395867, "link": 4.358583241483942, "block": 3.929020581796717, "expens": 5.992713766508414, "space": 3.497444329684867, "paper": 1.9808454261105517, "present": 1.8221800659287668, "techniqu": 8.961091323618932, "singl": 7.509334389303879, "hold": 5.433097978572992, "retent": 7.379008127628304, "durat": 6.97354301952014, "necessarili": 5.507205950726713, "tie": 6.97354301952014, "flow": 4.704859478201776, "properti": 3.5395558150349937, "simpl": 3.009560275161283, "case": 3.2123429038265776, "run": 3.6777061535158113, "ident": 5.36410510708604, "usual": 5.299566585948469, "automat": 3.371674942395834, "dealloc": 8.07215530818825, "applic": 2.481168327677393, "multitask": 7.379008127628304, "coroutin": 6.462717395754149, "backtrack": 6.68586094706836, "label": 5.238941964132033, "valu": 3.7027074557212285, "variabl": 3.1093106779283426, "function": 2.2610143152115496, "argument": 4.77631844218392, "discuss": 2.1972245773362196, "initi": 4.2435139116991545, "real": 3.5078071167204135, "processor": 3.7154464814986583, "assum": 8.717166482967883, "process": 2.1750014405515095, "coordin": 4.853279483320049, "pass": 4.57564774672177, "explicitli": 5.36410510708604, "multiprocessor": 5.433097978572992, "basic": 3.4181949580307265, "cacm": 0.00031215857909170155, "octob": 2.4849066497880004, "bobrow": 5.87493073085203, "wegbreit": 6.280395838960195}