{"comput": 1.3117406171048218, "product": 3.9946178642825303, "peek": 8.07215530818825, "boo": 8.07215530818825, "sheet": 8.07215530818825, "cacm": 0.00031215857909170155, "decemb": 2.4626835130032902, "robbin": 6.97354301952014}