{"chain": 4.894101477840304, "trace": 5.027632870464827, "algorithm": 0.8920854338854537, "cacm": 0.00031215857909170155, "septemb": 2.546702369056466, "mayoh": 6.68586094706836}