{"coda": 16.1443106163765, "data": 10.833967300668396, "display": 15.780083692572633, "system": 7.787213086578601, "custom": 6.126245159132937, "orient": 7.955621491932298, "user": 6.109750942746651, "retriev": 7.189636987420086, "command": 4.57564774672177, "languag": 4.350002881103019, "easi": 4.358583241483942, "mean": 3.2201250442686327, "request": 8.869138296923728, "tabl": 3.4570347913469903, "graph": 4.029104040353699, "produc": 3.427764409046877, "format": 4.1803350100776235, "readi": 6.126245159132937, "public": 5.127716329021809, "paper": 1.9808454261105517, "statement": 3.7154464814986583, "gener": 1.8279884075245136, "design": 2.4924254822020275, "cacm": 0.00031215857909170155, "februari": 2.6211168546225494, "day": 5.507205950726713, "mansfield": 8.07215530818825, "elli": 6.68586094706836}