{"trie": 6.97354301952014, "memori": 3.137681375057558, "cacm": 0.00031215857909170155, "septemb": 2.546702369056466, "fredkin": 8.07215530818825}