{"model": 8.99094447886327, "parallel": 7.765001132323649, "process": 4.350002881103019, "program": 2.877673749815746, "applic": 2.481168327677393, "cpu": 25.638581645109046, "overlap": 22.697040141559516, "approxim": 6.761614851918212, "queue": 4.894101477840304, "intern": 4.26549281841793, "individu": 4.6064194053885235, "multiprogram": 8.320264605520208, "system": 4.67232785194716, "develop": 4.853416821090025, "paper": 1.9808454261105517, "solut": 2.763887610787045, "techniqu": 2.240272830904733, "network": 3.9450209231431583, "decomposit": 5.181783550292085, "formul": 4.545794783572089, "term": 3.2763647625915087, "appli": 3.2681342634549932, "analysi": 2.7738379416402132, "problem": 1.9651324204459957, "percentag": 13.37172189413672, "perform": 2.8094651192833644, "improv": 6.707312873786311, "found": 7.705295206024286, "greatest": 11.348520070779758, "util": 7.380257347028737, "balanc": 5.076423034634259, "low": 4.383275854074314, "degre": 4.222007706478191, "systemtem": 8.07215530818825, "cacm": 0.00031215857909170155, "octob": 2.4849066497880004, "towsley": 8.07215530818825, "chandi": 6.68586094706836, "brown": 5.027632870464827}