{"method": 1.8535551884965207, "detect": 4.310955192494688, "step": 8.023424595283661, "edg": 15.7168258923961, "digit": 13.172127260306882, "pictur": 9.212838810777047, "note": 3.497444329684867, "describ": 3.0954215657676754, "oper": 6.810110798433561, "respond": 6.462717395754149, "ramp": 6.97354301952014, "similar": 3.7954891891721947, "laplacian": 16.1443106163765, "max": 6.462717395754149, "sum": 4.545794783572089, "differ": 7.955621491932298, "mean": 3.2201250442686327, "median": 6.97354301952014, "gray": 5.238941964132033, "level": 3.2681342634549932, "neighborhood": 13.94708603904028, "output": 3.497444329684867, "obtain": 3.116328250586989, "appli": 3.2681342634549932, "set": 2.554702411723542, "test": 3.0817227214095135, "compar": 3.227968221729659, "standard": 6.204684017224499, "gradient": 12.925434791508298, "distanc": 5.58724865840025, "center": 4.6709579265260945, "centroid": 8.07215530818825, "briefli": 4.5168072466988365, "consid": 3.152174382360125, "turn": 5.181783550292085, "equival": 4.434569148461864, "approxim": 3.380807425959106, "cacm": 0.00031215857909170155, "februari": 2.6211168546225494, "schachter": 8.07215530818825, "rosenfeld": 6.280395838960195}