{"curv": 4.1803350100776235, "fit": 3.9946178642825303, "constraint": 4.358583241483942, "algorithm": 0.8920854338854537, "cacm": 0.00031215857909170155, "june": 2.3717117347975636, "isoda": 7.379008127628304}