{"program": 2.877673749815746, "structur": 2.473733349189875, "parallel": 7.765001132323649, "process": 2.1750014405515095, "construct": 6.378706771203758, "organ": 3.5078071167204135, "explic": 7.379008127628304, "segment": 4.434569148461864, "discuss": 2.1972245773362196, "extens": 3.3359568597937543, "algol": 3.243841570885949, "serv": 4.57564774672177, "meta": 6.126245159132937, "command": 4.57564774672177, "motiv": 5.674260035389879, "equip": 4.9366610922591, "multiprocess": 6.126245159132937, "capabl": 3.8094754311469345, "cacm": 0.00031215857909170155, "decemb": 2.4626835130032902, "anderson": 6.126245159132937}