{"algebra": 12.035136892925491, "compil": 12.29977213769654, "fortran": 6.5362685269099865, "assembl": 9.091589567144178, "program": 2.877673749815746, "written": 3.728349886334566, "ad": 4.408593662058603, "expand": 5.181783550292085, "statement": 3.7154464814986583, "oper": 2.270036932811187, "addit": 3.318565117081885, "subtract": 5.58724865840025, "multipl": 3.58351893845611, "divis": 4.5168072466988365, "multi": 5.027632870464827, "level": 3.2681342634549932, "express": 3.1595004224521976, "float": 4.77631844218392, "point": 6.031819005679884, "arithmet": 3.6901286735143684, "easili": 4.26549281841793, "revis": 5.238941964132033, "fix": 4.064822122955779, "cacm": 0.00031215857909170155, "novemb": 2.4445341944976127, "stiegler": 8.07215530818825}