{"fit": 3.9946178642825303, "sphere": 6.280395838960195, "method": 1.8535551884965207, "squar": 3.6295040516979333, "cacm": 0.00031215857909170155, "novemb": 2.4445341944976127, "robinson": 5.769570215194204}