{"comput": 1.3117406171048218, "control": 2.954161495771495, "label": 5.238941964132033, "cacm": 0.00031215857909170155, "novemb": 2.4445341944976127, "holt": 6.280395838960195}