{"product": 3.9946178642825303, "employ": 3.913272224828578, "ph": 5.58724865840025, "comput": 1.3117406171048218, "scienc": 3.977810745966149, "corrigendum": 4.545794783572089, "cacm": 0.00031215857909170155, "august": 2.3750618216828454, "taulbe": 6.68586094706836, "cont": 6.280395838960195}