{"solut": 5.52777522157409, "cigarett": 16.1443106163765, "smoker": 16.1443106163765, "problem": 7.860529681783983, "condit": 6.78004816212806, "statement": 7.430892962997317, "report": 3.4669851222001586, "discuss": 4.394449154672439, "introduc": 7.676097607181981, "patil": 24.21646592456475, "claim": 11.74986146170406, "solv": 3.5078071167204135, "oper": 4.540073865622374, "dijkstra": 10.477883928264067, "examin": 3.641338509344936, "proof": 4.1803350100776235, "show": 3.641338509344936, "establish": 4.408593662058603, "strong": 5.58724865840025, "restrict": 8.320264605520208, "elimin": 4.064822122955779, "program": 1.438836874907873, "techniqu": 2.240272830904733, "introduct": 4.894101477840304, "semaphor": 6.68586094706836, "concept": 3.4181949580307265, "paper": 1.9808454261105517, "need": 3.251873742583213, "gener": 1.8279884075245136, "suggest": 3.399326473726344, "cacm": 0.00031215857909170155, "march": 2.546702369056466, "parna": 5.87493073085203}