{"note": 3.497444329684867, "fit": 3.9946178642825303, "great": 5.433097978572992, "circl": 5.992713766508414, "squar": 3.6295040516979333, "cacm": 0.00031215857909170155, "august": 2.3750618216828454, "marcu": 7.379008127628304}