{"comput": 2.6234812342096436, "jn": 16.1443106163765, "numer": 6.409241715465335, "integr": 8.953676918867597, "shown": 2.7940406489577327, "practic": 3.617808011934742, "represent": 3.5503667311392095, "trapezoid": 6.68586094706836, "rule": 3.47703545805366, "error": 3.0482747873419735, "approxim": 3.380807425959106, "studi": 3.227968221729659, "empir": 4.358583241483942, "cacm": 0.00031215857909170155, "april": 2.4231810700270437, "stroud": 7.379008127628304, "kohli": 8.07215530818825}