{"lightpen": 8.07215530818825, "control": 2.954161495771495, "program": 7.194184374539365, "line": 3.5288605259182457, "data": 6.5003803804010385, "analysi": 2.7738379416402132, "paper": 1.9808454261105517, "describ": 3.0954215657676754, "techniqu": 2.240272830904733, "design": 2.4924254822020275, "eas": 4.9366610922591, "process": 2.1750014405515095, "system": 6.22977046926288, "person": 11.014411901453427, "scientist": 5.674260035389879, "intim": 6.97354301952014, "primarili": 5.127716329021809, "concern": 3.9612814440149386, "interpret": 4.222007706478191, "signific": 3.929020581796717, "handl": 3.7154464814986583, "unabl": 7.379008127628304, "spend": 7.379008127628304, "time": 2.0511319588387233, "master": 6.126245159132937, "languag": 6.525004321654528, "essenti": 4.434569148461864, "aid": 4.029104040353699, "compos": 5.433097978572992, "command": 9.15129549344354, "comput": 2.6234812342096436, "user": 9.164626414119978, "requir": 4.777151081699136, "learn": 9.788202955680608, "rememb": 16.1443106163765, "vocabulari": 17.624792192556093, "display": 3.9450209231431583, "menu": 7.379008127628304, "mean": 3.2201250442686327, "drive": 5.507205950726713, "scope": 5.433097978572992, "select": 7.235616023869484, "element": 3.8825005661618244, "point": 3.015909502839942, "light": 11.014411901453427, "pen": 14.758016255256608, "small": 3.594818493710043, "unord": 8.07215530818825, "set": 2.554702411723542, "rewrit": 6.280395838960195, "rule": 3.47703545805366, "appli": 3.2681342634549932, "result": 2.3750618216828454, "gener": 1.8279884075245136, "syntact": 4.26549281841793, "correct": 3.6295040516979333, "grammar": 4.1209115896068225, "restrict": 8.320264605520208, "sever": 6.280395838960195, "method": 1.8535551884965207, "commun": 3.7154464814986583, "make": 3.380807425959106, "natur": 3.7027074557212285, "unconstrain": 8.07215530818825, "success": 4.083171261623976, "ten": 5.238941964132033, "month": 5.769570215194204, "cacm": 0.00031215857909170155, "februari": 2.6211168546225494, "goodenough": 6.97354301952014}