{"remark": 4.57564774672177, "certif": 5.769570215194204, "matrix": 3.137681375057558, "invers": 3.867462688797284, "procedur": 2.63843330463401, "cacm": 0.00031215857909170155, "juli": 2.3683728335320486, "moler": 6.68586094706836}