{"stabl": 11.014411901453427, "numer": 3.2046208577326674, "method": 1.8535551884965207, "obtain": 3.116328250586989, "chebyshev": 9.8733221845182, "solut": 5.52777522157409, "overdetermin": 12.925434791508298, "system": 3.11488523463144, "equat": 9.327932033785029, "implement": 5.141794195287046, "stiefel": 16.1443106163765, "exchang": 12.925434791508298, "algorithm": 1.7841708677709074, "determin": 3.009560275161283, "linear": 3.1818061799664963, "present": 1.8221800659287668, "gaussian": 5.299566585948469, "lu": 6.280395838960195, "decomposit": 5.181783550292085, "row": 5.299566585948469, "interchang": 4.638168103703103, "comput": 1.3117406171048218, "literatur": 4.894101477840304, "gener": 1.8279884075245136, "develop": 2.4267084105450123, "permit": 3.572345637857985, "occasion": 6.68586094706836, "simultan": 4.1803350100776235, "cacm": 0.00031215857909170155, "june": 2.3717117347975636, "bartel": 6.462717395754149, "golub": 6.68586094706836}