{"class": 3.427764409046877, "matric": 3.929020581796717, "test": 3.0817227214095135, "invers": 3.867462688797284, "procedur": 2.63843330463401, "cacm": 0.00031215857909170155, "decemb": 2.4626835130032902, "cline": 6.97354301952014}