{"syminv2": 6.68586094706836, "algorithm": 0.8920854338854537, "cacm": 0.00031215857909170155, "februari": 2.6211168546225494, "rutishaus": 6.280395838960195}