{"graph": 24.174624242122196, "color": 17.97814129952524, "condit": 10.17007224319209, "exist": 10.717036913573954, "solut": 5.52777522157409, "timet": 25.12158335584078, "problem": 7.860529681783983, "suffici": 8.53098563683586, "present": 1.8221800659287668, "gotlieb": 5.674260035389879, "class": 10.283293227140632, "teacher": 18.841187516880584, "relationship": 4.222007706478191, "establish": 4.408593662058603, "precondit": 32.288621232753, "place": 5.127716329021809, "addit": 3.318565117081885, "restrict": 4.160132302760104, "correspond": 4.9366610922591, "unavail": 6.97354301952014, "constraint": 4.358583241483942, "preassign": 6.68586094706836, "meet": 5.299566585948469, "recent": 3.8977680382926128, "result": 2.3750618216828454, "convert": 4.383275854074314, "shown": 2.7940406489577327, "requir": 2.388575540849568, "cacm": 0.00031215857909170155, "august": 2.3750618216828454, "neufeld": 8.07215530818825, "tartar": 8.07215530818825}