{"rapidli": 6.126245159132937, "converg": 4.638168103703103, "express": 3.1595004224521976, "evalu": 3.137681375057558, "cacm": 0.00031215857909170155, "septemb": 2.546702369056466, "berin": 8.07215530818825}