{"function": 2.2610143152115496, "minim": 3.39002408106403, "algorithm": 0.8920854338854537, "e4": 5.433097978572992, "cacm": 0.00031215857909170155, "septemb": 2.546702369056466, "fletcher": 6.462717395754149}