{"lisp": 9.15129549344354, "techniqu": 2.240272830904733, "page": 7.922562888029877, "environ": 3.7680902149840803, "system": 3.11488523463144, "employ": 3.913272224828578, "block": 11.787061745390151, "concept": 3.4181949580307265, "global": 5.127716329021809, "local": 9.341915853052189, "variabl": 3.1093106779283426, "addit": 3.318565117081885, "method": 1.8535551884965207, "appli": 3.2681342634549932, "mean": 3.2201250442686327, "list": 12.757413542407516, "represent": 3.5503667311392095, "sequenti": 9.033614493397673, "creat": 8.817187324117207, "compil": 3.074943034424135, "level": 3.2681342634549932, "dynam": 3.8380488035909903, "garbag": 15.383148987065429, "collect": 12.666023119434573, "algorithm": 1.7841708677709074, "introduc": 3.8380488035909903, "make": 3.380807425959106, "compact": 4.9366610922591, "partial": 4.287965674269989, "perform": 2.8094651192833644, "exit": 6.462717395754149, "total": 4.1803350100776235, "storag": 2.7394365149228808, "exhaust": 5.507205950726713, "customari": 6.68586094706836, "flag": 6.97354301952014, "procedur": 2.63843330463401, "combin": 3.5612958016714, "featur": 3.399326473726344, "elimin": 4.064822122955779, "need": 3.251873742583213, "free": 3.913272224828578, "effect": 3.0954215657676754, "minim": 3.39002408106403, "number": 2.2028583950544753, "moment": 5.87493073085203, "cacm": 0.00031215857909170155, "decemb": 2.4626835130032902, "rochfeld": 8.07215530818825}