{"situ": 6.97354301952014, "transposit": 5.992713766508414, "rectangular": 5.299566585948469, "matrix": 3.137681375057558, "f1": 5.433097978572992, "algorithm": 0.8920854338854537, "c380": 8.07215530818825, "cacm": 0.00031215857909170155, "januari": 2.6297375976664563, "macleod": 6.97354301952014}