{"note": 3.497444329684867, "storag": 2.7394365149228808, "string": 7.405414911442457, "method": 1.8535551884965207, "store": 3.5288605259182457, "block": 3.929020581796717, "indefinit": 6.68586094706836, "size": 3.427764409046877, "complet": 3.47703545805366, "dynam": 3.8380488035909903, "relat": 3.144901623031045, "similar": 3.7954891891721947, "scheme": 3.518278416587709, "discuss": 2.1972245773362196, "cacm": 0.00031215857909170155, "august": 2.3750618216828454, "berztiss": 8.07215530818825}