{"statement": 3.7154464814986583, "considerd": 8.07215530818825, "harm": 7.379008127628304, "cacm": 0.00031215857909170155, "march": 2.546702369056466, "dijkstra": 5.238941964132033}