{"quikscript": 32.288621232753, "simscript": 26.74344378827344, "languag": 13.050008643309056, "simul": 3.380807425959106, "base": 2.701517280060587, "program": 2.877673749815746, "entir": 4.638168103703103, "algebra": 8.023424595283661, "gate": 14.758016255256608, "intern": 4.26549281841793, "implement": 2.570897097643523, "major": 3.867462688797284, "differ": 3.977810745966149, "present": 3.6443601318575336, "paper": 1.9808454261105517, "guid": 5.127716329021809, "attempt": 4.1209115896068225, "flavor": 8.07215530818825, "descript": 6.874852639917228, "includ": 2.7688504001291743, "suffici": 4.26549281841793, "render": 6.462717395754149, "materi": 4.739950798013046, "understand": 4.704859478201776, "reader": 5.507205950726713, "familiar": 5.58724865840025, "cacm": 0.00031215857909170155, "june": 2.3717117347975636, "tong": 6.97354301952014, "keller": 6.97354301952014, "newel": 6.126245159132937}