{"automata": 11.985427533016829, "formal": 7.456699772669132, "languag": 4.350002881103019, "abstract": 8.869138296923728, "switch": 10.72821021417208, "comput": 5.246962468419287, "ph": 11.1744973168005, "scienc": 7.955621491932298, "program": 2.877673749815746, "number": 2.2028583950544753, "cours": 13.465909109196419, "list": 3.189353385601879, "area": 3.867462688797284, "describ": 3.0954215657676754, "student": 4.310955192494688, "catalog": 6.68586094706836, "descript": 3.437426319958614, "appli": 3.2681342634549932, "role": 5.027632870464827, "graduat": 5.238941964132033, "discuss": 2.1972245773362196, "cacm": 0.00031215857909170155, "novemb": 2.4445341944976127, "mcnaughton": 8.07215530818825}