{"note": 3.497444329684867, "approxim": 3.380807425959106, "cacm": 0.00031215857909170155, "decemb": 2.4626835130032902, "lubkin": 8.07215530818825}