{"construct": 3.189353385601879, "repres": 3.6062471895336663, "synthet": 6.462717395754149, "workload": 5.992713766508414, "errata": 6.462717395754149, "cacm": 0.00031215857909170155, "octob": 2.4849066497880004, "sreenivarsan": 8.07215530818825, "kleinman": 7.379008127628304}