{"extens": 6.671913719587509, "editor": 11.348520070779758, "small": 7.189636987420086, "machin": 2.918863713690471, "disk": 4.704859478201776, "storag": 2.7394365149228808, "design": 4.984850964404055, "philosophi": 5.238941964132033, "develop": 2.4267084105450123, "sophist": 5.076423034634259, "util": 3.6901286735143684, "program": 2.877673749815746, "illustr": 6.95407091610732, "actual": 4.287965674269989, "implement": 5.141794195287046, "text": 4.083171261623976, "versatil": 6.68586094706836, "data": 6.5003803804010385, "structur": 4.94746669837975, "employ": 3.913272224828578, "number": 2.2028583950544753, "subroutin": 4.1209115896068225, "type": 3.144901623031045, "manipul": 3.437426319958614, "merit": 5.433097978572992, "eas": 4.9366610922591, "power": 3.7680902149840803, "term": 3.2763647625915087, "basic": 3.4181949580307265, "edit": 4.739950798013046, "function": 2.2610143152115496, "cacm": 0.00031215857909170155, "august": 2.3750618216828454, "benjamin": 6.97354301952014}