{"remot": 10.255432658043619, "line": 3.5288605259182457, "real": 7.015614233440827, "time": 4.102263917677447, "comput": 3.9352218513144654, "diagnosi": 17.624792192556093, "clinic": 12.925434791508298, "electrocardiogram": 20.05758284120508, "present": 3.6443601318575336, "paper": 1.9808454261105517, "report": 3.4669851222001586, "hardwar": 3.8825005661618244, "softwar": 3.929020581796717, "system": 4.67232785194716, "configur": 4.739950798013046, "function": 2.2610143152115496, "onlin": 5.127716329021809, "digit": 3.2930318150767204, "like": 6.126245159132937, "effort": 4.5168072466988365, "sort": 3.8825005661618244, "lead": 4.48863636973214, "satisfactori": 5.238941964132033, "solut": 2.763887610787045, "problem": 1.9651324204459957, "automat": 3.371674942395834, "attempt": 4.1209115896068225, "author": 4.287965674269989, "extend": 3.8977680382926128, "diagnost": 16.299293935718975, "capabl": 3.8094754311469345, "concern": 3.9612814440149386, "increas": 3.6295040516979333, "fidel": 7.379008127628304, "adapt": 4.434569148461864, "match": 4.5168072466988365, "filter": 6.280395838960195, "develop": 2.4267084105450123, "dimension": 4.2435139116991545, "pattern": 4.101863394636128, "analysi": 5.5476758832804265, "parallel": 3.8825005661618244, "electrocardiograph": 6.97354301952014, "interact": 3.6654360609239967, "studi": 3.227968221729659, "possibl": 4.77631844218392, "introduc": 3.8380488035909903, "major": 3.867462688797284, "tree": 3.58351893845611, "branch": 5.58724865840025, "decis": 3.8977680382926128, "earli": 5.027632870464827, "process": 2.1750014405515095, "cacm": 0.00031215857909170155, "januari": 2.6297375976664563, "whippl": 7.379008127628304, "dickson": 6.97354301952014, "horib": 8.07215530818825, "stark": 6.97354301952014}