{"hypergeometr": 12.925434791508298, "confluent": 6.68586094706836, "algorithm": 0.8920854338854537, "cacm": 0.00031215857909170155, "april": 2.4231810700270437, "thacher": 4.358583241483942, "jr": 3.243841570885949}