{"experiment": 15.469850755189135, "comparison": 3.6901286735143684, "time": 10.255659794193617, "share": 6.974375659035355, "batch": 9.706558966640099, "process": 4.350002881103019, "effect": 6.190843131535351, "program": 4.31651062472362, "develop": 2.4267084105450123, "mit": 6.126245159132937, "compat": 4.853279483320049, "system": 9.34465570389432, "ctss": 7.379008127628304, "compar": 3.227968221729659, "ibm": 3.518278416587709, "ibsi": 6.462717395754149, "mean": 3.2201250442686327, "statist": 7.734925377594568, "design": 9.96970192880811, "experi": 6.933970244400317, "ident": 5.36410510708604, "set": 2.554702411723542, "problem": 5.895397261337987, "assign": 4.064822122955779, "group": 4.1803350100776235, "subject": 4.160132302760104, "influenc": 5.433097978572992, "extern": 4.9811128548299335, "sequenc": 3.6654360609239967, "solut": 2.763887610787045, "programm": 7.955621491932298, "characterist": 3.6295040516979333, "factor": 7.705295206024286, "data": 2.1667934601336793, "obtain": 3.116328250586989, "variabl": 6.218621355856685, "comput": 1.3117406171048218, "elaps": 6.97354301952014, "consid": 3.152174382360125, "definit": 3.6777061535158113, "analysi": 5.5476758832804265, "varianc": 4.9811128548299335, "techniqu": 2.240272830904733, "employ": 3.913272224828578, "estim": 3.929020581796717, "differ": 11.933432237898447, "due": 4.9811128548299335, "elimin": 4.064822122955779, "result": 2.3750618216828454, "provid": 3.015909502839942, "strong": 5.58724865840025, "evid": 5.076423034634259, "import": 3.497444329684867, "critiqu": 7.379008127628304, "implic": 4.739950798013046, "cacm": 0.00031215857909170155, "schatzoff": 8.07215530818825, "tsao": 7.379008127628304, "wiig": 8.07215530818825}