{"code": 2.948191328784991, "structur": 2.473733349189875, "protect": 4.704859478201776, "manipul": 3.437426319958614, "variabl": 3.1093106779283426, "length": 3.7954891891721947, "item": 4.287965674269989, "corrigendum": 4.545794783572089, "cacm": 0.00031215857909170155, "april": 2.4231810700270437, "ramamoorthi": 6.68586094706836}