{"zero": 5.507205950726713, "complex": 3.137681375057558, "polynomi": 3.4087162140761826, "algorithm": 0.8920854338854537, "r419": 8.07215530818825, "cacm": 0.00031215857909170155, "march": 2.546702369056466, "wither": 8.07215530818825}