{"practic": 7.235616023869484, "interprocedur": 16.1443106163765, "data": 4.333586920267359, "flow": 9.409718956403552, "analysi": 5.5476758832804265, "algorithm": 5.352512603312722, "present": 1.8221800659287668, "analyz": 3.5503667311392095, "associ": 4.704859478201776, "procedur": 5.27686660926802, "program": 4.31651062472362, "inform": 5.125533943120545, "variabl": 6.218621355856685, "modifi": 3.8977680382926128, "possibl": 4.77631844218392, "preserv": 5.433097978572992, "call": 6.817432428152365, "subcal": 8.07215530818825, "suffici": 4.26549281841793, "power": 3.7680902149840803, "recurs": 3.913272224828578, "deal": 4.461237395544026, "share": 6.974375659035355, "aris": 4.704859478201776, "refer": 3.823660066138891, "paramet": 3.7816958670398586, "uniqu": 5.076423034634259, "comput": 2.6234812342096436, "singl": 3.7546671946519394, "pass": 4.57564774672177, "requir": 2.388575540849568, "prepass": 7.379008127628304, "relationship": 4.222007706478191, "pattern": 4.101863394636128, "asymptot": 5.433097978572992, "optim": 3.1743155082373384, "time": 2.0511319588387233, "complex": 3.137681375057558, "implement": 2.570897097643523, "larg": 2.8791984572980396, "cacm": 0.00031215857909170155, "septemb": 2.546702369056466, "barth": 7.379008127628304}