{"implement": 5.141794195287046, "substr": 12.56079167792039, "test": 12.326890885638054, "hash": 9.628117540333536, "techniqu": 2.240272830904733, "determin": 3.009560275161283, "string": 7.405414911442457, "low": 4.383275854074314, "probabl": 4.222007706478191, "satisfi": 4.383275854074314, "shown": 2.7940406489577327, "oper": 2.270036932811187, "speed": 3.823660066138891, "consider": 3.8977680382926128, "preced": 4.814058770166768, "appropri": 6.280395838960195, "chosen": 4.894101477840304, "code": 2.948191328784991, "cacm": 0.00031215857909170155, "decemb": 2.4626835130032902, "harrison": 5.992713766508414}