{"set": 2.554702411723542, "test": 3.0817227214095135, "matric": 3.929020581796717, "algorithm": 0.8920854338854537, "cacm": 0.00031215857909170155, "novemb": 2.4445341944976127, "dubay": 8.07215530818825}