{"simul": 13.523229703836424, "outpati": 16.1443106163765, "appoint": 29.516032510513217, "system": 6.22977046926288, "experiment": 3.867462688797284, "comput": 1.3117406171048218, "program": 1.438836874907873, "employ": 3.913272224828578, "depart": 5.181783550292085, "hospit": 6.68586094706836, "major": 3.867462688797284, "kind": 4.408593662058603, "individu": 4.6064194053885235, "block": 3.929020581796717, "purpos": 3.2599709528158325, "enabl": 4.5168072466988365, "user": 3.0548754713733257, "evalu": 3.137681375057558, "effect": 3.0954215657676754, "altern": 3.9612814440149386, "clinic": 6.462717395754149, "environ": 3.7680902149840803, "cacm": 0.00031215857909170155, "april": 2.4231810700270437, "katz": 6.280395838960195}