{"place": 5.127716329021809, "logic": 3.6062471895336663, "design": 2.4924254822020275, "switch": 5.36410510708604, "theori": 4.140329675463924, "comput": 1.3117406171048218, "curriculum": 5.127716329021809, "cacm": 0.00031215857909170155, "april": 2.4231810700270437, "muller": 5.992713766508414}