{"digit": 9.879095445230162, "data": 8.667173840534717, "processor": 3.7154464814986583, "track": 16.76174597520075, "partial": 8.575931348539978, "illumin": 13.37172189413672, "moon": 16.1443106163765, "studi": 3.227968221729659, "lunar": 16.1443106163765, "techniqu": 4.480545661809466, "fabric": 7.379008127628304, "breadboard": 8.07215530818825, "assess": 5.507205950726713, "feasibl": 4.894101477840304, "select": 3.617808011934742, "conduct": 5.238941964132033, "defin": 3.1595004224521976, "system": 9.34465570389432, "observ": 4.9811128548299335, "sight": 14.758016255256608, "line": 7.0577210518364915, "center": 4.6709579265260945, "process": 4.350002881103019, "portion": 4.894101477840304, "present": 1.8221800659287668, "detail": 3.447182494903979, "gener": 1.8279884075245136, "oper": 4.540073865622374, "tracker": 32.288621232753, "head": 5.181783550292085, "assembl": 4.545794783572089, "readout": 7.379008127628304, "entir": 4.638168103703103, "effect": 3.0954215657676754, "consider": 3.8977680382926128, "design": 2.4924254822020275, "basic": 3.4181949580307265, "consist": 3.823660066138891, "optic": 12.252490318265874, "sensor": 7.379008127628304, "comput": 3.9352218513144654, "drive": 11.014411901453427, "mechan": 11.30427064495224, "unit": 4.2435139116991545, "connect": 4.310955192494688, "cascad": 6.97354301952014, "compris": 6.97354301952014, "control": 2.954161495771495, "loop": 4.739950798013046, "applic": 2.481168327677393, "telescop": 6.68586094706836, "radial": 8.07215530818825, "scan": 4.894101477840304, "read": 9.15129549344354, "measur": 7.676097607181981, "inform": 5.125533943120545, "sequenti": 4.5168072466988365, "special": 3.5395558150349937, "purpos": 3.2599709528158325, "extract": 5.076423034634259, "error": 3.0482747873419735, "signal": 5.238941964132033, "attitud": 5.87493073085203, "cacm": 0.00031215857909170155, "march": 2.546702369056466, "wilcox": 6.97354301952014}