{"lemnisc": 7.379008127628304, "constant": 4.48863636973214, "corrigendum": 4.545794783572089, "cacm": 0.00031215857909170155, "august": 2.3750618216828454, "todd": 7.379008127628304}