{"shift": 11.1744973168005, "garbag": 5.127716329021809, "collect": 8.444015412956382, "overhead": 10.866195957145983, "compil": 9.224829103272405, "time": 6.15339587651617, "paper": 3.9616908522211034, "discuss": 2.1972245773362196, "techniqu": 2.240272830904733, "enabl": 4.5168072466988365, "automat": 3.371674942395834, "storag": 2.7394365149228808, "reclam": 7.379008127628304, "partial": 4.287965674269989, "assum": 4.358583241483942, "transact": 5.433097978572992, "orient": 3.977810745966149, "scheme": 3.518278416587709, "propos": 2.907369334264736, "deutsch": 6.462717395754149, "bobrow": 5.87493073085203, "featur": 3.399326473726344, "summar": 5.076423034634259, "implement": 2.570897097643523, "optim": 3.1743155082373384, "requir": 2.388575540849568, "global": 5.127716329021809, "flow": 4.704859478201776, "analysi": 2.7738379416402132, "perform": 2.8094651192833644, "sourc": 4.101863394636128, "program": 2.877673749815746, "shown": 2.7940406489577327, "action": 9.15129549344354, "affect": 5.181783550292085, "refer": 3.823660066138891, "count": 4.9366610922591, "cell": 5.076423034634259, "deduc": 7.379008127628304, "inform": 2.5627669715602726, "find": 3.58351893845611, "cancel": 8.07215530818825, "code": 2.948191328784991, "execut": 3.2358734012367716, "group": 4.1803350100776235, "achiev": 3.7954891891721947, "improv": 3.3536564368931554, "effici": 2.7108631424788245, "cacm": 0.00031215857909170155, "juli": 2.3683728335320486, "barth": 7.379008127628304}