{"protect": 4.704859478201776, "inform": 7.688300914680818, "process": 4.350002881103019, "util": 7.380257347028737, "critic": 4.814058770166768, "problem": 3.9302648408919914, "design": 2.4924254822020275, "permit": 3.572345637857985, "flexibl": 4.26549281841793, "share": 3.4871878295176777, "user": 3.0548754713733257, "privaci": 6.462717395754149, "solut": 2.763887610787045, "discuss": 2.1972245773362196, "cacm": 0.00031215857909170155, "graham": 5.299566585948469}