{"paramet": 3.7816958670398586, "estim": 3.929020581796717, "simpl": 3.009560275161283, "nonlinear": 4.704859478201776, "model": 2.996981492954423, "cacm": 0.00031215857909170155, "juli": 2.3683728335320486, "chow": 8.07215530818825}