{"ballist": 16.1443106163765, "cam": 24.21646592456475, "design": 4.984850964404055, "paper": 1.9808454261105517, "present": 1.8221800659287668, "digit": 3.2930318150767204, "comput": 2.6234812342096436, "program": 1.438836874907873, "rapid": 4.9366610922591, "calcul": 3.5395558150349937, "manufactur": 5.769570215194204, "data": 2.1667934601336793, "essenti": 4.434569148461864, "preproduct": 8.07215530818825, "util": 3.6901286735143684, "tank": 16.1443106163765, "fire": 7.379008127628304, "control": 2.954161495771495, "system": 1.55744261731572, "profil": 6.97354301952014, "gener": 1.8279884075245136, "introduc": 3.8380488035909903, "superelev": 8.07215530818825, "angl": 5.992713766508414, "requir": 2.388575540849568, "main": 4.029104040353699, "armament": 8.07215530818825, "type": 3.144901623031045, "ammunit": 8.07215530818825, "cacm": 0.00031215857909170155, "novemb": 2.4445341944976127, "archambault": 8.07215530818825}