{"automat": 3.371674942395834, "grade": 13.37172189413672, "scheme": 10.554835249763126, "simpl": 3.009560275161283, "program": 4.31651062472362, "exercis": 23.970855066033657, "discuss": 2.1972245773362196, "alter": 5.674260035389879, "made": 6.409241715465335, "typic": 4.461237395544026, "univers": 3.9946178642825303, "oper": 4.540073865622374, "system": 3.11488523463144, "record": 3.867462688797284, "result": 2.3750618216828454, "languag": 4.350002881103019, "includ": 2.7688504001291743, "assembl": 4.545794783572089, "comput": 1.3117406171048218, "control": 2.954161495771495, "provis": 5.58724865840025, "test": 3.0817227214095135, "programm": 3.977810745966149, "suppli": 10.477883928264067, "data": 4.333586920267359, "final": 3.7680902149840803, "run": 7.355412307031623, "mix": 4.9811128548299335, "special": 3.5395558150349937, "recognit": 4.704859478201776, "cacm": 0.00031215857909170155, "hext": 8.07215530818825, "wine": 8.07215530818825}