{"exclus": 10.866195957145983, "simul": 23.665651981713744, "activ": 19.889053729830746, "digit": 9.879095445230162, "network": 15.780083692572633, "techniqu": 6.7208184927142, "detail": 3.447182494903979, "logic": 10.818741568600998, "larg": 2.8791984572980396, "system": 3.11488523463144, "essenti": 4.434569148461864, "object": 3.380807425959106, "sought": 6.68586094706836, "improv": 3.3536564368931554, "eas": 4.9366610922591, "economi": 17.30871064558261, "model": 8.99094447886327, "gener": 1.8279884075245136, "execut": 3.2358734012367716, "time": 4.102263917677447, "space": 3.497444329684867, "facil": 3.8977680382926128, "handl": 3.7154464814986583, "simultan": 8.360670020155247, "main": 4.029104040353699, "result": 2.3750618216828454, "obtain": 3.116328250586989, "clear": 5.674260035389879, "separ": 4.2435139116991545, "structur": 7.421200047569625, "behavior": 4.334485689904882, "descript": 3.437426319958614, "reduct": 4.5168072466988365, "task": 4.222007706478191, "convert": 4.383275854074314, "boolean": 4.638168103703103, "elimin": 4.064822122955779, "process": 2.1750014405515095, "achiev": 3.7954891891721947, "event": 8.817187324117207, "schedul": 3.977810745966149, "deterior": 8.07215530818825, "queue": 4.894101477840304, "grow": 5.127716329021809, "length": 3.7954891891721947, "procedur": 2.63843330463401, "deal": 4.461237395544026, "effect": 3.0954215657676754, "mixtur": 6.126245159132937, "serial": 5.076423034634259, "passag": 7.379008127628304, "precis": 4.064822122955779, "quantit": 6.126245159132937, "fashion": 5.992713766508414, "combin": 3.5612958016714, "synchron": 5.181783550292085, "asynchron": 6.126245159132937, "aspect": 4.083171261623976, "cacm": 0.00031215857909170155, "februari": 2.6211168546225494, "ulrich": 7.379008127628304}