{"cram": 7.379008127628304, "algorithm": 0.8920854338854537, "cacm": 0.00031215857909170155, "juli": 2.3683728335320486, "caffrey": 6.97354301952014}