{"calcul": 3.5395558150349937, "fourier": 4.77631844218392, "integr": 2.984558972955866, "algorithm": 0.8920854338854537, "r418": 7.379008127628304, "cacm": 0.00031215857909170155, "june": 2.3717117347975636, "piessen": 6.462717395754149}