{"comment": 4.064822122955779, "convers": 3.867462688797284, "decis": 3.8977680382926128, "tabl": 3.4570347913469903, "comput": 1.3117406171048218, "program": 1.438836874907873, "cacm": 0.00031215857909170155, "januari": 2.6297375976664563, "pollack": 5.992713766508414}