{"specif": 3.227968221729659, "gener": 1.8279884075245136, "purpos": 3.2599709528158325, "paper": 1.9808454261105517, "card": 5.238941964132033, "inform": 2.5627669715602726, "process": 2.1750014405515095, "propos": 2.907369334264736, "american": 4.358583241483942, "standard": 3.1023420086122493, "cacm": 0.00031215857909170155}