{"bivari": 6.462717395754149, "interpol": 4.6064194053885235, "smooth": 5.433097978572992, "surfac": 4.704859478201776, "fit": 3.9946178642825303, "base": 2.701517280060587, "local": 4.6709579265260945, "procedur": 2.63843330463401, "e2": 5.181783550292085, "algorithm": 0.8920854338854537, "a474": 8.07215530818825, "cacm": 0.00031215857909170155, "januari": 2.6297375976664563, "akima": 6.97354301952014}