{"posteriori": 8.07215530818825, "bound": 3.8380488035909903, "polynomi": 3.4087162140761826, "algorithm": 0.8920854338854537, "cacm": 0.00031215857909170155, "june": 2.3717117347975636, "gibb": 6.462717395754149}