{"digit": 9.879095445230162, "comput": 3.9352218513144654, "determin": 6.019120550322566, "alpha": 13.94708603904028, "sourc": 12.305590183908384, "activ": 7.955621491932298, "techniqu": 6.7208184927142, "homogen": 6.462717395754149, "believ": 6.462717395754149, "applic": 2.481168327677393, "field": 3.9946178642825303, "nuclear": 13.94708603904028, "physic": 4.57564774672177, "involv": 3.4570347913469903, "manipul": 3.437426319958614, "imag": 5.027632870464827, "experiment": 3.867462688797284, "detail": 3.447182494903979, "cacm": 0.00031215857909170155, "januari": 2.6297375976664563, "robbin": 6.97354301952014, "taylor": 5.58724865840025}