{"detect": 12.932865577484062, "combin": 7.1225916033428, "occurr": 15.7168258923961, "paper": 1.9808454261105517, "suppos": 20.05758284120508, "variabl": 15.546553389641712, "x1": 8.07215530818825, "xn": 8.07215530818825, "finit": 4.2435139116991545, "rang": 4.222007706478191, "xi": 8.07215530818825, "take": 4.160132302760104, "pi": 6.97354301952014, "valu": 14.810829822884914, "chang": 4.2435139116991545, "time": 2.0511319588387233, "desir": 4.140329675463924, "subset": 4.545794783572089, "achiev": 3.7954891891721947, "final": 3.7680902149840803, "problem": 3.9302648408919914, "involv": 3.4570347913469903, "larg": 5.758396914596079, "number": 4.405716790108951, "effici": 2.7108631424788245, "solut": 8.291662832361135, "method": 3.7071103769930414, "unusu": 5.992713766508414, "properti": 3.5395558150349937, "faster": 4.9811128548299335, "system": 1.55744261731572, "sum": 4.545794783572089, "p1": 8.07215530818825, "pn": 6.97354301952014, "larger": 4.9366610922591, "error": 9.14482436202592, "free": 3.913272224828578, "suitabl": 4.1803350100776235, "case": 3.2123429038265776, "slightli": 5.769570215194204, "eleg": 5.992713766508414, "negat": 8.07215530818825, "conjunct": 5.181783550292085, "subject": 4.160132302760104, "possibl": 4.77631844218392, "analysi": 2.7738379416402132, "empir": 4.358583241483942, "studi": 3.227968221729659, "report": 3.4669851222001586, "cacm": 0.00031215857909170155, "januari": 2.6297375976664563, "zobrist": 8.07215530818825, "carlson": 6.97354301952014, "jr": 3.243841570885949}