{"curriculum": 20.510865316087237, "recommend": 19.413117933280198, "graduat": 5.238941964132033, "profession": 5.027632870464827, "program": 1.438836874907873, "inform": 7.688300914680818, "system": 6.22977046926288, "addendum": 20.05758284120508, "administr": 15.898699757845407, "report": 6.933970244400317, "acm": 4.358583241483942, "committe": 4.853279483320049, "comput": 2.6234812342096436, "educ": 4.287965674269989, "manag": 8.093607234906202, "propos": 5.814738668529472, "includ": 2.7688504001291743, "cours": 13.465909109196419, "import": 10.492332989054601, "reason": 8.575931348539978, "design": 2.4924254822020275, "understand": 4.704859478201776, "framework": 4.9811128548299335, "oper": 2.270036932811187, "work": 3.344767489475909, "effect": 3.0954215657676754, "object": 3.380807425959106, "prepar": 4.57564774672177, "futur": 4.222007706478191, "activ": 3.977810745966149, "felt": 6.126245159132937, "justifi": 5.58724865840025, "addit": 3.318565117081885, "outlin": 4.160132302760104, "format": 4.1803350100776235, "origin": 4.2435139116991545, "cacm": 0.00031215857909170155, "juli": 2.3683728335320486, "mcfarlan": 7.379008127628304, "nolan": 6.462717395754149}