{"visibl": 6.280395838960195, "surfac": 4.704859478201776, "plot": 4.9811128548299335, "program": 1.438836874907873, "algorithm": 0.8920854338854537, "r475": 7.379008127628304, "cacm": 0.00031215857909170155, "doran": 8.07215530818825}