{"increas": 3.6295040516979333, "effici": 2.7108631424788245, "quicksort": 23.49972292340812, "method": 1.8535551884965207, "present": 1.8221800659287668, "analysi": 2.7738379416402132, "gener": 7.3119536300980545, "averag": 4.26549281841793, "asymptot": 5.433097978572992, "number": 4.405716790108951, "comparison": 7.380257347028737, "need": 3.251873742583213, "shown": 2.7940406489577327, "log": 4.9811128548299335, "formula": 8.023424595283661, "deriv": 3.2930318150767204, "express": 3.1595004224521976, "term": 3.2763647625915087, "probabl": 4.222007706478191, "distribut": 3.497444329684867, "bound": 15.352195214363961, "partit": 4.358583241483942, "assum": 4.358583241483942, "simpl": 3.009560275161283, "form": 3.0954215657676754, "consid": 3.152174382360125, "hoar": 5.299566585948469, "choic": 4.57564774672177, "median": 6.97354301952014, "random": 3.6062471895336663, "sampl": 4.310955192494688, "main": 4.029104040353699, "contribut": 5.181783550292085, "paper": 1.9808454261105517, "interv": 4.48863636973214, "singl": 3.7546671946519394, "element": 3.8825005661618244, "turn": 5.181783550292085, "easi": 4.358583241483942, "implement": 2.570897097643523, "comput": 2.6234812342096436, "program": 1.438836874907873, "numer": 3.2046208577326674, "approxim": 3.380807425959106, "show": 7.282677018689872, "version": 4.461237395544026, "compar": 3.227968221729659, "origin": 4.2435139116991545, "impli": 5.507205950726713, "decreas": 5.027632870464827, "percent": 9.628117540333536, "actual": 4.287965674269989, "test": 3.0817227214095135, "save": 4.739950798013046, "time": 2.0511319588387233, "cacm": 0.00031215857909170155, "septemb": 2.546702369056466, "van": 5.36410510708604, "emden": 6.97354301952014}