{"manipul": 6.874852639917228, "algebra": 12.035136892925491, "express": 9.478501267356593, "algorithm": 3.5683417355418148, "form": 6.190843131535351, "sum": 4.545794783572089, "cipi": 8.07215530818825, "develop": 7.280125231635036, "conjunct": 5.181783550292085, "program": 1.438836874907873, "system": 6.22977046926288, "analysi": 5.5476758832804265, "problem": 3.9302648408919914, "enablesu": 8.07215530818825, "deriv": 6.586063630153441, "transfer": 4.853279483320049, "function": 2.2610143152115496, "block": 3.929020581796717, "diagram": 5.36410510708604, "linear": 3.1818061799664963, "continu": 3.852647603012143, "multi": 5.027632870464827, "loop": 4.739950798013046, "feedback": 5.992713766508414, "machin": 2.918863713690471, "represent": 3.5503667311392095, "virtu": 6.280395838960195, "simplifi": 4.48863636973214, "task": 4.222007706478191, "compil": 3.074943034424135, "purpos": 3.2599709528158325, "connect": 4.310955192494688, "studi": 3.227968221729659, "applic": 2.481168327677393, "mathemat": 3.6295040516979333, "devic": 3.929020581796717, "extend": 3.8977680382926128, "confin": 6.126245159132937, "origin": 4.2435139116991545, "cacm": 0.00031215857909170155, "septemb": 2.546702369056466, "rom": 7.379008127628304}