{"greatest": 5.674260035389879, "common": 3.9450209231431583, "divisor": 5.433097978572992, "integ": 4.140329675463924, "multipli": 5.87493073085203, "algorithm": 0.8920854338854537, "c386": 8.07215530818825, "cacm": 0.00031215857909170155, "april": 2.4231810700270437, "ragland": 8.07215530818825, "good": 4.6064194053885235}