{"gamma": 24.07029385083384, "function": 11.305071576057749, "rang": 4.222007706478191, "reciproc": 6.462717395754149, "real": 3.5078071167204135, "argument": 4.77631844218392, "logarithm": 5.181783550292085, "algorithm": 0.8920854338854537, "s14": 25.138164352324136, "cacm": 0.00031215857909170155, "septemb": 2.546702369056466, "pike": 5.433097978572992, "hill": 4.814058770166768}