{"outreal": 7.379008127628304, "algorithm": 0.8920854338854537, "i5": 7.379008127628304, "cacm": 0.00031215857909170155, "februari": 2.6211168546225494, "wirth": 5.238941964132033}