{"calcul": 3.5395558150349937, "confluent": 6.68586094706836, "divid": 4.739950798013046, "differ": 3.977810745966149, "algorithm": 0.8920854338854537, "cacm": 0.00031215857909170155, "septemb": 2.546702369056466, "thacher": 4.358583241483942, "jr": 3.243841570885949}