{"buddi": 36.757470954797625, "system": 9.34465570389432, "algorithm": 0.8920854338854537, "present": 3.6443601318575336, "implement": 2.570897097643523, "class": 3.427764409046877, "dynam": 3.8380488035909903, "storag": 2.7394365149228808, "alloc": 3.6295040516979333, "correspond": 4.9366610922591, "set": 2.554702411723542, "recurr": 5.87493073085203, "relat": 6.28980324606209, "block": 3.929020581796717, "size": 3.427764409046877, "provid": 3.015909502839942, "analys": 5.769570215194204, "ternal": 13.94708603904028, "fragment": 11.539140430388407, "binari": 3.8094754311469345, "fibonacci": 6.97354301952014, "weight": 4.77631844218392, "compar": 3.227968221729659, "simul": 3.380807425959106, "result": 2.3750618216828454, "extern": 4.9811128548299335, "total": 4.1803350100776235, "cacm": 0.00031215857909170155, "june": 2.3717117347975636, "peterson": 6.462717395754149, "norman": 8.07215530818825}