{"pack": 16.76174597520075, "scatter": 11.74986146170406, "tabl": 20.742208748081943, "open": 5.299566585948469, "address": 3.913272224828578, "benefit": 5.36410510708604, "recurs": 3.913272224828578, "entri": 4.334485689904882, "displac": 12.925434791508298, "cutoff": 14.758016255256608, "unsuccess": 7.379008127628304, "search": 3.47703545805366, "auxiliari": 5.299566585948469, "cost": 7.036556833175418, "function": 2.2610143152115496, "compar": 3.227968221729659, "convent": 3.8380488035909903, "method": 1.8535551884965207, "techniqu": 4.480545661809466, "provid": 3.015909502839942, "substanti": 4.6709579265260945, "improv": 6.707312873786311, "resembl": 6.68586094706836, "exact": 4.853279483320049, "solut": 2.763887610787045, "optim": 6.348631016474677, "depth": 6.126245159132937, "limit": 3.6295040516979333, "approxim": 3.380807425959106, "enum": 6.97354301952014, "exhaust": 5.507205950726713, "remain": 5.127716329021809, "linear": 3.1818061799664963, "size": 3.427764409046877, "primarili": 5.127716329021809, "suit": 5.076423034634259, "import": 3.497444329684867, "fix": 4.064822122955779, "possibl": 4.77631844218392, "larg": 2.8791984572980396, "refer": 3.823660066138891, "frequenc": 9.479901596026092, "known": 3.7027074557212285, "op": 7.379008127628304, "code": 2.948191328784991, "spell": 6.68586094706836, "dictionari": 5.674260035389879, "access": 3.6062471895336663, "array": 4.334485689904882, "introduct": 4.894101477840304, "weight": 4.77631844218392, "retriev": 3.594818493710043, "enhanc": 6.126245159132937, "degrad": 6.68586094706836, "cacm": 0.00031215857909170155, "octob": 2.4849066497880004, "lyon": 6.68586094706836}