{"solut": 2.763887610787045, "linear": 3.1818061799664963, "program": 1.438836874907873, "variabl": 3.1093106779283426, "implicit": 5.507205950726713, "enumer": 5.433097978572992, "algorithm": 0.8920854338854537, "cacm": 0.00031215857909170155, "april": 2.4231810700270437, "guignard": 8.07215530818825}