{"minit": 6.462717395754149, "algorithm": 1.7841708677709074, "linear": 3.1818061799664963, "program": 1.438836874907873, "cacm": 0.00031215857909170155, "juli": 2.3683728335320486, "messham": 8.07215530818825}