{"gener": 1.8279884075245136, "random": 3.6062471895336663, "number": 2.2028583950544753, "satisfi": 4.383275854074314, "poisson": 5.87493073085203, "distribut": 3.497444329684867, "g5": 5.238941964132033, "cacm": 0.00031215857909170155, "decemb": 2.4626835130032902, "snow": 8.07215530818825}