{"gener": 1.8279884075245136, "random": 3.6062471895336663, "correl": 5.433097978572992, "normal": 3.929020581796717, "variabl": 3.1093106779283426, "g5": 5.238941964132033, "algorithm": 0.8920854338854537, "a425": 8.07215530818825, "cacm": 0.00031215857909170155, "hurst": 8.07215530818825, "knop": 6.68586094706836}