{"implement": 5.141794195287046, "structur": 2.473733349189875, "english": 4.6064194053885235, "queri": 9.479901596026092, "languag": 4.350002881103019, "relat": 9.434704869093135, "model": 2.996981492954423, "data": 6.5003803804010385, "xrm": 8.07215530818825, "memori": 3.137681375057558, "system": 1.55744261731572, "sequel": 24.21646592456475, "cover": 4.9366610922591, "previou": 4.434569148461864, "paper": 1.9808454261105517, "review": 4.48863636973214, "sublanguag": 6.462717395754149, "intend": 4.894101477840304, "ad": 4.408593662058603, "hoc": 6.97354301952014, "interact": 3.6654360609239967, "problem": 1.9651324204459957, "solv": 3.5078071167204135, "non": 4.638168103703103, "comput": 1.3117406171048218, "specialist": 6.68586094706836, "version": 4.461237395544026, "prototyp": 6.68586094706836, "interpret": 8.444015412956382, "design": 4.984850964404055, "minim": 3.39002408106403, "access": 3.6062471895336663, "oper": 2.270036932811187, "requir": 2.388575540849568, "respond": 6.462717395754149, "arbitrari": 4.160132302760104, "optim": 3.1743155082373384, "algorithm": 0.8920854338854537, "purpos": 3.2599709528158325, "cacm": 0.00031215857909170155, "octob": 2.4849066497880004, "astrahan": 7.379008127628304, "chamberlin": 7.379008127628304}