{"detect": 8.621910384989375, "dimension": 8.487027823398309, "pattern": 12.305590183908384, "atom": 19.38815218726245, "chemic": 12.925434791508298, "structur": 14.84240009513925, "algorithm": 0.8920854338854537, "occurr": 5.238941964132033, "object": 3.380807425959106, "larger": 4.9366610922591, "present": 3.6443601318575336, "search": 6.95407091610732, "techniqu": 4.480545661809466, "geometr": 5.58724865840025, "defin": 3.1595004224521976, "characterist": 3.6295040516979333, "demand": 4.853279483320049, "candid": 6.68586094706836, "match": 9.033614493397673, "case": 3.2123429038265776, "properti": 3.5395558150349937, "consid": 3.152174382360125, "individu": 4.6064194053885235, "adequ": 5.507205950726713, "limit": 3.6295040516979333, "number": 2.2028583950544753, "set": 5.109404823447084, "applic": 2.481168327677393, "field": 3.9946178642825303, "chemistri": 6.97354301952014, "pharmacolog": 8.07215530818825, "common": 3.9450209231431583, "constel": 8.07215530818825, "molecul": 8.07215530818825, "possess": 5.36410510708604, "similar": 3.7954891891721947, "biolog": 5.87493073085203, "activ": 3.977810745966149, "ray": 5.507205950726713, "crystallographi": 6.97354301952014, "fit": 3.9946178642825303, "fragment": 5.769570215194204, "peak": 6.68586094706836, "electron": 5.181783550292085, "densiti": 5.507205950726713, "distribut": 3.497444329684867, "fourier": 4.77631844218392, "map": 4.358583241483942, "document": 4.358583241483942, "retriev": 3.594818493710043, "substructur": 7.379008127628304, "cacm": 0.00031215857909170155, "april": 2.4231810700270437, "lesk": 6.68586094706836}