{"quadi": 8.07215530818825, "algorithm": 0.8920854338854537, "cacm": 0.00031215857909170155, "februari": 2.6211168546225494, "herbold": 8.07215530818825}