{"airi": 7.379008127628304, "function": 2.2610143152115496, "algorithm": 0.8920854338854537, "s20": 6.68586094706836, "cacm": 0.00031215857909170155, "juli": 2.3683728335320486, "pitteway": 6.97354301952014}