{"cyclic": 11.74986146170406, "major": 7.734925377594568, "problem": 3.9302648408919914, "present": 1.8221800659287668, "simul": 3.380807425959106, "result": 2.3750618216828454, "issu": 4.704859478201776, "ad": 4.408593662058603, "judg": 6.68586094706836, "report": 3.4669851222001586, "cacm": 0.00031215857909170155, "april": 2.4231810700270437, "pomeranz": 6.97354301952014, "weil": 6.280395838960195, "jr": 3.243841570885949}