{"vector": 4.545794783572089, "space": 17.487221648424335, "model": 5.993962985908846, "automat": 3.371674942395834, "index": 17.533103416297255, "document": 13.075749724451825, "retriev": 7.189636987420086, "pattern": 8.203726789272256, "match": 4.5168072466988365, "environ": 3.7680902149840803, "store": 3.5288605259182457, "entiti": 11.985427533016829, "compar": 3.227968221729659, "incom": 6.97354301952014, "search": 3.47703545805366, "request": 4.434569148461864, "appear": 4.48863636973214, "properti": 3.5395558150349937, "lie": 5.58724865840025, "circumst": 5.87493073085203, "system": 1.55744261731572, "express": 3.1595004224521976, "function": 2.2610143152115496, "densiti": 16.52161785218014, "object": 3.380807425959106, "perform": 2.8094651192833644, "correl": 5.433097978572992, "invers": 3.867462688797284, "approach": 3.1743155082373384, "base": 2.701517280060587, "comput": 1.3117406171048218, "choos": 5.36410510708604, "optimum": 4.704859478201776, "vocabulari": 5.87493073085203, "collect": 4.222007706478191, "typic": 4.461237395544026, "evalu": 3.137681375057558, "result": 2.3750618216828454, "shown": 2.7940406489577327, "demonstr": 4.0117122976418305, "use": 5.433097978572992, "cacm": 0.00031215857909170155, "novemb": 2.4445341944976127, "salton": 6.126245159132937, "wong": 6.280395838960195, "yang": 8.07215530818825}