{"ibm": 3.518278416587709, "code": 2.948191328784991, "nundrum": 8.07215530818825, "cacm": 0.00031215857909170155, "march": 2.546702369056466, "grumett": 8.07215530818825}