{"jacobi": 5.674260035389879, "polynomi": 3.4087162140761826, "algorithm": 0.8920854338854537, "r332": 8.07215530818825, "cacm": 0.00031215857909170155, "februari": 2.6211168546225494, "skovgaard": 8.07215530818825}