{"schedul": 11.933432237898447, "reduc": 3.641338509344936, "conflict": 17.022780106169638, "meet": 5.299566585948469, "treat": 4.814058770166768, "defin": 3.1595004224521976, "undirect": 6.126245159132937, "linear": 3.1818061799664963, "graph": 8.058208080707399, "independ": 3.8094754311469345, "relat": 3.144901623031045, "activ": 3.977810745966149, "addit": 3.318565117081885, "constraint": 4.358583241483942, "time": 4.102263917677447, "space": 3.497444329684867, "connect": 4.310955192494688, "compon": 4.26549281841793, "found": 3.852647603012143, "algorithm": 0.8920854338854537, "gotlieb": 5.674260035389879, "corneil": 6.68586094706836, "correspond": 4.9366610922591, "set": 2.554702411723542, "event": 4.408593662058603, "cacm": 0.00031215857909170155, "june": 2.3717117347975636, "grime": 8.07215530818825}