{"upper": 16.09231532125812, "bound": 15.352195214363961, "gener": 1.8279884075245136, "prime": 9.341915853052189, "number": 2.2028583950544753, "integ": 4.140329675463924, "comput": 1.3117406171048218, "complex": 9.413044125172675, "find": 3.58351893845611, "modifi": 3.8977680382926128, "siev": 12.925434791508298, "eratosthen": 8.07215530818825, "doubli": 6.462717395754149, "link": 4.358583241483942, "list": 3.189353385601879, "yield": 4.545794783572089, "algorithm": 0.8920854338854537, "arithmet": 3.6901286735143684, "shown": 2.7940406489577327, "equival": 4.434569148461864, "theoret": 4.26549281841793, "lower": 5.238941964132033, "method": 1.8535551884965207, "preprocess": 13.37172189413672, "techniqu": 2.240272830904733, "involv": 3.4570347913469903, "space": 3.497444329684867, "time": 2.0511319588387233, "addit": 3.318565117081885, "multipl": 3.58351893845611, "tradeoff": 6.126245159132937, "reduc": 3.641338509344936, "log": 19.924451419319734, "logn": 33.4293047353418, "bit": 7.955621491932298, "storag": 2.7394365149228808, "requir": 2.388575540849568, "cacm": 0.00031215857909170155, "septemb": 2.546702369056466, "mairson": 7.379008127628304}