{"system": 6.22977046926288, "organ": 3.5078071167204135, "resourc": 17.151862697079956, "alloc": 7.259008103395867, "paper": 3.9616908522211034, "introduc": 3.8380488035909903, "manag": 8.093607234906202, "concept": 3.4181949580307265, "process": 2.1750014405515095, "facil": 3.8977680382926128, "event": 4.408593662058603, "processor": 3.7154464814986583, "attempt": 4.1209115896068225, "made": 3.2046208577326674, "give": 4.287965674269989, "suggest": 3.399326473726344, "polici": 4.894101477840304, "basic": 3.4181949580307265, "framework": 4.9811128548299335, "provid": 3.015909502839942, "analyst": 6.280395838960195, "express": 3.1595004224521976, "solut": 2.763887610787045, "problem": 1.9651324204459957, "divid": 4.739950798013046, "tutori": 5.507205950726713, "present": 1.8221800659287668, "descript": 3.437426319958614, "primit": 9.628117540333536, "small": 3.594818493710043, "collect": 4.222007706478191, "exampl": 3.371674942395834, "cacm": 0.00031215857909170155, "decemb": 2.4626835130032902, "dahm": 6.97354301952014, "gerbstadt": 8.07215530818825, "pacelli": 8.07215530818825}