{"method": 5.560665565489562, "overlap": 28.371300176949394, "erasur": 24.21646592456475, "list": 15.946766928009396, "import": 3.497444329684867, "properti": 3.5395558150349937, "newel": 6.126245159132937, "shaw": 5.87493073085203, "simon": 6.97354301952014, "scheme": 3.518278416587709, "comput": 2.6234812342096436, "storag": 2.7394365149228808, "data": 2.1667934601336793, "multipl": 3.58351893845611, "occurr": 5.238941964132033, "need": 6.503747485166426, "store": 3.5288605259182457, "place": 5.127716329021809, "unfortun": 6.68586094706836, "pose": 5.87493073085203, "problem": 3.9302648408919914, "subsequ": 5.181783550292085, "longer": 5.674260035389879, "desir": 4.140329675463924, "eras": 7.379008127628304, "part": 3.371674942395834, "lisp": 4.57564774672177, "mccarthi": 6.97354301952014, "employ": 7.826544449657156, "eleg": 5.992713766508414, "ineffici": 5.87493073085203, "solut": 2.763887610787045, "present": 1.8221800659287668, "paper": 1.9808454261105517, "describ": 6.190843131535351, "gener": 1.8279884075245136, "enabl": 4.5168072466988365, "effici": 2.7108631424788245, "interspers": 6.97354301952014, "refer": 3.823660066138891, "count": 4.9366610922591, "extent": 5.299566585948469, "cacm": 0.00031215857909170155, "decemb": 2.4626835130032902, "collin": 5.87493073085203}