{"bonu": 7.379008127628304, "van": 5.36410510708604, "wijngaarden": 7.379008127628304, "devic": 3.929020581796717, "cacm": 0.00031215857909170155, "august": 2.3750618216828454, "morri": 5.299566585948469, "jr": 3.243841570885949}