{"synchron": 15.545350650876255, "parallel": 7.765001132323649, "access": 3.6062471895336663, "data": 8.667173840534717, "base": 10.806069120242348, "problem": 1.9651324204459957, "consid": 3.152174382360125, "manipul": 3.437426319958614, "simultan": 4.1803350100776235, "process": 4.350002881103019, "rule": 3.47703545805366, "maxim": 5.299566585948469, "amount": 4.1803350100776235, "activ": 3.977810745966149, "allow": 3.867462688797284, "assum": 4.358583241483942, "repres": 3.6062471895336663, "graph": 4.029104040353699, "hierarchi": 5.238941964132033, "directori": 5.992713766508414, "line": 3.5288605259182457, "system": 1.55744261731572, "method": 1.8535551884965207, "examin": 3.641338509344936, "valid": 4.894101477840304, "discuss": 2.1972245773362196, "perform": 2.8094651192833644, "compar": 3.227968221729659, "cacm": 0.00031215857909170155, "novemb": 2.4445341944976127, "shoshani": 8.07215530818825, "bernstein": 6.126245159132937}