{"comparison": 11.070386020543104, "polyphas": 11.539140430388407, "oscil": 16.1443106163765, "sort": 7.765001132323649, "techniqu": 6.7208184927142, "develop": 2.4267084105450123, "comput": 1.3117406171048218, "system": 1.55744261731572, "ten": 5.238941964132033, "tape": 8.093607234906202, "drive": 11.014411901453427, "basi": 4.029104040353699, "total": 4.1803350100776235, "read": 4.57564774672177, "write": 4.222007706478191, "requir": 2.388575540849568, "number": 2.2028583950544753, "input": 3.116328250586989, "string": 3.7027074557212285, "cacm": 0.00031215857909170155, "goetz": 6.68586094706836, "toth": 8.07215530818825}