{"tabular": 5.674260035389879, "input": 3.116328250586989, "data": 2.1667934601336793, "cacm": 0.00031215857909170155, "march": 2.546702369056466, "georg": 5.36410510708604}