{"xy": 6.68586094706836, "move": 5.181783550292085, "plot": 4.9811128548299335, "algorithm": 0.8920854338854537, "j6": 6.126245159132937, "cacm": 0.00031215857909170155, "august": 2.3750618216828454, "cavin": 8.07215530818825}