{"reconstruct": 22.348994633601, "binari": 7.618950862293869, "pattern": 36.91677055172515, "project": 12.666023119434573, "horizont": 6.126245159132937, "vertic": 5.433097978572992, "finit": 4.2435139116991545, "construct": 6.378706771203758, "origin": 4.2435139116991545, "paper": 1.9808454261105517, "give": 4.287965674269989, "character": 4.9811128548299335, "algorithm": 0.8920854338854537, "develop": 2.4267084105450123, "unambigu": 12.56079167792039, "ambigu": 10.255432658043619, "shown": 2.7940406489577327, "perfectli": 7.379008127628304, "time": 4.102263917677447, "similar": 3.7954891891721947, "dimens": 5.181783550292085, "frame": 5.58724865840025, "cacm": 0.00031215857909170155, "januari": 2.6297375976664563, "chang": 4.2435139116991545}