{"stage": 24.90556427414967, "hypothesi": 6.126245159132937, "curv": 12.54100503023287, "contradictori": 7.379008127628304, "evid": 5.076423034634259, "paper": 1.9808454261105517, "present": 1.8221800659287668, "result": 4.750123643365691, "studi": 3.227968221729659, "test": 3.0817227214095135, "shape": 10.152846069268518, "budget": 36.89504063814152, "nolan": 6.462717395754149, "model": 14.984907464772114, "comput": 2.6234812342096436, "develop": 4.853416821090025, "organ": 3.5078071167204135, "research": 3.977810745966149, "data": 2.1667934601336793, "process": 2.1750014405515095, "california": 6.126245159132937, "counti": 6.68586094706836, "fail": 6.126245159132937, "support": 4.434569148461864, "basi": 4.029104040353699, "invalid": 7.379008127628304, "concept": 3.4181949580307265, "analysi": 2.7738379416402132, "suggest": 3.399326473726344, "altern": 3.9612814440149386, "growth": 17.30871064558261, "separ": 4.2435139116991545, "resourc": 4.287965674269989, "cacm": 0.00031215857909170155, "april": 2.4231810700270437, "lucac": 8.07215530818825, "jr": 3.243841570885949, "sutton": 8.07215530818825}