{"comput": 5.246962468419287, "synthesi": 5.674260035389879, "hologram": 24.21646592456475, "display": 3.9450209231431583, "optic": 6.126245159132937, "digit": 9.879095445230162, "holographi": 16.1443106163765, "review": 4.48863636973214, "mathemat": 3.6295040516979333, "model": 2.996981492954423, "techniqu": 2.240272830904733, "author": 4.287965674269989, "holograph": 7.379008127628304, "process": 2.1750014405515095, "discuss": 4.394449154672439, "applic": 2.481168327677393, "suggest": 3.399326473726344, "made": 3.2046208577326674, "dimension": 4.2435139116991545, "object": 3.380807425959106, "give": 4.287965674269989, "faith": 8.07215530818825, "reconstruct": 11.1744973168005, "white": 6.280395838960195, "light": 5.507205950726713, "approach": 3.1743155082373384, "base": 2.701517280060587, "point": 3.015909502839942, "apertur": 7.379008127628304, "imag": 10.055265740929654, "photograph": 6.280395838960195, "present": 1.8221800659287668, "cacm": 0.00031215857909170155, "octob": 2.4849066497880004, "lesem": 8.07215530818825, "hirsch": 8.07215530818825}