{"dynam": 7.676097607181981, "memori": 6.275362750115116, "repack": 40.36077654094125, "probabilist": 6.126245159132937, "model": 2.996981492954423, "multiprogram": 4.160132302760104, "system": 4.67232785194716, "exercis": 5.992713766508414, "order": 2.93049175168559, "determin": 3.009560275161283, "condit": 6.78004816212806, "main": 4.029104040353699, "benefici": 7.379008127628304, "express": 3.1595004224521976, "deriv": 3.2930318150767204, "maximum": 5.027632870464827, "interfer": 5.769570215194204, "process": 2.1750014405515095, "introduc": 3.8380488035909903, "origin": 4.2435139116991545, "perform": 2.8094651192833644, "degrad": 6.68586094706836, "altern": 3.9612814440149386, "approach": 3.1743155082373384, "discuss": 2.1972245773362196, "oper": 2.270036932811187, "lead": 4.48863636973214, "improv": 3.3536564368931554, "throughput": 6.126245159132937, "delin": 6.280395838960195, "cacm": 0.00031215857909170155, "march": 2.546702369056466, "balkovich": 8.07215530818825, "chiu": 8.07215530818825, "presser": 8.07215530818825, "wood": 5.87493073085203}