{"teacher": 6.280395838960195, "student": 8.621910384989375, "author": 4.287965674269989, "cai": 14.758016255256608, "newbas": 24.21646592456475, "system": 7.787213086578601, "pedagog": 6.280395838960195, "advantag": 7.405414911442457, "gener": 3.6559768150490273, "purpos": 3.2599709528158325, "interact": 14.661744243695987, "call": 3.4087162140761826, "catalyst": 8.07215530818825, "discuss": 4.394449154672439, "catalystincorpor": 8.07215530818825, "advanc": 4.704859478201776, "implement": 2.570897097643523, "basic": 3.4181949580307265, "level": 6.5362685269099865, "featur": 6.798652947452688, "capabl": 7.618950862293869, "extens": 3.3359568597937543, "user": 3.0548754713733257, "orient": 3.977810745966149, "function": 2.2610143152115496, "attach": 6.126245159132937, "applic": 2.481168327677393, "provid": 3.015909502839942, "flexibl": 4.26549281841793, "scan": 4.894101477840304, "illustr": 3.47703545805366, "show": 3.641338509344936, "mix": 4.9811128548299335, "independ": 3.8094754311469345, "solo": 8.07215530818825, "mode": 9.55263688436784, "comput": 1.3117406171048218, "guid": 5.127716329021809, "dual": 5.769570215194204, "preliminari": 5.076423034634259, "experi": 3.4669851222001586, "urban": 6.68586094706836, "secondari": 5.507205950726713, "school": 5.299566585948469, "set": 2.554702411723542, "cacm": 0.00031215857909170155, "januari": 2.6297375976664563, "dwyer": 6.97354301952014}