{"tape": 12.140410852359302, "merg": 19.7466443690364, "pattern": 4.101863394636128, "gener": 1.8279884075245136, "routin": 7.734925377594568, "present": 1.8221800659287668, "specifi": 5.769570215194204, "sequenc": 3.6654360609239967, "cycl": 10.055265740929654, "effect": 3.0954215657676754, "sort": 3.8825005661618244, "design": 2.4924254822020275, "minim": 3.39002408106403, "elaps": 6.97354301952014, "comput": 1.3117406171048218, "time": 2.0511319588387233, "vari": 4.704859478201776, "power": 3.7680902149840803, "drive": 16.52161785218014, "characterist": 3.6295040516979333, "assign": 4.064822122955779, "singl": 3.7546671946519394, "reel": 14.758016255256608, "multipl": 3.58351893845611, "cacm": 0.00031215857909170155, "cook": 6.97354301952014}