{"minit": 6.462717395754149, "algorithm": 1.7841708677709074, "linear": 3.1818061799664963, "program": 1.438836874907873, "r333": 7.379008127628304, "cacm": 0.00031215857909170155, "obradov": 7.379008127628304}