{"multiprogram": 4.160132302760104, "design": 2.4924254822020275, "low": 4.383275854074314, "cost": 3.518278416587709, "digit": 3.2930318150767204, "comput": 1.3117406171048218, "cacm": 0.00031215857909170155, "septemb": 2.546702369056466, "penni": 7.379008127628304, "pearcey": 7.379008127628304}