{"distribut": 3.497444329684867, "algorithm": 0.8920854338854537, "s14": 5.027632870464827, "cacm": 0.00031215857909170155, "januari": 2.6297375976664563, "field": 3.9946178642825303}