{"fortran": 3.2681342634549932, "ii": 4.140329675463924, "chain": 4.894101477840304, "cacm": 0.00031215857909170155, "april": 2.4231810700270437}