{"boundari": 14.012873779578284, "network": 3.9450209231431583, "feasibl": 4.894101477840304, "comput": 2.6234812342096436, "procedur": 2.63843330463401, "determin": 3.009560275161283, "total": 4.1803350100776235, "partial": 4.287965674269989, "inclus": 11.1744973168005, "arbitrarili": 6.126245159132937, "point": 3.015909502839942, "line": 3.5288605259182457, "respect": 4.26549281841793, "set": 2.554702411723542, "gener": 1.8279884075245136, "polygon": 5.58724865840025, "domain": 11.348520070779758, "partit": 4.358583241483942, "plane": 5.433097978572992, "bound": 3.8380488035909903, "region": 4.894101477840304, "scheme": 7.036556833175418, "represent": 3.5503667311392095, "algorithm": 0.8920854338854537, "base": 2.701517280060587, "evalu": 3.137681375057558, "relat": 3.144901623031045, "detail": 3.447182494903979, "method": 1.8535551884965207, "employ": 3.913272224828578, "level": 3.2681342634549932, "select": 3.617808011934742, "criteria": 4.57564774672177, "purpos": 3.2599709528158325, "reduc": 3.641338509344936, "number": 2.2028583950544753, "access": 3.6062471895336663, "auxiliari": 5.299566585948469, "storag": 2.7394365149228808, "devic": 3.929020581796717, "amount": 4.1803350100776235, "data": 2.1667934601336793, "process": 2.1750014405515095, "requir": 2.388575540849568, "cacm": 0.00031215857909170155, "januari": 2.6297375976664563, "loomi": 8.07215530818825}