{"lisp": 4.57564774672177, "garbag": 15.383148987065429, "collector": 5.87493073085203, "virtual": 9.212838810777047, "memori": 6.275362750115116, "comput": 1.3117406171048218, "system": 3.11488523463144, "paper": 1.9808454261105517, "collect": 8.444015412956382, "algorithm": 1.7841708677709074, "list": 3.189353385601879, "process": 2.1750014405515095, "oper": 2.270036932811187, "larg": 2.8791984572980396, "object": 3.380807425959106, "compact": 4.9366610922591, "activ": 3.977810745966149, "storag": 8.218309544768642, "discoveri": 6.68586094706836, "free": 7.826544449657156, "exhaust": 5.507205950726713, "decis": 7.7955360765852255, "easili": 4.26549281841793, "made": 3.2046208577326674, "criteria": 4.57564774672177, "discuss": 2.1972245773362196, "cacm": 0.00031215857909170155, "novemb": 2.4445341944976127, "fenichel": 6.280395838960195, "yochelson": 7.379008127628304}