{"distribut": 3.497444329684867, "indistinguish": 6.68586094706836, "object": 3.380807425959106, "distinguish": 5.36410510708604, "slot": 7.379008127628304, "algorithm": 0.8920854338854537, "g6": 4.894101477840304, "cacm": 0.00031215857909170155, "june": 2.3717117347975636, "fenichel": 6.280395838960195}