{"syntact": 4.26549281841793, "descript": 3.437426319958614, "bc": 8.07215530818825, "nelliac": 8.07215530818825, "cacm": 0.00031215857909170155, "juli": 2.3683728335320486, "huskey": 6.68586094706836, "love": 8.07215530818825, "wirth": 5.238941964132033}