{"conflict": 17.022780106169638, "social": 28.371300176949394, "choic": 9.15129549344354, "electron": 10.36356710058417, "fund": 12.56079167792039, "transfer": 14.559838449960148, "system": 7.787213086578601, "develop": 7.280125231635036, "year": 4.160132302760104, "comput": 1.3117406171048218, "base": 2.701517280060587, "autom": 4.57564774672177, "record": 3.867462688797284, "debit": 8.07215530818825, "credit": 6.68586094706836, "begun": 7.379008127628304, "implement": 2.570897097643523, "larg": 2.8791984572980396, "scale": 8.575931348539978, "promis": 5.58724865840025, "financi": 6.462717395754149, "benefit": 5.36410510708604, "institut": 5.299566585948469, "potenti": 4.6709579265260945, "conveni": 4.814058770166768, "custom": 6.126245159132937, "rais": 11.539140430388407, "signific": 3.929020581796717, "legal": 6.126245159132937, "technic": 5.127716329021809, "question": 4.140329675463924, "resolv": 5.58724865840025, "full": 4.545794783572089, "eft": 35.95628259905048, "problem": 5.895397261337987, "larger": 4.9366610922591, "public": 10.255432658043619, "solv": 3.5078071167204135, "paper": 1.9808454261105517, "examin": 3.641338509344936, "incent": 7.379008127628304, "context": 7.826544449657156, "posit": 12.362734768820467, "implicit": 11.014411901453427, "analys": 11.539140430388407, "propos": 5.814738668529472, "arrang": 14.809983276777299, "reflect": 5.433097978572992, "rel": 4.200954297280359, "import": 3.497444329684867, "specif": 3.227968221729659, "group": 4.1803350100776235, "help": 5.238941964132033, "organ": 3.5078071167204135, "market": 6.280395838960195, "reliabl": 4.77631844218392, "privaci": 6.462717395754149, "transact": 5.433097978572992, "topic": 5.299566585948469, "analyz": 3.5503667311392095, "articl": 5.076423034634259, "relat": 3.144901623031045, "held": 5.769570215194204, "concern": 3.9612814440149386, "parti": 8.07215530818825, "way": 4.77631844218392, "learn": 4.894101477840304, "qualiti": 5.507205950726713, "pace": 7.379008127628304, "discuss": 2.1972245773362196, "cacm": 0.00031215857909170155, "august": 2.3750618216828454, "kling": 6.97354301952014}