{"gener": 5.483965222573541, "formul": 4.545794783572089, "storag": 13.697182574614404, "alloc": 14.518016206791733, "formal": 3.728349886334566, "comput": 3.9352218513144654, "process": 6.525004321654528, "attempt": 4.1209115896068225, "fictiti": 8.07215530818825, "essenti": 4.434569148461864, "ident": 5.36410510708604, "respect": 4.26549281841793, "possess": 5.36410510708604, "unbound": 6.97354301952014, "primari": 5.027632870464827, "map": 13.075749724451825, "total": 4.1803350100776235, "set": 10.218809646894169, "intern": 4.26549281841793, "extern": 4.9811128548299335, "direct": 7.16703787691222, "address": 7.826544449657156, "introduc": 3.8380488035909903, "program": 7.194184374539365, "sequenc": 7.330872121847993, "term": 6.552729525183017, "admiss": 13.94708603904028, "rel": 4.200954297280359, "specif": 3.227968221729659, "execut": 3.2358734012367716, "time": 2.0511319588387233, "period": 4.77631844218392, "underwhich": 8.07215530818825, "effect": 3.0954215657676754, "data": 2.1667934601336793, "refer": 3.823660066138891, "locat": 4.140329675463924, "consid": 6.30434876472025, "establish": 4.408593662058603, "arbitrari": 4.160132302760104, "decoupl": 8.07215530818825, "subprogram": 5.769570215194204, "link": 4.358583241483942, "interlud": 8.07215530818825, "exist": 3.572345637857985, "proof": 4.1803350100776235, "complet": 3.47703545805366, "interpret": 4.222007706478191, "special": 3.5395558150349937, "case": 3.2123429038265776, "discuss": 2.1972245773362196, "restrict": 4.160132302760104, "practic": 3.617808011934742, "realiz": 5.027632870464827, "tractabl": 7.379008127628304, "cacm": 0.00031215857909170155, "octob": 2.4849066497880004, "robert": 6.126245159132937, "jr": 3.243841570885949}