{"note": 3.497444329684867, "reflect": 5.433097978572992, "free": 3.913272224828578, "permut": 4.287965674269989, "enumer": 5.433097978572992, "cacm": 0.00031215857909170155, "novemb": 2.4445341944976127, "roy": 6.68586094706836}