{"record": 23.204776132783703, "partit": 8.717166482967883, "model": 17.98188895772654, "main": 4.029104040353699, "object": 3.380807425959106, "design": 4.984850964404055, "system": 7.787213086578601, "reduct": 4.5168072466988365, "storag": 8.218309544768642, "data": 6.5003803804010385, "transfer": 4.853279483320049, "cost": 3.518278416587709, "paper": 3.9616908522211034, "present": 3.6443601318575336, "request": 13.30370744538559, "access": 14.424988758134665, "requir": 2.388575540849568, "inform": 5.125533943120545, "variabl": 3.1093106779283426, "length": 7.590978378344389, "item": 8.575931348539978, "probabl": 4.222007706478191, "distribut": 3.497444329684867, "assum": 4.358583241483942, "known": 3.7027074557212285, "mutual": 5.238941964132033, "independ": 3.8094754311469345, "devic": 7.858041163593434, "subrecord": 24.21646592456475, "store": 7.0577210518364915, "primari": 15.08289861139448, "made": 3.2046208577326674, "pertin": 5.674260035389879, "nonlinear": 4.704859478201776, "program": 2.877673749815746, "mix": 4.9811128548299335, "integ": 4.140329675463924, "gener": 1.8279884075245136, "type": 3.144901623031045, "deriv": 3.2930318150767204, "select": 3.617808011934742, "paramet": 3.7816958670398586, "optim": 3.1743155082373384, "librari": 4.894101477840304, "routin": 3.867462688797284, "larg": 2.8791984572980396, "scale": 4.287965674269989, "oper": 2.270036932811187, "cacm": 0.00031215857909170155, "januari": 2.6297375976664563, "babad": 7.379008127628304}