{"test": 9.245168164228541, "probabilist": 12.252490318265874, "model": 11.987925971817692, "propag": 6.280395838960195, "roundoff": 19.38815218726245, "error": 9.14482436202592, "prolong": 7.379008127628304, "comput": 1.3117406171048218, "gener": 3.6559768150490273, "assum": 4.358583241483942, "accumul": 5.127716329021809, "effect": 3.0954215657676754, "sens": 4.739950798013046, "statist": 3.867462688797284, "purpos": 3.2599709528158325, "paper": 1.9808454261105517, "give": 4.287965674269989, "precis": 4.064822122955779, "descript": 3.437426319958614, "describ": 3.0954215657676754, "seri": 3.8825005661618244, "experi": 6.933970244400317, "valid": 4.894101477840304, "conclud": 4.814058770166768, "good": 4.6064194053885235, "discrep": 8.07215530818825, "rare": 6.97354301952014, "mild": 8.07215530818825, "techniqu": 2.240272830904733, "type": 3.144901623031045, "special": 3.5395558150349937, "arithmet": 3.6901286735143684, "cacm": 0.00031215857909170155, "februari": 2.6211168546225494, "hull": 6.68586094706836, "swenson": 8.07215530818825}