{"test": 3.0817227214095135, "matrix": 3.137681375057558, "determin": 3.009560275161283, "invers": 3.867462688797284, "cacm": 0.00031215857909170155, "june": 2.3717117347975636, "caffrey": 6.97354301952014}