{"root": 8.280659350927849, "polynomi": 3.4087162140761826, "squar": 3.6295040516979333, "result": 2.3750618216828454, "routin": 3.867462688797284, "algorithm": 0.8920854338854537, "c2": 5.87493073085203, "cacm": 0.00031215857909170155, "noltemei": 7.379008127628304}