{"matrix": 3.137681375057558, "permut": 4.287965674269989, "algorithm": 0.8920854338854537, "cacm": 0.00031215857909170155, "june": 2.3717117347975636, "boothroyd": 5.36410510708604}