{"dispers": 22.137024382884913, "pass": 4.57564774672177, "algorithm": 0.8920854338854537, "polyphas": 23.078280860776815, "merg": 19.7466443690364, "paper": 1.9808454261105517, "present": 1.8221800659287668, "manner": 4.6064194053885235, "string": 7.405414911442457, "number": 2.2028583950544753, "level": 6.5362685269099865, "accept": 4.57564774672177, "econom": 4.6709579265260945, "techniqu": 2.240272830904733, "reach": 5.87493073085203, "shown": 2.7940406489577327, "prove": 3.8380488035909903, "cacm": 0.00031215857909170155, "octob": 2.4849066497880004, "mendoza": 8.07215530818825}