{"fast": 3.9450209231431583, "parallel": 7.765001132323649, "sort": 11.647501698485474, "algorithm": 2.676256301656361, "bucket": 6.462717395754149, "present": 3.6443601318575336, "requir": 4.777151081699136, "time": 6.15339587651617, "log": 9.962225709659867, "processor": 11.146339444495975, "make": 3.380807425959106, "techniqu": 2.240272830904733, "space": 3.497444329684867, "product": 3.9946178642825303, "realist": 5.87493073085203, "model": 8.99094447886327, "memori": 6.275362750115116, "content": 4.638168103703103, "permit": 7.14469127571597, "procedur": 5.27686660926802, "number": 2.2028583950544753, "arbitrari": 4.160132302760104, "integ": 4.140329675463924, "comput": 1.3117406171048218, "simultan": 4.1803350100776235, "fetch": 6.126245159132937, "locat": 4.140329675463924, "cacm": 0.00031215857909170155, "august": 2.3750618216828454, "hirschberg": 5.992713766508414}