{"revers": 5.299566585948469, "seri": 3.8825005661618244, "algorithm": 0.8920854338854537, "cacm": 0.00031215857909170155, "decemb": 2.4626835130032902, "thacher": 4.358583241483942, "jr": 3.243841570885949}