{"sort": 11.647501698485474, "replac": 9.479901596026092, "select": 7.235616023869484, "expect": 8.668971379809763, "length": 11.386467567516585, "sequenc": 10.99630818277199, "begin": 5.238941964132033, "th": 24.504980636531748, "element": 3.8825005661618244, "prove": 3.8380488035909903, "accord": 4.9366610922591, "conjectur": 6.68586094706836, "friend": 8.07215530818825, "number": 4.405716790108951, "memori": 3.137681375057558, "cell": 5.076423034634259, "determin": 3.009560275161283, "time": 2.0511319588387233, "degre": 4.222007706478191, "polynomi": 6.817432428152365, "approach": 9.522946524712015, "infin": 6.68586094706836, "recurs": 3.913272224828578, "formula": 4.0117122976418305, "obtain": 3.116328250586989, "mean": 3.2201250442686327, "standard": 3.1023420086122493, "deviat": 5.58724865840025, "mathemat": 3.6295040516979333, "proof": 4.1803350100776235, "result": 2.3750618216828454, "base": 2.701517280060587, "assumpt": 4.739950798013046, "item": 4.287965674269989, "infinit": 5.58724865840025, "shown": 2.7940406489577327, "error": 3.0482747873419735, "due": 4.9811128548299335, "finit": 4.2435139116991545, "rapidli": 6.126245159132937, "increas": 3.6295040516979333, "cacm": 0.00031215857909170155, "februari": 2.6211168546225494, "gasner": 8.07215530818825}