{"abbrevi": 6.462717395754149, "word": 3.7546671946519394, "systemat": 5.181783550292085, "cacm": 0.00031215857909170155, "barrett": 6.462717395754149, "grem": 6.126245159132937}