{"practition": 6.462717395754149, "guid": 5.127716329021809, "address": 7.826544449657156, "algorithm": 1.7841708677709074, "paper": 1.9808454261105517, "consolid": 6.97354301952014, "number": 2.2028583950544753, "popular": 6.126245159132937, "rule": 6.95407091610732, "thumb": 8.07215530818825, "suggest": 3.399326473726344, "design": 7.477276446606083, "record": 3.867462688797284, "discuss": 2.1972245773362196, "applic": 2.481168327677393, "larg": 2.8791984572980396, "commerci": 6.126245159132937, "databas": 5.238941964132033, "guidelin": 5.674260035389879, "select": 3.617808011934742, "identifi": 4.140329675463924, "transform": 3.6654360609239967, "overflow": 5.87493073085203, "techniqu": 2.240272830904733, "load": 9.628117540333536, "factor": 3.852647603012143, "bucket": 12.925434791508298, "size": 6.855528818093754, "order": 2.93049175168559, "consid": 6.30434876472025, "attent": 5.076423034634259, "focus": 6.462717395754149, "reason": 4.287965674269989, "common": 3.9450209231431583, "heurist": 4.6064194053885235, "determin": 3.009560275161283, "primari": 5.027632870464827, "secondari": 5.507205950726713, "mathemat": 3.6295040516979333, "model": 2.996981492954423, "explicitli": 5.36410510708604, "storag": 2.7394365149228808, "devic": 3.929020581796717, "characterist": 3.6295040516979333, "time": 2.0511319588387233, "space": 3.497444329684867, "cost": 7.036556833175418, "tradeoff": 6.126245159132937, "analyz": 3.5503667311392095, "effect": 3.0954215657676754, "paramet": 3.7816958670398586, "system": 1.55744261731572, "specif": 3.227968221729659, "present": 1.8221800659287668, "solv": 3.5078071167204135, "cacm": 0.00031215857909170155, "june": 2.3717117347975636, "sever": 6.280395838960195, "duhn": 7.379008127628304}