{"control": 2.954161495771495, "braill": 6.68586094706836, "termin": 4.101863394636128, "cacm": 0.00031215857909170155, "septemb": 2.546702369056466, "rubinstein": 8.07215530818825, "feldman": 5.992713766508414}