{"interact": 10.99630818277199, "graphic": 8.487027823398309, "solv": 14.031228466881654, "numer": 6.409241715465335, "problem": 11.790794522675974, "advent": 6.97354301952014, "line": 10.586581577754737, "time": 2.0511319588387233, "share": 3.4871878295176777, "comput": 1.3117406171048218, "system": 6.22977046926288, "termin": 4.101863394636128, "dimens": 5.181783550292085, "capabl": 7.618950862293869, "simpli": 5.36410510708604, "power": 3.7680902149840803, "achiev": 3.7954891891721947, "fast": 3.9450209231431583, "turnaround": 6.126245159132937, "develop": 2.4267084105450123, "routin": 7.734925377594568, "easi": 4.358583241483942, "take": 4.160132302760104, "advantag": 11.108122367163686, "insight": 5.87493073085203, "visual": 6.126245159132937, "human": 4.5168072466988365, "solver": 6.97354301952014, "gener": 1.8279884075245136, "purpos": 6.519941905631665, "mathemat": 3.6295040516979333, "implement": 5.141794195287046, "special": 3.5395558150349937, "area": 11.602388066391851, "ordinari": 4.434569148461864, "differenti": 3.929020581796717, "equat": 3.1093106779283426, "restrict": 4.160132302760104, "interfac": 5.299566585948469, "user": 3.0548754713733257, "greatli": 5.238941964132033, "simplifi": 4.48863636973214, "paper": 1.9808454261105517, "discuss": 4.394449154672439, "accru": 7.379008127628304, "design": 2.4924254822020275, "consider": 3.8977680382926128, "squar": 3.6295040516979333, "data": 4.333586920267359, "fit": 3.9946178642825303, "program": 1.438836874907873, "peg": 8.07215530818825, "present": 1.8221800659287668, "result": 2.3750618216828454, "obtain": 3.116328250586989, "empir": 4.358583241483942, "conclus": 4.814058770166768, "futur": 4.222007706478191, "work": 3.344767489475909, "field": 3.9946178642825303, "cacm": 0.00031215857909170155, "octob": 2.4849066497880004, "smith": 4.310955192494688}