{"password": 13.94708603904028, "secur": 15.7168258923961, "case": 3.2123429038265776, "histori": 10.152846069268518, "paper": 1.9808454261105517, "describ": 3.0954215657676754, "design": 4.984850964404055, "scheme": 3.518278416587709, "remot": 5.127716329021809, "access": 3.6062471895336663, "time": 2.0511319588387233, "share": 3.4871878295176777, "system": 3.11488523463144, "present": 1.8221800659287668, "result": 4.750123643365691, "counter": 5.992713766508414, "observ": 4.9811128548299335, "attempt": 4.1209115896068225, "penetr": 7.379008127628304, "compromis": 6.126245159132937, "extrem": 5.507205950726713, "eas": 4.9366610922591, "cacm": 0.00031215857909170155, "novemb": 2.4445341944976127, "morri": 5.299566585948469, "thompson": 5.87493073085203}