{"note": 3.497444329684867, "complement": 5.674260035389879, "inher": 5.36410510708604, "ambigu": 5.127716329021809, "context": 3.913272224828578, "free": 3.913272224828578, "languag": 2.1750014405515095, "cacm": 0.00031215857909170155, "march": 2.546702369056466, "maurer": 6.97354301952014}