{"gray": 5.238941964132033, "code": 2.948191328784991, "sign": 5.507205950726713, "sequenc": 3.6654360609239967, "order": 2.93049175168559, "cacm": 0.00031215857909170155, "march": 2.546702369056466, "salzer": 6.126245159132937}