{"remark": 4.57564774672177, "sampl": 4.310955192494688, "tape": 4.046803617453101, "iii": 4.704859478201776, "cacm": 0.00031215857909170155, "juli": 2.3683728335320486, "juelich": 6.97354301952014}