{"pagin": 16.1443106163765, "tree": 10.75055681536833, "variabl": 6.218621355856685, "length": 15.181956756688779, "record": 15.469850755189135, "strategi": 18.683831706104378, "present": 3.6443601318575336, "uniformli": 5.992713766508414, "distribut": 6.994888659369734, "wide": 4.408593662058603, "exist": 3.572345637857985, "result": 2.3750618216828454, "shallow": 7.379008127628304, "fast": 3.9450209231431583, "access": 3.6062471895336663, "time": 2.0511319588387233, "perform": 2.8094651192833644, "applic": 2.481168327677393, "compar": 3.227968221729659, "analyz": 3.5503667311392095, "cacm": 0.00031215857909170155, "septemb": 2.546702369056466, "mccreight": 8.07215530818825}