{"gener": 3.6559768150490273, "avl": 18.378735477398813, "tree": 17.91759469228055, "propos": 2.907369334264736, "imbal": 13.94708603904028, "triangl": 6.97354301952014, "shape": 5.076423034634259, "small": 7.189636987420086, "integ": 4.140329675463924, "experi": 3.4669851222001586, "perform": 2.8094651192833644, "compar": 6.455936443459318, "standard": 3.1023420086122493, "balanc": 5.076423034634259, "basi": 4.029104040353699, "mean": 3.2201250442686327, "retriev": 10.784455481130129, "time": 6.15339587651617, "amount": 12.54100503023287, "restructur": 11.74986146170406, "expect": 4.334485689904882, "worst": 5.674260035389879, "case": 3.2123429038265776, "shown": 2.7940406489577327, "permit": 3.572345637857985, "unit": 4.2435139116991545, "increas": 3.6295040516979333, "requir": 2.388575540849568, "decreas": 5.027632870464827, "factor": 3.852647603012143, "ten": 5.238941964132033, "theoret": 4.26549281841793, "result": 2.3750618216828454, "deriv": 3.2930318150767204, "includ": 2.7688504001291743, "correct": 3.6295040516979333, "earlier": 5.076423034634259, "paper": 1.9808454261105517, "duli": 8.07215530818825, "experiment": 3.867462688797284, "data": 2.1667934601336793, "reason": 4.287965674269989, "good": 4.6064194053885235, "correspond": 4.9366610922591, "found": 3.852647603012143, "cacm": 0.00031215857909170155, "august": 2.3750618216828454, "foster": 6.462717395754149}