{"applic": 2.481168327677393, "ibm": 3.518278416587709, "edp": 6.280395838960195, "method": 1.8535551884965207, "calcul": 3.5395558150349937, "format": 4.1803350100776235, "constant": 4.48863636973214, "complex": 3.137681375057558, "iron": 5.769570215194204, "cacm": 0.00031215857909170155, "novemb": 2.4445341944976127, "andrew": 8.07215530818825, "hassler": 8.07215530818825, "decou": 8.07215530818825}