{"remark": 4.57564774672177, "characterist": 3.6295040516979333, "valu": 3.7027074557212285, "solut": 2.763887610787045, "mathieu": 6.97354301952014, "differenti": 3.929020581796717, "equat": 3.1093106779283426, "exponenti": 4.1803350100776235, "integr": 2.984558972955866, "system": 1.55744261731572, "hyperbol": 6.97354301952014, "algorithm": 0.8920854338854537, "r352": 8.07215530818825, "r385": 8.07215530818825, "r392": 8.07215530818825, "cacm": 0.00031215857909170155, "decemb": 2.4626835130032902, "frisch": 8.07215530818825}