{"remark": 4.57564774672177, "simul": 3.380807425959106, "boolean": 4.638168103703103, "function": 2.2610143152115496, "cacm": 0.00031215857909170155, "august": 2.3750618216828454, "dodd": 7.379008127628304}