{"error": 3.0482747873419735, "analysi": 2.7738379416402132, "float": 4.77631844218392, "point": 3.015909502839942, "arithmet": 3.6901286735143684, "cacm": 0.00031215857909170155, "carr": 6.280395838960195, "iii": 4.704859478201776}