{"secondari": 16.52161785218014, "key": 8.129644245911559, "retriev": 7.189636987420086, "ibm": 3.518278416587709, "system": 1.55744261731572, "method": 1.8535551884965207, "involv": 3.4570347913469903, "prepar": 4.57564774672177, "storag": 2.7394365149228808, "list": 6.378706771203758, "primari": 10.055265740929654, "data": 2.1667934601336793, "record": 7.734925377594568, "search": 3.47703545805366, "request": 8.869138296923728, "satisfi": 4.383275854074314, "logic": 3.6062471895336663, "oper": 2.270036932811187, "produc": 3.427764409046877, "complet": 3.47703545805366, "set": 2.554702411723542, "address": 3.913272224828578, "relev": 5.027632870464827, "experiment": 3.867462688797284, "result": 2.3750618216828454, "present": 1.8221800659287668, "compar": 3.227968221729659, "analysi": 2.7738379416402132, "cacm": 0.00031215857909170155, "april": 2.4231810700270437, "davi": 6.462717395754149, "lin": 7.379008127628304}