{"sumador": 24.21646592456475, "chino": 24.21646592456475, "recent": 3.8977680382926128, "motor": 8.07215530818825, "trip": 6.462717395754149, "mexico": 8.07215530818825, "writer": 5.769570215194204, "came": 7.379008127628304, "ad": 4.408593662058603, "devic": 7.858041163593434, "refer": 7.647320132277782, "chines": 6.68586094706836, "adder": 6.97354301952014, "survey": 4.48863636973214, "literatur": 4.894101477840304, "histori": 5.076423034634259, "mathemat": 3.6295040516979333, "instrument": 6.462717395754149, "calcul": 3.5395558150349937, "uncov": 8.07215530818825, "purpos": 3.2599709528158325, "commun": 3.7154464814986583, "enlist": 8.07215530818825, "help": 5.238941964132033, "member": 5.299566585948469, "bring": 5.992713766508414, "light": 5.507205950726713, "known": 3.7027074557212285, "concern": 3.9612814440149386, "evolut": 5.87493073085203, "present": 1.8221800659287668, "statu": 5.58724865840025, "cacm": 0.00031215857909170155, "novemb": 2.4445341944976127, "roger": 7.379008127628304}