{"role": 5.027632870464827, "comput": 3.9352218513144654, "system": 4.67232785194716, "model": 11.987925971817692, "perform": 8.428395357850093, "evalu": 6.275362750115116, "constitut": 5.769570215194204, "mean": 3.2201250442686327, "investig": 4.26549281841793, "paper": 1.9808454261105517, "examin": 3.641338509344936, "interrelationship": 6.68586094706836, "method": 1.8535551884965207, "establish": 4.408593662058603, "circumst": 5.87493073085203, "cacm": 0.00031215857909170155, "juli": 2.3683728335320486, "kimbleton": 8.07215530818825}