{"calcul": 3.5395558150349937, "optimum": 4.704859478201776, "paramet": 3.7816958670398586, "altern": 3.9612814440149386, "direct": 3.58351893845611, "implicit": 5.507205950726713, "procedur": 2.63843330463401, "d3": 7.379008127628304, "algorithm": 0.8920854338854537, "a460": 8.07215530818825, "cacm": 0.00031215857909170155, "octob": 2.4849066497880004, "saylor": 8.07215530818825, "sebastian": 8.07215530818825}