{"comparison": 7.380257347028737, "tree": 14.33407575382444, "balanc": 20.305692138537037, "algorithm": 2.676256301656361, "height": 6.126245159132937, "avl": 12.252490318265874, "extens": 3.3359568597937543, "weight": 4.77631844218392, "bb": 8.07215530818825, "wb": 8.07215530818825, "total": 4.1803350100776235, "restructur": 5.87493073085203, "build": 10.152846069268518, "binari": 3.8094754311469345, "search": 3.47703545805366, "compar": 3.227968221729659, "criteria": 4.57564774672177, "encompass": 7.379008127628304, "theoret": 4.26549281841793, "aspect": 4.083171261623976, "path": 4.48863636973214, "length": 3.7954891891721947, "implement": 2.570897097643523, "independ": 7.618950862293869, "machin": 2.918863713690471, "depend": 3.929020581796717, "measur": 3.8380488035909903, "run": 3.6777061535158113, "time": 2.0511319588387233, "detail": 3.447182494903979, "analysi": 2.7738379416402132, "code": 2.948191328784991, "present": 3.6443601318575336, "level": 3.2681342634549932, "believ": 6.462717395754149, "languag": 2.1750014405515095, "compil": 3.074943034424135, "qualiti": 11.014411901453427, "result": 2.3750618216828454, "overhead": 5.433097978572992, "spent": 6.462717395754149, "analyz": 3.5503667311392095, "guidelin": 5.674260035389879, "effici": 2.7108631424788245, "method": 1.8535551884965207, "insert": 4.9366610922591, "subsequ": 5.181783550292085, "queri": 4.739950798013046, "oper": 2.270036932811187, "terest": 6.68586094706836, "pure": 5.769570215194204, "cacm": 0.00031215857909170155, "baer": 6.97354301952014, "schwab": 8.07215530818825}