{"parallel": 3.8825005661618244, "signal": 5.238941964132033, "speed": 3.823660066138891, "data": 2.1667934601336793, "transmiss": 4.9811128548299335, "propos": 2.907369334264736, "american": 4.358583241483942, "stand": 6.280395838960195, "ard": 6.97354301952014, "cacm": 0.00031215857909170155, "march": 2.546702369056466}