{"algorithm": 2.676256301656361, "solv": 10.52342135016124, "special": 7.0791116300699874, "class": 3.427764409046877, "tridiagon": 11.1744973168005, "system": 4.67232785194716, "linear": 6.363612359932993, "equat": 6.218621355856685, "present": 1.8221800659287668, "bu": 8.07215530818825, "form": 3.0954215657676754, "shown": 2.7940406489577327, "fast": 3.9450209231431583, "gaussian": 5.299566585948469, "elimin": 4.064822122955779, "method": 1.8535551884965207, "suggest": 3.399326473726344, "addit": 3.318565117081885, "explicit": 4.853279483320049, "formula": 4.0117122976418305, "invers": 3.867462688797284, "determin": 3.009560275161283, "matrix": 3.137681375057558, "cacm": 0.00031215857909170155, "april": 2.4231810700270437, "rose": 7.379008127628304}