{"multipl": 3.58351893845611, "precis": 4.064822122955779, "divis": 4.5168072466988365, "cacm": 0.00031215857909170155, "februari": 2.6211168546225494, "rabinowitz": 6.280395838960195}