{"sl5": 16.1443106163765, "procedur": 15.830599827804061, "mechan": 11.30427064495224, "paper": 1.9808454261105517, "describ": 3.0954215657676754, "integr": 5.969117945911732, "permit": 7.14469127571597, "recurs": 3.913272224828578, "function": 2.2610143152115496, "coroutin": 12.925434791508298, "accomplish": 4.638168103703103, "treat": 4.814058770166768, "activ": 3.977810745966149, "record": 3.867462688797284, "call": 3.4087162140761826, "environ": 3.7680902149840803, "data": 2.1667934601336793, "object": 3.380807425959106, "decompos": 5.992713766508414, "invoc": 6.97354301952014, "separ": 4.2435139116991545, "compon": 4.26549281841793, "sourc": 8.203726789272256, "languag": 6.525004321654528, "level": 3.2681342634549932, "addit": 3.318565117081885, "argument": 9.55263688436784, "bind": 6.280395838960195, "control": 2.954161495771495, "programm": 3.977810745966149, "definit": 3.6777061535158113, "method": 1.8535551884965207, "transmiss": 4.9811128548299335, "result": 2.3750618216828454, "part": 3.371674942395834, "program": 2.877673749815746, "suit": 5.076423034634259, "goal": 4.9811128548299335, "orient": 3.977810745966149, "problem": 3.9302648408919914, "readili": 5.507205950726713, "exampl": 3.371674942395834, "cacm": 0.00031215857909170155, "hanson": 5.992713766508414, "griswold": 8.07215530818825}