{"theoret": 4.26549281841793, "consider": 3.8977680382926128, "inform": 12.813834857801362, "retriev": 17.974092468550214, "system": 6.22977046926288, "storag": 2.7394365149228808, "compos": 5.433097978572992, "major": 3.867462688797284, "compon": 4.26549281841793, "identif": 10.477883928264067, "tag": 5.992713766508414, "effect": 3.0954215657676754, "search": 6.95407091610732, "strategi": 9.341915853052189, "enter": 5.299566585948469, "circumv": 6.97354301952014, "scan": 4.894101477840304, "nonrelev": 16.1443106163765, "materi": 4.739950798013046, "organ": 10.52342135016124, "make": 3.380807425959106, "access": 3.6062471895336663, "effici": 2.7108631424788245, "paper": 3.9616908522211034, "suggest": 3.399326473726344, "metalanguag": 6.97354301952014, "recent": 3.8977680382926128, "discuss": 4.394449154672439, "goffman": 14.758016255256608, "verhoeff": 7.379008127628304, "belzer": 14.758016255256608, "object": 3.380807425959106, "languag": 2.1750014405515095, "linear": 6.363612359932993, "model": 5.993962985908846, "evalu": 3.137681375057558, "function": 2.2610143152115496, "relev": 20.110531481859308, "develop": 2.4267084105450123, "reward": 7.379008127628304, "document": 8.717166482967883, "penal": 8.07215530818825, "escap": 6.68586094706836, "fals": 6.68586094706836, "drop": 6.462717395754149, "inadequaci": 6.280395838960195, "approach": 3.1743155082373384, "base": 2.701517280060587, "histori": 5.076423034634259, "past": 5.299566585948469, "perform": 2.8094651192833644, "gener": 1.8279884075245136, "subset": 4.545794783572089, "high": 3.6777061535158113, "probabl": 4.222007706478191, "cacm": 0.00031215857909170155, "juli": 2.3683728335320486}