{"visit": 6.280395838960195, "comput": 1.3117406171048218, "center": 4.6709579265260945, "soviet": 6.462717395754149, "union": 5.87493073085203, "cacm": 0.00031215857909170155, "june": 2.3717117347975636, "carr": 6.280395838960195, "iii": 4.704859478201776}