{"exponenti": 4.1803350100776235, "seri": 3.8825005661618244, "algorithm": 0.8920854338854537, "cacm": 0.00031215857909170155, "juli": 2.3683728335320486, "thacher": 4.358583241483942, "jr": 3.243841570885949}