{"anomal": 20.920629058560422, "behavior": 13.003457069714646, "fifti": 8.07215530818825, "percent": 9.628117540333536, "rule": 6.95407091610732, "dynam": 7.676097607181981, "memori": 9.413044125172675, "alloc": 36.295040516979334, "paper": 1.9808454261105517, "report": 3.4669851222001586, "simul": 13.523229703836424, "data": 4.333586920267359, "show": 7.282677018689872, "averag": 4.26549281841793, "free": 7.826544449657156, "block": 15.716082327186868, "ratio": 5.127716329021809, "differ": 3.977810745966149, "consider": 3.8977680382926128, "direct": 3.58351893845611, "predict": 4.894101477840304, "deriv": 9.879095445230162, "shown": 2.7940406489577327, "previou": 4.434569148461864, "make": 3.380807425959106, "assumpt": 4.739950798013046, "violat": 6.68586094706836, "frequent": 4.5168072466988365, "basi": 4.029104040353699, "hypothes": 6.280395838960195, "result": 2.3750618216828454, "combin": 3.5612958016714, "effect": 3.0954215657676754, "systemat": 10.36356710058417, "placement": 12.925434791508298, "statist": 3.867462688797284, "releas": 29.516032510513217, "process": 4.350002881103019, "addit": 3.318565117081885, "support": 4.434569148461864, "hypothesi": 6.126245159132937, "refer": 3.823660066138891, "natur": 3.7027074557212285, "convent": 3.8380488035909903, "storag": 2.7394365149228808, "request": 4.434569148461864, "end": 5.127716329021809, "select": 3.617808011934742, "strategi": 4.6709579265260945, "tend": 5.299566585948469, "order": 11.72196700674236, "contigu": 6.126245159132937, "group": 4.1803350100776235, "accord": 4.9366610922591, "time": 6.15339587651617, "degre": 4.222007706478191, "depend": 7.858041163593434, "extent": 10.599133171896938, "non": 4.638168103703103, "markovian": 7.379008127628304, "correl": 5.433097978572992, "vari": 4.704859478201776, "approxim": 3.380807425959106, "invers": 3.867462688797284, "coeffici": 8.241823179213645, "variat": 9.409718956403552, "resid": 10.866195957145983, "distribut": 10.492332989054601, "effici": 5.421726284957649, "strongli": 5.769570215194204, "decreas": 5.027632870464827, "increas": 3.6295040516979333, "practic": 3.617808011934742, "implic": 4.739950798013046, "briefli": 4.5168072466988365, "discuss": 2.1972245773362196, "cacm": 0.00031215857909170155, "novemb": 2.4445341944976127, "shore": 7.379008127628304}