{"improv": 3.3536564368931554, "program": 4.31651062472362, "introduct": 4.894101477840304, "recurs": 19.56636112414289, "techniqu": 2.240272830904733, "transform": 7.330872121847993, "call": 6.817432428152365, "troduct": 13.94708603904028, "appli": 3.2681342634549932, "algorithm": 5.352512603312722, "solv": 3.5078071167204135, "pattern": 8.203726789272256, "match": 9.033614493397673, "problem": 1.9651324204459957, "manipul": 3.437426319958614, "stack": 15.898699757845407, "translat": 3.6901286735143684, "oper": 2.270036932811187, "occur": 4.310955192494688, "subject": 4.160132302760104, "method": 1.8535551884965207, "elimin": 4.064822122955779, "tabul": 5.58724865840025, "produc": 3.427764409046877, "effici": 2.7108631424788245, "run": 3.6777061535158113, "time": 2.0511319588387233, "shown": 2.7940406489577327, "fast": 3.9450209231431583, "linear": 3.1818061799664963, "knuth": 5.027632870464827, "morri": 5.299566585948469, "pratt": 6.97354301952014, "deriv": 3.2930318150767204, "step": 4.0117122976418305, "simpl": 3.009560275161283, "nonlinear": 4.704859478201776, "cacm": 0.00031215857909170155, "novemb": 2.4445341944976127, "bird": 7.379008127628304}