{"thread": 6.126245159132937, "list": 3.189353385601879, "construct": 3.189353385601879, "combin": 3.5612958016714, "algol": 3.243841570885949, "machin": 2.918863713690471, "assembl": 4.545794783572089, "processor": 3.7154464814986583, "cacm": 0.00031215857909170155, "januari": 2.6297375976664563, "evan": 5.87493073085203, "jr": 3.243841570885949, "perli": 5.58724865840025, "van": 5.36410510708604, "zoeren": 8.07215530818825}