{"permut": 4.287965674269989, "algorithm": 0.8920854338854537, "cacm": 0.00031215857909170155, "august": 2.3750618216828454, "hillmor": 6.280395838960195}