{"dad": 24.21646592456475, "oper": 6.810110798433561, "system": 6.22977046926288, "design": 7.477276446606083, "implement": 2.570897097643523, "detail": 3.447182494903979, "control": 2.954161495771495, "data": 2.1667934601336793, "larg": 2.8791984572980396, "drum": 10.255432658043619, "back": 5.507205950726713, "store": 3.5288605259182457, "intend": 4.894101477840304, "allow": 3.867462688797284, "integr": 5.969117945911732, "remot": 5.127716329021809, "consol": 5.507205950726713, "display": 7.890041846286317, "subsystem": 11.348520070779758, "convent": 3.8380488035909903, "job": 9.212838810777047, "stack": 10.599133171896938, "environ": 3.7680902149840803, "buffer": 5.238941964132033, "input": 3.116328250586989, "output": 3.497444329684867, "slow": 5.58724865840025, "peripher": 6.68586094706836, "execut": 3.2358734012367716, "normal": 3.929020581796717, "work": 3.344767489475909, "rest": 6.68586094706836, "techniqu": 2.240272830904733, "found": 3.852647603012143, "develop": 2.4267084105450123, "assess": 5.507205950726713, "made": 3.2046208577326674, "valid": 4.894101477840304, "decis": 3.8977680382926128, "perform": 2.8094651192833644, "figur": 5.992713766508414, "base": 2.701517280060587, "month": 5.769570215194204, "tabul": 5.58724865840025, "cacm": 0.00031215857909170155, "septemb": 2.546702369056466, "austin": 8.07215530818825, "holden": 8.07215530818825, "hudson": 8.07215530818825}