{"occurr": 5.238941964132033, "cycl": 30.16579722278896, "phenomena": 13.94708603904028, "aris": 4.704859478201776, "class": 6.855528818093754, "linear": 9.545418539899488, "program": 4.31651062472362, "model": 5.993962985908846, "investig": 4.26549281841793, "averag": 4.26549281841793, "queue": 9.788202955680608, "size": 3.427764409046877, "result": 4.750123643365691, "formul": 4.545794783572089, "problem": 5.895397261337987, "ill": 6.97354301952014, "condit": 3.39002408106403, "case": 6.424685807653155, "attempt": 8.241823179213645, "solv": 7.015614233440827, "ibm": 3.518278416587709, "mp": 16.1443106163765, "packag": 4.814058770166768, "instanc": 5.58724865840025, "encount": 5.076423034634259, "small": 3.594818493710043, "perturb": 12.252490318265874, "input": 3.116328250586989, "data": 2.1667934601336793, "fact": 4.6709579265260945, "observ": 4.9811128548299335, "suggest": 3.399326473726344, "primari": 5.027632870464827, "reason": 4.287965674269989, "known": 3.7027074557212285, "occur": 4.310955192494688, "frequent": 4.5168072466988365, "round": 4.704859478201776, "error": 3.0482747873419735, "comput": 1.3117406171048218, "suffici": 4.26549281841793, "prevent": 11.348520070779758, "indefinit": 6.68586094706836, "maxim": 5.299566585948469, "minim": 3.39002408106403, "object": 3.380807425959106, "function": 2.2610143152115496, "subject": 4.160132302760104, "constrain": 5.58724865840025, "set": 2.554702411723542, "give": 4.287965674269989, "indic": 5.076423034634259, "infeas": 8.07215530818825, "cacm": 0.00031215857909170155, "februari": 2.6211168546225494, "kotiah": 8.07215530818825, "steinberg": 8.07215530818825}