{"decompos": 5.992713766508414, "instabl": 6.97354301952014, "satur": 6.97354301952014, "multiprogram": 4.160132302760104, "system": 1.55744261731572, "corrigendum": 4.545794783572089, "cacm": 0.00031215857909170155, "februari": 2.6211168546225494, "courtoi": 7.379008127628304}