{"approach": 3.1743155082373384, "optimum": 9.409718956403552, "design": 9.96970192880811, "comput": 3.9352218513144654, "graphic": 25.46108347019493, "system": 14.016983555841481, "display": 11.835062769429475, "face": 5.674260035389879, "difficult": 4.57564774672177, "task": 4.222007706478191, "select": 7.235616023869484, "major": 3.867462688797284, "subsystem": 11.348520070779758, "intellig": 5.181783550292085, "chosen": 4.894101477840304, "larg": 2.8791984572980396, "number": 2.2028583950544753, "altern": 3.9612814440149386, "base": 2.701517280060587, "consider": 3.8977680382926128, "respons": 8.922474791088051, "time": 4.102263917677447, "cost": 7.036556833175418, "distribut": 3.497444329684867, "data": 4.333586920267359, "storag": 2.7394365149228808, "process": 4.350002881103019, "processor": 3.7154464814986583, "support": 4.434569148461864, "work": 3.344767489475909, "report": 3.4669851222001586, "develop": 2.4267084105450123, "object": 3.380807425959106, "quantit": 6.126245159132937, "procedur": 2.63843330463401, "help": 5.238941964132033, "give": 4.287965674269989, "understand": 4.704859478201776, "configur": 14.219852394039139, "accomplish": 4.638168103703103, "mean": 3.2201250442686327, "mathemat": 3.6295040516979333, "model": 11.987925971817692, "driven": 5.36410510708604, "paramet": 3.7816958670398586, "function": 2.2610143152115496, "capabl": 3.8094754311469345, "hardwar": 3.8825005661618244, "requir": 2.388575540849568, "applic": 4.962336655354786, "analyz": 3.5503667311392095, "numer": 3.2046208577326674, "queue": 4.894101477840304, "analysi": 2.7738379416402132, "simul": 3.380807425959106, "obtain": 3.116328250586989, "averag": 4.26549281841793, "predict": 4.894101477840304, "combin": 3.5612958016714, "optim": 3.1743155082373384, "subject": 4.160132302760104, "constraint": 4.358583241483942, "found": 3.852647603012143, "turn": 5.181783550292085, "find": 3.58351893845611, "gener": 1.8279884075245136, "guidelin": 5.674260035389879, "cacm": 0.00031215857909170155, "june": 2.3717117347975636, "foley": 7.379008127628304}