{"optim": 6.348631016474677, "shift": 55.872486584002495, "strategi": 18.683831706104378, "block": 19.645102908983585, "transfer": 29.119676899920297, "ccd": 24.21646592456475, "memori": 9.413044125172675, "purpos": 3.2599709528158325, "paper": 1.9808454261105517, "compos": 5.433097978572992, "serial": 5.076423034634259, "regist": 10.055265740929654, "rate": 22.042968310293016, "vari": 4.704859478201776, "definit": 7.355412307031623, "minimum": 8.241823179213645, "refresh": 7.379008127628304, "maximum": 5.027632870464827, "bit": 27.844675221763044, "iin": 8.07215530818825, "number": 2.2028583950544753, "start": 4.894101477840304, "request": 8.869138296923728, "occur": 4.310955192494688, "random": 3.6062471895336663, "time": 4.102263917677447, "wait": 16.09231532125812, "minim": 3.39002408106403, "amount": 4.1803350100776235, "reach": 11.74986146170406, "requir": 2.388575540849568, "allow": 3.867462688797284, "simpli": 5.36410510708604, "park": 8.07215530818825, "involv": 3.4570347913469903, "slowli": 6.68586094706836, "pass": 4.57564774672177, "quickli": 6.126245159132937, "critic": 4.814058770166768, "boundari": 4.6709579265260945, "shortli": 8.07215530818825, "come": 5.769570215194204, "call": 3.4087162140761826, "hurri": 8.07215530818825, "known": 3.7027074557212285, "comput": 1.3117406171048218, "field": 3.9946178642825303, "view": 4.334485689904882, "page": 3.9612814440149386, "drum": 5.127716329021809, "variabl": 3.1093106779283426, "bound": 3.8380488035909903, "rotat": 5.36410510708604, "speed": 3.823660066138891, "cacm": 0.00031215857909170155, "site": 6.68586094706836}