{"comput": 1.3117406171048218, "set": 2.554702411723542, "shortest": 17.97814129952524, "path": 13.465909109196419, "graph": 12.087312121061098, "algorithm": 3.5683417355418148, "present": 1.8221800659287668, "construct": 3.189353385601879, "pair": 9.962225709659867, "vertic": 10.866195957145983, "direct": 7.16703787691222, "gener": 1.8279884075245136, "floyd": 5.127716329021809, "dantzig": 7.379008127628304, "find": 3.58351893845611, "cacm": 0.00031215857909170155, "june": 2.3717117347975636, "minieka": 8.07215530818825}