{"specif": 3.227968221729659, "languag": 4.350002881103019, "mechan": 3.7680902149840803, "processor": 3.7154464814986583, "baker": 6.126245159132937, "dozen": 6.97354301952014, "cacm": 0.00031215857909170155, "decemb": 2.4626835130032902, "gorn": 5.87493073085203}