{"advanc": 4.704859478201776, "input": 3.116328250586989, "output": 3.497444329684867, "system": 1.55744261731572, "cobol": 4.545794783572089, "compil": 3.074943034424135, "cacm": 0.00031215857909170155, "bouman": 8.07215530818825}