{"formal": 11.185049659003697, "verif": 5.433097978572992, "parallel": 15.530002264647297, "program": 5.755347499631492, "model": 17.98188895772654, "comput": 1.3117406171048218, "present": 7.288720263715067, "abstract": 4.434569148461864, "conceptu": 5.181783550292085, "distinguish": 5.36410510708604, "control": 11.81664598308598, "data": 4.333586920267359, "state": 15.410590412048572, "includ": 5.5377008002583485, "capabl": 3.8094754311469345, "represent": 3.5503667311392095, "infinit": 5.58724865840025, "set": 7.6641072351706265, "allow": 3.867462688797284, "arbitrarili": 6.126245159132937, "instruct": 3.867462688797284, "pointer": 5.674260035389879, "process": 4.350002881103019, "execut": 3.2358734012367716, "induct": 17.30871064558261, "principl": 13.55042174009651, "treat": 4.814058770166768, "ground": 6.68586094706836, "place": 10.255432658043619, "variabl": 9.327932033785029, "observ": 4.9811128548299335, "correct": 7.259008103395867, "condit": 3.39002408106403, "express": 3.1595004224521976, "enumer": 5.433097978572992, "exampl": 3.371674942395834, "demonstr": 4.0117122976418305, "proof": 8.360670020155247, "mutual": 5.238941964132033, "exclus": 5.433097978572992, "shown": 5.5880812979154655, "assert": 17.624792192556093, "orient": 3.977810745966149, "method": 3.7071103769930414, "special": 7.0791116300699874, "case": 6.424685807653155, "call": 3.4087162140761826, "incomplet": 5.127716329021809, "deadlock": 11.348520070779758, "concept": 3.4181949580307265, "norm": 5.769570215194204, "introduc": 3.8380488035909903, "yield": 4.545794783572089, "extens": 6.671913719587509, "problem": 1.9651324204459957, "floyd": 5.127716329021809, "techniqu": 2.240272830904733, "prove": 3.8380488035909903, "termin": 4.101863394636128, "discuss": 4.394449154672439, "local": 4.6709579265260945, "permit": 3.572345637857985, "share": 3.4871878295176777, "global": 5.127716329021809, "form": 3.0954215657676754, "implement": 2.570897097643523, "appendix": 5.674260035389879, "relat": 3.144901623031045, "work": 6.689534978951818, "previou": 4.434569148461864, "satisfi": 4.383275854074314, "logic": 3.6062471895336663, "formula": 4.0117122976418305, "cacm": 0.00031215857909170155, "juli": 2.3683728335320486, "keller": 6.97354301952014}