{"design": 12.462127411010137, "comput": 2.6234812342096436, "simul": 6.761614851918212, "experi": 6.933970244400317, "industri": 10.72821021417208, "system": 3.11488523463144, "aim": 5.299566585948469, "paper": 3.9616908522211034, "provid": 3.015909502839942, "background": 5.299566585948469, "inform": 2.5627669715602726, "exist": 3.572345637857985, "literatur": 4.894101477840304, "experiment": 11.602388066391851, "techniqu": 8.961091323618932, "applic": 2.481168327677393, "major": 3.867462688797284, "emphasi": 4.5168072466988365, "analysi": 8.32151382492064, "varianc": 4.9811128548299335, "data": 2.1667934601336793, "consid": 3.152174382360125, "multipl": 3.58351893845611, "rank": 6.68586094706836, "procedur": 2.63843330463401, "sequenti": 4.5168072466988365, "sampl": 4.310955192494688, "spectral": 6.68586094706836, "treat": 4.814058770166768, "specif": 3.227968221729659, "problem": 11.790794522675974, "solv": 3.5078071167204135, "stochast": 5.58724865840025, "converg": 4.638168103703103, "factor": 3.852647603012143, "select": 3.617808011934742, "motiv": 5.674260035389879, "respons": 4.461237395544026, "cacm": 0.00031215857909170155, "burdick": 7.379008127628304, "naylor": 6.68586094706836}