{"backtrack": 13.37172189413672, "program": 1.438836874907873, "techniqu": 6.7208184927142, "purpos": 3.2599709528158325, "paper": 1.9808454261105517, "twofold": 6.97354301952014, "exposit": 7.379008127628304, "gener": 1.8279884075245136, "histori": 5.076423034634259, "shown": 2.7940406489577327, "macro": 4.853279483320049, "consider": 3.8977680382926128, "shorten": 6.97354301952014, "comput": 3.9352218513144654, "time": 4.102263917677447, "case": 3.2123429038265776, "allow": 3.867462688797284, "solut": 5.52777522157409, "previous": 4.739950798013046, "open": 5.299566585948469, "combinatori": 10.055265740929654, "problem": 3.9302648408919914, "term": 3.2763647625915087, "known": 3.7027074557212285, "seri": 3.8825005661618244, "substanti": 4.6709579265260945, "reduct": 4.5168072466988365, "cacm": 0.00031215857909170155, "novemb": 2.4445341944976127, "bitner": 6.97354301952014, "reingold": 6.97354301952014}