{"roster": 7.379008127628304, "program": 1.438836874907873, "languag": 2.1750014405515095, "cacm": 0.00031215857909170155, "decemb": 2.4626835130032902, "sammet": 5.992713766508414}