{"robot": 8.07215530818825, "data": 2.1667934601336793, "screen": 6.280395838960195, "solut": 5.52777522157409, "multivari": 14.758016255256608, "type": 6.28980324606209, "problem": 3.9302648408919914, "biolog": 11.74986146170406, "social": 11.348520070779758, "scienc": 7.955621491932298, "approach": 6.348631016474677, "outlin": 4.160132302760104, "found": 3.852647603012143, "medicin": 6.462717395754149, "logic": 3.6062471895336663, "statist": 3.867462688797284, "criterion": 5.58724865840025, "variabl": 9.327932033785029, "group": 4.1803350100776235, "determinist": 5.769570215194204, "model": 2.996981492954423, "algorithm": 0.8920854338854537, "develop": 2.4267084105450123, "analysi": 2.7738379416402132, "elimin": 4.064822122955779, "criteria": 4.57564774672177, "accept": 4.57564774672177, "termin": 4.101863394636128, "search": 3.47703545805366, "process": 2.1750014405515095, "deriv": 3.2930318150767204, "inform": 2.5627669715602726, "theori": 4.140329675463924, "cacm": 0.00031215857909170155, "juli": 2.3683728335320486, "sterl": 6.280395838960195, "gleser": 8.07215530818825, "haberman": 8.07215530818825, "pollack": 5.992713766508414}