{"gener": 9.139942037622568, "english": 9.212838810777047, "discours": 7.379008127628304, "semant": 17.151862697079956, "network": 11.835062769429475, "system": 6.22977046926288, "sentenc": 9.706558966640099, "form": 12.381686263070701, "net": 6.126245159132937, "node": 4.434569148461864, "word": 3.7546671946519394, "sens": 4.739950798013046, "mean": 3.2201250442686327, "path": 8.97727273946428, "primarili": 5.127716329021809, "deep": 6.68586094706836, "case": 3.2123429038265776, "relat": 3.144901623031045, "grammar": 8.241823179213645, "impos": 5.674260035389879, "order": 2.93049175168559, "set": 2.554702411723542, "syntact": 4.26549281841793, "transform": 3.6654360609239967, "express": 3.1595004224521976, "lisp": 9.15129549344354, "function": 2.2610143152115496, "algorithm": 0.8920854338854537, "inform": 2.5627669715602726, "select": 3.617808011934742, "design": 2.4924254822020275, "comput": 1.3117406171048218, "tool": 4.638168103703103, "linguist": 5.36410510708604, "develop": 2.4267084105450123, "studi": 3.227968221729659, "method": 1.8535551884965207, "surfac": 4.704859478201776, "string": 3.7027074557212285, "underli": 5.127716329021809, "structur": 2.473733349189875, "initi": 4.2435139116991545, "find": 3.58351893845611, "regard": 4.77631844218392, "determin": 3.009560275161283, "voic": 6.68586094706836, "tens": 8.07215530818825, "mood": 8.07215530818825, "rule": 3.47703545805366, "embed": 5.299566585948469, "attent": 5.076423034634259, "pronomin": 8.07215530818825, "substitut": 5.433097978572992, "report": 3.4669851222001586, "program": 1.438836874907873, "author": 4.287965674269989, "cacm": 0.00031215857909170155, "octob": 2.4849066497880004, "simmon": 6.126245159132937, "slocum": 8.07215530818825}