{"imaginari": 5.992713766508414, "number": 2.2028583950544753, "system": 1.55744261731572, "cacm": 0.00031215857909170155, "april": 2.4231810700270437, "knuth": 5.027632870464827}