{"humbl": 14.758016255256608, "programm": 7.955621491932298, "program": 2.877673749815746, "job": 4.6064194053885235, "provid": 9.047728508519825, "approach": 6.348631016474677, "task": 8.444015412956382, "full": 4.545794783572089, "appreci": 6.97354301952014, "tremend": 7.379008127628304, "difficulti": 4.57564774672177, "stick": 7.379008127628304, "modest": 6.68586094706836, "eleg": 5.992713766508414, "languag": 2.1750014405515095, "respect": 4.26549281841793, "intrins": 6.97354301952014, "limit": 3.6295040516979333, "human": 4.5168072466988365, "mind": 6.68586094706836, "cacm": 0.00031215857909170155, "octob": 2.4849066497880004, "dijkstra": 5.238941964132033}