{"introduc": 3.8380488035909903, "digit": 3.2930318150767204, "comput": 1.3117406171048218, "cacm": 0.00031215857909170155, "april": 2.4231810700270437, "arden": 6.126245159132937}