{"depart": 5.181783550292085, "comput": 1.3117406171048218, "mathemat": 3.6295040516979333, "moscow": 7.379008127628304, "state": 3.852647603012143, "univers": 3.9946178642825303, "cacm": 0.00031215857909170155, "june": 2.3717117347975636, "berezin": 8.07215530818825}