{"extens": 3.3359568597937543, "algol": 3.243841570885949, "manipul": 3.437426319958614, "formula": 4.0117122976418305, "cacm": 0.00031215857909170155, "februari": 2.6211168546225494, "perli": 5.58724865840025, "iturriaga": 8.07215530818825}