{"ineffici": 5.87493073085203, "boolean": 4.638168103703103, "function": 2.2610143152115496, "inform": 2.5627669715602726, "retriev": 3.594818493710043, "system": 1.55744261731572, "cacm": 0.00031215857909170155, "decemb": 2.4626835130032902, "verhoeff": 7.379008127628304, "goffman": 7.379008127628304, "belzer": 7.379008127628304}