{"modifi": 3.8977680382926128, "hankel": 6.68586094706836, "function": 2.2610143152115496, "algorithm": 0.8920854338854537, "cacm": 0.00031215857909170155, "april": 2.4231810700270437, "fetti": 6.68586094706836}