{"legendr": 5.58724865840025, "function": 2.2610143152115496, "kind": 4.408593662058603, "real": 3.5078071167204135, "imaginari": 5.992713766508414, "argument": 4.77631844218392, "algorithm": 0.8920854338854537, "s16": 7.379008127628304, "cacm": 0.00031215857909170155, "novemb": 2.4445341944976127, "cobb": 8.07215530818825}