{"comparison": 3.6901286735143684, "algorithm": 2.676256301656361, "comput": 7.870443702628931, "mean": 9.660375132805898, "standard": 6.204684017224499, "deviat": 11.1744973168005, "correl": 10.866195957145983, "coeffici": 8.241823179213645, "basic": 3.4181949580307265, "statist": 15.469850755189135, "compar": 3.227968221729659, "perform": 2.8094651192833644, "systemat": 5.181783550292085, "gener": 1.8279884075245136, "test": 3.0817227214095135, "data": 6.5003803804010385, "calcul": 7.0791116300699874, "includ": 2.7688504001291743, "usual": 15.898699757845407, "formula": 12.035136892925491, "correct": 7.259008103395867, "due": 4.9811128548299335, "accumul": 10.255432658043619, "error": 9.14482436202592, "term": 6.552729525183017, "recurs": 3.913272224828578, "evalu": 3.137681375057558, "doubl": 5.769570215194204, "precis": 4.064822122955779, "larg": 2.8791984572980396, "note": 3.497444329684867, "reliabl": 4.77631844218392, "techniqu": 2.240272830904733, "initi": 8.487027823398309, "estim": 7.858041163593434, "elimin": 4.064822122955779, "need": 3.251873742583213, "make": 3.380807425959106, "pass": 4.57564774672177, "suggest": 3.399326473726344, "obtain": 3.116328250586989, "subset": 4.545794783572089, "cacm": 0.00031215857909170155, "juli": 2.3683728335320486, "neeli": 7.379008127628304}