{"automat": 3.371674942395834, "program": 1.438836874907873, "languag": 2.1750014405515095, "translat": 3.6901286735143684, "syntact": 4.26549281841793, "analysi": 2.7738379416402132, "cacm": 0.00031215857909170155, "march": 2.546702369056466, "ledley": 6.97354301952014, "wilson": 6.126245159132937}