{"lemnisc": 14.758016255256608, "constant": 13.465909109196419, "method": 7.414220753986083, "actual": 4.287965674269989, "comput": 1.3117406171048218, "play": 5.433097978572992, "enorm": 6.126245159132937, "part": 3.371674942395834, "develop": 4.853416821090025, "mathemat": 3.6295040516979333, "account": 4.739950798013046, "deriv": 3.2930318150767204, "made": 3.2046208577326674, "elementari": 4.5168072466988365, "materi": 9.479901596026092, "teach": 5.181783550292085, "purpos": 6.519941905631665, "relev": 5.027632870464827, "interest": 3.9450209231431583, "histor": 6.280395838960195, "acceler": 6.280395838960195, "evalu": 3.137681375057558, "problem": 1.9651324204459957, "cacm": 0.00031215857909170155, "januari": 2.6297375976664563, "todd": 7.379008127628304}