{"float": 4.77631844218392, "point": 3.015909502839942, "number": 2.2028583950544753, "represent": 3.5503667311392095, "algorithm": 0.8920854338854537, "languag": 2.1750014405515095, "cacm": 0.00031215857909170155, "march": 2.546702369056466, "grau": 6.462717395754149}