{"divid": 9.479901596026092, "correct": 10.8885121550938, "method": 9.267775942482604, "variabl": 9.327932033785029, "precis": 8.129644245911559, "divis": 13.55042174009651, "paper": 1.9808454261105517, "digit": 3.2930318150767204, "comput": 1.3117406171048218, "unlik": 5.87493073085203, "earlier": 5.076423034634259, "stein": 6.68586094706836, "pope": 6.97354301952014, "present": 1.8221800659287668, "suitabl": 4.1803350100776235, "round": 4.704859478201776, "form": 3.0954215657676754, "normal": 3.929020581796717, "divisor": 5.433097978572992, "get": 6.97354301952014, "estim": 7.858041163593434, "quotient": 11.539140430388407, "charact": 10.99630818277199, "result": 2.3750618216828454, "minu": 6.97354301952014, "obtain": 3.116328250586989, "exact": 4.853279483320049, "believ": 6.462717395754149, "wide": 4.408593662058603, "applic": 2.481168327677393, "oper": 2.270036932811187, "word": 3.7546671946519394, "length": 3.7954891891721947, "orient": 3.977810745966149, "machin": 2.918863713690471, "cacm": 0.00031215857909170155, "march": 2.546702369056466, "krishnamurthi": 6.97354301952014}