{"queu": 8.07215530818825, "model": 5.993962985908846, "multiprogram": 12.480396908280312, "comput": 2.6234812342096436, "level": 6.5362685269099865, "storag": 10.957746059691523, "system": 6.22977046926288, "result": 4.750123643365691, "present": 1.8221800659287668, "analysi": 2.7738379416402132, "probabilist": 6.126245159132937, "sequenti": 4.5168072466988365, "depend": 3.929020581796717, "access": 3.6062471895336663, "devic": 7.858041163593434, "express": 3.1595004224521976, "obtain": 6.232656501173978, "long": 4.638168103703103, "run": 3.6777061535158113, "probabl": 4.222007706478191, "cpu": 10.255432658043619, "busi": 4.814058770166768, "numer": 3.2046208577326674, "quantifi": 6.462717395754149, "gain": 5.127716329021809, "util": 3.6901286735143684, "presenc": 6.280395838960195, "type": 3.144901623031045, "cacm": 0.00031215857909170155, "januari": 2.6297375976664563, "shedler": 6.68586094706836}