{"comparison": 3.6901286735143684, "correl": 5.433097978572992, "behavior": 8.668971379809763, "random": 7.212494379067333, "number": 4.405716790108951, "gener": 16.451895667720624, "ibm": 10.554835249763126, "hutchinson": 6.462717395754149, "state": 3.852647603012143, "prime": 4.6709579265260945, "modulo": 7.379008127628304, "multipl": 7.16703787691222, "congruenti": 13.37172189413672, "pseudorandom": 6.280395838960195, "attribut": 5.238941964132033, "lehmer": 7.379008127628304, "pass": 4.57564774672177, "usual": 5.299566585948469, "statist": 7.734925377594568, "test": 6.163445442819027, "empir": 4.358583241483942, "shown": 5.5880812979154655, "type": 3.144901623031045, "produc": 3.427764409046877, "sequenc": 3.6654360609239967, "autocorrel": 6.68586094706836, "function": 2.2610143152115496, "lag": 6.462717395754149, "exhibit": 5.769570215194204, "evid": 5.076423034634259, "nonrandom": 7.379008127628304, "constant": 4.48863636973214, "altern": 3.9612814440149386, "propos": 2.907369334264736, "tausworth": 7.379008127628304, "irreduc": 7.379008127628304, "polynomi": 3.4087162140761826, "field": 3.9946178642825303, "characterist": 3.6295040516979333, "free": 3.913272224828578, "defect": 6.462717395754149, "applic": 2.481168327677393, "discuss": 2.1972245773362196, "comput": 2.6234812342096436, "word": 7.509334389303879, "size": 3.427764409046877, "affect": 5.181783550292085, "older": 8.07215530818825, "mix": 4.9811128548299335, "simpl": 3.009560275161283, "extens": 3.3359568597937543, "bit": 3.977810745966149, "optimum": 4.704859478201776, "cacm": 0.00031215857909170155, "septemb": 2.546702369056466, "whittlesey": 7.379008127628304}