{"treatment": 11.348520070779758, "data": 15.167554220935756, "type": 22.014311361217313, "el1": 16.1443106163765, "construct": 3.189353385601879, "gener": 3.6559768150490273, "purpos": 3.2599709528158325, "program": 1.438836874907873, "languag": 4.350002881103019, "key": 4.064822122955779, "issu": 4.704859478201776, "provid": 3.015909502839942, "suffici": 4.26549281841793, "set": 2.554702411723542, "oper": 2.270036932811187, "manner": 4.6064194053885235, "permit": 3.572345637857985, "natur": 3.7027074557212285, "problem": 1.9651324204459957, "orient": 3.977810745966149, "notat": 4.434569148461864, "effici": 5.421726284957649, "implement": 2.570897097643523, "number": 2.2028583950544753, "featur": 3.399326473726344, "specif": 3.227968221729659, "design": 2.4924254822020275, "simultan": 4.1803350100776235, "satisfi": 4.383275854074314, "requir": 2.388575540849568, "result": 2.3750618216828454, "includ": 2.7688504001291743, "provis": 5.58724865840025, "programm": 7.955621491932298, "defin": 3.1595004224521976, "routin": 3.867462688797284, "control": 2.954161495771495, "convers": 3.867462688797284, "flexibl": 4.26549281841793, "behavior": 4.334485689904882, "context": 3.913272224828578, "compil": 3.074943034424135, "code": 2.948191328784991, "compact": 4.9366610922591, "represent": 3.5503667311392095, "cacm": 0.00031215857909170155, "wegbreit": 6.280395838960195}