{"incorpor": 13.55042174009651, "origin": 12.730541735097464, "shift": 22.348994633601, "qr": 12.925434791508298, "algorithm": 1.7841708677709074, "symmetr": 9.15129549344354, "tridiagon": 11.1744973168005, "matric": 3.929020581796717, "iter": 4.046803617453101, "eigenvalu": 9.628117540333536, "matrix": 6.275362750115116, "acceler": 6.280395838960195, "sequenc": 3.6654360609239967, "subtract": 5.58724865840025, "directli": 4.408593662058603, "diagon": 6.126245159132937, "element": 3.8825005661618244, "mean": 3.2201250442686327, "implicit": 11.014411901453427, "method": 7.414220753986083, "drawback": 12.925434791508298, "direct": 3.58351893845611, "unnecessarili": 6.68586094706836, "degrad": 6.68586094706836, "small": 3.594818493710043, "effect": 3.0954215657676754, "loos": 6.462717395754149, "retard": 7.379008127628304, "converg": 4.638168103703103, "paper": 1.9808454261105517, "present": 1.8221800659287668, "cacm": 0.00031215857909170155, "june": 2.3717117347975636, "stewart": 6.280395838960195}