{"reprogram": 12.925434791508298, "machin": 5.837727427380942, "paper": 1.9808454261105517, "descript": 3.437426319958614, "model": 2.996981492954423, "program": 4.31651062472362, "system": 1.55744261731572, "direct": 3.58351893845611, "languag": 4.350002881103019, "librari": 14.682304433520912, "store": 3.5288605259182457, "user": 6.109750942746651, "item": 12.863897022809967, "rule": 3.47703545805366, "transform": 3.6654360609239967, "written": 3.728349886334566, "rearrang": 5.992713766508414, "share": 3.4871878295176777, "common": 7.890041846286317, "part": 6.743349884791668, "specul": 8.07215530818825, "made": 3.2046208577326674, "mechan": 3.7680902149840803, "detect": 4.310955192494688, "pattern": 4.101863394636128, "help": 5.238941964132033, "solv": 3.5078071167204135, "problem": 1.9651324204459957, "relationship": 4.222007706478191, "behavior": 8.668971379809763, "human": 4.5168072466988365, "intellig": 5.181783550292085, "cacm": 0.00031215857909170155, "februari": 2.6211168546225494, "burg": 8.07215530818825}