{"complex": 3.137681375057558, "gamma": 4.814058770166768, "function": 2.2610143152115496, "algorithm": 0.8920854338854537, "r404": 8.07215530818825, "c404": 8.07215530818825, "cacm": 0.00031215857909170155, "august": 2.3750618216828454, "andrejkova": 8.07215530818825, "vinar": 8.07215530818825}