{"simul": 10.14242227787732, "time": 10.255659794193617, "share": 17.43593914758839, "system": 9.34465570389432, "develop": 9.70683364218005, "larg": 2.8791984572980396, "scale": 4.287965674269989, "rais": 5.769570215194204, "number": 2.2028583950544753, "problem": 1.9651324204459957, "comput": 1.3117406171048218, "center": 4.6709579265260945, "manag": 4.046803617453101, "hardwar": 3.8825005661618244, "configur": 4.739950798013046, "softwar": 3.929020581796717, "adjust": 5.507205950726713, "made": 3.2046208577326674, "unfortun": 6.68586094706836, "respond": 6.462717395754149, "manner": 4.6064194053885235, "intuit": 6.462717395754149, "suggest": 3.399326473726344, "guid": 5.127716329021809, "assist": 14.809983276777299, "analysi": 2.7738379416402132, "perform": 2.8094651192833644, "characterist": 3.6295040516979333, "comprehens": 5.433097978572992, "model": 8.99094447886327, "investig": 4.26549281841793, "question": 4.140329675463924, "paper": 1.9808454261105517, "result": 2.3750618216828454, "gener": 1.8279884075245136, "purpos": 3.2599709528158325, "design": 4.984850964404055, "studi": 6.455936443459318, "varieti": 4.1209115896068225, "algorithm": 0.8920854338854537, "techniqu": 2.240272830904733, "sake": 8.07215530818825, "effici": 2.7108631424788245, "greater": 4.853279483320049, "applic": 2.481168327677393, "implement": 2.570897097643523, "limit": 3.6295040516979333, "fortran": 6.5362685269099865, "subset": 4.545794783572089, "compat": 4.853279483320049, "iv": 4.77631844218392, "compil": 3.074943034424135, "demonstr": 4.0117122976418305, "ibm": 3.518278416587709, "cacm": 0.00031215857909170155, "juli": 2.3683728335320486, "nielsen": 6.462717395754149}