{"crout": 5.87493073085203, "equilibr": 6.68586094706836, "iter": 4.046803617453101, "algorithm": 0.8920854338854537, "cacm": 0.00031215857909170155, "novemb": 2.4445341944976127, "mckeeman": 5.674260035389879}