{"magic": 5.87493073085203, "squar": 3.6295040516979333, "algorithm": 0.8920854338854537, "cacm": 0.00031215857909170155, "march": 2.546702369056466, "bosworth": 6.68586094706836}