{"profession": 15.08289861139448, "comput": 5.246962468419287, "work": 10.034302468427727, "blind": 51.65305689339813, "develop": 4.853416821090025, "technolog": 4.5168072466988365, "open": 5.299566585948469, "opportun": 11.985427533016829, "intellig": 5.181783550292085, "occup": 13.94708603904028, "particip": 5.507205950726713, "disadvantag": 5.674260035389879, "offer": 4.77631844218392, "gain": 5.127716329021809, "entranc": 7.379008127628304, "includ": 2.7688504001291743, "programm": 7.955621491932298, "import": 3.497444329684867, "futur": 4.222007706478191, "rehabilit": 7.379008127628304, "plan": 4.638168103703103, "interest": 3.9450209231431583, "fact": 4.6709579265260945, "especi": 5.127716329021809, "suit": 5.076423034634259, "program": 2.877673749815746, "intens": 6.126245159132937, "train": 10.72821021417208, "constant": 4.48863636973214, "experi": 3.4669851222001586, "locat": 4.140329675463924, "object": 3.380807425959106, "unseen": 8.07215530818825, "environ": 3.7680902149840803, "superbl": 8.07215530818825, "memori": 3.137681375057558, "bring": 5.992713766508414, "skill": 6.280395838960195, "sight": 7.379008127628304, "need": 3.251873742583213, "acquir": 6.280395838960195, "qualif": 8.07215530818825, "result": 2.3750618216828454, "fewer": 5.674260035389879, "debug": 4.6064194053885235, "problem": 1.9651324204459957, "make": 3.380807425959106, "valuabl": 5.58724865840025, "addit": 3.318565117081885, "system": 1.55744261731572, "group": 4.1803350100776235, "number": 2.2028583950544753, "aid": 8.058208080707399, "techniqu": 4.480545661809466, "mediat": 8.07215530818825, "machin": 2.918863713690471, "paper": 1.9808454261105517, "describ": 3.0954215657676754, "design": 2.4924254822020275, "staff": 6.462717395754149, "medic": 6.126245159132937, "center": 4.6709579265260945, "univers": 3.9946178642825303, "cincinnati": 7.379008127628304, "colleg": 5.674260035389879, "medicin": 6.462717395754149, "cacm": 0.00031215857909170155, "april": 2.4231810700270437, "sterl": 6.280395838960195, "lichstein": 7.379008127628304, "scarpino": 8.07215530818825, "stueb": 8.07215530818825}