{"case": 3.2123429038265776, "precis": 4.064822122955779, "cacm": 0.00031215857909170155, "decemb": 2.4626835130032902, "syng": 6.97354301952014}