{"data": 6.5003803804010385, "input": 15.581641252934945, "question": 4.140329675463924, "answer": 4.9366610922591, "scheme": 3.518278416587709, "time": 4.102263917677447, "share": 3.4871878295176777, "comput": 3.9352218513144654, "paper": 1.9808454261105517, "format": 4.1803350100776235, "statement": 3.7154464814986583, "determin": 3.009560275161283, "ask": 6.68586094706836, "user": 6.109750942746651, "requir": 2.388575540849568, "valu": 7.405414911442457, "convers": 3.867462688797284, "process": 2.1750014405515095, "check": 4.545794783572089, "error": 3.0482747873419735, "standard": 3.1023420086122493, "edit": 4.739950798013046, "cacm": 0.00031215857909170155, "april": 2.4231810700270437, "pyle": 6.97354301952014}