{"neliac": 53.48688757654688, "gener": 10.967930445147083, "compil": 18.44965820654481, "system": 10.90209832121004, "machin": 2.918863713690471, "origin": 4.2435139116991545, "develop": 2.4267084105450123, "naval": 8.07215530818825, "electron": 5.181783550292085, "laboratori": 4.9811128548299335, "san": 6.68586094706836, "diego": 7.379008127628304, "basic": 3.4181949580307265, "bootstrap": 6.462717395754149, "process": 2.1750014405515095, "languag": 4.350002881103019, "exist": 3.572345637857985, "experi": 3.4669851222001586, "shown": 2.7940406489577327, "inher": 5.36410510708604, "difficulti": 4.57564774672177, "build": 5.076423034634259, "point": 3.015909502839942, "advantag": 3.7027074557212285, "pol": 8.07215530818825, "construct": 3.189353385601879, "program": 4.31651062472362, "report": 3.4669851222001586, "present": 1.8221800659287668, "result": 2.3750618216828454, "project": 4.222007706478191, "complet": 3.47703545805366, "ibm": 3.518278416587709, "run": 3.6777061535158113, "produc": 3.427764409046877, "reduct": 4.5168072466988365, "time": 2.0511319588387233, "improv": 3.3536564368931554, "document": 4.358583241483942, "signific": 3.929020581796717, "cacm": 0.00031215857909170155, "februari": 2.6211168546225494, "watt": 6.68586094706836, "wattenburg": 6.97354301952014}