{"test": 3.0817227214095135, "matrix": 3.137681375057558, "invers": 3.867462688797284, "cacm": 0.00031215857909170155, "march": 2.546702369056466, "lasor": 8.07215530818825}