{"effect": 3.0954215657676754, "comput": 1.3117406171048218, "languag": 6.525004321654528, "structur": 7.421200047569625, "problem": 1.9651324204459957, "compil": 9.224829103272405, "effici": 5.421726284957649, "code": 2.948191328784991, "prompt": 7.379008127628304, "develop": 2.4267084105450123, "intermedi": 10.599133171896938, "reflect": 5.433097978572992, "machin": 5.837727427380942, "easili": 4.26549281841793, "manipul": 6.874852639917228, "improv": 3.3536564368931554, "object": 3.380807425959106, "program": 1.438836874907873, "subject": 4.160132302760104, "paper": 1.9808454261105517, "method": 3.7071103769930414, "seri": 3.8825005661618244, "arithmet": 3.6901286735143684, "statement": 7.430892962997317, "discuss": 2.1972245773362196, "assum": 4.358583241483942, "function": 2.2610143152115496, "exponenti": 4.1803350100776235, "remov": 4.9811128548299335, "replac": 4.739950798013046, "simpl": 3.009560275161283, "variabl": 3.1093106779283426, "purpos": 6.519941905631665, "simplic": 5.433097978572992, "treatment": 5.674260035389879, "subscript": 5.507205950726713, "simplifi": 4.48863636973214, "present": 1.8221800659287668, "illustr": 3.47703545805366, "assumpt": 9.479901596026092, "made": 3.2046208577326674, "simplif": 5.674260035389879, "case": 3.2123429038265776, "violat": 6.68586094706836, "actual": 4.287965674269989, "cacm": 0.00031215857909170155, "februari": 2.6211168546225494, "allard": 8.07215530818825, "wolf": 6.68586094706836, "zemlin": 8.07215530818825}