{"program": 10.071858124355112, "questionnair": 13.94708603904028, "effect": 3.0954215657676754, "decis": 11.693304114877838, "tabl": 10.371104374040971, "combin": 3.5612958016714, "aspect": 4.083171261623976, "gener": 3.6559768150490273, "purpos": 6.519941905631665, "construct": 3.189353385601879, "applic": 4.962336655354786, "select": 3.617808011934742, "sourc": 4.101863394636128, "statement": 3.7154464814986583, "predefin": 6.97354301952014, "propos": 2.907369334264736, "questionnairi": 8.07215530818825, "compromis": 6.126245159132937, "special": 3.5395558150349937, "signific": 3.929020581796717, "class": 3.427764409046877, "larg": 2.8791984572980396, "scale": 4.287965674269989, "problem": 1.9651324204459957, "element": 3.8825005661618244, "approach": 3.1743155082373384, "discuss": 2.1972245773362196, "exist": 3.572345637857985, "cacm": 0.00031215857909170155, "low": 4.383275854074314}