{"incomplet": 5.127716329021809, "beta": 6.126245159132937, "ratio": 5.127716329021809, "algorithm": 0.8920854338854537, "s14": 5.027632870464827, "cacm": 0.00031215857909170155, "june": 2.3717117347975636, "pike": 5.433097978572992, "hill": 4.814058770166768}