{"heurist": 4.6064194053885235, "page": 3.9612814440149386, "turn": 5.181783550292085, "multiprogram": 4.160132302760104, "comput": 1.3117406171048218, "cacm": 0.00031215857909170155, "septemb": 2.546702369056466, "weil": 6.280395838960195}