{"convert": 4.383275854074314, "program": 2.877673749815746, "languag": 4.350002881103019, "applic": 2.481168327677393, "problem": 1.9651324204459957, "conveni": 4.814058770166768, "transform": 10.99630818277199, "rule": 6.95407091610732, "meant": 6.97354301952014, "pattern": 20.50931697318064, "prescrib": 6.126245159132937, "skeleton": 31.401979194800976, "seri": 3.8825005661618244, "pair": 4.9811128548299335, "search": 3.47703545805366, "found": 3.852647603012143, "match": 9.033614493397673, "express": 3.1595004224521976, "condit": 3.39002408106403, "govern": 5.181783550292085, "code": 2.948191328784991, "subexpress": 5.769570215194204, "identifi": 4.140329675463924, "eventu": 6.68586094706836, "substitut": 5.433097978572992, "primit": 9.628117540333536, "principl": 4.5168072466988365, "allow": 3.867462688797284, "elabor": 5.992713766508414, "complic": 5.027632870464827, "advantag": 3.7027074557212285, "appli": 3.2681342634549932, "list": 3.189353385601879, "array": 4.334485689904882, "easili": 4.26549281841793, "string": 3.7027074557212285, "defin": 3.1595004224521976, "recurs": 3.913272224828578, "consequ": 5.769570215194204, "state": 3.852647603012143, "concis": 5.87493073085203, "cacm": 0.00031215857909170155, "august": 2.3750618216828454, "guzman": 8.07215530818825, "mcintosh": 8.07215530818825}