{"procedur": 2.63843330463401, "standard": 6.204684017224499, "process": 2.1750014405515095, "propos": 2.907369334264736, "usa": 5.674260035389879, "cacm": 0.00031215857909170155, "decemb": 2.4626835130032902}