{"referenc": 11.348520070779758, "list": 22.325473699213152, "edg": 20.955767856528134, "refer": 11.470980198416672, "structur": 2.473733349189875, "pair": 4.9811128548299335, "pointer": 5.674260035389879, "adjac": 5.769570215194204, "node": 4.434569148461864, "requir": 2.388575540849568, "addit": 3.318565117081885, "space": 3.497444329684867, "yield": 4.545794783572089, "effici": 2.7108631424788245, "algorithm": 0.8920854338854537, "instanc": 5.58724865840025, "circular": 5.769570215194204, "link": 13.075749724451825, "end": 5.127716329021809, "redund": 4.9811128548299335, "travers": 6.280395838960195, "easier": 6.462717395754149, "null": 6.97354301952014, "allow": 3.867462688797284, "thread": 6.126245159132937, "nonrecurs": 5.992713766508414, "replac": 4.739950798013046, "header": 8.07215530818825, "cell": 5.076423034634259, "enhanc": 6.126245159132937, "famou": 8.07215530818825, "exclus": 5.433097978572992, "trick": 6.97354301952014, "doubl": 5.769570215194204, "cacm": 0.00031215857909170155, "june": 2.3717117347975636, "wise": 6.462717395754149}