{"symmetr": 4.57564774672177, "group": 4.1803350100776235, "charact": 3.6654360609239967, "algorithm": 0.8920854338854537, "a1": 4.894101477840304, "cacm": 0.00031215857909170155, "juli": 2.3683728335320486, "mckay": 5.507205950726713}