{"convers": 7.734925377594568, "reconvers": 16.1443106163765, "comparison": 7.380257347028737, "techniqu": 4.480545661809466, "variabl": 6.218621355856685, "length": 3.7954891891721947, "sort": 7.765001132323649, "logic": 3.6062471895336663, "convert": 4.383275854074314, "highli": 4.638168103703103, "input": 6.232656501173978, "record": 7.734925377594568, "format": 20.901675050388118, "easili": 4.26549281841793, "effici": 2.7108631424788245, "process": 2.1750014405515095, "program": 1.438836874907873, "intern": 8.53098563683586, "discuss": 2.1972245773362196, "relat": 3.144901623031045, "output": 3.497444329684867, "cacm": 0.00031215857909170155, "wak": 8.07215530818825}