{"intent": 25.12158335584078, "resolut": 23.970855066033657, "privaci": 25.850869583016596, "protect": 18.819437912807103, "databas": 36.672593748924236, "system": 3.11488523463144, "tradit": 10.72821021417208, "understood": 6.280395838960195, "control": 11.81664598308598, "inform": 7.688300914680818, "user": 15.274377356866628, "paper": 1.9808454261105517, "concern": 3.9612814440149386, "independ": 3.8094754311469345, "dimens": 5.181783550292085, "allow": 3.867462688797284, "piec": 5.992713766508414, "suppli": 10.477883928264067, "abil": 4.739950798013046, "condit": 3.39002408106403, "intend": 4.894101477840304, "call": 3.4087162140761826, "practic": 3.617808011934742, "import": 3.497444329684867, "demonstr": 4.0117122976418305, "exampl": 3.371674942395834, "realiz": 5.027632870464827, "discuss": 2.1972245773362196, "shown": 2.7940406489577327, "achiev": 3.7954891891721947, "involv": 3.4570347913469903, "radic": 6.280395838960195, "chang": 4.2435139116991545, "approach": 3.1743155082373384, "process": 2.1750014405515095, "interact": 10.99630818277199, "appear": 4.48863636973214, "impos": 5.674260035389879, "amount": 4.1803350100776235, "intern": 4.26549281841793, "behavior": 4.334485689904882, "program": 1.438836874907873, "model": 2.996981492954423, "admit": 6.280395838960195, "develop": 2.4267084105450123, "cacm": 0.00031215857909170155, "march": 2.546702369056466, "minski": 7.379008127628304}