{"automat": 6.743349884791668, "loader": 6.68586094706836, "subroutin": 8.241823179213645, "nest": 10.152846069268518, "method": 3.7071103769930414, "load": 4.814058770166768, "librari": 9.788202955680608, "adapt": 4.434569148461864, "oper": 2.270036932811187, "conjunct": 5.181783550292085, "convent": 3.8380488035909903, "pass": 4.57564774672177, "assembl": 4.545794783572089, "specif": 3.227968221729659, "design": 2.4924254822020275, "cope": 6.68586094706836, "structur": 2.473733349189875, "cacm": 0.00031215857909170155, "juli": 2.3683728335320486, "kanner": 6.97354301952014}