{"extract": 5.076423034634259, "root": 4.140329675463924, "repeat": 5.992713766508414, "subtract": 5.58724865840025, "digit": 3.2930318150767204, "comput": 1.3117406171048218, "cacm": 0.00031215857909170155, "decemb": 2.4626835130032902, "sugai": 8.07215530818825}