{"proof": 16.721340040310494, "program": 5.755347499631492, "find": 7.16703787691222, "correct": 3.6295040516979333, "algorithm": 0.8920854338854537, "inform": 2.5627669715602726, "descript": 3.437426319958614, "purpos": 3.2599709528158325, "method": 1.8535551884965207, "systemat": 5.181783550292085, "techniqu": 2.240272830904733, "construct": 3.189353385601879, "process": 2.1750014405515095, "code": 2.948191328784991, "prevent": 5.674260035389879, "intrus": 8.07215530818825, "logic": 3.6062471895336663, "error": 3.0482747873419735, "termin": 4.101863394636128, "treat": 4.814058770166768, "separ": 4.2435139116991545, "exercis": 5.992713766508414, "final": 3.7680902149840803, "conclus": 4.814058770166768, "relat": 3.144901623031045, "gener": 1.8279884075245136, "methodolog": 4.894101477840304, "drawn": 5.127716329021809, "cacm": 0.00031215857909170155, "januari": 2.6297375976664563, "hoar": 5.299566585948469}