{"document": 4.358583241483942, "problem": 1.9651324204459957, "algol": 3.243841570885949, "cacm": 0.00031215857909170155, "march": 2.546702369056466, "naur": 5.127716329021809}