{"knot": 8.07215530818825, "list": 3.189353385601879, "structur": 2.473733349189875, "cacm": 0.00031215857909170155, "march": 2.546702369056466, "weizenbaum": 6.126245159132937}