{"start": 4.894101477840304, "automat": 3.371674942395834, "storag": 2.7394365149228808, "assign": 4.064822122955779, "cacm": 0.00031215857909170155, "patrick": 6.97354301952014}