{"control": 2.954161495771495, "system": 6.22977046926288, "logic": 3.6062471895336663, "block": 3.929020581796717, "diagnosi": 5.87493073085203, "data": 2.1667934601336793, "load": 4.814058770166768, "paper": 3.9616908522211034, "describ": 6.190843131535351, "section": 9.706558966640099, "integr": 2.984558972955866, "diagnost": 16.299293935718975, "monitor": 4.638168103703103, "facilit": 4.739950798013046, "check": 4.545794783572089, "instruct": 3.867462688797284, "subroutin": 4.1209115896068225, "object": 3.380807425959106, "program": 2.877673749815746, "method": 1.8535551884965207, "oper": 2.270036932811187, "format": 4.1803350100776235, "similar": 3.7954891891721947, "comput": 1.3117406171048218, "make": 3.380807425959106, "conveni": 4.814058770166768, "simpl": 3.009560275161283, "understand": 4.704859478201776, "number": 2.2028583950544753, "featur": 3.399326473726344, "includ": 2.7688504001291743, "cacm": 0.00031215857909170155, "april": 2.4231810700270437, "senko": 7.379008127628304}