{"programm": 3.977810745966149, "navig": 7.379008127628304, "cacm": 0.00031215857909170155, "novemb": 2.4445341944976127, "bachman": 6.97354301952014}