{"composit": 4.853279483320049, "gener": 1.8279884075245136, "algorithm": 0.8920854338854537, "cacm": 0.00031215857909170155, "novemb": 2.4445341944976127, "hellerman": 6.68586094706836, "ogden": 7.379008127628304}