{"introduct": 4.894101477840304, "machin": 2.918863713690471, "independ": 3.8094754311469345, "data": 2.1667934601336793, "divis": 4.5168072466988365, "cacm": 0.00031215857909170155, "mullin": 6.97354301952014}