{"sort": 11.647501698485474, "natur": 3.7027074557212285, "select": 3.617808011934742, "famili": 5.027632870464827, "algorithm": 0.8920854338854537, "propos": 2.907369334264736, "member": 5.299566585948469, "make": 3.380807425959106, "fuller": 6.126245159132937, "memori": 3.137681375057558, "space": 3.497444329684867, "yield": 4.545794783572089, "longer": 5.674260035389879, "string": 3.7027074557212285, "extens": 3.3359568597937543, "simul": 3.380807425959106, "result": 2.3750618216828454, "present": 1.8221800659287668, "implic": 4.739950798013046, "applic": 2.481168327677393, "discuss": 2.1972245773362196, "cacm": 0.00031215857909170155, "octob": 2.4849066497880004, "frazer": 8.07215530818825, "wong": 6.280395838960195}