{"algebra": 4.0117122976418305, "formul": 4.545794783572089, "flow": 4.704859478201776, "diagram": 5.36410510708604, "cacm": 0.00031215857909170155, "june": 2.3717117347975636, "voorhe": 6.97354301952014}