{"fast": 7.890041846286317, "finit": 4.2435139116991545, "differ": 3.977810745966149, "solut": 2.763887610787045, "biharmon": 14.758016255256608, "problem": 5.895397261337987, "set": 2.554702411723542, "reynold": 6.462717395754149, "number": 2.2028583950544753, "equal": 4.6709579265260945, "method": 3.7071103769930414, "solv": 3.5078071167204135, "navier": 7.379008127628304, "stroke": 7.379008127628304, "equat": 9.327932033785029, "numer": 6.409241715465335, "result": 2.3750618216828454, "treat": 4.814058770166768, "system": 1.55744261731572, "order": 2.93049175168559, "simpl": 3.009560275161283, "smooth": 5.433097978572992, "process": 2.1750014405515095, "essenti": 4.434569148461864, "converg": 4.638168103703103, "applic": 2.481168327677393, "made": 3.2046208577326674, "crack": 8.07215530818825, "type": 3.144901623031045, "cacm": 0.00031215857909170155, "greenspan": 6.68586094706836, "schultz": 7.379008127628304}