{"bessel": 5.127716329021809, "function": 2.2610143152115496, "integr": 2.984558972955866, "order": 2.93049175168559, "complex": 3.137681375057558, "argument": 4.77631844218392, "cacm": 0.00031215857909170155, "april": 2.4231810700270437, "gray": 5.238941964132033}