{"product": 7.989235728565061, "system": 3.11488523463144, "bnf": 12.925434791508298, "develop": 2.4267084105450123, "definit": 7.355412307031623, "syntax": 16.116416161414797, "program": 1.438836874907873, "languag": 4.350002881103019, "univers": 3.9946178642825303, "context": 7.826544449657156, "free": 3.913272224828578, "requir": 4.777151081699136, "numer": 3.2046208577326674, "interest": 3.9450209231431583, "difficult": 4.57564774672177, "issu": 9.409718956403552, "stem": 6.97354301952014, "sensit": 5.769570215194204, "notabl": 6.462717395754149, "compat": 4.853279483320049, "declar": 4.814058770166768, "identifi": 4.140329675463924, "correspond": 4.9366610922591, "actual": 4.287965674269989, "formal": 11.185049659003697, "paramet": 3.7816958670398586, "aris": 4.704859478201776, "block": 3.929020581796717, "structur": 2.473733349189875, "paper": 3.9616908522211034, "explor": 5.181783550292085, "notat": 4.434569148461864, "call": 3.4087162140761826, "provid": 3.015909502839942, "readabl": 5.992713766508414, "complet": 3.47703545805366, "practic": 3.617808011934742, "illustr": 3.47703545805366, "small": 3.594818493710043, "signific": 3.929020581796717, "subset": 4.545794783572089, "pl": 5.127716329021809, "consid": 3.152174382360125, "detail": 3.447182494903979, "present": 1.8221800659287668, "applic": 2.481168327677393, "defin": 3.1595004224521976, "abstract": 4.434569148461864, "translat": 3.6901286735143684, "previou": 4.434569148461864, "author": 4.287965674269989, "cacm": 0.00031215857909170155, "februari": 2.6211168546225494, "ledgard": 6.462717395754149}