{"random": 3.6062471895336663, "binari": 3.8094754311469345, "search": 10.431106374160981, "tree": 7.16703787691222, "structur": 4.94746669837975, "effici": 2.7108631424788245, "method": 1.8535551884965207, "propos": 2.907369334264736, "util": 3.6901286735143684, "minu": 6.97354301952014, "branch": 5.58724865840025, "path": 4.48863636973214, "signific": 3.929020581796717, "gain": 5.127716329021809, "result": 2.3750618216828454, "key": 4.064822122955779, "includ": 2.7688504001291743, "alphabet": 5.58724865840025, "charact": 3.6654360609239967, "cacm": 0.00031215857909170155, "march": 2.546702369056466, "clampett": 8.07215530818825, "jr": 3.243841570885949}