{"romberg": 5.58724865840025, "integr": 2.984558972955866, "algorithm": 0.8920854338854537, "cacm": 0.00031215857909170155, "march": 2.546702369056466, "thacher": 4.358583241483942, "jr": 3.243841570885949}