{"experi": 3.4669851222001586, "extens": 6.671913719587509, "languag": 6.525004321654528, "oper": 2.270036932811187, "system": 3.11488523463144, "base": 2.701517280060587, "apprais": 6.97354301952014, "respect": 4.26549281841793, "effici": 2.7108631424788245, "flexibl": 4.26549281841793, "util": 3.6901286735143684, "categori": 6.126245159132937, "user": 3.0548754713733257, "cacm": 0.00031215857909170155, "januari": 2.6297375976664563, "iron": 5.769570215194204}