{"storag": 19.176055604460167, "util": 11.070386020543104, "memori": 6.275362750115116, "hierarchi": 20.955767856528134, "assign": 4.064822122955779, "perform": 2.8094651192833644, "hash": 14.442176310500304, "algorithm": 2.676256301656361, "studi": 6.455936443459318, "level": 26.145074107639946, "fast": 3.9450209231431583, "store": 24.70202368142772, "divid": 9.479901596026092, "number": 6.608575185163426, "area": 19.337313443986417, "entri": 21.672428449524407, "file": 20.05758284120508, "attempt": 4.1209115896068225, "place": 5.127716329021809, "full": 4.545794783572089, "slower": 5.87493073085203, "space": 3.497444329684867, "entir": 4.638168103703103, "express": 6.319000844904395, "deriv": 3.2930318150767204, "expect": 4.334485689904882, "measur": 3.8380488035909903, "effect": 3.0954215657676754, "mean": 3.2201250442686327, "exampl": 3.371674942395834, "function": 2.2610143152115496, "total": 4.1803350100776235, "size": 3.427764409046877, "cacm": 0.00031215857909170155, "march": 2.546702369056466, "william": 5.507205950726713}