{"multiprocessor": 10.866195957145983, "memori": 31.37681375057558, "organ": 14.031228466881654, "interfer": 5.769570215194204, "structur": 2.473733349189875, "share": 3.4871878295176777, "comput": 3.9352218513144654, "system": 1.55744261731572, "examin": 3.641338509344936, "attent": 5.076423034634259, "nonin": 7.379008127628304, "terleav": 14.758016255256608, "altern": 3.9612814440149386, "compar": 3.227968221729659, "shown": 5.5880812979154655, "home": 16.1443106163765, "processor": 3.7154464814986583, "address": 3.913272224828578, "space": 3.497444329684867, "concentr": 5.769570215194204, "effect": 3.0954215657676754, "reduc": 3.641338509344936, "terfer": 16.1443106163765, "suit": 5.076423034634259, "special": 3.5395558150349937, "problem": 1.9651324204459957, "possess": 5.36410510708604, "advantag": 3.7027074557212285, "term": 3.2763647625915087, "reliabl": 4.77631844218392, "gener": 1.8279884075245136, "purpos": 3.2599709528158325, "result": 2.3750618216828454, "drawn": 5.127716329021809, "previou": 4.434569148461864, "work": 3.344767489475909, "comparison": 3.6901286735143684, "trace": 5.027632870464827, "driven": 5.36410510708604, "simul": 3.380807425959106, "verifi": 5.507205950726713, "conclus": 4.814058770166768, "analysi": 2.7738379416402132, "cacm": 0.00031215857909170155, "octob": 2.4849066497880004, "smith": 4.310955192494688}