{"comput": 2.6234812342096436, "need": 3.251873742583213, "lawyer": 7.379008127628304, "liabil": 13.37172189413672, "neglig": 6.68586094706836, "tort": 8.07215530818825, "slander": 8.07215530818825, "credit": 6.68586094706836, "theori": 4.140329675463924, "express": 3.1595004224521976, "impli": 5.507205950726713, "warranti": 8.07215530818825, "guarante": 5.58724865840025, "discuss": 2.1972245773362196, "legal": 12.252490318265874, "complic": 5.027632870464827, "explain": 4.6709579265260945, "user": 3.0548754713733257, "oper": 6.810110798433561, "owner": 8.07215530818825, "leasor": 8.07215530818825, "alert": 7.379008127628304, "potenti": 4.6709579265260945, "problem": 3.9302648408919914, "focu": 6.280395838960195, "troubl": 6.280395838960195, "spot": 6.97354301952014, "contract": 6.68586094706836, "data": 2.1667934601336793, "process": 2.1750014405515095, "servic": 4.5168072466988365, "autom": 9.15129549344354, "record": 7.734925377594568, "keep": 11.539140430388407, "decid": 5.58724865840025, "compli": 8.07215530818825, "statut": 7.379008127628304, "regul": 6.126245159132937, "relat": 3.144901623031045, "inform": 5.125533943120545, "patent": 12.925434791508298, "copyright": 20.920629058560422, "trade": 6.280395838960195, "secret": 6.462717395754149, "protect": 4.704859478201776, "program": 1.438836874907873, "materi": 4.739950798013046, "storag": 2.7394365149228808, "retriev": 3.594818493710043, "system": 1.55744261731572, "includ": 2.7688504001291743, "pend": 7.379008127628304, "revis": 5.238941964132033, "bill": 6.97354301952014, "cacm": 0.00031215857909170155, "august": 2.3750618216828454, "banzhaf": 8.07215530818825, "iii": 4.704859478201776}