{"ye": 8.07215530818825, "indiscreet": 8.07215530818825, "monitor": 4.638168103703103, "cacm": 0.00031215857909170155, "septemb": 2.546702369056466, "blatt": 7.379008127628304}