{"surg": 8.07215530818825, "recod": 8.07215530818825, "cobol": 4.545794783572089, "merchandis": 7.379008127628304, "control": 2.954161495771495, "algorithm": 0.8920854338854537, "cacm": 0.00031215857909170155, "februari": 2.6211168546225494, "longo": 8.07215530818825}