{"sitar": 22.137024382884913, "interact": 3.6654360609239967, "text": 12.249513784871928, "process": 2.1750014405515095, "system": 6.22977046926288, "small": 3.594818493710043, "comput": 3.9352218513144654, "low": 4.383275854074314, "cost": 3.518278416587709, "teract": 12.925434791508298, "handl": 3.7154464814986583, "analysi": 2.7738379416402132, "nontechn": 7.379008127628304, "user": 3.0548754713733257, "way": 4.77631844218392, "compar": 3.227968221729659, "bibliograph": 6.97354301952014, "search": 6.95407091610732, "retriev": 3.594818493710043, "addit": 3.318565117081885, "featur": 3.399326473726344, "implement": 2.570897097643523, "pdp": 5.507205950726713, "time": 2.0511319588387233, "share": 3.4871878295176777, "invok": 6.97354301952014, "crt": 12.56079167792039, "microprogram": 5.87493073085203, "edit": 4.739950798013046, "function": 4.522028630423099, "simpl": 6.019120550322566, "command": 9.15129549344354, "languag": 2.1750014405515095, "design": 2.4924254822020275, "templat": 7.379008127628304, "consist": 3.823660066138891, "textual": 7.379008127628304, "string": 11.108122367163686, "desir": 4.140329675463924, "delimit": 6.97354301952014, "context": 3.913272224828578, "hit": 8.07215530818825, "deliv": 6.97354301952014, "extens": 3.3359568597937543, "experi": 3.4669851222001586, "show": 3.641338509344936, "combin": 3.5612958016714, "power": 7.5361804299681605, "orient": 3.977810745966149, "circular": 5.769570215194204, "structur": 2.473733349189875, "local": 4.6709579265260945, "memori": 3.137681375057558, "convers": 3.867462688797284, "produc": 3.427764409046877, "sum": 4.545794783572089, "part": 3.371674942395834, "cacm": 0.00031215857909170155, "juli": 2.3683728335320486, "schneider": 6.68586094706836, "jr": 3.243841570885949, "watt": 6.68586094706836}