{"squar": 3.6295040516979333, "analysi": 8.32151382492064, "reson": 8.07215530818825, "spectra": 6.68586094706836, "small": 7.189636987420086, "comput": 3.9352218513144654, "problem": 1.9651324204459957, "analyz": 3.5503667311392095, "data": 2.1667934601336793, "mossbauer": 8.07215530818825, "effect": 3.0954215657676754, "experi": 3.4669851222001586, "discuss": 2.1972245773362196, "cut": 6.280395838960195, "step": 4.0117122976418305, "procedur": 2.63843330463401, "converg": 4.638168103703103, "impos": 5.674260035389879, "physic": 4.57564774672177, "constraint": 4.358583241483942, "function": 2.2610143152115496, "form": 3.0954215657676754, "calcul": 3.5395558150349937, "make": 3.380807425959106, "carri": 4.77631844218392, "ibm": 3.518278416587709, "bcd": 6.462717395754149, "core": 4.310955192494688, "memori": 3.137681375057558, "cacm": 0.00031215857909170155, "marshal": 6.97354301952014, "nelson": 6.68586094706836, "wilenzick": 8.07215530818825}