{"complement": 39.71982024772915, "divis": 22.58403623349418, "algorithm": 2.676256301656361, "theorem": 4.5168072466988365, "express": 3.1595004224521976, "form": 12.381686263070701, "permit": 3.572345637857985, "serv": 4.57564774672177, "basi": 4.029104040353699, "devis": 5.433097978572992, "oper": 2.270036932811187, "produc": 3.427764409046877, "quotient": 11.539140430388407, "remaind": 11.74986146170406, "yield": 4.545794783572089, "result": 4.750123643365691, "deriv": 3.2930318150767204, "number": 2.2028583950544753, "repres": 3.6062471895336663, "base": 2.701517280060587, "greater": 4.853279483320049, "radix": 12.56079167792039, "scheme": 3.518278416587709, "consid": 3.152174382360125, "binari": 3.8094754311469345, "includ": 2.7688504001291743, "implement": 2.570897097643523, "problem": 1.9651324204459957, "overflow": 5.87493073085203, "dealt": 6.126245159132937, "select": 3.617808011934742, "condit": 3.39002408106403, "cacm": 0.00031215857909170155, "april": 2.4231810700270437, "stein": 6.68586094706836, "munro": 8.07215530818825}