{"analysi": 2.7738379416402132, "perform": 5.618930238566729, "invert": 15.898699757845407, "data": 10.833967300668396, "base": 13.507586400302936, "structur": 2.473733349189875, "need": 3.251873742583213, "envis": 6.97354301952014, "architectur": 5.076423034634259, "system": 1.55744261731572, "hierarch": 5.238941964132033, "level": 6.5362685269099865, "framework": 4.9811128548299335, "stress": 5.769570215194204, "organ": 3.5078071167204135, "analyz": 3.5503667311392095, "consid": 3.152174382360125, "implement": 2.570897097643523, "orient": 3.977810745966149, "aspect": 4.083171261623976, "directori": 5.992713766508414, "view": 4.334485689904882, "realist": 5.87493073085203, "larg": 2.8791984572980396, "subject": 4.160132302760104, "invers": 3.867462688797284, "formul": 9.091589567144178, "deriv": 3.2930318150767204, "estim": 3.929020581796717, "averag": 4.26549281841793, "access": 3.6062471895336663, "time": 4.102263917677447, "read": 4.57564774672177, "storag": 2.7394365149228808, "requir": 2.388575540849568, "formal": 3.728349886334566, "interact": 3.6654360609239967, "content": 4.638168103703103, "characterist": 3.6295040516979333, "logic": 3.6062471895336663, "complex": 3.137681375057558, "queri": 4.739950798013046, "machin": 2.918863713690471, "block": 3.929020581796717, "specif": 3.227968221729659, "identifi": 4.140329675463924, "order": 2.93049175168559, "effect": 3.0954215657676754, "present": 1.8221800659287668, "conjunct": 5.181783550292085, "index": 8.766551708148627, "select": 3.617808011934742, "criteria": 4.57564774672177, "determin": 3.009560275161283, "optimum": 4.704859478201776, "set": 2.554702411723542, "key": 4.064822122955779, "cacm": 0.00031215857909170155, "cardena": 6.97354301952014}