{"calcul": 3.5395558150349937, "easter": 7.379008127628304, "cacm": 0.00031215857909170155, "april": 2.4231810700270437, "knuth": 5.027632870464827}