{"optim": 9.522946524712015, "detect": 4.310955192494688, "curv": 8.360670020155247, "noisi": 7.379008127628304, "pictur": 9.212838810777047, "techniqu": 4.480545661809466, "recogn": 10.055265740929654, "system": 3.11488523463144, "line": 7.0577210518364915, "present": 1.8221800659287668, "heurist": 4.6064194053885235, "problem": 3.9302648408919914, "embed": 5.299566585948469, "recognit": 4.704859478201776, "algorithm": 0.8920854338854537, "express": 3.1595004224521976, "figur": 17.97814129952524, "merit": 16.299293935718975, "multistag": 7.379008127628304, "decis": 3.8977680382926128, "process": 6.525004321654528, "abl": 5.299566585948469, "input": 3.116328250586989, "accord": 4.9366610922591, "due": 4.9811128548299335, "global": 5.127716329021809, "approach": 3.1743155082373384, "greater": 4.853279483320049, "flexibl": 4.26549281841793, "adequaci": 6.462717395754149, "achiev": 3.7954891891721947, "relat": 3.144901623031045, "structur": 2.473733349189875, "complex": 3.137681375057558, "discuss": 2.1972245773362196, "method": 3.7071103769930414, "suitabl": 4.1803350100776235, "parallel": 7.765001132323649, "oper": 2.270036932811187, "rel": 4.200954297280359, "state": 3.852647603012143, "comput": 1.3117406171048218, "number": 2.2028583950544753, "stage": 4.9811128548299335, "equal": 4.6709579265260945, "length": 3.7954891891721947, "log2": 5.992713766508414, "approxim": 3.380807425959106, "cacm": 0.00031215857909170155, "montanari": 6.68586094706836}