{"telecommun": 16.1443106163765, "front": 20.920629058560422, "end": 15.383148987065429, "minicomput": 20.920629058560422, "provid": 3.015909502839942, "vari": 4.704859478201776, "remot": 5.127716329021809, "termin": 4.101863394636128, "access": 3.6062471895336663, "larg": 2.8791984572980396, "scale": 4.287965674269989, "comput": 1.3117406171048218, "consid": 3.152174382360125, "problem": 3.9302648408919914, "embed": 5.299566585948469, "oper": 4.540073865622374, "system": 3.11488523463144, "discuss": 4.394449154672439, "shown": 2.7940406489577327, "decentr": 6.97354301952014, "intellig": 5.181783550292085, "acquir": 6.280395838960195, "process": 2.1750014405515095, "vastli": 7.379008127628304, "simplifi": 4.48863636973214, "specif": 3.227968221729659, "implement": 5.141794195287046, "emphasi": 4.5168072466988365, "main": 8.058208080707399, "processor": 7.430892962997317, "link": 4.358583241483942, "hardwar": 3.8825005661618244, "softwar": 3.929020581796717, "effect": 3.0954215657676754, "assess": 5.507205950726713, "advantag": 3.7027074557212285, "hard": 6.68586094706836, "wire": 6.462717395754149, "line": 3.5288605259182457, "control": 2.954161495771495, "cacm": 0.00031215857909170155, "march": 2.546702369056466, "feinroth": 8.07215530818825, "franceschini": 8.07215530818825, "goldstein": 6.462717395754149}