{"semi": 5.769570215194204, "iter": 4.046803617453101, "process": 2.1750014405515095, "evalu": 3.137681375057558, "arctang": 7.379008127628304, "cacm": 0.00031215857909170155, "septemb": 2.546702369056466, "chu": 6.462717395754149, "saathoff": 8.07215530818825}