{"wire": 6.462717395754149, "binari": 3.8094754311469345, "decim": 5.127716329021809, "convers": 3.867462688797284, "scheme": 3.518278416587709, "cacm": 0.00031215857909170155, "march": 2.546702369056466, "lynch": 6.126245159132937}