{"logic": 14.424988758134665, "program": 7.194184374539365, "languag": 4.350002881103019, "long": 4.638168103703103, "terest": 13.37172189413672, "answer": 9.8733221845182, "question": 8.280659350927849, "comput": 5.246962468419287, "principl": 4.5168072466988365, "outcom": 7.379008127628304, "put": 5.674260035389879, "bound": 3.8380488035909903, "possibl": 4.77631844218392, "formal": 11.185049659003697, "recent": 3.8977680382926128, "precis": 8.129644245911559, "comparison": 3.6901286735143684, "effici": 2.7108631424788245, "decis": 3.8977680382926128, "method": 5.560665565489562, "develop": 2.4267084105450123, "complex": 3.137681375057558, "theori": 20.70164837731962, "applic": 2.481168327677393, "big": 8.07215530818825, "signific": 3.929020581796717, "direct": 3.58351893845611, "appli": 3.2681342634549932, "part": 3.371674942395834, "offer": 4.77631844218392, "obviou": 5.769570215194204, "opportun": 5.992713766508414, "syntact": 4.26549281841793, "advanc": 4.704859478201776, "semant": 4.287965674269989, "complet": 3.47703545805366, "exampl": 3.371674942395834, "give": 8.575931348539978, "wide": 4.408593662058603, "rang": 4.222007706478191, "mathemat": 7.259008103395867, "queri": 4.739950798013046, "machin": 8.756591141071414, "process": 6.525004321654528, "simul": 6.761614851918212, "natur": 3.7027074557212285, "enter": 5.299566585948469, "descript": 3.437426319958614, "definit": 7.355412307031623, "mean": 3.2201250442686327, "requir": 2.388575540849568, "explain": 4.6709579265260945, "object": 6.761614851918212, "static": 5.36410510708604, "problem": 1.9651324204459957, "transform": 3.6654360609239967, "dynam": 7.676097607181981, "automata": 5.992713766508414, "net": 6.126245159132937, "portion": 4.894101477840304, "field": 3.9946178642825303, "concentr": 5.769570215194204, "finit": 4.2435139116991545, "state": 3.852647603012143, "algebra": 4.0117122976418305, "aspect": 4.083171261623976, "understand": 4.704859478201776, "higher": 4.814058770166768, "level": 9.80440279036498, "featur": 3.399326473726344, "involv": 3.4570347913469903, "infinit": 5.58724865840025, "forc": 5.36410510708604, "pass": 4.57564774672177, "explan": 7.379008127628304, "conceptu": 10.36356710058417, "idea": 4.5168072466988365, "final": 3.7680902149840803, "real": 3.5078071167204135, "made": 3.2046208577326674, "exact": 4.853279483320049, "find": 3.58351893845611, "abstract": 8.869138296923728, "repres": 3.6062471895336663, "structur": 2.473733349189875, "experi": 3.4669851222001586, "independ": 3.8094754311469345, "worker": 6.280395838960195, "data": 2.1667934601336793, "type": 3.144901623031045, "lattic": 6.280395838960195, "partial": 4.287965674269989, "order": 5.86098350337118, "inform": 2.5627669715602726, "content": 4.638168103703103, "continu": 3.852647603012143, "map": 4.358583241483942, "demonstr": 4.0117122976418305, "flexibl": 4.26549281841793, "approach": 3.1743155082373384, "provid": 3.015909502839942, "proof": 4.1803350100776235, "clean": 6.97354301952014, "undu": 7.379008127628304, "depend": 3.929020581796717, "implement": 2.570897097643523, "remain": 5.127716329021809, "show": 3.641338509344936, "actual": 4.287965674269989, "say": 6.97354301952014, "unifi": 5.674260035389879, "cacm": 0.00031215857909170155, "septemb": 2.546702369056466, "scott": 6.68586094706836}