{"process": 4.350002881103019, "manag": 4.046803617453101, "resourc": 4.287965674269989, "share": 3.4871878295176777, "multiaccess": 12.252490318265874, "system": 6.22977046926288, "esop": 16.1443106163765, "main": 8.058208080707399, "design": 4.984850964404055, "principl": 4.5168072466988365, "emphasi": 4.5168072466988365, "basic": 3.4181949580307265, "idea": 4.5168072466988365, "underli": 5.127716329021809, "implement": 2.570897097643523, "detail": 3.447182494903979, "featur": 3.399326473726344, "includ": 2.7688504001291743, "abil": 4.739950798013046, "user": 6.109750942746651, "schedul": 7.955621491932298, "parallel": 3.8825005661618244, "primit": 4.814058770166768, "oper": 2.270036932811187, "memori": 3.137681375057558, "relationship": 4.222007706478191, "alloc": 3.6295040516979333, "polici": 4.894101477840304, "dynam": 3.8380488035909903, "take": 4.160132302760104, "account": 4.739950798013046, "recent": 3.8977680382926128, "inform": 2.5627669715602726, "behavior": 4.334485689904882, "cacm": 0.00031215857909170155, "decemb": 2.4626835130032902, "betourn": 8.07215530818825, "bouleng": 8.07215530818825, "ferri": 8.07215530818825, "kaiser": 7.379008127628304, "krakowiak": 8.07215530818825, "mossier": 8.07215530818825}