{"algorithm": 0.8920854338854537, "code": 5.896382657569982, "effici": 2.7108631424788245, "arithmet": 3.6901286735143684, "oper": 4.540073865622374, "exist": 3.572345637857985, "formula": 4.0117122976418305, "translat": 3.6901286735143684, "scheme": 3.518278416587709, "yield": 4.545794783572089, "ineffici": 5.87493073085203, "method": 1.8535551884965207, "reduc": 3.641338509344936, "number": 2.2028583950544753, "store": 3.5288605259182457, "fetch": 6.126245159132937, "evalu": 3.137681375057558, "constant": 4.48863636973214, "subexpress": 11.539140430388407, "compil": 3.074943034424135, "recogn": 5.027632870464827, "equival": 4.434569148461864, "cacm": 0.00031215857909170155, "januari": 2.6297375976664563, "floyd": 5.127716329021809}