{"syntax": 4.029104040353699, "direct": 3.58351893845611, "error": 9.14482436202592, "analysi": 2.7738379416402132, "context": 7.826544449657156, "free": 7.826544449657156, "languag": 2.1750014405515095, "practic": 7.235616023869484, "approach": 3.1743155082373384, "recogn": 10.055265740929654, "develop": 2.4267084105450123, "inform": 2.5627669715602726, "known": 3.7027074557212285, "earley": 6.462717395754149, "element": 3.8825005661618244, "bellman": 5.507205950726713, "dynam": 3.8380488035909903, "program": 2.877673749815746, "analyz": 3.5503667311392095, "take": 4.160132302760104, "gener": 1.8279884075245136, "class": 3.427764409046877, "grammar": 8.241823179213645, "driver": 16.1443106163765, "finit": 4.2435139116991545, "string": 3.7027074557212285, "input": 6.232656501173978, "recognit": 4.704859478201776, "consist": 3.823660066138891, "count": 4.9366610922591, "correct": 3.6295040516979333, "version": 4.461237395544026, "rel": 4.200954297280359, "algorithm": 0.8920854338854537, "design": 2.4924254822020275, "emphas": 5.674260035389879, "aspect": 4.083171261623976, "help": 5.238941964132033, "cacm": 0.00031215857909170155, "januari": 2.6297375976664563, "lyon": 6.68586094706836}