{"polici": 4.894101477840304, "valu": 7.405414911442457, "eft": 41.9489963655589, "research": 11.933432237898447, "anatomi": 7.379008127628304, "agenda": 16.1443106163765, "emerg": 6.126245159132937, "recognit": 4.704859478201776, "system": 4.67232785194716, "potenti": 4.6709579265260945, "vastli": 7.379008127628304, "alter": 5.674260035389879, "payment": 7.379008127628304, "fund": 6.280395838960195, "transfer": 4.853279483320049, "american": 4.358583241483942, "societi": 5.674260035389879, "number": 2.2028583950544753, "forc": 5.36410510708604, "actor": 8.07215530818825, "involv": 3.4570347913469903, "evolut": 5.87493073085203, "vari": 4.704859478201776, "significantli": 5.127716329021809, "depend": 3.929020581796717, "individu": 4.6064194053885235, "institut": 5.299566585948469, "perspect": 5.769570215194204, "conflict": 5.674260035389879, "highlight": 6.126245159132937, "part": 3.371674942395834, "technolog": 4.5168072466988365, "issu": 4.704859478201776, "impact": 10.152846069268518, "peopl": 5.507205950726713, "econom": 4.6709579265260945, "regul": 6.126245159132937, "control": 2.954161495771495, "evalu": 3.137681375057558, "monitor": 4.638168103703103, "cacm": 0.00031215857909170155, "decemb": 2.4626835130032902, "kraemer": 6.97354301952014, "colton": 6.97354301952014}