{"nonrecurs": 5.992713766508414, "adapt": 4.434569148461864, "integr": 2.984558972955866, "algorithm": 0.8920854338854537, "cacm": 0.00031215857909170155, "june": 2.3717117347975636, "mckeeman": 5.674260035389879, "tesler": 8.07215530818825}