{"modifi": 3.8977680382926128, "romberg": 5.58724865840025, "quadratur": 4.638168103703103, "algorithm": 0.8920854338854537, "d1": 4.545794783572089, "cacm": 0.00031215857909170155, "june": 2.3717117347975636, "fair": 7.379008127628304, "weather": 8.07215530818825}