{"numer": 6.409241715465335, "integr": 23.876471783646927, "function": 6.783042945634649, "pole": 51.65305689339813, "common": 3.9450209231431583, "need": 3.251873742583213, "diverg": 13.94708603904028, "rang": 4.222007706478191, "occur": 4.310955192494688, "formula": 20.05856148820915, "simpson": 10.599133171896938, "depend": 3.929020581796717, "fit": 3.9946178642825303, "polynomi": 3.4087162140761826, "inaccur": 7.379008127628304, "bad": 6.68586094706836, "method": 1.8535551884965207, "kind": 4.408593662058603, "accur": 4.739950798013046, "order": 5.86098350337118, "posit": 4.1209115896068225, "known": 3.7027074557212285, "explicit": 4.853279483320049, "easi": 4.358583241483942, "automat": 3.371674942395834, "comput": 1.3117406171048218, "shown": 2.7940406489577327, "singular": 11.985427533016829, "converg": 4.638168103703103, "carri": 4.77631844218392, "accuraci": 4.383275854074314, "discuss": 2.1972245773362196, "compar": 3.227968221729659, "advantag": 3.7027074557212285, "overwhelm": 8.07215530818825, "cacm": 0.00031215857909170155, "april": 2.4231810700270437, "eisner": 8.07215530818825}