{"maxflow": 7.379008127628304, "algorithm": 0.8920854338854537, "r324": 8.07215530818825, "cacm": 0.00031215857909170155, "bayer": 5.769570215194204}