{"syntax": 4.029104040353699, "direct": 3.58351893845611, "compil": 3.074943034424135, "algol": 3.243841570885949, "cacm": 0.00031215857909170155, "januari": 2.6297375976664563, "iron": 5.769570215194204}