{"examin": 3.641338509344936, "schedul": 3.977810745966149, "algorithm": 0.8920854338854537, "cacm": 0.00031215857909170155, "novemb": 2.4445341944976127, "william": 5.507205950726713}