{"treesort2": 8.07215530818825, "algorithm": 0.8920854338854537, "cacm": 0.00031215857909170155, "decemb": 2.4626835130032902, "kaup": 6.68586094706836, "jr": 3.243841570885949}