{"rapid": 4.9366610922591, "comput": 1.3117406171048218, "coeffici": 4.1209115896068225, "interpol": 4.6064194053885235, "formula": 4.0117122976418305, "e1": 6.462717395754149, "algorithm": 0.8920854338854537, "cacm": 0.00031215857909170155, "decemb": 2.4626835130032902, "gustafson": 6.97354301952014}