{"find": 3.58351893845611, "eigenvector": 5.507205950726713, "gaussian": 5.299566585948469, "elimin": 4.064822122955779, "algorithm": 0.8920854338854537, "f2": 5.674260035389879, "cacm": 0.00031215857909170155, "novemb": 2.4445341944976127, "newhous": 6.97354301952014}