{"convers": 7.734925377594568, "decis": 31.182144306340902, "tabl": 27.656278330775923, "comput": 1.3117406171048218, "program": 5.755347499631492, "execut": 6.471746802473543, "time": 6.15339587651617, "diagnost": 5.433097978572992, "pinpoint": 6.97354301952014, "ambigu": 20.510865316087237, "discuss": 2.1972245773362196, "point": 3.015909502839942, "attempt": 4.1209115896068225, "resolv": 5.58724865840025, "compil": 3.074943034424135, "gener": 1.8279884075245136, "imposs": 6.68586094706836, "shown": 2.7940406489577327, "consequ": 5.769570215194204, "tree": 3.58351893845611, "method": 1.8535551884965207, "convert": 4.383275854074314, "inadequ": 6.462717395754149, "regard": 4.77631844218392, "detect": 8.621910384989375, "algorithm": 3.5683417355418148, "merit": 5.433097978572992, "simplic": 5.433097978572992, "implement": 2.570897097643523, "present": 1.8221800659287668, "limit": 7.259008103395867, "entri": 13.003457069714646, "clarifi": 5.674260035389879, "import": 3.497444329684867, "proper": 5.076423034634259, "code": 2.948191328784991, "inform": 2.5627669715602726, "mix": 4.9811128548299335, "directli": 4.408593662058603, "go": 7.379008127628304, "intermedi": 5.299566585948469, "step": 4.0117122976418305, "form": 3.0954215657676754, "result": 2.3750618216828454, "storag": 2.7394365149228808, "economi": 5.769570215194204, "comparison": 3.6901286735143684, "propos": 2.907369334264736, "literatur": 4.894101477840304, "made": 3.2046208577326674, "featur": 3.399326473726344, "fortran": 3.2681342634549932, "iv": 4.77631844218392, "translat": 3.6901286735143684, "ibm": 3.518278416587709, "develop": 2.4267084105450123, "author": 4.287965674269989, "cacm": 0.00031215857909170155, "june": 2.3717117347975636, "muthukrishnan": 8.07215530818825, "rajaraman": 6.97354301952014}