{"debug": 4.6064194053885235, "system": 1.55744261731572, "sourc": 4.101863394636128, "languag": 2.1750014405515095, "level": 3.2681342634549932, "cacm": 0.00031215857909170155, "august": 2.3750618216828454, "ferguson": 6.462717395754149, "berner": 8.07215530818825}