{"problem": 1.9651324204459957, "list": 3.189353385601879, "issu": 4.704859478201776, "concern": 3.9612814440149386, "comput": 1.3117406171048218, "public": 5.127716329021809, "polici": 4.894101477840304, "cacm": 0.00031215857909170155, "septemb": 2.546702369056466, "acm": 4.358583241483942, "committe": 4.853279483320049}