{"graycod": 7.379008127628304, "algorithm": 0.8920854338854537, "cacm": 0.00031215857909170155, "june": 2.3717117347975636, "allen": 6.97354301952014}