{"squar": 3.6295040516979333, "solut": 2.763887610787045, "constraint": 4.358583241483942, "algorithm": 0.8920854338854537, "cacm": 0.00031215857909170155, "juli": 2.3683728335320486, "syng": 6.97354301952014}