{"tridiagon": 5.58724865840025, "matrix": 3.137681375057558, "algorithm": 0.8920854338854537, "cacm": 0.00031215857909170155, "septemb": 2.546702369056466, "dietzel": 8.07215530818825}