{"zero": 5.507205950726713, "real": 3.5078071167204135, "polynomi": 3.4087162140761826, "result": 2.3750618216828454, "procedur": 2.63843330463401, "algorithm": 0.8920854338854537, "cacm": 0.00031215857909170155, "bareiss": 8.07215530818825, "fisherkel": 8.07215530818825}