{"aesthet": 8.07215530818825, "human": 4.5168072466988365, "factor": 3.852647603012143, "program": 1.438836874907873, "corrigendum": 4.545794783572089, "cacm": 0.00031215857909170155, "octob": 2.4849066497880004, "ershov": 7.379008127628304}