{"vector": 4.545794783572089, "coupl": 5.87493073085203, "clebsch": 8.07215530818825, "gordan": 8.07215530818825, "coeffici": 4.1209115896068225, "algorithm": 0.8920854338854537, "cacm": 0.00031215857909170155, "april": 2.4231810700270437, "gunn": 6.68586094706836}