{"system": 6.22977046926288, "busi": 14.442176310500304, "autom": 13.726943240165308, "sba": 32.288621232753, "program": 2.877673749815746, "languag": 6.525004321654528, "applic": 9.924673310709572, "expert": 7.379008127628304, "nonprogramm": 6.68586094706836, "describ": 3.0954215657676754, "execut": 3.2358734012367716, "comput": 1.3117406171048218, "user": 3.0548754713733257, "view": 4.334485689904882, "manipul": 6.874852639917228, "inform": 5.125533943120545, "dimension": 4.2435139116991545, "pictur": 4.6064194053885235, "tabl": 3.4570347913469903, "form": 3.0954215657676754, "report": 3.4669851222001586, "display": 3.9450209231431583, "termin": 4.101863394636128, "gradual": 7.379008127628304, "give": 4.287965674269989, "exampl": 3.371674942395834, "manual": 6.68586094706836, "queri": 4.739950798013046, "databas": 5.238941964132033, "subset": 4.545794783572089, "cacm": 0.00031215857909170155, "june": 2.3717117347975636, "zloof": 8.07215530818825, "de": 6.462717395754149, "jong": 8.07215530818825}