{"subroutin": 4.1209115896068225, "perform": 2.8094651192833644, "situ": 6.97354301952014, "transposit": 5.992713766508414, "rectangular": 5.299566585948469, "matrix": 3.137681375057558, "algorithm": 0.8920854338854537, "cacm": 0.00031215857909170155, "lachenmai": 8.07215530818825}