{"commentari": 8.07215530818825, "mr": 7.379008127628304, "mooer": 6.68586094706836, "paper": 1.9808454261105517, "cacm": 0.00031215857909170155, "august": 2.3750618216828454, "steel": 6.280395838960195, "jr": 3.243841570885949}