{"execut": 9.707620203710315, "characterist": 10.8885121550938, "program": 2.877673749815746, "page": 11.883844332044816, "demand": 4.853279483320049, "system": 4.67232785194716, "data": 10.833967300668396, "present": 3.6443601318575336, "show": 7.282677018689872, "type": 3.144901623031045, "commonli": 5.127716329021809, "larg": 2.8791984572980396, "scale": 4.287965674269989, "time": 2.0511319588387233, "share": 3.4871878295176777, "comput": 1.3117406171048218, "softwar": 3.929020581796717, "monitor": 4.638168103703103, "facil": 3.8977680382926128, "built": 5.076423034634259, "supervisor": 6.280395838960195, "collect": 4.222007706478191, "normal": 3.929020581796717, "oper": 2.270036932811187, "analyz": 3.5503667311392095, "result": 2.3750618216828454, "analysi": 2.7738379416402132, "fortran": 3.2681342634549932, "compil": 3.074943034424135, "interact": 3.6654360609239967, "line": 3.5288605259182457, "editor": 5.674260035389879, "probabl": 4.222007706478191, "distribut": 10.492332989054601, "function": 4.522028630423099, "thing": 5.36410510708604, "cpu": 5.127716329021809, "interv": 13.465909109196419, "number": 4.405716790108951, "empir": 4.358583241483942, "compar": 3.227968221729659, "simpl": 3.009560275161283, "theoret": 4.26549281841793, "exponenti": 4.1803350100776235, "hyperexponenti": 6.97354301952014, "geometr": 5.58724865840025, "task": 8.444015412956382, "core": 4.310955192494688, "cacm": 0.00031215857909170155, "april": 2.4231810700270437, "boys": 7.379008127628304}