{"symmetr": 4.57564774672177, "polynomi": 3.4087162140761826, "algorithm": 0.8920854338854537, "c1": 6.280395838960195, "cacm": 0.00031215857909170155, "juli": 2.3683728335320486, "bratley": 6.462717395754149, "mckay": 5.507205950726713}