{"bandsolv": 7.379008127628304, "algorithm": 0.8920854338854537, "r195": 8.07215530818825, "cacm": 0.00031215857909170155, "decemb": 2.4626835130032902, "schuegraf": 7.379008127628304}