{"event": 48.49453028264463, "manipul": 6.874852639917228, "discret": 4.814058770166768, "simul": 6.761614851918212, "requir": 2.388575540849568, "larg": 5.758396914596079, "number": 4.405716790108951, "system": 1.55744261731572, "present": 1.8221800659287668, "consist": 3.823660066138891, "major": 3.867462688797284, "part": 10.1150248271875, "address": 3.913272224828578, "familiar": 5.58724865840025, "problem": 5.895397261337987, "schedul": 15.911242983864597, "effici": 5.421726284957649, "grow": 5.127716329021809, "deal": 4.461237395544026, "appar": 6.280395838960195, "provid": 3.015909502839942, "flexibl": 4.26549281841793, "access": 3.6062471895336663, "execut": 6.471746802473543, "addit": 3.318565117081885, "featur": 3.399326473726344, "dealt": 6.126245159132937, "includ": 2.7688504001291743, "proper": 5.076423034634259, "handl": 7.430892962997317, "simultan": 4.1803350100776235, "creat": 4.408593662058603, "point": 3.015909502839942, "time": 6.15339587651617, "infinit": 5.58724865840025, "loop": 4.739950798013046, "caus": 5.58724865840025, "concaten": 5.992713766508414, "diagnos": 7.379008127628304, "maintain": 4.638168103703103, "count": 4.9366610922591, "practic": 3.617808011934742, "econom": 4.6709579265260945, "capabl": 3.8094754311469345, "displac": 6.462717395754149, "desir": 4.140329675463924, "cacm": 0.00031215857909170155, "septemb": 2.546702369056466, "ulrich": 7.379008127628304}