{"scientif": 4.9366610922591, "busi": 4.814058770166768, "applic": 2.481168327677393, "oracl": 7.379008127628304, "curv": 4.1803350100776235, "plotter": 5.769570215194204, "cacm": 0.00031215857909170155, "octob": 2.4849066497880004, "fike": 7.379008127628304}