{"condit": 3.39002408106403, "number": 2.2028583950544753, "pei": 6.97354301952014, "matric": 3.929020581796717, "cacm": 0.00031215857909170155, "novemb": 2.4445341944976127, "rokn": 6.97354301952014}