{"regular": 5.507205950726713, "coulomb": 5.992713766508414, "wave": 5.58724865840025, "function": 2.2610143152115496, "algorithm": 0.8920854338854537, "cacm": 0.00031215857909170155, "novemb": 2.4445341944976127, "gautschi": 5.433097978572992}