{"note": 3.497444329684867, "procedur": 2.63843330463401, "cacm": 0.00031215857909170155, "decemb": 2.4626835130032902, "heali": 7.379008127628304}