{"select": 7.235616023869484, "definit": 7.355412307031623, "prepar": 4.57564774672177, "acm": 8.717166482967883, "standard": 3.1023420086122493, "committe": 4.853279483320049, "subcommitte": 6.126245159132937, "program": 1.438836874907873, "terminolog": 5.181783550292085, "present": 1.8221800659287668, "review": 4.48863636973214, "membership": 7.379008127628304, "cacm": 0.00031215857909170155, "april": 2.4231810700270437, "fritz": 8.07215530818825}