{"formal": 11.185049659003697, "pars": 17.533103416297255, "system": 4.67232785194716, "automat": 6.743349884791668, "syntact": 17.06197127367172, "analysi": 5.5476758832804265, "recent": 3.8977680382926128, "import": 3.497444329684867, "natur": 3.7027074557212285, "languag": 4.350002881103019, "data": 2.1667934601336793, "process": 2.1750014405515095, "syntax": 4.029104040353699, "direct": 14.33407575382444, "compil": 3.074943034424135, "consist": 3.823660066138891, "finit": 4.2435139116991545, "disjoint": 6.97354301952014, "vocabulari": 17.624792192556093, "map": 4.358583241483942, "recurs": 3.913272224828578, "set": 7.6641072351706265, "string": 3.7027074557212285, "call": 3.4087162140761826, "sentenc": 4.853279483320049, "class": 3.427764409046877, "program": 1.438836874907873, "determin": 3.009560275161283, "product": 15.978471457130121, "analyz": 21.302200386835256, "nondeterminist": 5.992713766508414, "pushdown": 6.126245159132937, "store": 3.5288605259182457, "machin": 2.918863713690471, "intern": 4.26549281841793, "input": 3.116328250586989, "form": 3.0954215657676754, "ay1": 8.07215530818825, "ym": 8.07215530818825, "yi": 7.379008127628304, "element": 7.765001132323649, "context": 3.913272224828578, "free": 3.913272224828578, "kuno": 6.280395838960195, "oetting": 6.68586094706836, "multipl": 3.58351893845611, "path": 4.48863636973214, "english": 4.6064194053885235, "concret": 6.97354301952014, "work": 3.344767489475909, "algorithm": 0.8920854338854537, "connect": 4.310955192494688, "structur": 4.94746669837975, "assign": 4.064822122955779, "convent": 3.8380488035909903, "phrase": 5.238941964132033, "grammar": 4.1209115896068225, "examin": 3.641338509344936, "paper": 1.9808454261105517, "cacm": 0.00031215857909170155, "august": 2.3750618216828454, "greibach": 7.379008127628304}