{"criteria": 9.15129549344354, "time": 10.255659794193617, "share": 17.43593914758839, "system": 10.90209832121004, "perform": 8.428395357850093, "defin": 3.1595004224521976, "articl": 5.076423034634259, "multiaccess": 6.126245159132937, "permit": 3.572345637857985, "termin": 12.305590183908384, "user": 9.164626414119978, "util": 7.380257347028737, "essenti": 4.434569148461864, "full": 9.091589567144178, "resourc": 8.575931348539978, "abil": 4.739950798013046, "make": 3.380807425959106, "quantit": 12.252490318265874, "evalu": 6.275362750115116, "difficult": 4.57564774672177, "success": 4.083171261623976, "level": 3.2681342634549932, "cacm": 0.00031215857909170155, "januari": 2.6297375976664563, "stimler": 7.379008127628304}