{"remain": 10.255432658043619, "troubl": 6.280395838960195, "spot": 6.97354301952014, "algol": 9.731524712657848, "paper": 1.9808454261105517, "list": 3.189353385601879, "ambigu": 5.127716329021809, "languag": 2.1750014405515095, "notic": 6.68586094706836, "public": 5.127716329021809, "revis": 5.238941964132033, "report": 3.4669851222001586, "cacm": 0.00031215857909170155, "octob": 2.4849066497880004, "knuth": 5.027632870464827}