{"gre": 7.379008127628304, "advanc": 4.704859478201776, "test": 3.0817227214095135, "comput": 1.3117406171048218, "scienc": 3.977810745966149, "cacm": 0.00031215857909170155, "februari": 2.6211168546225494, "aust": 6.462717395754149}