{"choic": 9.15129549344354, "base": 5.403034560121174, "digit": 3.2930318150767204, "comput": 2.6234812342096436, "consid": 3.152174382360125, "memori": 3.137681375057558, "word": 3.7546671946519394, "compos": 5.433097978572992, "state": 7.705295206024286, "devic": 7.858041163593434, "sign": 5.507205950726713, "bit": 3.977810745966149, "intern": 4.26549281841793, "represent": 3.5503667311392095, "float": 4.77631844218392, "point": 3.015909502839942, "number": 2.2028583950544753, "discuss": 2.1972245773362196, "shown": 2.7940406489577327, "sens": 4.739950798013046, "cacm": 0.00031215857909170155, "octob": 2.4849066497880004, "brown": 5.027632870464827, "richman": 6.97354301952014}