{"rung": 5.87493073085203, "kutta": 5.58724865840025, "integr": 2.984558972955866, "algorithm": 0.8920854338854537, "d2": 6.462717395754149, "cacm": 0.00031215857909170155, "april": 2.4231810700270437, "thacher": 4.358583241483942, "jr": 3.243841570885949}