{"method": 7.414220753986083, "solut": 5.52777522157409, "cauchi": 14.758016255256608, "problem": 3.9302648408919914, "parabol": 13.94708603904028, "equat": 15.546553389641712, "integr": 5.969117945911732, "represent": 3.5503667311392095, "partial": 4.287965674269989, "differenti": 3.929020581796717, "defin": 3.1595004224521976, "unbound": 6.97354301952014, "domain": 5.674260035389879, "initi": 4.2435139116991545, "success": 4.083171261623976, "approxim": 6.761614851918212, "inher": 5.36410510708604, "advantag": 3.7027074557212285, "error": 3.0482747873419735, "bound": 3.8380488035909903, "order": 2.93049175168559, "increment": 5.58724865840025, "size": 3.427764409046877, "depend": 3.929020581796717, "finit": 4.2435139116991545, "differ": 3.977810745966149, "involv": 3.4570347913469903, "cacm": 0.00031215857909170155, "decemb": 2.4626835130032902, "moor": 5.507205950726713, "robinson": 5.769570215194204}