{"effici": 5.421726284957649, "string": 14.810829822884914, "match": 22.58403623349418, "aid": 4.029104040353699, "bibliograph": 13.94708603904028, "search": 6.95407091610732, "paper": 1.9808454261105517, "describ": 3.0954215657676754, "simpl": 3.009560275161283, "algorithm": 2.676256301656361, "locat": 4.140329675463924, "occurr": 5.238941964132033, "finit": 8.487027823398309, "number": 6.608575185163426, "keyword": 25.850869583016596, "text": 12.249513784871928, "consist": 3.823660066138891, "construct": 6.378706771203758, "state": 7.705295206024286, "pattern": 16.407453578544512, "machin": 11.675454854761885, "process": 4.350002881103019, "singl": 3.7546671946519394, "pass": 4.57564774672177, "take": 4.160132302760104, "time": 2.0511319588387233, "proport": 5.076423034634259, "sum": 4.545794783572089, "length": 3.7954891891721947, "transit": 4.9366610922591, "made": 3.2046208577326674, "independ": 3.8094754311469345, "improv": 3.3536564368931554, "speed": 3.823660066138891, "librari": 4.894101477840304, "program": 1.438836874907873, "factor": 3.852647603012143, "cacm": 0.00031215857909170155, "june": 2.3717117347975636, "aho": 7.379008127628304, "corasick": 8.07215530818825}