{"squar": 3.6295040516979333, "solut": 2.763887610787045, "constraint": 4.358583241483942, "algorithm": 0.8920854338854537, "cacm": 0.00031215857909170155, "june": 2.3717117347975636, "syng": 6.97354301952014}