{"structur": 7.421200047569625, "hash": 9.628117540333536, "function": 4.522028630423099, "gener": 1.8279884075245136, "method": 1.8535551884965207, "propos": 2.907369334264736, "defin": 3.1595004224521976, "tree": 10.75055681536833, "type": 3.144901623031045, "examin": 3.641338509344936, "relat": 3.144901623031045, "studi": 3.227968221729659, "past": 5.299566585948469, "explain": 4.6709579265260945, "result": 2.3750618216828454, "probabl": 4.222007706478191, "distribut": 3.497444329684867, "path": 4.48863636973214, "length": 3.7954891891721947, "deriv": 3.2930318150767204, "illustr": 3.47703545805366, "cacm": 0.00031215857909170155, "juli": 2.3683728335320486, "coffman": 5.87493073085203, "jr": 3.243841570885949, "eve": 8.07215530818825}