{"complex": 3.137681375057558, "arithmet": 3.6901286735143684, "algorithm": 0.8920854338854537, "cacm": 0.00031215857909170155, "juli": 2.3683728335320486, "vand": 7.379008127628304, "riet": 6.97354301952014}