{"remark": 4.57564774672177, "reduc": 3.641338509344936, "truncat": 5.36410510708604, "error": 3.0482747873419735, "cacm": 0.00031215857909170155, "januari": 2.6297375976664563, "kahan": 6.462717395754149}