{"circular": 5.769570215194204, "integ": 4.140329675463924, "partit": 4.358583241483942, "a1": 4.894101477840304, "algorithm": 0.8920854338854537, "cacm": 0.00031215857909170155, "januari": 2.6297375976664563, "coleman": 8.07215530818825, "taylor": 5.58724865840025}