{"mobol": 8.07215530818825, "preparingretriev": 8.07215530818825, "program": 1.438836874907873, "cacm": 0.00031215857909170155, "septemb": 2.546702369056466, "hoffman": 6.97354301952014, "opler": 6.68586094706836}