{"minim": 6.78004816212806, "total": 8.360670020155247, "process": 4.350002881103019, "time": 8.204527835354893, "drum": 20.510865316087237, "disk": 14.114578434605328, "schedul": 27.844675221763044, "disciplin": 51.06834031850891, "articl": 5.076423034634259, "investig": 4.26549281841793, "applic": 4.962336655354786, "mtpt": 40.36077654094125, "rotat": 5.36410510708604, "storag": 5.4788730298457615, "unit": 8.487027823398309, "random": 3.6062471895336663, "arriv": 5.36410510708604, "request": 4.434569148461864, "allow": 3.867462688797284, "fix": 8.129644245911559, "head": 20.72713420116834, "move": 10.36356710058417, "consid": 3.152174382360125, "emphasi": 4.5168072466988365, "rel": 4.200954297280359, "merit": 5.433097978572992, "respect": 4.26549281841793, "shortest": 5.992713766508414, "latenc": 6.68586094706836, "sltf": 29.516032510513217, "result": 2.3750618216828454, "simul": 3.380807425959106, "studi": 3.227968221729659, "present": 1.8221800659287668, "show": 3.641338509344936, "uncondit": 7.379008127628304, "superior": 4.77631844218392, "prefer": 5.58724865840025, "intra": 8.07215530818825, "cylind": 6.97354301952014, "offer": 4.77631844218392, "distinct": 5.076423034634259, "advantag": 3.7027074557212285, "comput": 1.3117406171048218, "requir": 2.388575540849568, "algorithm": 2.676256301656361, "implement": 2.570897097643523, "shown": 2.7940406489577327, "compar": 3.227968221729659, "case": 3.2123429038265776, "sort": 3.8825005661618244, "procedur": 2.63843330463401, "consum": 5.433097978572992, "phase": 5.027632870464827, "cacm": 0.00031215857909170155, "juli": 2.3683728335320486, "fuller": 6.126245159132937}