{"analysi": 2.7738379416402132, "time": 8.204527835354893, "share": 13.94875131807071, "techniqu": 4.480545661809466, "effect": 6.190843131535351, "program": 1.438836874907873, "reloc": 6.280395838960195, "disk": 4.704859478201776, "rotat": 5.36410510708604, "delay": 6.280395838960195, "minim": 6.78004816212806, "swap": 6.126245159132937, "volum": 5.58724865840025, "investig": 8.53098563683586, "summari": 5.36410510708604, "data": 4.333586920267359, "present": 3.6443601318575336, "find": 3.58351893845611, "discuss": 2.1972245773362196, "vehicl": 5.992713766508414, "simula": 7.379008127628304, "base": 5.403034560121174, "simul": 6.761614851918212, "model": 5.993962985908846, "reflect": 5.433097978572992, "earli": 5.027632870464827, "framework": 4.9811128548299335, "plan": 4.638168103703103, "burrough": 6.126245159132937, "b6500": 16.1443106163765, "system": 3.11488523463144, "variabl": 3.1093106779283426, "size": 3.427764409046877, "segment": 4.434569148461864, "dynam": 3.8380488035909903, "overlay": 6.280395838960195, "procedur": 2.63843330463401, "indic": 5.076423034634259, "type": 3.144901623031045, "organ": 3.5078071167204135, "environ": 3.7680902149840803, "design": 2.4924254822020275, "characterist": 3.6295040516979333, "oper": 2.270036932811187, "capabl": 3.8094754311469345, "cacm": 0.00031215857909170155, "februari": 2.6211168546225494, "nielsen": 6.462717395754149}