{"high": 7.355412307031623, "level": 6.5362685269099865, "program": 1.438836874907873, "languag": 8.700005762206038, "data": 4.333586920267359, "process": 4.350002881103019, "applic": 4.962336655354786, "develop": 2.4267084105450123, "today": 5.674260035389879, "labor": 6.68586094706836, "tensiv": 8.07215530818825, "recent": 3.8977680382926128, "year": 8.320264605520208, "increasingli": 6.126245159132937, "explor": 5.181783550292085, "solut": 2.763887610787045, "problem": 3.9302648408919914, "busi": 24.07029385083384, "definit": 3.6777061535158113, "bdl": 16.1443106163765, "aim": 5.299566585948469, "concept": 3.4181949580307265, "mimic": 8.07215530818825, "evolv": 5.507205950726713, "method": 1.8535551884965207, "result": 2.3750618216828454, "sublanguag": 6.462717395754149, "compon": 4.26549281841793, "defin": 3.1595004224521976, "form": 3.0954215657676754, "describ": 3.0954215657676754, "organ": 3.5078071167204135, "write": 4.222007706478191, "calcul": 3.5395558150349937, "cacm": 0.00031215857909170155, "novemb": 2.4445341944976127, "hammer": 7.379008127628304, "owe": 7.379008127628304, "kruskal": 7.379008127628304, "wladawski": 8.07215530818825}