{"algorithm": 1.7841708677709074, "block": 11.787061745390151, "cutnod": 14.758016255256608, "graph": 28.203728282475893, "effici": 2.7108631424788245, "method": 1.8535551884965207, "present": 1.8221800659287668, "find": 3.58351893845611, "arbitrari": 4.160132302760104, "undirect": 6.126245159132937, "repres": 3.6062471895336663, "order": 2.93049175168559, "list": 3.189353385601879, "edg": 20.955767856528134, "ii": 8.280659350927849, "pack": 5.58724865840025, "adjac": 5.769570215194204, "matrix": 3.137681375057558, "denot": 6.462717395754149, "word": 7.509334389303879, "length": 3.7954891891721947, "machin": 5.837727427380942, "employ": 3.913272224828578, "storag": 2.7394365149228808, "requir": 4.777151081699136, "node": 8.869138296923728, "increas": 7.259008103395867, "essenti": 4.434569148461864, "case": 6.424685807653155, "win": 6.97354301952014, "span": 5.299566585948469, "tree": 3.58351893845611, "label": 10.477883928264067, "grown": 6.126245159132937, "final": 3.7680902149840803, "bear": 6.68586094706836, "belong": 6.462717395754149, "represent": 3.5503667311392095, "time": 2.0511319588387233, "analyz": 3.5503667311392095, "depend": 3.929020581796717, "type": 3.144901623031045, "bound": 3.8380488035909903, "attain": 5.992713766508414, "valu": 3.7027074557212285, "deriv": 3.2930318150767204, "suitabl": 4.1803350100776235, "famili": 5.027632870464827, "test": 3.0817227214095135, "gener": 1.8279884075245136, "extens": 3.3359568597937543, "web": 7.379008127628304, "grammar": 4.1209115896068225, "approach": 3.1743155082373384, "compar": 3.227968221729659, "detail": 3.447182494903979, "propos": 2.907369334264736, "read": 4.57564774672177, "cacm": 0.00031215857909170155, "juli": 2.3683728335320486, "paton": 6.97354301952014}