{"simpl": 3.009560275161283, "data": 4.333586920267359, "transmiss": 4.9811128548299335, "system": 1.55744261731572, "offic": 6.68586094706836, "telephon": 11.348520070779758, "method": 3.7071103769930414, "evolv": 5.507205950726713, "transmit": 5.299566585948469, "type": 3.144901623031045, "origin": 4.2435139116991545, "laboratori": 4.9811128548299335, "situat": 4.48863636973214, "direct": 3.58351893845611, "central": 4.739950798013046, "comput": 1.3117406171048218, "requir": 2.388575540849568, "special": 3.5395558150349937, "equip": 4.9366610922591, "ordinari": 4.434569148461864, "callup": 8.07215530818825, "basi": 4.029104040353699, "present": 1.8221800659287668, "applic": 2.481168327677393, "includ": 2.7688504001291743, "cardiac": 8.07215530818825, "output": 3.497444329684867, "calcul": 3.5395558150349937, "radio": 8.07215530818825, "activ": 3.977810745966149, "tracer": 7.379008127628304, "studi": 6.455936443459318, "neurophysiolog": 7.379008127628304, "time": 2.0511319588387233, "sequenc": 3.6654360609239967, "nerv": 8.07215530818825, "impuls": 8.07215530818825, "cacm": 0.00031215857909170155, "octob": 2.4849066497880004, "neilsen": 8.07215530818825}