{"algorithm": 2.676256301656361, "minim": 3.39002408106403, "backboard": 16.1443106163765, "wire": 6.462717395754149, "function": 6.783042945634649, "partial": 4.287965674269989, "exhaust": 5.507205950726713, "present": 3.6443601318575336, "solv": 3.5078071167204135, "problem": 3.9302648408919914, "aris": 4.704859478201776, "automat": 3.371674942395834, "layout": 6.280395838960195, "comput": 2.6234812342096436, "order": 2.93049175168559, "set": 12.773512058617712, "e1": 12.925434791508298, "e2": 10.36356710058417, "en": 16.1443106163765, "compon": 4.26549281841793, "permut": 4.287965674269989, "element": 11.647501698485474, "attach": 6.126245159132937, "integ": 4.140329675463924, "find": 7.16703787691222, "local": 4.6709579265260945, "minimum": 12.362734768820467, "evalu": 3.137681375057558, "delta": 13.94708603904028, "increment": 16.76174597520075, "exchang": 12.925434791508298, "neg": 6.126245159132937, "perform": 2.8094651192833644, "process": 2.1750014405515095, "iter": 4.046803617453101, "stop": 6.280395838960195, "posit": 4.1209115896068225, "empti": 6.126245159132937, "prove": 3.8380488035909903, "correspond": 4.9366610922591, "procedur": 2.63843330463401, "similar": 3.7954891891721947, "downhil": 7.379008127628304, "method": 1.8535551884965207, "real": 3.5078071167204135, "appli": 3.2681342634549932, "placement": 12.925434791508298, "experiment": 3.867462688797284, "result": 2.3750618216828454, "form": 3.0954215657676754, "initi": 4.2435139116991545, "cacm": 0.00031215857909170155, "novemb": 2.4445341944976127, "pomental": 7.379008127628304}