{"multiprogram": 12.480396908280312, "page": 7.922562888029877, "demand": 9.706558966640099, "strategi": 9.341915853052189, "model": 5.993962985908846, "comput": 1.3117406171048218, "system": 1.55744261731572, "develop": 2.4267084105450123, "analysi": 2.7738379416402132, "predict": 4.894101477840304, "perform": 2.8094651192833644, "measur": 3.8380488035909903, "averag": 4.26549281841793, "usag": 4.6064194053885235, "cpu": 5.127716329021809, "user": 3.0548754713733257, "program": 2.877673749815746, "typic": 4.461237395544026, "aris": 4.704859478201776, "interact": 3.6654360609239967, "time": 2.0511319588387233, "share": 3.4871878295176777, "environ": 3.7680902149840803, "effect": 6.190843131535351, "hardwar": 7.765001132323649, "modif": 4.461237395544026, "analyz": 3.5503667311392095, "paramet": 3.7816958670398586, "readili": 5.507205950726713, "calcul": 3.5395558150349937, "characterist": 3.6295040516979333, "statist": 3.867462688797284, "propos": 2.907369334264736, "gaug": 7.379008127628304, "cacm": 0.00031215857909170155, "octob": 2.4849066497880004, "smith": 4.310955192494688}