{"ideal": 5.769570215194204, "teach": 5.181783550292085, "machin": 2.918863713690471, "solut": 2.763887610787045, "pedagog": 6.280395838960195, "languag": 2.1750014405515095, "problem": 1.9651324204459957, "cacm": 0.00031215857909170155, "april": 2.4231810700270437, "sterl": 6.280395838960195, "pollack": 5.992713766508414}