{"comment": 4.064822122955779, "weight": 4.77631844218392, "increment": 5.58724865840025, "linear": 3.1818061799664963, "search": 3.47703545805366, "scatter": 5.87493073085203, "tabl": 3.4570347913469903, "cacm": 0.00031215857909170155, "april": 2.4231810700270437, "bandyopadhyay": 8.07215530818825}