{"optim": 9.522946524712015, "approach": 12.697262032949354, "recurs": 11.739816674485734, "program": 5.755347499631492, "classic": 5.238941964132033, "fix": 20.324110614778895, "poin": 23.49972292340812, "suggest": 3.399326473726344, "choos": 5.36410510708604, "defin": 6.319000844904395, "solut": 2.763887610787045, "troduct": 6.97354301952014, "point": 3.015909502839942, "contrast": 5.58724865840025, "embodi": 6.126245159132937, "maxim": 5.299566585948469, "amount": 4.1803350100776235, "valuabl": 5.58724865840025, "inform": 5.125533943120545, "embed": 5.299566585948469, "practic": 3.617808011934742, "implic": 4.739950798013046, "discuss": 2.1972245773362196, "techniqu": 2.240272830904733, "prove": 3.8380488035909903, "properti": 3.5395558150349937, "present": 1.8221800659287668, "emphasi": 4.5168072466988365, "exampl": 3.371674942395834, "cacm": 0.00031215857909170155, "novemb": 2.4445341944976127, "manna": 6.126245159132937, "shamir": 6.97354301952014}