{"method": 5.560665565489562, "hyphen": 16.1443106163765, "end": 5.127716329021809, "print": 5.027632870464827, "line": 3.5288605259182457, "descript": 3.437426319958614, "present": 1.8221800659287668, "result": 2.3750618216828454, "applic": 2.481168327677393, "gener": 1.8279884075245136, "rule": 3.47703545805366, "charact": 3.6654360609239967, "set": 2.554702411723542, "consid": 3.152174382360125, "routin": 3.867462688797284, "briefli": 4.5168072466988365, "outlin": 4.160132302760104, "cacm": 0.00031215857909170155, "juli": 2.3683728335320486, "rich": 7.379008127628304, "stone": 6.126245159132937}