{"comput": 2.6234812342096436, "system": 3.11488523463144, "infer": 5.36410510708604, "execut": 3.2358734012367716, "data": 8.667173840534717, "retriev": 3.594818493710043, "paper": 1.9808454261105517, "present": 1.8221800659287668, "rand": 6.280395838960195, "project": 4.222007706478191, "concern": 3.9612814440149386, "assist": 4.9366610922591, "logic": 3.6062471895336663, "analysi": 2.7738379416402132, "larg": 2.8791984572980396, "collect": 4.222007706478191, "factual": 7.379008127628304, "call": 3.4087162140761826, "relat": 6.28980324606209, "develop": 2.4267084105450123, "purpos": 3.2599709528158325, "briefli": 4.5168072466988365, "detail": 3.447182494903979, "problem": 1.9651324204459957, "aris": 4.704859478201776, "implement": 2.570897097643523, "discuss": 2.1972245773362196, "cacm": 0.00031215857909170155, "novemb": 2.4445341944976127, "levien": 8.07215530818825}