{"gamma": 4.814058770166768, "function": 2.2610143152115496, "algorithm": 0.8920854338854537, "s14": 5.027632870464827, "cacm": 0.00031215857909170155, "octob": 2.4849066497880004, "mccomb": 8.07215530818825}