{"correct": 3.6295040516979333, "economi": 5.769570215194204, "scale": 4.287965674269989, "ibm": 3.518278416587709, "system": 1.55744261731572, "page": 7.922562888029877, "typic": 4.461237395544026, "instruct": 3.867462688797284, "mix": 4.9811128548299335, "id": 8.07215530818825, "discuss": 2.1972245773362196, "time": 4.102263917677447, "comput": 1.3117406171048218, "outlin": 4.160132302760104, "undetect": 8.07215530818825, "program": 1.438836874907873, "error": 6.096549574683947, "result": 2.3750618216828454, "regress": 5.674260035389879, "equat": 3.1093106779283426, "slightli": 5.769570215194204, "cacm": 0.00031215857909170155, "februari": 2.6211168546225494, "solomon": 6.462717395754149}