{"propos": 2.907369334264736, "charact": 3.6654360609239967, "code": 2.948191328784991, "compat": 4.853279483320049, "cacm": 0.00031215857909170155, "februari": 2.6211168546225494, "bemer": 5.58724865840025}