{"storag": 2.7394365149228808, "requir": 2.388575540849568, "preced": 4.814058770166768, "pars": 4.383275854074314, "cacm": 0.00031215857909170155, "march": 2.546702369056466, "bertsch": 8.07215530818825}