{"overview": 6.462717395754149, "eft": 17.97814129952524, "symposium": 12.925434791508298, "increasingli": 6.126245159132937, "recogn": 5.027632870464827, "larg": 2.8791984572980396, "scale": 4.287965674269989, "technolog": 9.033614493397673, "potenti": 4.6709579265260945, "aid": 4.029104040353699, "solut": 2.763887610787045, "societ": 8.07215530818825, "problem": 3.9302648408919914, "gener": 1.8279884075245136, "present": 1.8221800659287668, "select": 3.617808011934742, "paper": 1.9808454261105517, "confer": 6.280395838960195, "sought": 6.68586094706836, "discov": 6.462717395754149, "known": 3.7027074557212285, "impact": 5.076423034634259, "societi": 5.674260035389879, "research": 3.977810745966149, "need": 3.251873742583213, "futur": 4.222007706478191, "cacm": 0.00031215857909170155, "decemb": 2.4626835130032902, "kraemer": 6.97354301952014, "colton": 6.97354301952014}