{"span": 5.299566585948469, "tree": 3.58351893845611, "algorithm": 0.8920854338854537, "cacm": 0.00031215857909170155, "octob": 2.4849066497880004, "seppanen": 8.07215530818825}