{"algol": 22.706890996201643, "confidenti": 6.68586094706836, "report": 10.400955366600476, "encount": 5.076423034634259, "describ": 3.0954215657676754, "complex": 3.137681375057558, "languag": 13.050008643309056, "difficult": 4.57564774672177, "learn": 19.576405911361217, "metalinguist": 7.379008127628304, "formula": 4.0117122976418305, "admir": 8.07215530818825, "serv": 4.57564774672177, "purpos": 3.2599709528158325, "precis": 4.064822122955779, "certainli": 7.379008127628304, "readabl": 5.992713766508414, "beginn": 7.379008127628304, "experi": 3.4669851222001586, "shown": 2.7940406489577327, "explain": 4.6709579265260945, "fact": 4.6709579265260945, "easi": 4.358583241483942, "write": 8.444015412956382, "algorithm": 0.8920854338854537, "gener": 3.6559768150490273, "power": 3.7680902149840803, "handl": 3.7154464814986583, "enorm": 6.126245159132937, "class": 3.427764409046877, "problem": 3.9302648408919914, "hard": 13.37172189413672, "part": 3.371674942395834, "present": 1.8221800659287668, "compil": 6.14988606884827, "assign": 4.064822122955779, "statement": 3.7154464814986583, "lot": 14.758016255256608, "unnecessari": 6.126245159132937, "restrict": 8.320264605520208, "impos": 5.674260035389879, "final": 3.7680902149840803, "lift": 16.1443106163765, "unobvi": 8.07215530818825, "thing": 5.36410510708604, "written": 3.728349886334566, "later": 5.58724865840025, "lie": 5.58724865840025, "technic": 5.127716329021809, "detail": 3.447182494903979, "crop": 8.07215530818825, "correctli": 5.674260035389879, "paper": 1.9808454261105517, "obscur": 7.379008127628304, "featur": 3.399326473726344, "consid": 3.152174382360125, "use": 5.433097978572992, "discuss": 2.1972245773362196, "remark": 4.57564774672177, "base": 2.701517280060587, "author": 4.287965674269989, "interpret": 4.222007706478191, "cacm": 0.00031215857909170155, "june": 2.3717117347975636, "knuth": 5.027632870464827, "merner": 6.97354301952014}