{"exponenti": 4.1803350100776235, "seri": 3.8825005661618244, "algorithm": 0.8920854338854537, "cacm": 0.00031215857909170155, "march": 2.546702369056466, "fetti": 6.68586094706836}