{"chebyshev": 9.8733221845182, "approxim": 3.380807425959106, "continu": 3.852647603012143, "function": 4.522028630423099, "system": 1.55744261731572, "e2": 5.181783550292085, "algorithm": 0.8920854338854537, "cacm": 0.00031215857909170155, "novemb": 2.4445341944976127, "bolub": 8.07215530818825, "smith": 4.310955192494688}