{"high": 3.6777061535158113, "speed": 3.823660066138891, "sort": 3.8825005661618244, "procedur": 2.63843330463401, "cacm": 0.00031215857909170155, "juli": 2.3683728335320486, "shell": 6.97354301952014}