{"algorithm": 0.8920854338854537, "select": 3.617808011934742, "method": 5.560665565489562, "compress": 22.348994633601, "map": 17.434332965935766, "data": 10.833967300668396, "string": 7.405414911442457, "dozen": 6.97354301952014, "illustr": 3.47703545805366, "choic": 4.57564774672177, "gener": 1.8279884075245136, "encod": 5.127716329021809, "sequenc": 3.6654360609239967, "code": 2.948191328784991, "direct": 3.58351893845611, "relationship": 4.222007706478191, "develop": 2.4267084105450123, "altern": 3.9612814440149386, "avoid": 4.434569148461864, "compar": 3.227968221729659, "techniqu": 2.240272830904733, "forest": 7.379008127628304, "resourc": 4.287965674269989, "wide": 4.408593662058603, "applic": 2.481168327677393, "photograph": 6.280395838960195, "reduct": 4.5168072466988365, "cacm": 0.00031215857909170155, "decemb": 2.4626835130032902, "amidon": 8.07215530818825, "akin": 7.379008127628304}