{"evalu": 6.275362750115116, "determin": 6.019120550322566, "algorithm": 0.8920854338854537, "f3": 13.37172189413672, "cacm": 0.00031215857909170155, "septemb": 2.546702369056466, "bergson": 7.379008127628304}