{"stabil": 11.1744973168005, "gauss": 16.09231532125812, "jordan": 19.38815218726245, "elimin": 12.194466368867339, "pivot": 17.97814129952524, "algorithm": 0.8920854338854537, "partial": 8.575931348539978, "solut": 11.05555044314818, "gener": 3.6559768150490273, "system": 1.55744261731572, "linear": 3.1818061799664963, "equat": 3.1093106779283426, "commonli": 5.127716329021809, "regard": 4.77631844218392, "suspect": 7.379008127628304, "shown": 2.7940406489577327, "respect": 4.26549281841793, "suspicion": 8.07215530818825, "unfound": 8.07215530818825, "absolut": 5.769570215194204, "error": 3.0482747873419735, "strictli": 6.68586094706836, "compar": 3.227968221729659, "gaussian": 10.599133171896938, "back": 5.507205950726713, "substitut": 5.433097978572992, "ill": 6.97354301952014, "condit": 3.39002408106403, "residu": 6.126245159132937, "greater": 4.853279483320049, "cacm": 0.00031215857909170155, "januari": 2.6297375976664563, "peter": 8.07215530818825, "wilkinson": 7.379008127628304}