{"comparison": 3.6901286735143684, "fit": 11.983853592847591, "cacm": 0.00031215857909170155, "march": 2.546702369056466, "bay": 6.126245159132937}