{"permut": 34.30372539415991, "enumer": 10.866195957145983, "algorithm": 7.1366834710836295, "classic": 5.238941964132033, "encount": 5.076423034634259, "special": 7.0791116300699874, "case": 6.424685807653155, "requir": 2.388575540849568, "addit": 3.318565117081885, "comput": 1.3117406171048218, "nth": 6.68586094706836, "gener": 3.6559768150490273, "mark": 15.383148987065429, "attribut": 5.238941964132033, "occur": 4.310955192494688, "produc": 3.427764409046877, "singl": 3.7546671946519394, "exchang": 12.925434791508298, "infrequ": 6.68586094706836, "rule": 3.47703545805366, "simpl": 3.009560275161283, "perform": 2.8094651192833644, "test": 3.0817227214095135, "count": 4.9366610922591, "execut": 3.2358734012367716, "assign": 4.064822122955779, "statement": 3.7154464814986583, "comparison": 3.6901286735143684, "arithmet": 3.6901286735143684, "oper": 2.270036932811187, "subscript": 5.507205950726713, "array": 4.334485689904882, "refer": 3.823660066138891, "shown": 2.7940406489577327, "superior": 4.77631844218392, "compar": 3.227968221729659, "boothroyd": 5.36410510708604, "implement": 5.141794195287046, "ehrlich": 6.280395838960195, "johnson": 5.58724865840025, "trotter": 7.379008127628304, "cacm": 0.00031215857909170155, "februari": 2.6211168546225494, "ive": 8.07215530818825}