{"systemat": 10.36356710058417, "recurs": 23.47963334897147, "remov": 24.90556427414967, "algorithm": 0.8920854338854537, "present": 3.6443601318575336, "strong": 11.1744973168005, "walker": 6.68586094706836, "amplifi": 8.07215530818825, "appli": 6.5362685269099865, "complex": 6.275362750115116, "pl": 10.255432658043619, "program": 1.438836874907873, "aim": 5.299566585948469, "demonstr": 4.0117122976418305, "techniqu": 2.240272830904733, "knuth": 5.027632870464827, "sturdi": 8.07215530818825, "toddler": 8.07215530818825, "obtain": 3.116328250586989, "measur": 3.8380488035909903, "cost": 3.518278416587709, "procedur": 5.27686660926802, "linkag": 5.769570215194204, "save": 4.739950798013046, "achiev": 3.7954891891721947, "integr": 2.984558972955866, "presenc": 6.280395838960195, "paper": 1.9808454261105517, "describ": 3.0954215657676754, "process": 4.350002881103019, "illustr": 3.47703545805366, "major": 3.867462688797284, "part": 3.371674942395834, "final": 3.7680902149840803, "result": 4.750123643365691, "display": 3.9450209231431583, "perform": 2.8094651192833644, "comparison": 3.6901286735143684, "conclus": 4.814058770166768, "briefli": 4.5168072466988365, "discuss": 2.1972245773362196, "cacm": 0.00031215857909170155, "februari": 2.6211168546225494, "ausland": 8.07215530818825}