{"tape": 4.046803617453101, "split": 5.87493073085203, "iter": 4.046803617453101, "program": 1.438836874907873, "cacm": 0.00031215857909170155, "februari": 2.6211168546225494, "weisert": 8.07215530818825}