{"represent": 7.100733462278419, "space": 13.989777318739469, "plan": 13.91450431110931, "problem": 5.895397261337987, "involv": 3.4570347913469903, "arrang": 9.8733221845182, "object": 10.14242227787732, "function": 2.2610143152115496, "primarili": 5.127716329021809, "consist": 3.823660066138891, "deriv": 3.2930318150767204, "distanc": 5.58724865840025, "call": 3.4087162140761826, "requir": 2.388575540849568, "area": 3.867462688797284, "defin": 3.1595004224521976, "compar": 6.455936443459318, "comput": 1.3117406171048218, "graphic": 4.2435139116991545, "languag": 2.1750014405515095, "altern": 3.9612814440149386, "data": 2.1667934601336793, "structur": 2.473733349189875, "allow": 3.867462688797284, "autom": 4.57564774672177, "cacm": 0.00031215857909170155, "april": 2.4231810700270437, "eastman": 7.379008127628304}