{"compil": 3.074943034424135, "build": 5.076423034634259, "system": 4.67232785194716, "develop": 4.853416821090025, "brooker": 13.94708603904028, "morri": 10.599133171896938, "number": 2.2028583950544753, "articl": 5.076423034634259, "publish": 9.212838810777047, "past": 5.299566585948469, "year": 4.160132302760104, "join": 6.68586094706836, "rohl": 8.07215530818825, "recent": 3.8977680382926128, "paper": 5.942536278331655, "present": 3.6443601318575336, "interest": 3.9450209231431583, "program": 1.438836874907873, "ferranti": 7.379008127628304, "atla": 6.280395838960195, "comput": 1.3117406171048218, "describ": 3.0954215657676754, "major": 3.867462688797284, "featur": 3.399326473726344, "expand": 5.181783550292085, "point": 3.015909502839942, "origin": 4.2435139116991545, "author": 4.287965674269989, "cover": 4.9366610922591, "briefli": 4.5168072466988365, "treat": 4.814058770166768, "lightli": 8.07215530818825, "topic": 5.299566585948469, "devot": 5.674260035389879, "consider": 3.8977680382926128, "space": 3.497444329684867, "purpos": 3.2599709528158325, "pure": 5.769570215194204, "expositori": 6.97354301952014, "small": 3.594818493710043, "detail": 3.447182494903979, "comment": 4.064822122955779, "intent": 6.280395838960195, "depart": 5.181783550292085, "add": 5.87493073085203, "materi": 4.739950798013046, "list": 3.189353385601879, "refer": 3.823660066138891, "cacm": 0.00031215857909170155, "juli": 2.3683728335320486, "rosen": 6.280395838960195}