{"complex": 3.137681375057558, "exponenti": 4.1803350100776235, "integr": 2.984558972955866, "algorithm": 0.8920854338854537, "cacm": 0.00031215857909170155, "februari": 2.6211168546225494, "rader": 6.97354301952014, "thacher": 4.358583241483942, "jr": 3.243841570885949}