{"lem": 7.379008127628304, "small": 3.594818493710043, "size": 3.427764409046877, "gener": 3.6559768150490273, "purpos": 6.519941905631665, "digit": 6.586063630153441, "comput": 2.6234812342096436, "magnet": 10.055265740929654, "ferrit": 14.758016255256608, "element": 7.765001132323649, "paper": 1.9808454261105517, "examin": 3.641338509344936, "question": 4.140329675463924, "develop": 4.853416821090025, "construct": 3.189353385601879, "contactless": 8.07215530818825, "capacit": 16.1443106163765, "dezu": 8.07215530818825, "long": 4.638168103703103, "durat": 6.97354301952014, "memori": 3.137681375057558, "laboratori": 4.9811128548299335, "electr": 6.68586094706836, "model": 2.996981492954423, "vinityi": 8.07215530818825, "sssr": 8.07215530818825, "supervis": 6.97354301952014, "professor": 7.379008127628304, "gutenmach": 8.07215530818825, "cacm": 0.00031215857909170155, "octob": 2.4849066497880004, "machmudov": 8.07215530818825}