{"gener": 5.483965222573541, "pseudorandom": 6.280395838960195, "number": 2.2028583950544753, "complement": 11.348520070779758, "machin": 2.918863713690471, "ibm": 7.036556833175418, "familiar": 5.58724865840025, "multipl": 3.58351893845611, "congruenti": 6.68586094706836, "examin": 3.641338509344936, "context": 3.913272224828578, "type": 3.144901623031045, "arithmet": 3.6901286735143684, "seri": 3.8825005661618244, "sequenc": 14.661744243695987, "residu": 12.252490318265874, "consid": 3.152174382360125, "relationship": 4.222007706478191, "establish": 8.817187324117207, "shown": 5.5880812979154655, "posit": 4.1209115896068225, "neg": 6.126245159132937, "produc": 3.427764409046877, "simpli": 5.36410510708604, "econom": 4.6709579265260945, "convent": 3.8380488035909903, "approach": 3.1743155082373384, "period": 9.55263688436784, "loss": 5.87493073085203, "desir": 4.140329675463924, "statist": 11.602388066391851, "properti": 10.61866744510498, "easili": 4.26549281841793, "involv": 3.4570347913469903, "absolut": 5.769570215194204, "valu": 3.7027074557212285, "attract": 5.87493073085203, "relat": 3.144901623031045, "previous": 4.739950798013046, "criteria": 4.57564774672177, "cacm": 0.00031215857909170155, "juli": 2.3683728335320486, "hemmerl": 8.07215530818825}