{"comput": 5.246962468419287, "scienc": 15.911242983864597, "conceptu": 5.181783550292085, "framework": 4.9811128548299335, "curriculum": 10.255432658043619, "plan": 9.276336207406207, "view": 13.003457069714646, "consid": 3.152174382360125, "global": 5.127716329021809, "attempt": 4.1209115896068225, "captur": 8.07215530818825, "broad": 5.769570215194204, "characterist": 3.6295040516979333, "field": 15.978471457130121, "relationship": 4.222007706478191, "local": 4.6709579265260945, "focus": 6.462717395754149, "structur": 7.421200047569625, "present": 3.6443601318575336, "term": 3.2763647625915087, "kind": 4.408593662058603, "knowledg": 5.027632870464827, "problem": 1.9651324204459957, "activ": 3.977810745966149, "exist": 3.572345637857985, "disciplin": 11.348520070779758, "relat": 3.144901623031045, "approach": 3.1743155082373384, "guid": 5.127716329021809, "fact": 4.6709579265260945, "chang": 4.2435139116991545, "import": 3.497444329684867, "featur": 3.399326473726344, "situat": 4.48863636973214, "expect": 4.334485689904882, "continu": 3.852647603012143, "increas": 3.6295040516979333, "work": 3.344767489475909, "contact": 7.379008127628304, "cacm": 0.00031215857909170155, "june": 2.3717117347975636, "amarel": 8.07215530818825}