{"systemat": 10.36356710058417, "gener": 3.6559768150490273, "hamiltonian": 14.758016255256608, "circuit": 10.599133171896938, "combinatori": 5.027632870464827, "matrix": 3.137681375057558, "direct": 3.58351893845611, "nondirect": 6.97354301952014, "arc": 6.126245159132937, "paper": 1.9808454261105517, "describ": 3.0954215657676754, "comput": 1.3117406171048218, "program": 1.438836874907873, "exhaust": 5.507205950726713, "specif": 3.227968221729659, "applic": 2.481168327677393, "made": 3.2046208577326674, "travel": 7.379008127628304, "salesman": 7.379008127628304, "problem": 1.9651324204459957, "cacm": 0.00031215857909170155, "septemb": 2.546702369056466, "robert": 6.126245159132937}