{"combat": 7.379008127628304, "vehicl": 5.992713766508414, "fire": 7.379008127628304, "stabil": 5.58724865840025, "activ": 3.977810745966149, "suspens": 8.07215530818825, "cacm": 0.00031215857909170155, "june": 2.3717117347975636, "fischer": 6.462717395754149}