{"a": 14.758016255256608, "free": 11.739816674485734, "storag": 13.697182574614404, "packag": 14.442176310500304, "fundament": 5.076423034634259, "underli": 5.127716329021809, "problem": 3.9302648408919914, "sophist": 5.076423034634259, "softwar": 3.929020581796717, "system": 3.11488523463144, "involv": 3.4570347913469903, "elabor": 5.992713766508414, "chang": 4.2435139116991545, "data": 2.1667934601336793, "structur": 2.473733349189875, "dynam": 3.8380488035909903, "alloc": 3.6295040516979333, "flexibl": 4.26549281841793, "model": 2.996981492954423, "compil": 3.074943034424135, "block": 7.858041163593434, "obtain": 3.116328250586989, "reus": 7.379008127628304, "total": 4.1803350100776235, "space": 6.994888659369734, "partit": 4.358583241483942, "hierarchi": 5.238941964132033, "zone": 16.1443106163765, "characterist": 3.6295040516979333, "size": 6.855528818093754, "special": 3.5395558150349937, "provis": 5.58724865840025, "allow": 7.734925377594568, "effici": 2.7108631424788245, "handl": 3.7154464814986583, "select": 3.617808011934742, "control": 5.90832299154299, "shatter": 8.07215530818825, "garbag": 5.127716329021809, "collect": 4.222007706478191, "share": 3.4871878295176777, "physic": 4.57564774672177, "routin": 3.867462688797284, "perform": 2.8094651192833644, "high": 3.6777061535158113, "level": 3.2681342634549932, "function": 2.2610143152115496, "access": 3.6062471895336663, "fine": 6.97354301952014, "intern": 4.26549281841793, "detail": 3.447182494903979, "cacm": 0.00031215857909170155, "august": 2.3750618216828454, "ross": 6.126245159132937}