{"test": 18.490336328457083, "random": 10.818741568600998, "number": 11.014291975272377, "gener": 5.483965222573541, "produc": 3.427764409046877, "purpos": 3.2599709528158325, "system": 1.55744261731572, "simul": 6.761614851918212, "gpss": 8.07215530818825, "subject": 4.160132302760104, "statist": 3.867462688797284, "result": 2.3750618216828454, "present": 1.8221800659287668, "satisfactori": 5.238941964132033, "recommend": 4.853279483320049, "suitabl": 4.1803350100776235, "appli": 3.2681342634549932, "comput": 1.3117406171048218, "cacm": 0.00031215857909170155, "februari": 2.6211168546225494, "gorenstein": 8.07215530818825}