{"joint": 6.280395838960195, "inventorship": 8.07215530818825, "comput": 1.3117406171048218, "cacm": 0.00031215857909170155, "octob": 2.4849066497880004, "hauptman": 8.07215530818825}