{"grow": 5.127716329021809, "applic": 4.962336655354786, "linear": 12.727224719865985, "program": 5.755347499631492, "model": 2.996981492954423, "grown": 6.126245159132937, "extens": 3.3359568597937543, "recent": 3.8977680382926128, "year": 4.160132302760104, "concept": 3.4181949580307265, "organ": 7.015614233440827, "comput": 6.558703085524109, "code": 11.792765315139963, "undergon": 8.07215530818825, "radic": 6.280395838960195, "chang": 4.2435139116991545, "longer": 5.674260035389879, "adequ": 5.507205950726713, "mere": 6.68586094706836, "reduc": 3.641338509344936, "mathemat": 3.6295040516979333, "algorithm": 2.676256301656361, "simplex": 11.985427533016829, "method": 1.8535551884965207, "advanc": 4.704859478201776, "cope": 6.68586094706836, "varieti": 4.1209115896068225, "situat": 4.48863636973214, "respect": 4.26549281841793, "subprogram": 5.769570215194204, "integr": 2.984558972955866, "system": 6.22977046926288, "emphasi": 4.5168072466988365, "paper": 1.9808454261105517, "devot": 5.674260035389879, "underli": 5.127716329021809, "principl": 4.5168072466988365, "futur": 4.222007706478191, "base": 2.701517280060587, "viewpoint": 6.462717395754149, "influenc": 5.433097978572992, "demand": 4.853279483320049, "petroleum": 7.379008127628304, "industri": 5.36410510708604, "place": 5.127716329021809, "compon": 4.26549281841793, "translat": 3.6901286735143684, "problem": 1.9651324204459957, "statement": 3.7154464814986583, "term": 3.2763647625915087, "basic": 3.4181949580307265, "data": 8.667173840534717, "matrix": 3.137681375057558, "coeffici": 4.1209115896068225, "transmiss": 4.9811128548299335, "direct": 3.58351893845611, "entri": 4.334485689904882, "center": 4.6709579265260945, "process": 2.1750014405515095, "edit": 4.739950798013046, "prior": 5.992713766508414, "solv": 7.015614233440827, "effici": 2.7108631424788245, "reliabl": 4.77631844218392, "mention": 5.507205950726713, "flexibl": 4.26549281841793, "mean": 3.2201250442686327, "summar": 5.076423034634259, "result": 2.3750618216828454, "cacm": 0.00031215857909170155, "june": 2.3717117347975636, "aronofski": 8.07215530818825}