{"comparison": 7.380257347028737, "fortran": 9.80440279036498, "languag": 2.1750014405515095, "implement": 7.712691292930569, "comput": 1.3117406171048218, "featur": 10.197979421179031, "made": 3.2046208577326674, "iv": 4.77631844218392, "repres": 3.6062471895336663, "manufactur": 5.769570215194204, "tabl": 3.4570347913469903, "construct": 3.189353385601879, "show": 3.641338509344936, "item": 4.287965674269989, "ad": 4.408593662058603, "ii": 4.140329675463924, "shown": 2.7940406489577327, "cacm": 0.00031215857909170155, "februari": 2.6211168546225494, "wright": 6.126245159132937}