{"deriv": 3.2930318150767204, "algorithm": 0.8920854338854537, "s22": 5.299566585948469, "cacm": 0.00031215857909170155, "april": 2.4231810700270437, "gautschi": 5.433097978572992}