{"processor": 7.430892962997317, "alloc": 7.259008103395867, "method": 3.7071103769930414, "time": 2.0511319588387233, "share": 3.4871878295176777, "schedul": 3.977810745966149, "algorithm": 1.7841708677709074, "propos": 2.907369334264736, "intend": 4.894101477840304, "minim": 3.39002408106403, "task": 4.222007706478191, "reduc": 3.641338509344936, "head": 5.181783550292085, "applic": 2.481168327677393, "gener": 1.8279884075245136, "resourc": 4.287965674269989, "problem": 1.9651324204459957, "implement": 2.570897097643523, "mean": 3.2201250442686327, "effici": 2.7108631424788245, "handl": 3.7154464814986583, "dynam": 3.8380488035909903, "chang": 4.2435139116991545, "segment": 4.434569148461864, "list": 3.189353385601879, "cacm": 0.00031215857909170155, "januari": 2.6297375976664563, "mulleri": 8.07215530818825, "driscol": 7.379008127628304}