{"convers": 7.734925377594568, "decis": 11.693304114877838, "tabl": 20.742208748081943, "comput": 1.3117406171048218, "program": 4.31651062472362, "translat": 3.6901286735143684, "procedur": 5.27686660926802, "present": 1.8221800659287668, "evalu": 3.137681375057558, "term": 3.2763647625915087, "storag": 2.7394365149228808, "requir": 2.388575540849568, "execut": 3.2358734012367716, "time": 4.102263917677447, "compil": 6.14988606884827, "valuabl": 5.58724865840025, "hand": 4.894101477840304, "code": 2.948191328784991, "guid": 5.127716329021809, "algorithm": 0.8920854338854537, "limit": 3.6295040516979333, "entri": 8.668971379809763, "extend": 3.8977680382926128, "analyz": 3.5503667311392095, "addit": 3.318565117081885, "analysi": 2.7738379416402132, "natur": 7.405414911442457, "orient": 3.977810745966149, "languag": 2.1750014405515095, "featur": 3.399326473726344, "discuss": 2.1972245773362196, "presum": 7.379008127628304, "reader": 5.507205950726713, "familiar": 5.58724865840025, "convent": 3.8380488035909903, "definit": 3.6777061535158113, "cacm": 0.00031215857909170155, "june": 2.3717117347975636, "press": 6.68586094706836}