{"thought": 5.87493073085203, "parallel": 3.8825005661618244, "process": 2.1750014405515095, "cacm": 0.00031215857909170155, "octob": 2.4849066497880004, "yarbrough": 6.97354301952014}