{"charact": 3.6654360609239967, "scan": 4.894101477840304, "ibm": 3.518278416587709, "cacm": 0.00031215857909170155, "novemb": 2.4445341944976127, "speckhard": 7.379008127628304}