{"scan": 14.682304433520912, "convers": 7.734925377594568, "algorithm": 4.460427169427269, "cell": 5.076423034634259, "organ": 7.015614233440827, "raster": 18.841187516880584, "display": 19.725104615715793, "comput": 2.6234812342096436, "graphic": 8.487027823398309, "real": 3.5078071167204135, "time": 6.15339587651617, "charact": 7.330872121847993, "gener": 3.6559768150490273, "previous": 4.739950798013046, "limit": 3.6295040516979333, "alphanumer": 5.992713766508414, "extend": 3.8977680382926128, "capabl": 3.8094754311469345, "includ": 2.7688504001291743, "fundament": 5.076423034634259, "develop": 2.4267084105450123, "support": 4.434569148461864, "present": 1.8221800659287668, "suitabl": 4.1803350100776235, "non": 4.638168103703103, "interact": 10.99630818277199, "applic": 4.962336655354786, "implement": 5.141794195287046, "fortran": 3.2681342634549932, "cdc": 5.181783550292085, "result": 2.3750618216828454, "obtain": 3.116328250586989, "show": 3.641338509344936, "noninteract": 7.379008127628304, "significantli": 5.127716329021809, "reduc": 7.282677018689872, "storag": 5.4788730298457615, "requir": 4.777151081699136, "cost": 3.518278416587709, "execut": 3.2358734012367716, "convent": 3.8380488035909903, "improv": 3.3536564368931554, "respons": 4.461237395544026, "cacm": 0.00031215857909170155, "march": 2.546702369056466, "barrett": 6.462717395754149, "fordan": 8.07215530818825, "jr": 3.243841570885949}