{"sale": 6.280395838960195, "simpl": 3.009560275161283, "algebra": 4.0117122976418305, "languag": 2.1750014405515095, "engin": 4.814058770166768, "cacm": 0.00031215857909170155, "octob": 2.4849066497880004, "brittenham": 8.07215530818825, "clark": 5.433097978572992, "kuss": 8.07215530818825, "thompson": 5.87493073085203, "smith": 4.310955192494688}