{"curriculum": 15.383148987065429, "recommend": 29.119676899920297, "academ": 11.74986146170406, "program": 10.071858124355112, "comput": 11.805665553943395, "scienc": 31.822485967729193, "report": 6.933970244400317, "acm": 8.717166482967883, "committe": 14.559838449960148, "develop": 7.280125231635036, "classif": 5.181783550292085, "subject": 4.160132302760104, "area": 7.734925377594568, "contain": 5.181783550292085, "present": 3.6443601318575336, "twenti": 7.379008127628304, "cours": 13.465909109196419, "prerequisit": 7.379008127628304, "catalog": 6.68586094706836, "descript": 3.437426319958614, "detail": 3.447182494903979, "outlin": 4.160132302760104, "annot": 7.379008127628304, "bibliographi": 6.280395838960195, "includ": 2.7688504001291743, "specif": 6.455936443459318, "evolv": 5.507205950726713, "preliminari": 5.076423034634259, "undergradu": 5.674260035389879, "graduat": 5.238941964132033, "discuss": 4.394449154672439, "master": 6.126245159132937, "degre": 4.222007706478191, "way": 4.77631844218392, "guidelin": 5.674260035389879, "doctor": 6.97354301952014, "made": 3.2046208577326674, "import": 3.497444329684867, "servic": 4.5168072466988365, "minor": 5.992713766508414, "continu": 3.852647603012143, "educ": 8.575931348539978, "emphas": 5.674260035389879, "attent": 5.076423034634259, "organ": 3.5078071167204135, "staff": 6.462717395754149, "requir": 2.388575540849568, "resourc": 4.287965674269989, "facil": 3.8977680382926128, "need": 3.251873742583213, "implement": 2.570897097643523, "cacm": 0.00031215857909170155, "march": 2.546702369056466}