{"methodolog": 14.682304433520912, "interact": 3.6654360609239967, "comput": 3.9352218513144654, "servic": 9.033614493397673, "measur": 19.190244017954953, "applic": 2.481168327677393, "teract": 6.462717395754149, "primari": 5.027632870464827, "purpos": 3.2599709528158325, "enabl": 4.5168072466988365, "extern": 9.962225709659867, "user": 3.0548754713733257, "orient": 3.977810745966149, "assess": 5.507205950726713, "perform": 2.8094651192833644, "frequent": 4.5168072466988365, "ternal": 6.97354301952014, "system": 3.11488523463144, "techniqu": 2.240272830904733, "nb": 8.07215530818825, "network": 3.9450209231431583, "employ": 3.913272224828578, "tool": 4.638168103703103, "data": 2.1667934601336793, "collect": 4.222007706478191, "analyz": 3.5503667311392095, "demonstr": 4.0117122976418305, "lead": 4.48863636973214, "pragmat": 6.97354301952014, "figur": 5.992713766508414, "merit": 5.433097978572992, "evalu": 3.137681375057558, "result": 2.3750618216828454, "includ": 2.7688504001291743, "cacm": 0.00031215857909170155, "decemb": 2.4626835130032902, "adram": 8.07215530818825}