{"comput": 1.3117406171048218, "legendr": 5.58724865840025, "seri": 3.8825005661618244, "coeffici": 4.1209115896068225, "c6": 5.58724865840025, "algorithm": 0.8920854338854537, "a473": 8.07215530818825, "cacm": 0.00031215857909170155, "januari": 2.6297375976664563, "piessen": 6.462717395754149}