{"gener": 1.8279884075245136, "partit": 4.358583241483942, "part": 3.371674942395834, "count": 4.9366610922591, "form": 3.0954215657676754, "algorithm": 0.8920854338854537, "cacm": 0.00031215857909170155, "june": 2.3717117347975636, "stockmal": 6.97354301952014}