{"descript": 3.437426319958614, "system": 1.55744261731572, "data": 2.1667934601336793, "transmiss": 4.9811128548299335, "asa": 5.992713766508414, "tutori": 5.507205950726713, "cacm": 0.00031215857909170155, "octob": 2.4849066497880004}