{"consider": 3.8977680382926128, "futur": 8.444015412956382, "program": 2.877673749815746, "languag": 4.350002881103019, "standard": 15.511710043061246, "activ": 7.955621491932298, "paper": 1.9808454261105517, "review": 4.48863636973214, "state": 3.852647603012143, "respect": 4.26549281841793, "anomali": 6.280395838960195, "exist": 3.572345637857985, "publish": 4.6064194053885235, "propos": 5.814738668529472, "fortran": 3.2681342634549932, "cobol": 4.545794783572089, "pl": 5.127716329021809, "basic": 3.4181949580307265, "made": 3.2046208577326674, "inclus": 5.58724865840025, "formal": 3.728349886334566, "extens": 3.3359568597937543, "includ": 2.7688504001291743, "addit": 3.318565117081885, "item": 4.287965674269989, "error": 3.0482747873419735, "condit": 3.39002408106403, "document": 4.358583241483942, "cacm": 0.00031215857909170155, "novemb": 2.4445341944976127, "lee": 6.280395838960195}