{"logic": 10.818741568600998, "analysi": 5.5476758832804265, "program": 7.194184374539365, "present": 1.8221800659287668, "system": 1.55744261731572, "verif": 5.433097978572992, "comput": 1.3117406171048218, "incomplet": 5.127716329021809, "intermedi": 5.299566585948469, "induct": 5.769570215194204, "assert": 5.87493073085203, "provid": 3.015909502839942, "manual": 6.68586094706836, "user": 3.0548754713733257, "termin": 8.203726789272256, "proven": 6.126245159132937, "incorrect": 12.925434791508298, "treat": 4.814058770166768, "unifi": 5.674260035389879, "solut": 2.763887610787045, "problem": 1.9651324204459957, "paper": 3.9616908522211034, "suggest": 3.399326473726344, "conduct": 5.238941964132033, "invari": 16.76174597520075, "express": 3.1595004224521976, "actual": 4.287965674269989, "occur": 4.310955192494688, "part": 10.1150248271875, "devot": 5.674260035389879, "techniqu": 2.240272830904733, "automat": 6.743349884791668, "gener": 1.8279884075245136, "criteria": 4.57564774672177, "check": 4.545794783572089, "simultan": 4.1803350100776235, "correct": 7.259008103395867, "includ": 2.7688504001291743, "examin": 3.641338509344936, "implic": 4.739950798013046, "approach": 3.1743155082373384, "diagnosi": 5.87493073085203, "error": 3.0482747873419735, "cacm": 0.00031215857909170155, "april": 2.4231810700270437, "katz": 6.280395838960195, "manna": 6.126245159132937}