{"legendr": 5.58724865840025, "polynomi": 3.4087162140761826, "algorithm": 0.8920854338854537, "cacm": 0.00031215857909170155, "april": 2.4231810700270437, "herndon": 5.181783550292085}