{"techniqu": 2.240272830904733, "isol": 30.631225795664683, "differ": 31.822485967729193, "simpl": 3.009560275161283, "algorithm": 4.460427169427269, "applic": 7.443504983032179, "compar": 3.227968221729659, "version": 4.461237395544026, "sourc": 4.101863394636128, "program": 1.438836874907873, "order": 2.93049175168559, "display": 3.9450209231431583, "correspond": 4.9366610922591, "close": 4.638168103703103, "intuit": 6.462717395754149, "notion": 5.076423034634259, "easi": 4.358583241483942, "implement": 2.570897097643523, "comput": 1.3117406171048218, "effici": 5.421726284957649, "time": 2.0511319588387233, "linear": 3.1818061799664963, "length": 3.7954891891721947, "similar": 3.7954891891721947, "longest": 6.68586094706836, "common": 3.9450209231431583, "subsequ": 5.181783550292085, "merg": 4.9366610922591, "independ": 3.8094754311469345, "gener": 3.6559768150490273, "singl": 3.7546671946519394, "encod": 5.127716329021809, "form": 3.0954215657676754, "datum": 13.94708603904028, "permit": 3.572345637857985, "reconstruct": 5.58724865840025, "origin": 4.2435139116991545, "cacm": 0.00031215857909170155, "april": 2.4231810700270437, "heckel": 7.379008127628304}