{"user": 3.0548754713733257, "orient": 3.977810745966149, "time": 2.0511319588387233, "share": 3.4871878295176777, "onlin": 5.127716329021809, "system": 7.787213086578601, "exist": 3.572345637857985, "plan": 4.638168103703103, "addit": 3.318565117081885, "data": 2.1667934601336793, "process": 2.1750014405515095, "laboratori": 4.9811128548299335, "brain": 7.379008127628304, "research": 7.955621491932298, "institut": 10.599133171896938, "ucla": 7.379008127628304, "repres": 3.6062471895336663, "attempt": 4.1209115896068225, "provid": 3.015909502839942, "worker": 6.280395838960195, "abil": 4.739950798013046, "interact": 3.6654360609239967, "directli": 4.408593662058603, "highli": 4.638168103703103, "sophist": 5.076423034634259, "digit": 6.586063630153441, "comput": 2.6234812342096436, "complex": 3.137681375057558, "direct": 3.58351893845611, "simpl": 3.009560275161283, "fashion": 5.992713766508414, "anticip": 6.462717395754149, "accumul": 5.127716329021809, "experi": 3.4669851222001586, "present": 1.8221800659287668, "signific": 3.929020581796717, "advanc": 4.704859478201776, "design": 2.4924254822020275, "determin": 3.009560275161283, "interfac": 5.299566585948469, "paramet": 3.7816958670398586, "biolog": 5.87493073085203, "scientist": 5.674260035389879, "cacm": 0.00031215857909170155, "juli": 2.3683728335320486, "betyar": 8.07215530818825}