{"reduct": 4.5168072466988365, "symmetr": 4.57564774672177, "bandmatrix": 8.07215530818825, "tripl": 6.97354301952014, "diagon": 6.126245159132937, "form": 3.0954215657676754, "cacm": 0.00031215857909170155, "june": 2.3717117347975636, "schwartz": 5.674260035389879}