{"interrupt": 5.507205950726713, "driven": 5.36410510708604, "program": 1.438836874907873, "cacm": 0.00031215857909170155, "juli": 2.3683728335320486, "zelkowitz": 7.379008127628304}