{"program": 1.438836874907873, "compat": 4.853279483320049, "famili": 5.027632870464827, "close": 4.638168103703103, "relat": 3.144901623031045, "digit": 3.2930318150767204, "comput": 1.3117406171048218, "cacm": 0.00031215857909170155, "juli": 2.3683728335320486, "luebbert": 7.379008127628304}