{"analysi": 2.7738379416402132, "pff": 29.516032510513217, "replac": 18.959803192052185, "algorithm": 4.460427169427269, "semi": 11.539140430388407, "markov": 11.539140430388407, "model": 20.97887045068096, "analyt": 8.922474791088051, "present": 1.8221800659287668, "estim": 7.858041163593434, "perform": 8.428395357850093, "page": 23.767688664089633, "fault": 24.504980636531748, "frequenc": 4.739950798013046, "program": 1.438836874907873, "behavior": 4.334485689904882, "repres": 7.212494379067333, "lru": 6.68586094706836, "stack": 5.299566585948469, "distanc": 5.58724865840025, "paramet": 7.563391734079717, "inter": 13.94708603904028, "interv": 8.97727273946428, "distribut": 3.497444329684867, "probabl": 4.222007706478191, "number": 2.2028583950544753, "distinct": 5.076423034634259, "referenc": 5.674260035389879, "abl": 5.299566585948469, "determin": 3.009560275161283, "evalu": 3.137681375057558, "valu": 3.7027074557212285, "permit": 3.572345637857985, "studi": 3.227968221729659, "simul": 3.380807425959106, "event": 8.817187324117207, "refer": 3.823660066138891, "significantli": 5.127716329021809, "reduc": 3.641338509344936, "requir": 2.388575540849568, "comput": 1.3117406171048218, "time": 2.0511319588387233, "cacm": 0.00031215857909170155, "chu": 6.462717395754149, "opderbeck": 6.97354301952014}