{"improv": 3.3536564368931554, "index": 13.149827562222942, "sequenti": 13.55042174009651, "access": 7.212494379067333, "method": 9.267775942482604, "hash": 14.442176310500304, "overflow": 46.99944584681624, "isam": 24.21646592456475, "import": 3.497444329684867, "manag": 4.046803617453101, "system": 1.55744261731572, "moveabl": 8.07215530818825, "head": 5.181783550292085, "disk": 9.409718956403552, "devic": 3.929020581796717, "studi": 3.227968221729659, "investig": 4.26549281841793, "unconvent": 6.68586094706836, "treat": 4.814058770166768, "record": 30.93970151037827, "techniqu": 4.480545661809466, "alloc": 3.6295040516979333, "space": 10.492332989054601, "condit": 6.78004816212806, "satisfi": 4.383275854074314, "superior": 4.77631844218392, "convent": 7.676097607181981, "chain": 9.788202955680608, "link": 4.358583241483942, "list": 3.189353385601879, "long": 4.638168103703103, "signific": 7.858041163593434, "lack": 5.58724865840025, "tight": 8.07215530818825, "constraint": 4.358583241483942, "key": 4.064822122955779, "small": 3.594818493710043, "compar": 3.227968221729659, "total": 8.360670020155247, "size": 3.427764409046877, "oppos": 6.68586094706836, "mode": 4.77631844218392, "time": 2.0511319588387233, "locat": 4.140329675463924, "depend": 3.929020581796717, "volum": 5.58724865840025, "percentag": 6.68586094706836, "dedic": 6.462717395754149, "cacm": 0.00031215857909170155, "mullin": 6.97354301952014}