{"curriculum": 15.383148987065429, "recommend": 9.706558966640099, "undergradu": 28.371300176949394, "program": 7.194184374539365, "comput": 9.182184319733754, "scienc": 23.866864475796895, "contain": 5.181783550292085, "report": 3.4669851222001586, "degre": 4.222007706478191, "committe": 4.853279483320049, "c3": 8.07215530818825, "associ": 4.704859478201776, "machineri": 6.280395838960195, "acm": 4.358583241483942, "core": 4.310955192494688, "common": 3.9450209231431583, "present": 5.4665401977863, "term": 3.2763647625915087, "elementari": 4.5168072466988365, "level": 6.5362685269099865, "topic": 5.299566585948469, "cours": 17.95454547892856, "intermedi": 5.299566585948469, "elect": 7.379008127628304, "round": 4.704859478201776, "discuss": 2.1972245773362196, "entir": 4.638168103703103, "includ": 2.7688504001291743, "compon": 4.26549281841793, "materi": 4.739950798013046, "issu": 4.704859478201776, "relat": 3.144901623031045, "educ": 8.575931348539978, "servic": 4.5168072466988365, "support": 4.434569148461864, "area": 3.867462688797284, "continu": 3.852647603012143, "facil": 3.8977680382926128, "staff": 6.462717395754149, "articul": 8.07215530818825, "cacm": 0.00031215857909170155, "march": 2.546702369056466, "aust": 6.462717395754149, "barn": 6.97354301952014, "bonnett": 8.07215530818825, "engel": 7.379008127628304, "stoke": 7.379008127628304}