{"complex": 3.137681375057558, "gamma": 4.814058770166768, "function": 2.2610143152115496, "s14": 5.027632870464827, "algorithm": 0.8920854338854537, "cacm": 0.00031215857909170155, "januari": 2.6297375976664563, "luca": 6.68586094706836, "jr": 3.243841570885949, "terril": 8.07215530818825}