{"matrix": 6.275362750115116, "reduct": 9.033614493397673, "effici": 8.132589427436473, "method": 5.560665565489562, "paper": 1.9808454261105517, "describ": 3.0954215657676754, "binari": 3.8094754311469345, "matric": 3.929020581796717, "aris": 4.704859478201776, "school": 5.299566585948469, "time": 2.0511319588387233, "tabl": 3.4570347913469903, "problem": 1.9651324204459957, "develop": 2.4267084105450123, "john": 7.379008127628304, "lion": 6.97354301952014, "gener": 1.8279884075245136, "adapt": 4.434569148461864, "fit": 3.9946178642825303, "complet": 3.47703545805366, "timet": 12.56079167792039, "process": 4.350002881103019, "compact": 4.9366610922591, "data": 2.1667934601336793, "represent": 3.5503667311392095, "techniqu": 2.240272830904733, "take": 4.160132302760104, "fuller": 6.126245159132937, "advantag": 3.7027074557212285, "previou": 4.434569148461864, "knowledg": 5.027632870464827, "design": 2.4924254822020275, "structur": 2.473733349189875, "program": 2.877673749815746, "readili": 5.507205950726713, "code": 2.948191328784991, "reader": 5.507205950726713, "high": 3.6777061535158113, "level": 6.5362685269099865, "low": 4.383275854074314, "languag": 2.1750014405515095, "choic": 4.57564774672177, "practic": 3.617808011934742, "test": 3.0817227214095135, "shown": 2.7940406489577327, "good": 4.6064194053885235, "basi": 4.029104040353699, "realist": 5.87493073085203, "algorithm": 0.8920854338854537, "cacm": 0.00031215857909170155, "march": 2.546702369056466, "johnston": 6.97354301952014, "hoar": 5.299566585948469}