{"work": 13.379069957903637, "set": 10.218809646894169, "model": 11.987925971817692, "program": 2.877673749815746, "behavior": 8.668971379809763, "basic": 3.4181949580307265, "reason": 4.287965674269989, "absenc": 6.126245159132937, "gener": 1.8279884075245136, "treatment": 5.674260035389879, "resourc": 8.575931348539978, "alloc": 7.259008103395867, "modern": 5.992713766508414, "comput": 2.6234812342096436, "system": 1.55744261731572, "adequ": 5.507205950726713, "paper": 1.9808454261105517, "develop": 2.4267084105450123, "page": 11.883844332044816, "process": 4.350002881103019, "defin": 6.319000844904395, "collect": 4.222007706478191, "recent": 3.8977680382926128, "knowledg": 5.027632870464827, "vital": 5.992713766508414, "dynam": 3.8380488035909903, "manag": 4.046803617453101, "memori": 6.275362750115116, "shown": 2.7940406489577327, "manifest": 6.97354301952014, "ongo": 6.97354301952014, "activ": 3.977810745966149, "processor": 3.7154464814986583, "demand": 14.559838449960148, "formul": 4.545794783572089, "problem": 1.9651324204459957, "balanc": 5.076423034634259, "equip": 4.9366610922591, "cacm": 0.00031215857909170155, "den": 5.36410510708604}