{"optim": 3.1743155082373384, "polyphas": 11.539140430388407, "sort": 7.765001132323649, "dispers": 29.516032510513217, "algorithm": 7.1366834710836295, "procedur": 2.63843330463401, "examin": 3.641338509344936, "optimum": 9.409718956403552, "base": 2.701517280060587, "minim": 3.39002408106403, "total": 8.360670020155247, "number": 4.405716790108951, "unit": 8.487027823398309, "string": 7.405414911442457, "read": 9.15129549344354, "display": 3.9450209231431583, "logic": 7.212494379067333, "complic": 5.027632870464827, "straightforward": 10.866195957145983, "present": 1.8221800659287668, "simpl": 3.009560275161283, "discuss": 2.1972245773362196, "horizont": 6.126245159132937, "approxim": 3.380807425959106, "fourth": 11.014411901453427, "half": 4.739950798013046, "percent": 9.628117540333536, "write": 4.222007706478191, "today": 5.674260035389879, "addit": 3.318565117081885, "improv": 3.3536564368931554, "achiev": 3.7954891891721947, "util": 3.6901286735143684, "modifi": 3.8977680382926128, "requir": 2.388575540849568, "fairli": 5.769570215194204, "close": 4.638168103703103, "estim": 3.929020581796717, "begin": 5.238941964132033, "cacm": 0.00031215857909170155, "novemb": 2.4445341944976127, "shell": 6.97354301952014}