{"modular": 5.992713766508414, "data": 2.1667934601336793, "process": 2.1750014405515095, "system": 1.55744261731572, "written": 3.728349886334566, "cobol": 4.545794783572089, "cacm": 0.00031215857909170155, "emeri": 8.07215530818825}