{"secur": 20.955767856528134, "person": 11.014411901453427, "comput": 2.6234812342096436, "insecur": 7.379008127628304, "network": 11.835062769429475, "method": 3.7071103769930414, "implement": 2.570897097643523, "central": 14.219852394039139, "facil": 11.693304114877838, "propos": 2.907369334264736, "employ": 3.913272224828578, "public": 5.127716329021809, "key": 8.129644245911559, "encrypt": 6.280395838960195, "devic": 3.929020581796717, "hardwar": 3.8825005661618244, "user": 9.164626414119978, "respons": 4.461237395544026, "need": 3.251873742583213, "reli": 5.58724865840025, "commun": 3.7154464814986583, "link": 4.358583241483942, "safe": 6.126245159132937, "store": 3.5288605259182457, "confidenti": 13.37172189413672, "transmit": 5.299566585948469, "data": 2.1667934601336793, "cacm": 0.00031215857909170155, "august": 2.3750618216828454, "den": 5.36410510708604}