{"gaussian": 5.299566585948469, "quadratur": 4.638168103703103, "formula": 4.0117122976418305, "algorithm": 0.8920854338854537, "d1": 4.545794783572089, "cacm": 0.00031215857909170155, "august": 2.3750618216828454, "wise": 6.462717395754149, "jr": 3.243841570885949}