{"treesort": 6.462717395754149, "algorithm": 0.8920854338854537, "cacm": 0.00031215857909170155, "august": 2.3750618216828454, "floyd": 5.127716329021809}