{"memori": 18.82608825034535, "manag": 4.046803617453101, "respons": 8.922474791088051, "time": 6.15339587651617, "paper": 1.9808454261105517, "present": 1.8221800659287668, "comput": 3.9352218513144654, "tractabl": 7.379008127628304, "methodolog": 9.788202955680608, "includ": 2.7688504001291743, "accur": 4.739950798013046, "effect": 3.0954215657676754, "finit": 4.2435139116991545, "size": 3.427764409046877, "workload": 11.985427533016829, "requir": 4.777151081699136, "queue": 4.894101477840304, "network": 3.9450209231431583, "model": 5.993962985908846, "system": 4.67232785194716, "empir": 4.358583241483942, "analys": 5.769570215194204, "analyt": 8.922474791088051, "studi": 3.227968221729659, "base": 2.701517280060587, "appli": 3.2681342634549932, "actual": 4.287965674269989, "multiaccess": 6.126245159132937, "teract": 12.925434791508298, "report": 3.4669851222001586, "relat": 3.144901623031045, "variabl": 3.1093106779283426, "distribut": 3.497444329684867, "job": 4.6064194053885235, "swap": 6.126245159132937, "perform": 2.8094651192833644, "measur": 3.8380488035909903, "util": 3.6901286735143684, "graphic": 4.2435139116991545, "display": 3.9450209231431583, "multiphas": 7.379008127628304, "solubl": 8.07215530818825, "propos": 2.907369334264736, "broadli": 8.07215530818825, "applic": 2.481168327677393, "analysi": 2.7738379416402132, "nonpag": 8.07215530818825, "cacm": 0.00031215857909170155, "march": 2.546702369056466, "brown": 10.055265740929654, "chandi": 6.68586094706836}