{"synchron": 5.181783550292085, "signal": 5.238941964132033, "rate": 4.408593662058603, "data": 2.1667934601336793, "transmiss": 4.9811128548299335, "propos": 2.907369334264736, "usa": 5.674260035389879, "standard": 3.1023420086122493, "cacm": 0.00031215857909170155, "august": 2.3750618216828454}