{"present": 1.8221800659287668, "alphamer": 7.379008127628304, "charact": 3.6654360609239967, "inform": 2.5627669715602726, "process": 2.1750014405515095, "propos": 2.907369334264736, "american": 4.358583241483942, "nation": 4.9811128548299335, "standard": 3.1023420086122493, "cacm": 0.00031215857909170155, "decemb": 2.4626835130032902}