{"inexpens": 6.462717395754149, "braill": 13.37172189413672, "termin": 8.203726789272256, "devic": 3.929020581796717, "activ": 3.977810745966149, "time": 2.0511319588387233, "share": 3.4871878295176777, "facil": 3.8977680382926128, "blind": 7.379008127628304, "programm": 3.977810745966149, "requir": 2.388575540849568, "system": 1.55744261731572, "detail": 3.447182494903979, "construct": 3.189353385601879, "brailler": 16.1443106163765, "model": 2.996981492954423, "teletyp": 6.462717395754149, "modifi": 3.8977680382926128, "print": 5.027632870464827, "head": 5.181783550292085, "increas": 3.6295040516979333, "resili": 8.07215530818825, "platen": 8.07215530818825, "descript": 3.437426319958614, "program": 1.438836874907873, "need": 3.251873742583213, "drive": 5.507205950726713, "present": 1.8221800659287668, "cacm": 0.00031215857909170155, "june": 2.3717117347975636, "anderson": 6.126245159132937, "roger": 7.379008127628304}