{"fourier": 9.55263688436784, "seri": 7.765001132323649, "method": 7.414220753986083, "numer": 3.2046208577326674, "solut": 2.763887610787045, "class": 6.855528818093754, "parabol": 13.94708603904028, "partial": 8.575931348539978, "differenti": 11.787061745390151, "equat": 9.327932033785029, "appli": 3.2681342634549932, "reduc": 3.641338509344936, "problem": 1.9651324204459957, "system": 1.55744261731572, "ordinari": 4.434569148461864, "applic": 2.481168327677393, "show": 3.641338509344936, "consider": 3.8977680382926128, "advantag": 3.7027074557212285, "convent": 3.8380488035909903, "finit": 4.2435139116991545, "differ": 3.977810745966149, "cacm": 0.00031215857909170155, "march": 2.546702369056466, "forrington": 8.07215530818825}