{"automat": 3.371674942395834, "error": 6.096549574683947, "bound": 7.676097607181981, "real": 3.5078071167204135, "zero": 11.014411901453427, "ration": 10.055265740929654, "function": 4.522028630423099, "procedur": 5.27686660926802, "implement": 2.570897097643523, "interv": 8.97727273946428, "arithmet": 3.6901286735143684, "version": 4.461237395544026, "newton": 4.9366610922591, "raphson": 6.280395838960195, "method": 3.7071103769930414, "propos": 2.907369334264736, "requir": 2.388575540849568, "start": 4.894101477840304, "locat": 4.140329675463924, "roundoff": 6.462717395754149, "cacm": 0.00031215857909170155, "novemb": 2.4445341944976127, "dargel": 8.07215530818825, "loscalzo": 8.07215530818825, "witt": 7.379008127628304}