{"comput": 1.3117406171048218, "method": 1.8535551884965207, "radiat": 7.379008127628304, "treatment": 5.674260035389879, "plan": 4.638168103703103, "cacm": 0.00031215857909170155, "juli": 2.3683728335320486, "siler": 7.379008127628304, "laughlin": 7.379008127628304}