{"high": 3.6777061535158113, "speed": 3.823660066138891, "compil": 9.224829103272405, "effici": 5.421726284957649, "object": 6.761614851918212, "code": 5.896382657569982, "pass": 22.87823873360885, "properti": 3.5395558150349937, "briefli": 4.5168072466988365, "scan": 9.788202955680608, "intermedi": 5.299566585948469, "languag": 6.525004321654528, "produc": 3.427764409046877, "preced": 4.814058770166768, "essenti": 4.434569148461864, "revers": 5.299566585948469, "order": 2.93049175168559, "gener": 1.8279884075245136, "hasto": 8.07215530818825, "read": 4.57564774672177, "bulki": 8.07215530818825, "problem": 1.9651324204459957, "orient": 3.977810745966149, "input": 3.116328250586989, "doubl": 5.769570215194204, "direct": 3.58351893845611, "perform": 2.8094651192833644, "remov": 4.9811128548299335, "local": 4.6709579265260945, "constant": 4.48863636973214, "express": 6.319000844904395, "recurs": 3.913272224828578, "calcul": 3.5395558150349937, "loop": 4.739950798013046, "import": 6.994888659369734, "part": 3.371674942395834, "common": 3.9450209231431583, "subexpress": 5.769570215194204, "recognit": 4.704859478201776, "optim": 3.1743155082373384, "effect": 3.0954215657676754, "index": 4.383275854074314, "regist": 5.027632870464827, "discuss": 4.394449154672439, "highli": 4.638168103703103, "machin": 2.918863713690471, "depend": 3.929020581796717, "term": 3.2763647625915087, "fortran": 3.2681342634549932, "techniqu": 2.240272830904733, "applic": 2.481168327677393, "algebra": 4.0117122976418305, "cacm": 0.00031215857909170155, "august": 2.3750618216828454, "gear": 6.462717395754149}