{"automata": 17.97814129952524, "theori": 16.561318701855697, "brain": 22.137024382884913, "sourc": 4.101863394636128, "idea": 4.5168072466988365, "studi": 3.227968221729659, "push": 6.97354301952014, "mathemat": 3.6295040516979333, "develop": 2.4267084105450123, "paper": 1.9808454261105517, "suggest": 3.399326473726344, "way": 4.77631844218392, "evolv": 5.507205950726713, "year": 4.160132302760104, "contribut": 5.181783550292085, "understand": 4.704859478201776, "process": 2.1750014405515095, "inform": 2.5627669715602726, "cacm": 0.00031215857909170155, "juli": 2.3683728335320486, "arbib": 8.07215530818825}