{"decis": 3.8977680382926128, "tabl": 3.4570347913469903, "translat": 3.6901286735143684, "algorithm": 0.8920854338854537, "r394": 8.07215530818825, "cacm": 0.00031215857909170155, "decemb": 2.4626835130032902, "marshal": 6.97354301952014}