{"quadrat": 10.72821021417208, "program": 2.877673749815746, "nonlinear": 9.409718956403552, "regress": 17.022780106169638, "algorithm": 0.8920854338854537, "magnifi": 8.07215530818825, "diagon": 6.126245159132937, "method": 3.7071103769930414, "linear": 3.1818061799664963, "constraint": 4.358583241483942, "publish": 4.6064194053885235, "jacm": 7.379008127628304, "juli": 2.3683728335320486, "cacm": 0.00031215857909170155, "januari": 2.6297375976664563, "shrager": 8.07215530818825}