{"quadrat": 5.36410510708604, "quotient": 5.769570215194204, "method": 5.560665565489562, "hash": 14.442176310500304, "code": 5.896382657569982, "elimin": 8.129644245911559, "secondari": 11.014411901453427, "cluster": 11.1744973168005, "ineffici": 5.87493073085203, "discuss": 2.1972245773362196, "base": 2.701517280060587, "present": 1.8221800659287668, "comparison": 3.6901286735143684, "previou": 4.434569148461864, "made": 3.2046208577326674, "analyt": 4.461237395544026, "empir": 4.358583241483942, "cacm": 0.00031215857909170155, "februari": 2.6211168546225494, "bell": 5.433097978572992}