{"digit": 6.586063630153441, "simul": 13.523229703836424, "discret": 9.628117540333536, "flow": 14.114578434605328, "system": 4.67232785194716, "discuss": 4.394449154672439, "character": 4.9811128548299335, "movement": 6.462717395754149, "randomli": 6.280395838960195, "arriv": 5.36410510708604, "item": 4.287965674269989, "interact": 3.6654360609239967, "channel": 5.769570215194204, "program": 2.877673749815746, "comput": 1.3117406171048218, "util": 3.6901286735143684, "techniqu": 2.240272830904733, "common": 3.9450209231431583, "approach": 3.1743155082373384, "physic": 4.57564774672177, "problem": 3.9302648408919914, "princip": 5.181783550292085, "portion": 4.894101477840304, "paper": 1.9808454261105517, "studi": 3.227968221729659, "illustr": 3.47703545805366, "involv": 3.4570347913469903, "extens": 3.3359568597937543, "packag": 4.814058770166768, "handl": 3.7154464814986583, "plant": 8.07215530818825, "object": 3.380807425959106, "optim": 3.1743155082373384, "paramet": 3.7816958670398586, "storag": 2.7394365149228808, "capac": 5.36410510708604, "process": 2.1750014405515095, "rate": 4.408593662058603, "air": 6.68586094706836, "traffic": 5.674260035389879, "control": 5.90832299154299, "procedur": 2.63843330463401, "compar": 3.227968221729659, "effect": 3.0954215657676754, "altern": 3.9612814440149386, "decis": 3.8977680382926128, "cacm": 0.00031215857909170155, "decemb": 2.4626835130032902, "moor": 5.507205950726713, "lewi": 5.992713766508414}