{"syntact": 4.26549281841793, "algorithm": 2.676256301656361, "peak": 20.05758284120508, "detect": 8.621910384989375, "waveform": 20.920629058560422, "applic": 4.962336655354786, "cardiographi": 7.379008127628304, "digit": 3.2930318150767204, "incorpor": 4.5168072466988365, "piecewis": 6.97354301952014, "linear": 3.1818061799664963, "approxim": 3.380807425959106, "tabular": 5.674260035389879, "pars": 4.383275854074314, "techniqu": 2.240272830904733, "paramet": 3.7816958670398586, "serv": 4.57564774672177, "identifi": 4.140329675463924, "context": 3.913272224828578, "enabl": 4.5168072466988365, "accur": 4.739950798013046, "measur": 3.8380488035909903, "amplitud": 7.379008127628304, "durat": 6.97354301952014, "shape": 5.076423034634259, "suffici": 4.26549281841793, "speed": 3.823660066138891, "allow": 3.867462688797284, "line": 3.5288605259182457, "real": 3.5078071167204135, "time": 2.0511319588387233, "process": 2.1750014405515095, "demonstr": 4.0117122976418305, "electrocardiogram": 6.68586094706836, "cacm": 0.00031215857909170155, "horowitz": 6.462717395754149}