{"eigenvalu": 4.814058770166768, "real": 3.5078071167204135, "symmetr": 4.57564774672177, "tridiagon": 5.58724865840025, "matrix": 3.137681375057558, "f2": 5.674260035389879, "algorithm": 0.8920854338854537, "a464": 8.07215530818825, "cacm": 0.00031215857909170155, "novemb": 2.4445341944976127, "reinsch": 8.07215530818825}