{"mont": 5.769570215194204, "carlo": 5.769570215194204, "algorithm": 0.8920854338854537, "cacm": 0.00031215857909170155, "april": 2.4231810700270437, "rodman": 6.97354301952014}