{"comment": 4.064822122955779, "multiprogram": 4.160132302760104, "page": 3.9612814440149386, "demand": 4.853279483320049, "strategi": 4.6709579265260945, "cacm": 0.00031215857909170155, "april": 2.4231810700270437, "smith": 4.310955192494688}