{"ibm": 7.036556833175418, "data": 4.333586920267359, "process": 4.350002881103019, "system": 3.11488523463144, "featur": 6.798652947452688, "unit": 8.487027823398309, "announc": 6.97354301952014, "recent": 3.8977680382926128, "intern": 4.26549281841793, "busi": 4.814058770166768, "machin": 2.918863713690471, "corpor": 5.87493073085203, "disk": 9.409718956403552, "storag": 2.7394365149228808, "drive": 5.507205950726713, "interchang": 4.638168103703103, "pack": 5.58724865840025, "newli": 6.462717395754149, "develop": 2.4267084105450123, "cacm": 0.00031215857909170155, "decemb": 2.4626835130032902, "wheel": 6.68586094706836}