{"iter": 4.046803617453101, "method": 1.8535551884965207, "invers": 3.867462688797284, "power": 3.7680902149840803, "seri": 3.8825005661618244, "cacm": 0.00031215857909170155, "septemb": 2.546702369056466, "bramhal": 7.379008127628304}