{"multius": 13.94708603904028, "comput": 5.246962468419287, "facil": 7.7955360765852255, "educ": 4.287965674269989, "research": 11.933432237898447, "present": 1.8221800659287668, "day": 5.507205950726713, "limit": 3.6295040516979333, "scientif": 4.9366610922591, "inabl": 6.280395838960195, "interact": 3.6654360609239967, "strongli": 5.769570215194204, "user": 9.164626414119978, "full": 4.545794783572089, "power": 3.7680902149840803, "instrument": 6.462717395754149, "termin": 4.101863394636128, "give": 4.287965674269989, "abil": 4.739950798013046, "gener": 1.8279884075245136, "correct": 3.6295040516979333, "oper": 2.270036932811187, "procedur": 2.63843330463401, "wish": 5.769570215194204, "simpl": 3.009560275161283, "complex": 3.137681375057558, "implement": 2.570897097643523, "small": 3.594818493710043, "scale": 4.287965674269989, "system": 1.55744261731572, "permit": 3.572345637857985, "work": 3.344767489475909, "independ": 3.8094754311469345, "machin": 2.918863713690471, "obtain": 3.116328250586989, "satisfactori": 5.238941964132033, "respons": 4.461237395544026, "typewrit": 6.280395838960195, "commun": 3.7154464814986583, "cacm": 0.00031215857909170155, "septemb": 2.546702369056466, "denni": 6.68586094706836}