{"pip": 8.07215530818825, "photo": 7.379008127628304, "interpret": 8.444015412956382, "program": 5.755347499631492, "analysi": 2.7738379416402132, "spark": 16.1443106163765, "chamber": 13.37172189413672, "data": 4.333586920267359, "oper": 4.540073865622374, "comput": 1.3117406171048218, "process": 4.350002881103019, "photograph": 25.12158335584078, "record": 7.734925377594568, "input": 3.116328250586989, "consist": 3.823660066138891, "track": 5.58724865840025, "high": 3.6777061535158113, "energi": 6.68586094706836, "particl": 6.68586094706836, "scan": 4.894101477840304, "measur": 3.8380488035909903, "perform": 2.8094651192833644, "preliminari": 5.076423034634259, "continu": 3.852647603012143, "rate": 4.408593662058603, "frame": 5.58724865840025, "hour": 6.280395838960195, "achiev": 3.7954891891721947, "cacm": 0.00031215857909170155, "june": 2.3717117347975636, "rudlo": 8.07215530818825, "deutsch": 6.462717395754149, "maril": 7.379008127628304}