{"page": 7.922562888029877, "resid": 10.866195957145983, "select": 10.853424035804228, "work": 10.034302468427727, "set": 7.6641072351706265, "paramet": 11.345087601119577, "den": 5.36410510708604, "method": 1.8535551884965207, "interrefer": 6.97354301952014, "interv": 4.48863636973214, "examin": 3.641338509344936, "omiss": 16.1443106163765, "model": 5.993962985908846, "note": 3.497444329684867, "assumpt": 4.739950798013046, "introduc": 3.8380488035909903, "overcom": 5.433097978572992, "modifi": 3.8977680382926128, "dene": 8.07215530818825, "result": 2.3750618216828454, "rederiv": 8.07215530818825, "reconsid": 6.97354301952014, "cacm": 0.00031215857909170155, "octob": 2.4849066497880004, "priev": 7.379008127628304}