{"interpol": 4.6064194053885235, "smooth": 5.433097978572992, "curv": 4.1803350100776235, "fit": 3.9946178642825303, "base": 2.701517280060587, "local": 4.6709579265260945, "procedur": 2.63843330463401, "e2": 5.181783550292085, "algorithm": 0.8920854338854537, "a433": 8.07215530818825, "cacm": 0.00031215857909170155, "octob": 2.4849066497880004, "akima": 6.97354301952014}