{"gener": 3.6559768150490273, "program": 4.31651062472362, "analysi": 2.7738379416402132, "squar": 7.259008103395867, "rectangular": 10.599133171896938, "lattic": 12.56079167792039, "design": 4.984850964404055, "paper": 1.9808454261105517, "describ": 3.0954215657676754, "purpos": 3.2599709528158325, "handl": 3.7154464814986583, "incomplet": 5.127716329021809, "block": 3.929020581796717, "known": 3.7027074557212285, "flow": 4.704859478201776, "diagram": 5.36410510708604, "method": 1.8535551884965207, "calcul": 3.5395558150349937, "digit": 3.2930318150767204, "comput": 1.3117406171048218, "cacm": 0.00031215857909170155, "septemb": 2.546702369056466, "smilli": 7.379008127628304}