{"direct": 3.58351893845611, "search": 3.47703545805366, "algorithm": 0.8920854338854537, "cacm": 0.00031215857909170155, "june": 2.3717117347975636, "kaup": 6.68586094706836, "jr": 3.243841570885949}