{"squar": 3.6295040516979333, "fit": 3.9946178642825303, "orthogon": 5.127716329021809, "polynomi": 3.4087162140761826, "algorithm": 0.8920854338854537, "cacm": 0.00031215857909170155, "decemb": 2.4626835130032902, "macmillan": 8.07215530818825}