{"analysi": 2.7738379416402132, "address": 19.56636112414289, "method": 3.7071103769930414, "paper": 1.9808454261105517, "present": 1.8221800659287668, "base": 2.701517280060587, "calcul": 7.0791116300699874, "identif": 5.238941964132033, "record": 11.602388066391851, "larg": 2.8791984572980396, "recircul": 8.07215530818825, "type": 3.144901623031045, "advantag": 3.7027074557212285, "customari": 6.68586094706836, "probabl": 4.222007706478191, "distribut": 3.497444329684867, "displac": 6.462717395754149, "number": 2.2028583950544753, "probe": 5.992713766508414, "requir": 2.388575540849568, "comput": 1.3117406171048218, "basi": 4.029104040353699, "markov": 5.769570215194204, "chain": 4.894101477840304, "model": 2.996981492954423, "reader": 5.507205950726713, "interest": 3.9450209231431583, "mathemat": 3.6295040516979333, "introduct": 4.894101477840304, "summari": 5.36410510708604, "suffici": 4.26549281841793, "cacm": 0.00031215857909170155, "august": 2.3750618216828454, "schay": 8.07215530818825, "jr": 3.243841570885949, "spruth": 8.07215530818825}