{"variabl": 12.43724271171337, "precis": 20.324110614778895, "exponenti": 8.360670020155247, "previou": 4.434569148461864, "paper": 3.9616908522211034, "present": 3.6443601318575336, "effici": 5.421726284957649, "algorithm": 2.676256301656361, "call": 3.4087162140761826, "recomput": 16.1443106163765, "evalu": 3.137681375057558, "ration": 5.027632870464827, "express": 6.319000844904395, "desir": 4.140329675463924, "toler": 6.462717395754149, "comput": 1.3117406171048218, "perform": 2.8094651192833644, "arithmet": 3.6901286735143684, "oper": 13.620221596867122, "appli": 3.2681342634549932, "involv": 3.4570347913469903, "sum": 4.545794783572089, "ei": 14.758016255256608, "error": 9.14482436202592, "bound": 7.676097607181981, "denot": 12.925434791508298, "ith": 6.97354301952014, "argument": 4.77631844218392, "order": 2.93049175168559, "log": 4.9811128548299335, "sin": 6.97354301952014, "co": 7.379008127628304, "simpl": 3.009560275161283, "seri": 3.8825005661618244, "expans": 5.36410510708604, "handl": 3.7154464814986583, "similarli": 6.68586094706836, "cacm": 0.00031215857909170155, "januari": 2.6297375976664563, "richman": 6.97354301952014}