{"squar": 3.6295040516979333, "surfac": 4.704859478201776, "fit": 3.9946178642825303, "algorithm": 0.8920854338854537, "r176": 8.07215530818825, "cacm": 0.00031215857909170155, "decemb": 2.4626835130032902, "schuegraf": 7.379008127628304}