{"fortran": 6.5362685269099865, "techniqu": 2.240272830904733, "simplifi": 4.48863636973214, "input": 3.116328250586989, "report": 6.933970244400317, "gener": 3.6559768150490273, "typic": 4.461237395544026, "allow": 3.867462688797284, "product": 3.9946178642825303, "standard": 3.1023420086122493, "form": 6.190843131535351, "tabul": 5.58724865840025, "magnet": 5.027632870464827, "tape": 4.046803617453101, "extract": 10.152846069268518, "nonstandard": 6.68586094706836, "set": 2.554702411723542, "inform": 5.125533943120545, "suitabl": 8.360670020155247, "annot": 7.379008127628304, "involv": 6.914069582693981, "troublesom": 8.07215530818825, "design": 2.4924254822020275, "method": 1.8535551884965207, "calcul": 3.5395558150349937, "format": 4.1803350100776235, "statement": 3.7154464814986583, "combat": 7.379008127628304, "problem": 1.9651324204459957, "cacm": 0.00031215857909170155, "june": 2.3717117347975636, "cleari": 8.07215530818825}