{"fen": 16.1443106163765, "axiomat": 6.280395838960195, "basi": 4.029104040353699, "program": 2.877673749815746, "semant": 12.863897022809967, "formal": 7.456699772669132, "system": 9.34465570389432, "present": 5.4665401977863, "abstract": 8.869138296923728, "notion": 5.076423034634259, "data": 8.667173840534717, "item": 8.575931348539978, "function": 11.305071576057749, "relat": 3.144901623031045, "argu": 5.433097978572992, "suitabl": 4.1803350100776235, "set": 2.554702411723542, "theori": 8.280659350927849, "deriv": 3.2930318150767204, "concis": 5.87493073085203, "accur": 4.739950798013046, "descript": 3.437426319958614, "shown": 5.5880812979154655, "build": 5.076423034634259, "composit": 4.853279483320049, "type": 9.434704869093135, "simper": 8.07215530818825, "oper": 2.270036932811187, "row": 5.299566585948469, "structur": 2.473733349189875, "unit": 4.2435139116991545, "demonstr": 4.0117122976418305, "complet": 3.47703545805366, "primit": 4.814058770166768, "introduc": 7.676097607181981, "languag": 2.1750014405515095, "mechan": 3.7680902149840803, "singleton": 5.674260035389879, "determinist": 5.769570215194204, "nondeterminist": 5.992713766508414, "defin": 3.1595004224521976, "local": 9.341915853052189, "environ": 11.30427064495224, "model": 2.996981492954423, "imper": 6.68586094706836, "statement": 7.430892962997317, "consid": 3.152174382360125, "natur": 3.7027074557212285, "recurs": 3.913272224828578, "briefli": 4.5168072466988365, "discuss": 2.1972245773362196, "techniqu": 4.480545661809466, "contrast": 5.58724865840025, "paradox": 8.07215530818825, "combin": 3.5612958016714, "question": 4.140329675463924, "global": 5.127716329021809, "mode": 4.77631844218392, "call": 3.4087162140761826, "paramet": 3.7816958670398586, "pass": 4.57564774672177, "touch": 7.379008127628304, "appli": 3.2681342634549932, "proof": 4.1803350100776235, "elementari": 4.5168072466988365, "theorem": 4.5168072466988365, "concern": 3.9612814440149386, "assign": 4.064822122955779, "condit": 3.39002408106403, "iter": 4.046803617453101, "appendix": 5.674260035389879, "includ": 2.7688504001291743, "detail": 3.447182494903979, "govern": 5.181783550292085, "web": 7.379008127628304, "inform": 2.5627669715602726, "bodi": 5.87493073085203, "paper": 1.9808454261105517, "cacm": 0.00031215857909170155, "august": 2.3750618216828454, "maclennan": 8.07215530818825}