{"exponenti": 4.1803350100776235, "curv": 4.1803350100776235, "fit": 3.9946178642825303, "algorithm": 0.8920854338854537, "e2": 5.181783550292085, "cacm": 0.00031215857909170155, "februari": 2.6211168546225494, "deili": 7.379008127628304}