{"talk": 16.1443106163765, "high": 7.355412307031623, "level": 6.5362685269099865, "sourc": 8.203726789272256, "languag": 4.350002881103019, "debug": 13.81925821616557, "techniqu": 4.480545661809466, "real": 7.015614233440827, "time": 4.102263917677447, "data": 8.667173840534717, "extract": 15.229269103902777, "mean": 3.2201250442686327, "take": 4.160132302760104, "look": 5.992713766508414, "aid": 4.029104040353699, "substanti": 4.6709579265260945, "complex": 3.137681375057558, "program": 2.877673749815746, "system": 1.55744261731572, "interrupt": 5.507205950726713, "user": 3.0548754713733257, "desir": 4.140329675463924, "point": 3.015909502839942, "previous": 4.739950798013046, "later": 5.58724865840025, "edit": 4.739950798013046, "list": 3.189353385601879, "identif": 5.238941964132033, "cacm": 0.00031215857909170155, "juli": 2.3683728335320486, "versteeg": 8.07215530818825}