{"analysi": 2.7738379416402132, "decay": 16.1443106163765, "type": 6.28980324606209, "data": 8.667173840534717, "compar": 3.227968221729659, "studi": 3.227968221729659, "made": 3.2046208577326674, "varieti": 4.1209115896068225, "numer": 3.2046208577326674, "techniqu": 6.7208184927142, "fit": 27.96232504997771, "experiment": 3.867462688797284, "form": 3.0954215657676754, "involv": 3.4570347913469903, "sum": 4.545794783572089, "exponenti": 4.1803350100776235, "statist": 3.867462688797284, "error": 6.096549574683947, "paramet": 11.345087601119577, "calcul": 3.5395558150349937, "method": 1.8535551884965207, "appli": 3.2681342634549932, "artifici": 5.36410510708604, "gener": 3.6559768150490273, "set": 2.554702411723542, "result": 7.125185465048537, "experi": 6.933970244400317, "radioact": 7.379008127628304, "tracer": 7.379008127628304, "human": 4.5168072466988365, "anim": 6.97354301952014, "subject": 8.320264605520208, "show": 3.641338509344936, "valu": 11.108122367163686, "sensit": 11.539140430388407, "variat": 14.114578434605328, "procedur": 5.27686660926802, "great": 16.299293935718975, "care": 10.36356710058417, "exercis": 5.992713766508414, "identifi": 4.140329675463924, "physic": 9.15129549344354, "constant": 4.48863636973214, "function": 2.2610143152115496, "deriv": 3.2930318150767204, "definit": 3.6777061535158113, "entiti": 5.992713766508414, "stabl": 5.507205950726713, "bound": 3.8380488035909903, "larg": 2.8791984572980396, "confid": 7.379008127628304, "select": 3.617808011934742, "uniform": 4.853279483320049, "run": 3.6777061535158113, "analyz": 3.5503667311392095, "consid": 3.152174382360125, "signific": 3.929020581796717, "rel": 4.200954297280359, "cacm": 0.00031215857909170155, "januari": 2.6297375976664563, "worsley": 8.07215530818825}