{"gener": 5.483965222573541, "work": 13.379069957903637, "set": 15.328214470341253, "segment": 13.30370744538559, "refer": 7.647320132277782, "string": 3.7027074557212285, "concept": 3.4181949580307265, "extend": 3.8977680382926128, "program": 1.438836874907873, "size": 3.427764409046877, "polici": 19.576405911361217, "gw": 32.288621232753, "keep": 5.769570215194204, "resid": 10.866195957145983, "retent": 14.758016255256608, "cost": 14.073113666350835, "exceed": 6.68586094706836, "retriev": 3.594818493710043, "model": 2.996981492954423, "entir": 4.638168103703103, "class": 3.427764409046877, "demand": 9.706558966640099, "fetch": 6.126245159132937, "memori": 6.275362750115116, "satisfi": 4.383275854074314, "inclus": 5.58724865840025, "properti": 3.5395558150349937, "optim": 3.1743155082373384, "gopt": 24.21646592456475, "defin": 3.1595004224521976, "oper": 2.270036932811187, "point": 3.015909502839942, "minim": 3.39002408106403, "aggreg": 6.462717395754149, "swap": 12.252490318265874, "special": 3.5395558150349937, "case": 3.2123429038265776, "structur": 2.473733349189875, "allow": 3.867462688797284, "simul": 3.380807425959106, "known": 3.7027074557212285, "stack": 5.299566585948469, "algorithm": 0.8920854338854537, "vmin": 7.379008127628304, "effici": 2.7108631424788245, "procedur": 2.63843330463401, "comput": 1.3117406171048218, "curv": 4.1803350100776235, "show": 3.641338509344936, "load": 4.814058770166768, "function": 2.2610143152115496, "usag": 4.6064194053885235, "develop": 2.4267084105450123, "empir": 4.358583241483942, "data": 2.1667934601336793, "actual": 4.287965674269989, "system": 1.55744261731572, "includ": 2.7688504001291743, "cacm": 0.00031215857909170155, "septemb": 2.546702369056466, "den": 5.36410510708604, "slutz": 7.379008127628304}