{"normal": 3.929020581796717, "curv": 4.1803350100776235, "integr": 2.984558972955866, "algorithm": 0.8920854338854537, "s15": 5.127716329021809, "cacm": 0.00031215857909170155, "octob": 2.4849066497880004, "adam": 5.992713766508414}