{"neg": 6.126245159132937, "subscript": 5.507205950726713, "fortran": 3.2681342634549932, "ii": 4.140329675463924, "program": 1.438836874907873, "ibm": 3.518278416587709, "cacm": 0.00031215857909170155, "august": 2.3750618216828454, "garber": 6.97354301952014}