{"accur": 4.739950798013046, "float": 9.55263688436784, "point": 6.031819005679884, "summat": 11.348520070779758, "paper": 1.9808454261105517, "describ": 3.0954215657676754, "altern": 3.9612814440149386, "method": 5.560665565489562, "sum": 4.545794783572089, "set": 2.554702411723542, "number": 2.2028583950544753, "comparison": 3.6901286735143684, "error": 6.096549574683947, "bound": 3.8380488035909903, "standard": 3.1023420086122493, "show": 3.641338509344936, "consider": 3.8977680382926128, "sensit": 5.769570215194204, "propag": 6.280395838960195, "round": 4.704859478201776, "cacm": 0.00031215857909170155, "june": 2.3717117347975636, "linz": 7.379008127628304}