{"expand": 5.181783550292085, "edit": 28.439704788078277, "function": 4.522028630423099, "languag": 4.350002881103019, "data": 2.1667934601336793, "process": 8.700005762206038, "automat": 6.743349884791668, "abstract": 4.434569148461864, "citat": 8.07215530818825, "index": 4.383275854074314, "mechan": 3.7680902149840803, "translat": 3.6901286735143684, "procedur": 2.63843330463401, "requir": 2.388575540849568, "method": 1.8535551884965207, "leav": 5.87493073085203, "desir": 4.140329675463924, "paper": 1.9808454261105517, "discuss": 2.1972245773362196, "economi": 5.769570215194204, "amount": 4.1803350100776235, "condens": 6.280395838960195, "text": 4.083171261623976, "oper": 2.270036932811187, "contend": 6.97354301952014, "regard": 4.77631844218392, "opportun": 11.985427533016829, "unwelcom": 8.07215530818825, "necess": 6.126245159132937, "heavi": 12.925434791508298, "goe": 7.379008127628304, "mere": 6.68586094706836, "correct": 3.6295040516979333, "improv": 3.3536564368931554, "comput": 3.9352218513144654, "output": 6.994888659369734, "exemplifi": 6.97354301952014, "concord": 6.97354301952014, "prepar": 4.57564774672177, "survey": 4.48863636973214, "articl": 5.076423034634259, "lectur": 8.07215530818825, "chief": 6.68586094706836, "interpret": 4.222007706478191, "expans": 5.36410510708604, "factor": 7.705295206024286, "analysi": 5.5476758832804265, "applic": 4.962336655354786, "quick": 6.280395838960195, "unbias": 7.379008127628304, "evalu": 3.137681375057558, "larg": 2.8791984572980396, "volum": 5.58724865840025, "incom": 6.97354301952014, "mail": 6.97354301952014, "telegram": 8.07215530818825, "yield": 4.545794783572089, "summari": 5.36410510708604, "report": 3.4669851222001586, "human": 4.5168072466988365, "produc": 3.427764409046877, "cacm": 0.00031215857909170155, "april": 2.4231810700270437, "doul": 8.07215530818825}