{"tele": 8.07215530818825, "cupl": 8.07215530818825, "telephon": 17.022780106169638, "time": 2.0511319588387233, "share": 3.4871878295176777, "system": 9.34465570389432, "gener": 1.8279884075245136, "purpos": 3.2599709528158325, "remot": 10.255432658043619, "access": 3.6062471895336663, "comput": 1.3117406171048218, "employ": 3.913272224828578, "twelv": 6.462717395754149, "key": 4.064822122955779, "keyboard": 11.348520070779758, "termin": 8.203726789272256, "audio": 7.379008127628304, "output": 3.497444329684867, "provid": 3.015909502839942, "directli": 4.408593662058603, "conjunct": 5.181783550292085, "locat": 4.140329675463924, "high": 3.6777061535158113, "speed": 3.823660066138891, "print": 5.027632870464827, "devic": 3.929020581796717, "compat": 4.853279483320049, "extens": 3.3359568597937543, "exist": 3.572345637857985, "batch": 4.853279483320049, "process": 2.1750014405515095, "signific": 3.929020581796717, "element": 3.8825005661618244, "scheme": 3.518278416587709, "transmit": 5.299566585948469, "alphanumer": 5.992713766508414, "inform": 2.5627669715602726, "singl": 3.7546671946519394, "stroke": 7.379008127628304, "numer": 3.2046208577326674, "program": 1.438836874907873, "scanner": 6.462717395754149, "context": 3.913272224828578, "elimin": 4.064822122955779, "ambigu": 5.127716329021809, "transmiss": 4.9811128548299335, "cacm": 0.00031215857909170155, "septemb": 2.546702369056466, "conway": 5.769570215194204, "morgan": 6.126245159132937}