{"treesort": 6.462717395754149, "algorithm": 0.8920854338854537, "m1": 5.433097978572992, "cacm": 0.00031215857909170155, "juli": 2.3683728335320486, "abram": 8.07215530818825}