{"data": 4.333586920267359, "structur": 4.94746669837975, "manipul": 3.437426319958614, "prioriti": 15.898699757845407, "queue": 9.788202955680608, "repres": 3.6062471895336663, "collect": 4.222007706478191, "primit": 4.814058770166768, "oper": 2.270036932811187, "insert": 4.9366610922591, "delet": 5.181783550292085, "union": 5.87493073085203, "updat": 4.704859478201776, "search": 3.47703545805366, "item": 4.287965674269989, "earliest": 7.379008127628304, "cacm": 0.00031215857909170155, "april": 2.4231810700270437, "vuillemin": 6.97354301952014}