{"mainten": 16.52161785218014, "opportun": 17.97814129952524, "list": 9.568060156805636, "class": 6.855528818093754, "teacher": 12.56079167792039, "timet": 12.56079167792039, "problem": 3.9302648408919914, "princip": 5.181783550292085, "compon": 4.26549281841793, "procedur": 2.63843330463401, "solut": 5.52777522157409, "method": 1.8535551884965207, "base": 2.701517280060587, "condit": 10.17007224319209, "exist": 3.572345637857985, "gener": 1.8279884075245136, "framework": 4.9811128548299335, "specif": 3.227968221729659, "set": 2.554702411723542, "cacm": 0.00031215857909170155, "april": 2.4231810700270437, "smith": 4.310955192494688}