{"thunk": 8.07215530818825, "compil": 3.074943034424135, "procedur": 5.27686660926802, "statement": 3.7154464814986583, "comment": 4.064822122955779, "declar": 4.814058770166768, "cacm": 0.00031215857909170155, "januari": 2.6297375976664563, "ingerman": 5.992713766508414}