{"fast": 3.9450209231431583, "procedur": 2.63843330463401, "gener": 5.483965222573541, "normal": 3.929020581796717, "random": 7.212494379067333, "variabl": 3.1093106779283426, "techniqu": 2.240272830904733, "distribut": 3.497444329684867, "number": 2.2028583950544753, "faster": 4.9811128548299335, "readili": 5.507205950726713, "applic": 2.481168327677393, "binari": 3.8094754311469345, "decim": 5.127716329021809, "comput": 1.3117406171048218, "cacm": 0.00031215857909170155, "januari": 2.6297375976664563, "marsaglia": 6.68586094706836, "maclaren": 6.68586094706836, "bray": 5.769570215194204}