{"approach": 3.1743155082373384, "automat": 6.743349884791668, "scan": 14.682304433520912, "contour": 27.165489892864958, "map": 17.434332965935766, "problem": 5.895397261337987, "digit": 3.2930318150767204, "discuss": 4.394449154672439, "structur": 2.473733349189875, "gener": 1.8279884075245136, "analyz": 3.5503667311392095, "topolog": 5.433097978572992, "properti": 3.5395558150349937, "util": 3.6901286735143684, "develop": 2.4267084105450123, "algorithm": 0.8920854338854537, "detect": 4.310955192494688, "recognit": 4.704859478201776, "line": 10.586581577754737, "solv": 3.5078071167204135, "color": 5.992713766508414, "label": 5.238941964132033, "method": 1.8535551884965207, "shown": 2.7940406489577327, "normal": 3.929020581796717, "suffic": 5.992713766508414, "distinguish": 5.36410510708604, "call": 3.4087162140761826, "odd": 7.379008127628304, "tangenc": 8.07215530818825, "involv": 3.4570347913469903, "practic": 3.617808011934742, "solut": 2.763887610787045, "base": 2.701517280060587, "minim": 3.39002408106403, "comput": 1.3117406171048218, "memori": 3.137681375057558, "space": 3.497444329684867, "simplifi": 4.48863636973214, "control": 2.954161495771495, "program": 1.438836874907873, "suggest": 3.399326473726344, "cacm": 0.00031215857909170155, "septemb": 2.546702369056466, "mor": 8.07215530818825, "lamdan": 8.07215530818825}