{"algorithm": 0.8920854338854537, "equival": 4.434569148461864, "declar": 4.814058770166768, "cacm": 0.00031215857909170155, "juli": 2.3683728335320486, "arden": 6.126245159132937, "galler": 5.433097978572992, "graham": 5.299566585948469}