{"compil": 12.29977213769654, "comput": 2.6234812342096436, "neliac": 20.05758284120508, "base": 2.701517280060587, "algol": 3.243841570885949, "develop": 2.4267084105450123, "navi": 6.97354301952014, "electron": 5.181783550292085, "laboratori": 4.9811128548299335, "san": 6.68586094706836, "diego": 7.379008127628304, "california": 6.126245159132937, "boot": 8.07215530818825, "strap": 8.07215530818825, "remington": 7.379008127628304, "rand": 6.280395838960195, "univac": 5.769570215194204, "countess": 16.1443106163765, "gener": 3.6559768150490273, "version": 8.922474791088051, "run": 3.6777061535158113, "program": 1.438836874907873, "machin": 2.918863713690471, "code": 2.948191328784991, "control": 2.954161495771495, "data": 2.1667934601336793, "corpor": 5.87493073085203, "cdc": 5.181783550292085, "accept": 4.57564774672177, "essenti": 4.434569148461864, "ident": 5.36410510708604, "input": 3.116328250586989, "languag": 2.1750014405515095, "cacm": 0.00031215857909170155, "novemb": 2.4445341944976127, "masterson": 8.07215530818825, "jr": 3.243841570885949}