{"engin": 4.814058770166768, "applic": 2.481168327677393, "logic": 3.6062471895336663, "structur": 2.473733349189875, "tabl": 3.4570347913469903, "cacm": 0.00031215857909170155, "novemb": 2.4445341944976127, "nickerson": 8.07215530818825}