{"comput": 5.246962468419287, "squar": 14.518016206791733, "polynomi": 20.452297284457096, "round": 4.704859478201776, "error": 3.0482747873419735, "accumul": 5.127716329021809, "digit": 3.2930318150767204, "make": 3.380807425959106, "approxim": 6.761614851918212, "true": 11.348520070779758, "simpl": 3.009560275161283, "method": 1.8535551884965207, "adjust": 5.507205950726713, "ing": 7.379008127628304, "constant": 4.48863636973214, "term": 3.2763647625915087, "cacm": 0.00031215857909170155, "januari": 2.6297375976664563, "goldberg": 6.68586094706836}