{"exponenti": 4.1803350100776235, "integr": 2.984558972955866, "s13": 6.68586094706836, "algorithm": 0.8920854338854537, "cacm": 0.00031215857909170155, "juli": 2.3683728335320486, "paciorek": 7.379008127628304}