{"effici": 5.421726284957649, "implement": 2.570897097643523, "variabl": 12.43724271171337, "project": 8.444015412956382, "algorithm": 2.676256301656361, "nonlinear": 14.114578434605328, "squar": 7.259008103395867, "problem": 3.9302648408919914, "frequent": 4.5168072466988365, "aris": 4.704859478201776, "solv": 3.5078071167204135, "separ": 8.487027823398309, "linear": 3.1818061799664963, "part": 3.371674942395834, "develop": 2.4267084105450123, "recent": 3.8977680382926128, "design": 2.4924254822020275, "take": 4.160132302760104, "advantag": 3.7027074557212285, "structur": 2.473733349189875, "paper": 1.9808454261105517, "slightli": 11.539140430388407, "gener": 1.8279884075245136, "version": 4.461237395544026, "appear": 4.48863636973214, "earlier": 5.076423034634259, "cacm": 0.00031215857909170155, "march": 2.546702369056466, "krogh": 7.379008127628304}