{"hardwar": 11.647501698485474, "architectur": 5.076423034634259, "implement": 7.712691292930569, "protect": 28.229156869210655, "ring": 41.841258117120844, "comput": 3.9352218513144654, "inform": 2.5627669715602726, "import": 3.497444329684867, "aspect": 4.083171261623976, "util": 3.6901286735143684, "system": 1.55744261731572, "segment": 4.434569148461864, "memori": 3.137681375057558, "address": 3.913272224828578, "scheme": 3.518278416587709, "achiev": 3.7954891891721947, "part": 3.371674942395834, "associ": 4.704859478201776, "concentr": 5.769570215194204, "decreas": 5.027632870464827, "access": 3.6062471895336663, "privileg": 6.68586094706836, "paper": 1.9808454261105517, "describ": 3.0954215657676754, "processor": 3.7154464814986583, "mechan": 15.072360859936321, "allow": 3.867462688797284, "cross": 5.769570215194204, "call": 10.226148642228548, "subsequ": 5.181783550292085, "occur": 4.310955192494688, "trap": 6.97354301952014, "supervisor": 12.56079167792039, "automat": 3.371674942395834, "valid": 4.894101477840304, "refer": 3.823660066138891, "boundari": 4.6709579265260945, "perform": 2.8094651192833644, "user": 6.109750942746651, "procedur": 5.27686660926802, "subsystem": 5.674260035389879, "includ": 2.7688504001291743, "ident": 5.36410510708604, "companion": 6.97354301952014, "pass": 4.57564774672177, "referenc": 5.674260035389879, "argument": 4.77631844218392, "case": 3.2123429038265776, "cacm": 0.00031215857909170155, "march": 2.546702369056466, "schroeder": 6.97354301952014, "saltzer": 6.68586094706836}