{"free": 7.826544449657156, "text": 8.166342523247952, "input": 6.232656501173978, "util": 3.6901286735143684, "routin": 7.734925377594568, "simpl": 3.009560275161283, "techniqu": 4.480545661809466, "frequent": 4.5168072466988365, "produc": 3.427764409046877, "program": 1.438836874907873, "accept": 4.57564774672177, "discuss": 2.1972245773362196, "relat": 3.144901623031045, "gener": 1.8279884075245136, "tape": 4.046803617453101, "manipul": 3.437426319958614, "cacm": 0.00031215857909170155, "juli": 2.3683728335320486, "blum": 7.379008127628304}