{"high": 3.6777061535158113, "level": 6.5362685269099865, "bind": 6.280395838960195, "low": 4.383275854074314, "linker": 8.07215530818825, "easi": 4.358583241483942, "implement": 2.570897097643523, "scheme": 7.036556833175418, "compil": 6.14988606884827, "enforc": 6.126245159132937, "agreement": 7.379008127628304, "complex": 3.137681375057558, "data": 2.1667934601336793, "type": 3.144901623031045, "separ": 4.2435139116991545, "modul": 5.181783550292085, "design": 2.4924254822020275, "work": 3.344767489475909, "exist": 3.572345637857985, "link": 13.075749724451825, "editor": 5.674260035389879, "loader": 6.68586094706836, "matter": 5.674260035389879, "defici": 6.97354301952014, "obscur": 7.379008127628304, "run": 3.6777061535158113, "time": 4.102263917677447, "error": 6.096549574683947, "caus": 5.58724865840025, "inconsist": 7.379008127628304, "usag": 4.6064194053885235, "forestal": 7.379008127628304, "static": 5.36410510708604, "detect": 4.310955192494688, "cacm": 0.00031215857909170155, "novemb": 2.4445341944976127, "hamlet": 7.379008127628304}