{"method": 5.560665565489562, "solut": 5.52777522157409, "transport": 18.378735477398813, "problem": 7.860529681783983, "tall": 7.379008127628304, "matric": 3.929020581796717, "present": 1.8221800659287668, "cost": 3.518278416587709, "matrix": 3.137681375057558, "column": 5.433097978572992, "comput": 1.3117406171048218, "implement": 2.570897097643523, "show": 3.641338509344936, "fast": 3.9450209231431583, "effici": 2.7108631424788245, "applic": 2.481168327677393, "indict": 8.07215530818825, "personnel": 6.462717395754149, "classif": 5.181783550292085, "classic": 5.238941964132033, "work": 3.344767489475909, "detail": 3.447182494903979, "cacm": 0.00031215857909170155, "april": 2.4231810700270437, "dwyer": 6.97354301952014, "galler": 5.433097978572992}