{"problem": 1.9651324204459957, "list": 3.189353385601879, "public": 5.127716329021809, "polici": 4.894101477840304, "issu": 4.704859478201776, "concern": 3.9612814440149386, "comput": 1.3117406171048218, "health": 6.68586094706836, "care": 5.181783550292085, "cacm": 0.00031215857909170155, "wasserman": 8.07215530818825}