{"implement": 2.570897097643523, "stack": 5.299566585948469, "cacm": 0.00031215857909170155, "octob": 2.4849066497880004, "baecker": 6.68586094706836}