{"modifi": 3.8977680382926128, "incomplet": 5.127716329021809, "gamma": 4.814058770166768, "function": 2.2610143152115496, "s14": 5.027632870464827, "algorithm": 0.8920854338854537, "a435": 8.07215530818825, "cacm": 0.00031215857909170155, "novemb": 2.4445341944976127, "fullerton": 8.07215530818825}