{"comput": 3.9352218513144654, "capabl": 7.618950862293869, "western": 12.925434791508298, "european": 6.97354301952014, "univers": 11.983853592847591, "report": 3.4669851222001586, "author": 8.575931348539978, "trip": 6.462717395754149, "europ": 6.97354301952014, "summer": 7.379008127628304, "descript": 3.437426319958614, "activ": 3.977810745966149, "institut": 10.599133171896938, "visit": 6.280395838960195, "present": 1.8221800659287668, "equip": 4.9366610922591, "vari": 4.704859478201776, "moder": 6.126245159132937, "larg": 2.8791984572980396, "scale": 4.287965674269989, "plan": 4.638168103703103, "acquir": 6.280395838960195, "complex": 3.137681375057558, "time": 2.0511319588387233, "share": 3.4871878295176777, "system": 1.55744261731572, "futur": 4.222007706478191, "opinion": 7.379008127628304, "state": 3.852647603012143, "art": 5.87493073085203, "lag": 12.925434791508298, "contin": 8.07215530818825, "attribut": 5.238941964132033, "princip": 5.181783550292085, "factor": 3.852647603012143, "handicap": 8.07215530818825, "organ": 7.015614233440827, "academ": 5.87493073085203, "procedur": 2.63843330463401, "govern": 5.181783550292085, "financi": 6.462717395754149, "relationship": 4.222007706478191, "subordin": 8.07215530818825, "facil": 3.8977680382926128, "pauciti": 8.07215530818825, "profession": 5.027632870464827, "interchang": 4.638168103703103, "knowledg": 5.027632870464827, "effect": 3.0954215657676754, "constraint": 4.358583241483942, "explic": 7.379008127628304, "cacm": 0.00031215857909170155, "decemb": 2.4626835130032902, "finerman": 6.97354301952014}