{"kutta": 5.58724865840025, "merson": 6.97354301952014, "algorithm": 0.8920854338854537, "d2": 6.462717395754149, "cacm": 0.00031215857909170155, "april": 2.4231810700270437, "bayer": 5.769570215194204}