{"full": 4.545794783572089, "tabl": 20.742208748081943, "quadrat": 26.8205255354302, "search": 24.339248206375622, "scatter": 5.87493073085203, "storag": 2.7394365149228808, "residu": 6.126245159132937, "method": 5.560665565489562, "hash": 4.814058770166768, "avoid": 4.434569148461864, "cluster": 5.58724865840025, "experienc": 6.462717395754149, "linear": 3.1818061799664963, "simpl": 6.019120550322566, "access": 14.424988758134665, "half": 4.739950798013046, "shown": 2.7940406489577327, "length": 3.7954891891721947, "prime": 4.6709579265260945, "form": 3.0954215657676754, "integ": 4.140329675463924, "separ": 4.2435139116991545, "origin": 4.2435139116991545, "entri": 4.334485689904882, "point": 3.015909502839942, "present": 1.8221800659287668, "comput": 1.3117406171048218, "advantag": 3.7027074557212285, "sweep": 7.379008127628304, "cacm": 0.00031215857909170155, "august": 2.3750618216828454, "day": 5.507205950726713}