{"synthesi": 5.674260035389879, "loop": 23.699753990065233, "predic": 43.962770872721364, "method": 5.560665565489562, "mechan": 7.5361804299681605, "program": 2.877673749815746, "verif": 5.433097978572992, "requir": 2.388575540849568, "complet": 6.95407091610732, "specif": 3.227968221729659, "tediou": 5.769570215194204, "error": 3.0482747873419735, "prone": 6.97354301952014, "produc": 3.427764409046877, "correct": 3.6295040516979333, "reason": 4.287965674269989, "difficult": 4.57564774672177, "facilit": 4.739950798013046, "machin": 2.918863713690471, "assist": 4.9366610922591, "paper": 1.9808454261105517, "discuss": 2.1972245773362196, "techniqu": 4.480545661809466, "synthes": 5.674260035389879, "class": 6.855528818093754, "consid": 3.152174382360125, "heurist": 4.6064194053885235, "deriv": 3.2930318150767204, "boundari": 4.6709579265260945, "condit": 3.39002408106403, "partial": 4.287965674269989, "induct": 5.769570215194204, "assert": 5.87493073085203, "extract": 5.076423034634259, "input": 3.116328250586989, "weak": 11.348520070779758, "interpret": 8.444015412956382, "obtain": 3.116328250586989, "evalu": 3.137681375057558, "cacm": 0.00031215857909170155, "march": 2.546702369056466, "wegbreit": 6.280395838960195}