{"error": 3.0482747873419735, "estim": 3.929020581796717, "rung": 5.87493073085203, "kutta": 5.58724865840025, "procedur": 2.63843330463401, "cacm": 0.00031215857909170155, "septemb": 2.546702369056466, "call": 3.4087162140761826, "reev": 5.87493073085203}