{"evalu": 3.137681375057558, "polynomi": 3.4087162140761826, "comput": 1.3117406171048218, "cacm": 0.00031215857909170155, "decemb": 2.4626835130032902, "knuth": 5.027632870464827}