{"note": 3.497444329684867, "eigenvalu": 4.814058770166768, "comput": 1.3117406171048218, "cacm": 0.00031215857909170155, "novemb": 2.4445341944976127, "andru": 8.07215530818825}