{"iitran": 24.21646592456475, "program": 1.438836874907873, "languag": 8.700005762206038, "develop": 2.4267084105450123, "student": 8.621910384989375, "import": 6.994888659369734, "featur": 6.798652947452688, "procedur": 2.63843330463401, "orient": 3.977810745966149, "level": 3.2681342634549932, "block": 3.929020581796717, "structur": 2.473733349189875, "varieti": 4.1209115896068225, "data": 2.1667934601336793, "type": 3.144901623031045, "power": 3.7680902149840803, "includ": 2.7688504001291743, "discuss": 2.1972245773362196, "design": 2.4924254822020275, "principl": 4.5168072466988365, "cacm": 0.00031215857909170155, "octob": 2.4849066497880004, "dewar": 6.97354301952014, "hochsprung": 8.07215530818825}