{"algebra": 4.0117122976418305, "set": 2.554702411723542, "algorithm": 0.8920854338854537, "cacm": 0.00031215857909170155, "march": 2.546702369056466, "mifsud": 6.126245159132937}