{"bk": 8.07215530818825, "system": 1.55744261731572, "philco": 6.68586094706836, "cacm": 0.00031215857909170155, "februari": 2.6211168546225494, "smith": 4.310955192494688}