{"expect": 8.668971379809763, "length": 7.590978378344389, "sequenc": 7.330872121847993, "gener": 3.6559768150490273, "sort": 7.765001132323649, "replac": 9.479901596026092, "select": 7.235616023869484, "techniqu": 4.480545661809466, "interest": 3.9450209231431583, "ratio": 5.127716329021809, "th": 6.126245159132937, "number": 2.2028583950544753, "memori": 3.137681375057558, "cell": 5.076423034634259, "complex": 3.137681375057558, "variabl": 3.1093106779283426, "theori": 4.140329675463924, "shown": 2.7940406489577327, "asymptot": 5.433097978572992, "averag": 4.26549281841793, "interv": 4.48863636973214, "sign": 5.507205950726713, "cacm": 0.00031215857909170155, "juli": 2.3683728335320486, "hooker": 8.07215530818825}