{"pseudochain": 24.21646592456475, "hash": 9.628117540333536, "tabl": 10.371104374040971, "paper": 1.9808454261105517, "present": 3.6443601318575336, "collis": 6.462717395754149, "resolut": 5.992713766508414, "method": 3.7071103769930414, "half": 4.739950798013046, "open": 5.299566585948469, "address": 3.913272224828578, "chain": 9.788202955680608, "owe": 7.379008127628304, "fact": 4.6709579265260945, "link": 4.358583241483942, "field": 3.9946178642825303, "cell": 5.076423034634259, "permit": 3.572345637857985, "overflow": 5.87493073085203, "item": 4.287965674269989, "effici": 2.7108631424788245, "deriv": 3.2930318150767204, "tradeoff": 6.126245159132937, "analysi": 2.7738379416402132, "cacm": 0.00031215857909170155, "juli": 2.3683728335320486, "halatsi": 8.07215530818825, "philokypr": 8.07215530818825}