{"preliminari": 5.076423034634259, "system": 1.55744261731572, "design": 9.96970192880811, "dbtg": 8.07215530818825, "data": 8.667173840534717, "structur": 9.8949333967595, "function": 4.522028630423099, "approach": 9.522946524712015, "databas": 5.238941964132033, "introduc": 3.8380488035909903, "goal": 4.9811128548299335, "deriv": 3.2930318150767204, "capabl": 3.8094754311469345, "support": 4.434569148461864, "set": 2.554702411723542, "anticip": 6.462717395754149, "queri": 4.739950798013046, "model": 2.996981492954423, "busi": 4.814058770166768, "oper": 2.270036932811187, "comput": 1.3117406171048218, "program": 4.31651062472362, "util": 7.380257347028737, "conform": 6.462717395754149, "base": 2.701517280060587, "task": 4.222007706478191, "group": 4.1803350100776235, "specif": 3.227968221729659, "automat": 3.371674942395834, "technolog": 4.5168072466988365, "typic": 4.461237395544026, "gener": 3.6559768150490273, "procedur": 2.63843330463401, "declar": 4.814058770166768, "cacm": 0.00031215857909170155, "octob": 2.4849066497880004, "gerritsen": 8.07215530818825}