{"perform": 5.618930238566729, "height": 12.252490318265874, "balanc": 10.152846069268518, "tree": 46.58574619992943, "paper": 1.9808454261105517, "present": 1.8221800659287668, "result": 4.750123643365691, "simul": 3.380807425959106, "investig": 4.26549281841793, "hb": 72.64939777369426, "shown": 2.7940406489577327, "statist": 3.867462688797284, "avl": 6.126245159132937, "function": 4.522028630423099, "size": 10.283293227140632, "time": 6.15339587651617, "search": 3.47703545805366, "item": 4.287965674269989, "suffici": 4.26549281841793, "larg": 2.8791984572980396, "execut": 6.471746802473543, "procedur": 5.27686660926802, "maintain": 18.552672414812413, "independ": 7.618950862293869, "averag": 21.32746409208965, "restructur": 11.74986146170406, "requir": 4.777151081699136, "insert": 4.9366610922591, "node": 13.30370744538559, "revisit": 24.21646592456475, "restor": 22.137024382884913, "properti": 10.61866744510498, "delet": 10.36356710058417, "number": 2.2028583950544753, "oper": 2.270036932811187, "order": 2.93049175168559, "trace": 5.027632870464827, "back": 5.507205950726713, "cost": 7.036556833175418, "drop": 6.462717395754149, "sharpli": 7.379008127628304, "allow": 3.867462688797284, "imbal": 6.97354301952014, "increas": 3.6295040516979333, "analyt": 4.461237395544026, "experiment": 3.867462688797284, "show": 3.641338509344936, "discuss": 2.1972245773362196, "cacm": 0.00031215857909170155, "januari": 2.6297375976664563, "karlton": 8.07215530818825, "fuller": 6.126245159132937, "scrogg": 8.07215530818825, "kaehler": 8.07215530818825}