{"function": 2.2610143152115496, "minim": 3.39002408106403, "algorithm": 0.8920854338854537, "e4": 5.433097978572992, "cacm": 0.00031215857909170155, "march": 2.546702369056466, "well": 5.87493073085203}