{"mechan": 11.30427064495224, "curv": 8.360670020155247, "fit": 7.989235728565061, "process": 6.525004321654528, "datan": 8.07215530818825, "approxim": 3.380807425959106, "data": 4.333586920267359, "problem": 1.9651324204459957, "creat": 4.408593662058603, "engin": 4.814058770166768, "programm": 3.977810745966149, "defin": 6.319000844904395, "approach": 3.1743155082373384, "system": 1.55744261731572, "written": 3.728349886334566, "sru": 8.07215530818825, "major": 3.867462688797284, "portion": 4.894101477840304, "techniqu": 2.240272830904733, "develop": 2.4267084105450123, "accomplish": 4.638168103703103, "larg": 2.8791984572980396, "empir": 4.358583241483942, "depend": 3.929020581796717, "inform": 2.5627669715602726, "actual": 4.287965674269989, "point": 3.015909502839942, "cacm": 0.00031215857909170155, "april": 2.4231810700270437, "simonsen": 8.07215530818825, "anketel": 8.07215530818825}