{"survey": 4.48863636973214, "languag": 2.1750014405515095, "system": 1.55744261731572, "inform": 2.5627669715602726, "retriev": 3.594818493710043, "cacm": 0.00031215857909170155, "januari": 2.6297375976664563, "grem": 6.126245159132937}