{"simpl": 6.019120550322566, "techniqu": 2.240272830904733, "digit": 6.586063630153441, "divis": 9.033614493397673, "econom": 4.6709579265260945, "method": 7.414220753986083, "suitabl": 8.360670020155247, "divisor": 10.866195957145983, "lead": 4.48863636973214, "charact": 7.330872121847993, "radix": 6.280395838960195, "uniti": 7.379008127628304, "equal": 4.6709579265260945, "direct": 3.58351893845611, "need": 6.503747485166426, "half": 4.739950798013046, "number": 2.2028583950544753, "arithmet": 3.6901286735143684, "oper": 2.270036932811187, "variant": 5.238941964132033, "harvard": 6.280395838960195, "iter": 4.046803617453101, "gilman": 7.379008127628304, "similar": 3.7954891891721947, "cacm": 0.00031215857909170155, "june": 2.3717117347975636, "nandi": 7.379008127628304, "krishnamurthi": 6.97354301952014}