{"multipl": 3.58351893845611, "precis": 4.064822122955779, "divis": 13.55042174009651, "algorithm": 1.7841708677709074, "gener": 1.8279884075245136, "posit": 4.1209115896068225, "integr": 2.984558972955866, "operand": 5.992713766508414, "present": 1.8221800659287668, "depend": 3.929020581796717, "algebra": 4.0117122976418305, "relationship": 4.222007706478191, "cipher": 13.37172189413672, "divisor": 10.866195957145983, "adjust": 5.507205950726713, "origin": 4.2435139116991545, "dividend": 8.07215530818825, "perform": 2.8094651192833644, "oper": 2.270036932811187, "initi": 4.2435139116991545, "uniqu": 5.076423034634259, "method": 1.8535551884965207, "trial": 5.674260035389879, "quotient": 5.769570215194204, "equal": 4.6709579265260945, "greater": 4.853279483320049, "final": 3.7680902149840803, "replac": 4.739950798013046, "cacm": 0.00031215857909170155, "novemb": 2.4445341944976127, "mifsud": 6.126245159132937}