{"estim": 3.929020581796717, "distribut": 20.984665978109202, "random": 7.212494379067333, "variabl": 12.43724271171337, "comput": 5.246962468419287, "commun": 11.146339444495975, "traffic": 5.674260035389879, "model": 17.98188895772654, "studi": 9.683904665188976, "multiaccess": 12.252490318265874, "character": 4.9811128548299335, "underli": 5.127716329021809, "elementari": 9.033614493397673, "user": 3.0548754713733257, "interact": 3.6654360609239967, "process": 2.1750014405515095, "sens": 4.739950798013046, "gener": 1.8279884075245136, "interest": 3.9450209231431583, "decompos": 5.992713766508414, "element": 3.8825005661618244, "data": 2.1667934601336793, "examin": 7.282677018689872, "oper": 2.270036932811187, "system": 4.67232785194716, "shown": 5.5880812979154655, "robust": 7.379008127628304, "independ": 3.8094754311469345, "gamma": 9.628117540333536, "describ": 3.0954215657676754, "discret": 4.814058770166768, "approxim": 3.380807425959106, "exponenti": 4.1803350100776235, "discuss": 2.1972245773362196, "cacm": 0.00031215857909170155, "decemb": 2.4626835130032902, "fuch": 7.379008127628304, "jackson": 8.07215530818825}