{"ration": 5.027632870464827, "approxim": 3.380807425959106, "error": 3.0482747873419735, "function": 4.522028630423099, "similar": 3.7954891891721947, "cacm": 0.00031215857909170155, "august": 2.3750618216828454, "clendenin": 8.07215530818825}