{"complex": 6.275362750115116, "gamma": 14.442176310500304, "function": 11.305071576057749, "error": 12.193099149367894, "control": 5.90832299154299, "algorithm": 4.460427169427269, "comput": 2.6234812342096436, "log": 4.9811128548299335, "variabl": 3.1093106779283426, "present": 3.6443601318575336, "standard": 3.1023420086122493, "modifi": 3.8977680382926128, "respect": 4.26549281841793, "insur": 6.280395838960195, "continu": 3.852647603012143, "reduc": 3.641338509344936, "accumul": 5.127716329021809, "round": 9.409718956403552, "addit": 3.318565117081885, "valu": 3.7027074557212285, "includ": 2.7688504001291743, "object": 3.380807425959106, "time": 2.0511319588387233, "estim": 3.929020581796717, "experiment": 3.867462688797284, "data": 2.1667934601336793, "regard": 4.77631844218392, "effect": 3.0954215657676754, "fortran": 3.2681342634549932, "program": 1.438836874907873, "appear": 4.48863636973214, "section": 4.853279483320049, "issu": 4.704859478201776, "cacm": 0.00031215857909170155, "april": 2.4231810700270437, "kuki": 6.97354301952014}