{"maximum": 5.027632870464827, "comput": 2.6234812342096436, "power": 3.7680902149840803, "cost": 3.518278416587709, "factor": 7.705295206024286, "central": 4.739950798013046, "problem": 1.9651324204459957, "simpl": 3.009560275161283, "analysi": 2.7738379416402132, "econom": 4.6709579265260945, "involv": 3.4570347913469903, "compar": 3.227968221729659, "multimachin": 8.07215530818825, "instal": 11.1744973168005, "versu": 5.992713766508414, "larg": 2.8791984572980396, "singl": 3.7546671946519394, "machin": 2.918863713690471, "mathemat": 3.6295040516979333, "model": 2.996981492954423, "deriv": 3.2930318150767204, "assist": 4.9366610922591, "polici": 4.894101477840304, "decis": 3.8977680382926128, "cacm": 0.00031215857909170155, "februari": 2.6211168546225494, "oldehoeft": 7.379008127628304, "halstead": 6.462717395754149}