{"elimin": 4.064822122955779, "monoton": 6.462717395754149, "mathemat": 7.259008103395867, "formac": 17.97814129952524, "formula": 4.0117122976418305, "manipul": 3.437426319958614, "compil": 3.074943034424135, "program": 2.877673749815746, "system": 1.55744261731572, "power": 7.5361804299681605, "tool": 4.638168103703103, "perform": 5.618930238566729, "analysi": 11.095351766560853, "extens": 3.3359568597937543, "fortran": 3.2681342634549932, "iv": 4.77631844218392, "permit": 3.572345637857985, "comput": 2.6234812342096436, "tediou": 5.769570215194204, "algebra": 4.0117122976418305, "aris": 4.704859478201776, "field": 3.9946178642825303, "area": 3.867462688797284, "success": 4.083171261623976, "differenti": 3.929020581796717, "complic": 5.027632870464827, "express": 3.1595004224521976, "expans": 5.36410510708604, "truncat": 5.36410510708604, "seri": 3.8825005661618244, "solut": 8.291662832361135, "simultan": 4.1803350100776235, "equat": 6.218621355856685, "liter": 8.07215530818825, "coeffici": 8.241823179213645, "nonlinear": 4.704859478201776, "maximum": 5.027632870464827, "likelihood": 8.07215530818825, "estim": 3.929020581796717, "tensor": 6.126245159132937, "gener": 1.8279884075245136, "keplerian": 8.07215530818825, "motion": 5.58724865840025, "type": 3.144901623031045, "aros": 8.07215530818825, "specif": 6.455936443459318, "practic": 3.617808011934742, "problem": 3.9302648408919914, "physic": 4.57564774672177, "engin": 4.814058770166768, "astronomi": 8.07215530818825, "statist": 3.867462688797284, "astronaut": 8.07215530818825, "discuss": 2.1972245773362196, "paper": 1.9808454261105517, "addit": 3.318565117081885, "usag": 4.6064194053885235, "autom": 4.57564774672177, "phase": 5.027632870464827, "product": 3.9946178642825303, "applic": 2.481168327677393, "present": 1.8221800659287668, "cacm": 0.00031215857909170155, "octob": 2.4849066497880004, "tobey": 6.68586094706836}