{"survey": 8.97727273946428, "comput": 6.558703085524109, "scienc": 19.889053729830746, "offer": 19.10527376873568, "small": 7.189636987420086, "liber": 13.94708603904028, "art": 11.74986146170406, "colleg": 22.697040141559516, "recent": 3.8977680382926128, "curricular": 7.379008127628304, "develop": 2.4267084105450123, "student": 4.310955192494688, "terest": 6.68586094706836, "pursu": 6.68586094706836, "topic": 5.299566585948469, "usual": 5.299566585948469, "program": 5.755347499631492, "cours": 8.97727273946428, "encourag": 5.769570215194204, "expand": 5.181783550292085, "paper": 1.9808454261105517, "summar": 5.076423034634259, "result": 4.750123643365691, "determin": 3.009560275161283, "type": 3.144901623031045, "half": 4.739950798013046, "cacm": 0.00031215857909170155, "decemb": 2.4626835130032902, "lopez": 8.07215530818825, "raymond": 7.379008127628304, "tardiff": 8.07215530818825}