{"evalu": 3.137681375057558, "number": 2.2028583950544753, "express": 3.1595004224521976, "string": 3.7027074557212285, "english": 4.6064194053885235, "word": 3.7546671946519394, "cacm": 0.00031215857909170155, "octob": 2.4849066497880004, "swift": 7.379008127628304}