{"predomin": 6.97354301952014, "direct": 3.58351893845611, "graph": 4.029104040353699, "algorithm": 0.8920854338854537, "a430": 8.07215530818825, "cacm": 0.00031215857909170155, "august": 2.3750618216828454, "purdom": 8.07215530818825, "jr": 3.243841570885949, "moor": 5.507205950726713}