{"statu": 5.58724865840025, "comput": 1.3117406171048218, "scienc": 3.977810745966149, "curricula": 6.280395838960195, "colleg": 5.674260035389879, "univers": 3.9946178642825303, "cacm": 0.00031215857909170155, "april": 2.4231810700270437, "atchison": 7.379008127628304, "hamblen": 6.280395838960195}