{"convers": 3.867462688797284, "power": 7.5361804299681605, "seri": 11.647501698485474, "chebyshev": 9.8733221845182, "polynomi": 6.817432428152365, "slowli": 6.68586094706836, "converg": 4.638168103703103, "rearrang": 5.992713766508414, "sequenc": 3.6654360609239967, "transform": 3.6654360609239967, "evalu": 3.137681375057558, "coeffici": 8.241823179213645, "method": 1.8535551884965207, "illustr": 3.47703545805366, "comput": 1.3117406171048218, "expans": 5.36410510708604, "logarithm": 5.181783550292085, "dilogarithm": 6.97354301952014, "cacm": 0.00031215857909170155, "march": 2.546702369056466, "thacher": 4.358583241483942, "jr": 3.243841570885949}