{"high": 3.6777061535158113, "secur": 5.238941964132033, "log": 4.9811128548299335, "procedur": 2.63843330463401, "protect": 4.704859478201776, "time": 2.0511319588387233, "share": 3.4871878295176777, "system": 1.55744261731572, "unauthor": 8.07215530818825, "user": 3.0548754713733257, "achiev": 3.7954891891721947, "password": 20.920629058560422, "cipher": 20.05758284120508, "code": 5.896382657569982, "risk": 6.97354301952014, "involv": 3.4570347913469903, "store": 3.5288605259182457, "comput": 1.3117406171048218, "avoid": 4.434569148461864, "discuss": 2.1972245773362196, "select": 3.617808011934742, "suitabl": 4.1803350100776235, "suggest": 3.399326473726344, "purpos": 3.2599709528158325, "polynomi": 3.4087162140761826, "prime": 4.6709579265260945, "modulu": 6.68586094706836, "superior": 4.77631844218392, "deriv": 3.2930318150767204, "sannon": 8.07215530818825, "cacm": 0.00031215857909170155, "august": 2.3750618216828454, "purdi": 7.379008127628304}