{"complex": 9.413044125172675, "lr": 17.97814129952524, "test": 9.245168164228541, "problem": 11.790794522675974, "determin": 3.009560275161283, "arbitrari": 4.160132302760104, "context": 3.913272224828578, "free": 3.913272224828578, "grammar": 28.846381127247756, "member": 5.299566585948469, "easili": 4.26549281841793, "pars": 4.383275854074314, "subclass": 7.379008127628304, "consid": 9.456523147080375, "time": 4.102263917677447, "analyz": 3.5503667311392095, "fix": 4.064822122955779, "integ": 4.140329675463924, "paramet": 7.563391734079717, "case": 3.2123429038265776, "shown": 5.5880812979154655, "exist": 3.572345637857985, "algorithm": 0.8920854338854537, "properti": 3.5395558150349937, "size": 3.427764409046877, "question": 4.140329675463924, "hand": 4.894101477840304, "subject": 4.160132302760104, "depend": 3.929020581796717, "strongli": 5.769570215194204, "represent": 3.5503667311392095, "chosen": 4.894101477840304, "specif": 3.227968221729659, "np": 6.68586094706836, "complet": 6.95407091610732, "express": 6.319000844904395, "unari": 7.379008127628304, "binari": 3.8094754311469345, "nondeterminist": 5.992713766508414, "exponenti": 4.1803350100776235, "result": 2.3750618216828454, "carri": 4.77631844218392, "parameter": 6.462717395754149, "class": 3.427764409046877, "ll": 13.94708603904028, "strong": 11.1744973168005, "slr": 6.97354301952014, "lc": 16.1443106163765, "cacm": 0.00031215857909170155, "decemb": 2.4626835130032902, "hunt": 6.462717395754149, "iii": 4.704859478201776, "szymanski": 6.68586094706836, "ullman": 6.68586094706836}