{"rapid": 9.8733221845182, "comput": 2.6234812342096436, "gener": 1.8279884075245136, "interpol": 4.6064194053885235, "formula": 4.0117122976418305, "mechan": 3.7680902149840803, "quadratur": 4.638168103703103, "rule": 6.95407091610732, "let": 13.94708603904028, "continu": 3.852647603012143, "close": 4.638168103703103, "interv": 4.48863636973214, "linear": 3.1818061799664963, "function": 2.2610143152115496, "attempt": 4.1209115896068225, "made": 3.2046208577326674, "approxim": 6.761614851918212, "polynomi": 3.4087162140761826, "algorithm": 0.8920854338854537, "develop": 2.4267084105450123, "wide": 4.408593662058603, "class": 3.427764409046877, "select": 3.617808011934742, "includ": 2.7688504001291743, "lagrangian": 7.379008127628304, "hermitian": 8.07215530818825, "special": 3.5395558150349937, "case": 3.2123429038265776, "cacm": 0.00031215857909170155, "decemb": 2.4626835130032902, "gustafson": 6.97354301952014}