{"legal": 30.631225795664683, "implic": 4.739950798013046, "comput": 6.558703085524109, "paper": 1.9808454261105517, "point": 3.015909502839942, "varieti": 4.1209115896068225, "way": 4.77631844218392, "system": 3.11488523463144, "busi": 4.814058770166768, "industri": 5.36410510708604, "involv": 6.914069582693981, "entangl": 16.1443106163765, "suggest": 6.798652947452688, "specialist": 13.37172189413672, "respons": 4.461237395544026, "call": 3.4087162140761826, "assist": 4.9366610922591, "forestal": 7.379008127628304, "minim": 3.39002408106403, "plan": 4.638168103703103, "stage": 4.9811128548299335, "techniqu": 2.240272830904733, "make": 3.380807425959106, "clearanc": 8.07215530818825, "effect": 3.0954215657676754, "burden": 7.379008127628304, "technolog": 4.5168072466988365, "achiev": 3.7954891891721947, "favor": 5.433097978572992, "climat": 8.07215530818825, "gener": 1.8279884075245136, "alert": 7.379008127628304, "potenti": 4.6709579265260945, "opportun": 5.992713766508414, "interpret": 4.222007706478191, "lawyer": 7.379008127628304, "technic": 5.127716329021809, "aspect": 4.083171261623976, "situat": 4.48863636973214, "cacm": 0.00031215857909170155, "decemb": 2.4626835130032902, "freed": 6.68586094706836}