{"havi": 6.462717395754149, "integr": 2.984558972955866, "algorithm": 0.8920854338854537, "d1": 4.545794783572089, "cacm": 0.00031215857909170155, "june": 2.3717117347975636, "kubik": 7.379008127628304}