{"graduat": 5.238941964132033, "educ": 4.287965674269989, "ph": 5.58724865840025, "glut": 7.379008127628304, "cacm": 0.00031215857909170155, "march": 2.546702369056466, "payn": 6.126245159132937}