{"comput": 1.3117406171048218, "type": 3.144901623031045, "incompletebeta": 8.07215530818825, "function": 2.2610143152115496, "cacm": 0.00031215857909170155, "novemb": 2.4445341944976127, "tang": 6.97354301952014}