{"method": 3.7071103769930414, "compar": 3.227968221729659, "time": 2.0511319588387233, "requir": 2.388575540849568, "sort": 3.8825005661618244, "cacm": 0.00031215857909170155, "hall": 5.87493073085203}