{"procedur": 2.63843330463401, "normal": 3.929020581796717, "distribut": 3.497444329684867, "function": 2.2610143152115496, "algorithm": 0.8920854338854537, "s15": 5.127716329021809, "cacm": 0.00031215857909170155, "decemb": 2.4626835130032902, "maclaren": 6.68586094706836}