{"effici": 2.7108631424788245, "increment": 5.58724865840025, "automat": 3.371674942395834, "garbag": 5.127716329021809, "collector": 5.87493073085203, "paper": 1.9808454261105517, "describ": 3.0954215657676754, "solv": 3.5078071167204135, "storag": 13.697182574614404, "reclam": 7.379008127628304, "problem": 1.9651324204459957, "system": 3.11488523463144, "lisp": 4.57564774672177, "alloc": 3.6295040516979333, "heap": 6.68586094706836, "requir": 2.388575540849568, "programm": 3.977810745966149, "give": 4.287965674269989, "indic": 5.076423034634259, "item": 8.575931348539978, "longer": 5.674260035389879, "access": 3.6062471895336663, "refer": 15.294640264555564, "count": 19.7466443690364, "scheme": 7.036556833175418, "reclaim": 13.94708603904028, "non": 4.638168103703103, "referenti": 8.07215530818825, "structur": 2.473733349189875, "linear": 3.1818061799664963, "compact": 4.9366610922591, "copi": 5.58724865840025, "reorgan": 6.126245159132937, "user": 3.0548754713733257, "discret": 4.814058770166768, "propos": 2.907369334264736, "algorithm": 0.8920854338854537, "design": 2.4924254822020275, "work": 3.344767489475909, "multipl": 7.16703787691222, "level": 3.2681342634549932, "larg": 2.8791984572980396, "virtual": 4.6064194053885235, "address": 3.913272224828578, "space": 3.497444329684867, "depend": 3.929020581796717, "fact": 4.6709579265260945, "cell": 5.076423034634259, "referenc": 11.348520070779758, "exactli": 5.769570215194204, "need": 3.251873742583213, "accur": 4.739950798013046, "transact": 5.433097978572992, "store": 7.0577210518364915, "tabl": 3.4570347913469903, "cacm": 0.00031215857909170155, "septemb": 2.546702369056466, "deutsch": 6.462717395754149, "bobrow": 5.87493073085203}