{"effici": 2.7108631424788245, "algorithm": 1.7841708677709074, "sort": 3.8825005661618244, "minim": 3.39002408106403, "storag": 2.7394365149228808, "m1": 5.433097978572992, "cacm": 0.00031215857909170155, "march": 2.546702369056466, "singleton": 5.674260035389879}