{"manag": 12.140410852359302, "comput": 6.558703085524109, "resourc": 12.863897022809967, "stage": 39.84890283863947, "hypothesi": 12.252490318265874, "base": 2.701517280060587, "studi": 3.227968221729659, "expenditur": 6.97354301952014, "data": 2.1667934601336793, "process": 2.1750014405515095, "descript": 3.437426319958614, "present": 1.8221800659287668, "suggest": 3.399326473726344, "plan": 4.638168103703103, "organ": 3.5078071167204135, "control": 5.90832299154299, "activ": 3.977810745966149, "chang": 4.2435139116991545, "charact": 3.6654360609239967, "period": 4.77631844218392, "time": 2.0511319588387233, "evolv": 5.507205950726713, "pattern": 4.101863394636128, "roughli": 6.462717395754149, "correl": 5.433097978572992, "budget": 7.379008127628304, "acquisit": 7.379008127628304, "ii": 4.140329675463924, "intens": 6.126245159132937, "system": 1.55744261731572, "develop": 2.4267084105450123, "iii": 4.704859478201776, "prolifer": 7.379008127628304, "iv": 4.77631844218392, "user": 3.0548754713733257, "servic": 4.5168072466988365, "orient": 3.977810745966149, "relat": 3.144901623031045, "individu": 4.6064194053885235, "task": 4.222007706478191, "cacm": 0.00031215857909170155, "juli": 2.3683728335320486, "nolan": 6.462717395754149}