{"simul": 3.380807425959106, "analysi": 5.5476758832804265, "biochem": 6.97354301952014, "system": 1.55744261731572, "iii": 4.704859478201776, "pattern": 4.101863394636128, "recognit": 4.704859478201776, "cacm": 0.00031215857909170155, "februari": 2.6211168546225494, "garfinkel": 6.97354301952014, "polk": 8.07215530818825, "higgin": 7.379008127628304, "ochser": 8.07215530818825}