{"calcul": 3.5395558150349937, "confluent": 6.68586094706836, "divid": 4.739950798013046, "differ": 3.977810745966149, "algorithm": 0.8920854338854537, "cacm": 0.00031215857909170155, "april": 2.4231810700270437, "kahan": 6.462717395754149, "farka": 6.462717395754149}