{"shuttlesort": 8.07215530818825, "algorithm": 0.8920854338854537, "cacm": 0.00031215857909170155, "juelich": 6.97354301952014}