{"evalu": 3.137681375057558, "determin": 3.009560275161283, "algorithm": 0.8920854338854537, "cacm": 0.00031215857909170155, "april": 2.4231810700270437, "solomon": 6.462717395754149}