{"educ": 30.01575971988992, "relat": 3.144901623031045, "comput": 5.246962468419287, "organ": 10.52342135016124, "acm": 4.358583241483942, "curriculum": 10.255432658043619, "committe": 14.559838449960148, "manag": 8.093607234906202, "carri": 4.77631844218392, "studi": 6.455936443459318, "develop": 2.4267084105450123, "inform": 5.125533943120545, "system": 3.11488523463144, "colleg": 11.348520070779758, "univers": 3.9946178642825303, "grant": 5.87493073085203, "nation": 4.9811128548299335, "scienc": 3.977810745966149, "foundat": 5.992713766508414, "posit": 8.241823179213645, "paper": 1.9808454261105517, "framework": 4.9811128548299335, "preliminari": 5.076423034634259, "conclus": 4.814058770166768, "present": 1.8221800659287668, "need": 3.251873742583213, "administr": 5.299566585948469, "curricula": 6.280395838960195, "cours": 4.48863636973214, "suggest": 3.399326473726344, "role": 5.027632870464827, "profession": 5.027632870464827, "societi": 5.674260035389879, "discuss": 2.1972245773362196, "plan": 4.638168103703103, "outlin": 4.160132302760104, "initi": 4.2435139116991545, "approach": 3.1743155082373384, "describ": 3.0954215657676754, "effect": 3.0954215657676754, "classifi": 5.674260035389879, "requir": 2.388575540849568, "survey": 4.48863636973214, "program": 1.438836874907873, "cacm": 0.00031215857909170155, "septemb": 2.546702369056466, "teichroew": 6.97354301952014}