{"basic": 3.4181949580307265, "element": 3.8825005661618244, "cobol": 4.545794783572089, "cacm": 0.00031215857909170155, "sammet": 5.992713766508414}