{"recurs": 7.826544449657156, "solut": 2.763887610787045, "class": 3.427764409046877, "combinatori": 10.055265740929654, "problem": 7.860529681783983, "requir": 2.388575540849568, "select": 3.617808011934742, "element": 7.765001132323649, "set": 2.554702411723542, "solv": 3.5078071167204135, "process": 2.1750014405515095, "analog": 5.299566585948469, "comput": 1.3117406171048218, "binomi": 6.280395838960195, "coeffici": 4.1209115896068225, "specif": 3.227968221729659, "analyz": 3.5503667311392095, "gener": 1.8279884075245136, "techniqu": 2.240272830904733, "expos": 6.68586094706836, "algol": 3.243841570885949, "program": 1.438836874907873, "develop": 2.4267084105450123, "cacm": 0.00031215857909170155, "octob": 2.4849066497880004, "lynch": 6.126245159132937}