{"top": 5.181783550292085, "bottom": 5.992713766508414, "recognit": 9.409718956403552, "left": 11.539140430388407, "recurs": 7.826544449657156, "procedur": 2.63843330463401, "obtain": 3.116328250586989, "structur": 2.473733349189875, "descript": 3.437426319958614, "context": 3.913272224828578, "free": 3.913272224828578, "grammar": 4.1209115896068225, "perform": 2.8094651192833644, "accord": 4.9366610922591, "strongli": 5.769570215194204, "equival": 4.434569148461864, "freegrammar": 8.07215530818825, "effect": 3.0954215657676754, "allow": 3.867462688797284, "null": 6.97354301952014, "string": 3.7027074557212285, "rewrit": 6.280395838960195, "rule": 3.47703545805366, "discuss": 2.1972245773362196, "cacm": 0.00031215857909170155, "juli": 2.3683728335320486, "kurki": 8.07215530818825, "suonio": 8.07215530818825}