{"multilevel": 12.56079167792039, "oper": 9.080147731244748, "system": 7.787213086578601, "basic": 3.4181949580307265, "softwar": 3.929020581796717, "newer": 7.379008127628304, "comput": 1.3117406171048218, "built": 5.076423034634259, "establish": 4.408593662058603, "need": 3.251873742583213, "standard": 6.204684017224499, "impli": 5.507205950726713, "applic": 4.962336655354786, "matter": 5.674260035389879, "larg": 5.758396914596079, "complex": 6.275362750115116, "time": 2.0511319588387233, "consum": 5.433097978572992, "precis": 4.064822122955779, "top": 5.181783550292085, "requir": 4.777151081699136, "supervisori": 6.462717395754149, "monitor": 4.638168103703103, "handl": 3.7154464814986583, "problem": 1.9651324204459957, "similar": 7.590978378344389, "level": 9.80440279036498, "fourth": 5.507205950726713, "desir": 4.140329675463924, "lead": 8.97727273946428, "natur": 3.7027074557212285, "concept": 3.4181949580307265, "vertic": 5.433097978572992, "horizont": 6.126245159132937, "proper": 5.076423034634259, "divis": 4.5168072466988365, "respons": 4.461237395544026, "greater": 4.853279483320049, "effici": 2.7108631424788245, "logic": 3.6062471895336663, "actual": 4.287965674269989, "enhanc": 6.126245159132937, "capabl": 3.8094754311469345, "cacm": 0.00031215857909170155, "march": 2.546702369056466, "orchard": 8.07215530818825, "hay": 7.379008127628304}