{"detect": 8.621910384989375, "logic": 7.212494379067333, "error": 6.096549574683947, "decis": 23.386608229755677, "tabl": 27.656278330775923, "program": 2.877673749815746, "paper": 3.9616908522211034, "algorithm": 2.676256301656361, "limit": 3.6295040516979333, "entri": 4.334485689904882, "loop": 4.739950798013046, "free": 3.913272224828578, "embed": 5.299566585948469, "develop": 2.4267084105450123, "condit": 6.78004816212806, "assum": 8.717166482967883, "inequ": 13.37172189413672, "equal": 4.6709579265260945, "relat": 3.144901623031045, "linear": 9.545418539899488, "express": 3.1595004224521976, "action": 4.57564774672177, "variabl": 3.1093106779283426, "occur": 4.310955192494688, "stub": 8.07215530818825, "control": 2.954161495771495, "transfer": 4.853279483320049, "base": 2.701517280060587, "determin": 3.009560275161283, "set": 2.554702411723542, "solut": 2.763887610787045, "implement": 2.570897097643523, "fortran": 3.2681342634549932, "iv": 4.77631844218392, "cacm": 0.00031215857909170155, "decemb": 2.4626835130032902, "ibramsha": 8.07215530818825, "rajaraman": 6.97354301952014}