{"perform": 5.618930238566729, "system": 7.787213086578601, "automat": 6.743349884791668, "segment": 8.869138296923728, "program": 5.755347499631492, "algol": 9.731524712657848, "compil": 6.14988606884827, "gier": 16.1443106163765, "make": 3.380807425959106, "handl": 3.7154464814986583, "transfer": 4.853279483320049, "drum": 5.127716329021809, "store": 7.0577210518364915, "core": 4.310955192494688, "execut": 6.471746802473543, "time": 4.102263917677447, "logic": 3.6062471895336663, "discuss": 4.394449154672439, "primarili": 5.127716329021809, "basi": 4.029104040353699, "relat": 3.144901623031045, "specif": 3.227968221729659, "conclud": 4.814058770166768, "assess": 5.507205950726713, "potenti": 4.6709579265260945, "gain": 5.127716329021809, "way": 4.77631844218392, "improv": 3.3536564368931554, "cacm": 0.00031215857909170155, "novemb": 2.4445341944976127, "naur": 5.127716329021809}