{"fortran": 6.5362685269099865, "subroutin": 8.241823179213645, "cobol": 13.637384350716268, "main": 8.058208080707399, "program": 2.877673749815746, "proper": 5.076423034634259, "code": 2.948191328784991, "techniqu": 4.480545661809466, "account": 4.739950798013046, "differ": 3.977810745966149, "storag": 2.7394365149228808, "alloc": 3.6295040516979333, "librari": 4.894101477840304, "routin": 3.867462688797284, "languag": 4.350002881103019, "write": 4.222007706478191, "iv": 4.77631844218392, "call": 3.4087162140761826, "enabl": 4.5168072466988365, "programm": 3.977810745966149, "take": 4.160132302760104, "advantag": 3.7027074557212285, "properti": 3.5395558150349937, "minim": 3.39002408106403, "respect": 4.26549281841793, "disadvantag": 5.674260035389879, "cacm": 0.00031215857909170155, "april": 2.4231810700270437, "shavel": 8.07215530818825}