{"graphic": 21.21756955849577, "servicesystem": 8.07215530818825, "variabl": 3.1093106779283426, "syntax": 4.029104040353699, "man": 4.739950798013046, "machin": 2.918863713690471, "interact": 7.330872121847993, "field": 3.9946178642825303, "endeavor": 7.379008127628304, "greatli": 5.238941964132033, "facilit": 4.739950798013046, "futur": 4.222007706478191, "languag": 6.525004321654528, "provid": 3.015909502839942, "varieti": 4.1209115896068225, "display": 3.9450209231431583, "scope": 5.433097978572992, "commun": 3.7154464814986583, "procedur": 2.63843330463401, "servic": 4.5168072466988365, "system": 1.55744261731572, "function": 2.2610143152115496, "gener": 1.8279884075245136, "translat": 3.6901286735143684, "develop": 2.4267084105450123, "aid": 4.029104040353699, "definit": 3.6777061535158113, "cacm": 0.00031215857909170155, "march": 2.546702369056466, "robert": 6.126245159132937}