{"sharer": 7.379008127628304, "time": 6.15339587651617, "share": 6.974375659035355, "system": 7.787213086578601, "cdc": 10.36356710058417, "embed": 5.299566585948469, "standard": 3.1023420086122493, "batch": 4.853279483320049, "process": 2.1750014405515095, "gener": 1.8279884075245136, "purpos": 3.2599709528158325, "base": 2.701517280060587, "provid": 3.015909502839942, "facil": 3.8977680382926128, "input": 3.116328250586989, "manipul": 3.437426319958614, "edit": 4.739950798013046, "compil": 3.074943034424135, "convers": 3.867462688797284, "execut": 3.2358734012367716, "simpl": 3.009560275161283, "scheme": 3.518278416587709, "extens": 3.3359568597937543, "machin": 2.918863713690471, "reloc": 6.280395838960195, "memori": 3.137681375057558, "bound": 3.8380488035909903, "regist": 5.027632870464827, "attempt": 4.1209115896068225, "made": 3.2046208577326674, "reentrant": 6.97354301952014, "code": 5.896382657569982, "simul": 3.380807425959106, "segment": 4.434569148461864, "page": 3.9612814440149386, "implement": 2.570897097643523, "approxim": 3.380807425959106, "man": 4.739950798013046, "year": 4.160132302760104, "major": 3.867462688797284, "written": 3.728349886334566, "fortran": 3.2681342634549932, "cacm": 0.00031215857909170155, "octob": 2.4849066497880004, "harrison": 5.992713766508414, "schwartz": 5.674260035389879}