{"autom": 9.15129549344354, "radioisotop": 51.65305689339813, "account": 14.219852394039139, "system": 6.22977046926288, "servic": 4.5168072466988365, "veteran": 8.07215530818825, "administr": 5.299566585948469, "hospit": 6.68586094706836, "omaha": 8.07215530818825, "nebraska": 8.07215530818825, "year": 4.160132302760104, "procedur": 2.63843330463401, "satisfactori": 5.238941964132033, "time": 4.102263917677447, "consum": 5.433097978572992, "convert": 4.383275854074314, "fulli": 5.299566585948469, "comput": 2.6234812342096436, "januari": 2.6297375976664563, "program": 4.31651062472362, "purchas": 22.137024382884913, "written": 7.456699772669132, "format": 4.1803350100776235, "fortran": 3.2681342634549932, "ibm": 3.518278416587709, "maintain": 4.638168103703103, "reactor": 27.89417207808056, "creat": 13.22578098617581, "forcom": 8.07215530818825, "languag": 2.1750014405515095, "minimum": 4.1209115896068225, "amount": 12.54100503023287, "bookkeep": 5.992713766508414, "requir": 2.388575540849568, "oper": 2.270036932811187, "staff": 6.462717395754149, "unit": 4.2435139116991545, "state": 3.852647603012143, "atom": 6.462717395754149, "energi": 6.68586094706836, "commiss": 7.379008127628304, "regul": 6.126245159132937, "record": 11.602388066391851, "detail": 3.447182494903979, "contain": 5.181783550292085, "radioact": 7.379008127628304, "materi": 4.739950798013046, "triga": 8.07215530818825, "indic": 5.076423034634259, "receiv": 10.477883928264067, "transfer": 4.853279483320049, "health": 6.68586094706836, "physicist": 8.07215530818825, "dispos": 14.758016255256608, "consolid": 6.97354301952014, "total": 4.1803350100776235, "period": 4.77631844218392, "report": 3.4669851222001586, "millicuri": 8.07215530818825, "microcuri": 8.07215530818825, "cacm": 0.00031215857909170155, "februari": 2.6211168546225494, "lahner": 8.07215530818825}