{"storag": 2.7394365149228808, "alloc": 3.6295040516979333, "refer": 3.823660066138891, "structur": 2.473733349189875, "method": 1.8535551884965207, "propos": 2.907369334264736, "discuss": 2.1972245773362196, "subscript": 5.507205950726713, "variabl": 3.1093106779283426, "capabl": 3.8094754311469345, "fortran": 3.2681342634549932, "sens": 4.739950798013046, "ad": 4.408593662058603, "autocod": 6.97354301952014, "type": 3.144901623031045, "assembl": 4.545794783572089, "system": 1.55744261731572, "cacm": 0.00031215857909170155, "septemb": 2.546702369056466, "fitzwat": 8.07215530818825}