{"tenex": 32.288621232753, "page": 7.922562888029877, "time": 6.15339587651617, "share": 10.461563488553033, "system": 7.787213086578601, "pdp": 11.014411901453427, "implement": 7.712691292930569, "dec": 6.126245159132937, "augment": 5.507205950726713, "special": 3.5395558150349937, "hardwar": 7.765001132323649, "develop": 2.4267084105450123, "bbn": 7.379008127628304, "report": 3.4669851222001586, "specifi": 5.769570215194204, "set": 2.554702411723542, "goal": 14.9433385644898, "import": 3.497444329684867, "describ": 3.0954215657676754, "design": 2.4924254822020275, "achiev": 7.590978378344389, "includ": 2.7688504001291743, "specif": 3.227968221729659, "power": 3.7680902149840803, "multiprocess": 6.126245159132937, "larg": 2.8791984572980396, "memori": 3.137681375057558, "virtual": 4.6064194053885235, "machin": 2.918863713690471, "intim": 6.97354301952014, "termin": 4.101863394636128, "interact": 3.6654360609239967, "comprehens": 5.433097978572992, "uniform": 4.853279483320049, "capabl": 3.8094754311469345, "clean": 6.97354301952014, "flexibl": 4.26549281841793, "structur": 2.473733349189875, "requir": 2.388575540849568, "compromis": 6.126245159132937, "oper": 2.270036932811187, "month": 5.769570215194204, "checkout": 7.379008127628304, "met": 6.68586094706836, "major": 3.867462688797284, "provid": 3.015909502839942, "reliabl": 4.77631844218392, "servic": 4.5168072466988365, "site": 6.68586094706836, "arpa": 6.462717395754149, "network": 3.9450209231431583, "cacm": 0.00031215857909170155, "march": 2.546702369056466, "bobrow": 5.87493073085203, "burchfiel": 8.07215530818825, "murphi": 6.97354301952014, "tomlinson": 8.07215530818825, "beranek": 8.07215530818825}