{"day": 5.507205950726713, "look": 5.992713766508414, "comput": 1.3117406171048218, "cacm": 0.00031215857909170155, "septemb": 2.546702369056466, "armerd": 8.07215530818825, "gruenberg": 7.379008127628304, "mark": 5.127716329021809, "parkin": 8.07215530818825}