{"line": 3.5288605259182457, "program": 7.194184374539365, "non": 4.638168103703103, "numer": 3.2046208577326674, "algebra": 4.0117122976418305, "goal": 4.9811128548299335, "make": 3.380807425959106, "step": 4.0117122976418305, "te": 8.07215530818825, "design": 2.4924254822020275, "autom": 4.57564774672177, "mathemat": 3.6295040516979333, "assist": 4.9366610922591, "requir": 2.388575540849568, "easi": 4.358583241483942, "access": 3.6062471895336663, "result": 2.3750618216828454, "obtain": 3.116328250586989, "reason": 4.287965674269989, "short": 5.299566585948469, "time": 4.102263917677447, "written": 3.728349886334566, "share": 3.4871878295176777, "comput": 2.6234812342096436, "system": 1.55744261731572, "develop": 2.4267084105450123, "corpor": 5.87493073085203, "santa": 8.07215530818825, "monica": 8.07215530818825, "california": 6.126245159132937, "chosen": 4.894101477840304, "lisp": 4.57564774672177, "compil": 3.074943034424135, "debug": 4.6064194053885235, "remot": 5.127716329021809, "teletyp": 6.462717395754149, "consol": 5.507205950726713, "stanford": 6.97354301952014, "univers": 3.9946178642825303, "cacm": 0.00031215857909170155, "august": 2.3750618216828454, "korsvold": 8.07215530818825}