{"simul": 3.380807425959106, "comput": 1.3117406171048218, "time": 2.0511319588387233, "devic": 3.929020581796717, "cacm": 0.00031215857909170155, "juli": 2.3683728335320486}