{"model": 8.99094447886327, "memori": 15.68840687528779, "content": 9.276336207406207, "page": 23.767688664089633, "machin": 2.918863713690471, "paper": 1.9808454261105517, "concern": 3.9612814440149386, "aspect": 4.083171261623976, "main": 12.087312121061098, "resourc": 4.287965674269989, "multiprogram": 12.480396908280312, "comput": 1.3117406171048218, "system": 1.55744261731572, "oper": 2.270036932811187, "demand": 4.853279483320049, "present": 1.8221800659287668, "number": 6.608575185163426, "frame": 16.76174597520075, "alloc": 7.259008103395867, "problem": 1.9651324204459957, "program": 5.755347499631492, "vari": 4.704859478201776, "time": 4.102263917677447, "configur": 4.739950798013046, "repres": 3.6062471895336663, "explicitli": 5.36410510708604, "cpu": 5.127716329021809, "requir": 2.388575540849568, "except": 5.992713766508414, "characterist": 3.6295040516979333, "materi": 4.739950798013046, "statist": 3.867462688797284, "express": 3.1595004224521976, "distribut": 3.497444329684867, "execut": 12.943493604947086, "long": 4.638168103703103, "run": 3.6777061535158113, "expect": 4.334485689904882, "fraction": 5.36410510708604, "averag": 8.53098563683586, "interv": 8.97727273946428, "load": 9.628117540333536, "obtain": 6.232656501173978, "point": 3.015909502839942, "heurist": 4.6064194053885235, "demonstr": 4.0117122976418305, "numer": 3.2046208577326674, "increas": 3.6295040516979333, "abl": 5.299566585948469, "result": 2.3750618216828454, "equal": 4.6709579265260945, "fix": 4.064822122955779, "partit": 4.358583241483942, "cacm": 0.00031215857909170155, "august": 2.3750618216828454, "oden": 8.07215530818825, "shedler": 6.68586094706836}