{"comparison": 3.6901286735143684, "float": 4.77631844218392, "point": 3.015909502839942, "summat": 5.674260035389879, "method": 1.8535551884965207, "cacm": 0.00031215857909170155, "septemb": 2.546702369056466, "gregori": 6.462717395754149}