{"practition": 6.462717395754149, "guid": 5.127716329021809, "address": 3.913272224828578, "algorithm": 0.8920854338854537, "corrigendum": 4.545794783572089, "cacm": 0.00031215857909170155, "septemb": 2.546702369056466, "sever": 6.280395838960195, "duhn": 7.379008127628304}