{"corc": 8.07215530818825, "cornel": 7.379008127628304, "comput": 1.3117406171048218, "languag": 2.1750014405515095, "cacm": 0.00031215857909170155, "june": 2.3717117347975636, "conway": 5.769570215194204, "maxwel": 6.68586094706836}