{"tabl": 3.4570347913469903, "look": 5.992713766508414, "techniqu": 2.240272830904733, "cacm": 0.00031215857909170155, "april": 2.4231810700270437, "sherman": 6.68586094706836}