{"special": 3.5395558150349937, "seri": 3.8825005661618244, "summat": 5.674260035389879, "arbitrari": 4.160132302760104, "precis": 4.064822122955779, "c6": 5.58724865840025, "algorithm": 0.8920854338854537, "cacm": 0.00031215857909170155, "septemb": 2.546702369056466, "abdali": 8.07215530818825}