{"central": 4.739950798013046, "european": 6.97354301952014, "comput": 1.3117406171048218, "cacm": 0.00031215857909170155, "septemb": 2.546702369056466, "blachman": 7.379008127628304}