{"compact": 9.8733221845182, "represent": 7.100733462278419, "contour": 21.732391914291966, "plot": 19.924451419319734, "phone": 22.137024382884913, "line": 10.586581577754737, "transmiss": 4.9811128548299335, "method": 3.7071103769930414, "test": 3.0817227214095135, "intend": 4.894101477840304, "reduc": 3.641338509344936, "cost": 3.518278416587709, "transmit": 10.599133171896938, "feel": 6.462717395754149, "voic": 6.68586094706836, "grade": 6.68586094706836, "cacm": 0.00031215857909170155, "june": 2.3717117347975636, "adam": 5.992713766508414, "gari": 8.07215530818825}