{"contextu": 7.379008127628304, "understand": 18.819437912807103, "comput": 2.6234812342096436, "develop": 2.4267084105450123, "program": 1.438836874907873, "eliza": 6.97354301952014, "capabl": 3.8094754311469345, "convers": 11.602388066391851, "natur": 3.7027074557212285, "languag": 2.1750014405515095, "discuss": 2.1972245773362196, "import": 3.497444329684867, "context": 3.913272224828578, "human": 9.033614493397673, "machin": 5.837727427380942, "stress": 5.769570215194204, "argu": 5.433097978572992, "adequaci": 6.462717395754149, "level": 3.2681342634549932, "achiev": 3.7954891891721947, "depend": 3.929020581796717, "purpos": 3.2599709528158325, "absolut": 5.769570215194204, "part": 3.371674942395834, "imposs": 6.68586094706836, "cacm": 0.00031215857909170155, "august": 2.3750618216828454, "weizenbaum": 6.126245159132937}