{"interact": 10.99630818277199, "comput": 6.558703085524109, "system": 7.787213086578601, "graphic": 16.974055646796618, "flowchart": 9.962225709659867, "input": 3.116328250586989, "oper": 2.270036932811187, "termin": 4.101863394636128, "design": 9.96970192880811, "demonstr": 4.0117122976418305, "method": 1.8535551884965207, "program": 1.438836874907873, "interpret": 4.222007706478191, "user": 3.0548754713733257, "draw": 5.433097978572992, "descript": 6.874852639917228, "sampl": 4.310955192494688, "data": 2.1667934601336793, "specifi": 5.769570215194204, "transmit": 5.299566585948469, "larg": 2.8791984572980396, "scale": 4.287965674269989, "simul": 3.380807425959106, "represent": 3.5503667311392095, "process": 4.350002881103019, "signal": 5.238941964132033, "scope": 5.433097978572992, "success": 4.083171261623976, "requir": 2.388575540849568, "numer": 3.2046208577326674, "modif": 4.461237395544026, "origin": 4.2435139116991545, "environ": 3.7680902149840803, "perform": 2.8094651192833644, "iter": 4.046803617453101, "effici": 2.7108631424788245, "effect": 3.0954215657676754, "cacm": 0.00031215857909170155, "februari": 2.6211168546225494, "robin": 6.97354301952014, "beyer": 6.97354301952014}