{"flowtrac": 16.1443106163765, "comput": 1.3117406171048218, "program": 8.63302124944724, "flowchart": 19.924451419319734, "system": 1.55744261731572, "produc": 3.427764409046877, "written": 3.728349886334566, "languag": 10.875007202757548, "describ": 3.0954215657676754, "syntax": 4.029104040353699, "control": 2.954161495771495, "statement": 3.7154464814986583, "purpos": 3.2599709528158325, "metalanguag": 6.97354301952014, "result": 2.3750618216828454, "object": 3.380807425959106, "deck": 6.126245159132937, "exampl": 3.371674942395834, "fap": 6.97354301952014, "snobol": 6.126245159132937, "confin": 6.126245159132937, "scope": 5.433097978572992, "exist": 3.572345637857985, "defin": 3.1595004224521976, "structur": 2.473733349189875, "manner": 4.6064194053885235, "featur": 3.399326473726344, "desir": 4.140329675463924, "chart": 5.674260035389879, "comment": 4.064822122955779, "approach": 3.1743155082373384, "permit": 3.572345637857985, "document": 4.358583241483942, "descript": 3.437426319958614, "remark": 4.57564774672177, "avoid": 4.434569148461864, "inclus": 5.58724865840025, "code": 2.948191328784991, "detail": 3.447182494903979, "cacm": 0.00031215857909170155, "decemb": 2.4626835130032902, "sherman": 6.68586094706836}