{"base": 8.104551840181761, "mobil": 6.97354301952014, "program": 4.31651062472362, "system": 1.55744261731572, "algorithm": 2.676256301656361, "macro": 4.853279483320049, "processor": 7.430892962997317, "implement": 7.712691292930569, "bootstrap": 6.462717395754149, "languag": 6.525004321654528, "easili": 4.26549281841793, "contemporari": 6.462717395754149, "comput": 1.3117406171048218, "machin": 8.756591141071414, "experi": 3.4669851222001586, "transfer": 4.853279483320049, "man": 4.739950798013046, "week": 6.97354301952014, "cacm": 0.00031215857909170155, "septemb": 2.546702369056466, "orgass": 8.07215530818825, "wait": 5.36410510708604}