{"exact": 4.853279483320049, "probabl": 4.222007706478191, "conting": 6.68586094706836, "tabl": 3.4570347913469903, "g2": 6.97354301952014, "algorithm": 0.8920854338854537, "a434": 8.07215530818825, "cacm": 0.00031215857909170155, "novemb": 2.4445341944976127, "march": 2.546702369056466}