{"practic": 7.235616023869484, "method": 5.560665565489562, "construct": 15.946766928009396, "lr": 29.963568832542073, "processor": 29.723571851989266, "develop": 2.4267084105450123, "capabl": 3.8094754311469345, "recogn": 5.027632870464827, "pars": 4.383275854074314, "input": 6.232656501173978, "singl": 3.7546671946519394, "backup": 6.97354301952014, "scan": 4.894101477840304, "number": 6.608575185163426, "step": 8.023424595283661, "equal": 4.6709579265260945, "length": 3.7954891891721947, "deriv": 3.2930318150767204, "techniqu": 2.240272830904733, "present": 1.8221800659287668, "base": 2.701517280060587, "origin": 4.2435139116991545, "knuth": 10.055265740929654, "decreas": 5.027632870464827, "effort": 4.5168072466988365, "requir": 2.388575540849568, "size": 3.427764409046877, "produc": 3.427764409046877, "procedur": 5.27686660926802, "involv": 3.4570347913469903, "partit": 4.358583241483942, "grammar": 8.241823179213645, "smaller": 5.507205950726713, "part": 6.743349884791668, "algorithm": 0.8920854338854537, "condit": 3.39002408106403, "relat": 3.144901623031045, "individu": 4.6064194053885235, "satisfi": 4.383275854074314, "entir": 4.638168103703103, "parser": 5.127716329021809, "algol": 3.243841570885949, "obtain": 3.116328250586989, "cacm": 0.00031215857909170155, "novemb": 2.4445341944976127, "korenjak": 8.07215530818825}