{"sampl": 4.310955192494688, "gamma": 9.628117540333536, "distribut": 3.497444329684867, "comput": 2.6234812342096436, "paper": 1.9808454261105517, "describ": 3.0954215657676754, "method": 12.974886319475644, "gener": 1.8279884075245136, "variat": 4.704859478201776, "appear": 4.48863636973214, "costli": 6.462717395754149, "wallac": 12.252490318265874, "recent": 7.7955360765852255, "suggest": 13.597305894905375, "larg": 5.758396914596079, "shape": 5.076423034634259, "paramet": 3.7816958670398586, "cost": 3.518278416587709, "proport": 10.152846069268518, "experiment": 3.867462688797284, "robinson": 5.769570215194204, "lewi": 5.992713766508414, "small": 3.594818493710043, "domin": 11.539140430388407, "dieter": 6.462717395754149, "ahren": 6.462717395754149, "albeit": 8.07215530818825, "reject": 6.126245159132937, "techniqu": 2.240272830904733, "cacm": 0.00031215857909170155, "juli": 2.3683728335320486, "fishman": 6.462717395754149}