{"synthet": 19.38815218726245, "imag": 55.3039615751131, "regist": 5.027632870464827, "real": 7.015614233440827, "surfac": 28.229156869210655, "model": 14.984907464772114, "number": 2.2028583950544753, "analysi": 2.7738379416402132, "task": 4.222007706478191, "benefit": 5.36410510708604, "registr": 7.379008127628304, "automat": 6.743349884791668, "navig": 7.379008127628304, "visibl": 6.280395838960195, "light": 11.014411901453427, "radar": 8.07215530818825, "requir": 7.165726622548704, "exact": 4.853279483320049, "align": 20.920629058560422, "digit": 6.586063630153441, "terrain": 22.137024382884913, "addit": 3.318565117081885, "classif": 5.181783550292085, "satellit": 6.97354301952014, "imageri": 8.07215530818825, "deal": 4.461237395544026, "correctli": 5.674260035389879, "effect": 3.0954215657676754, "vari": 4.704859478201776, "sun": 8.07215530818825, "angl": 5.992713766508414, "slope": 7.379008127628304, "inspect": 5.992713766508414, "techniqu": 4.480545661809466, "industri": 5.36410510708604, "part": 3.371674942395834, "improv": 3.3536564368931554, "mean": 3.2201250442686327, "achiev": 3.7954891891721947, "match": 4.5168072466988365, "obtain": 3.116328250586989, "known": 3.7027074557212285, "posit": 4.1209115896068225, "sourc": 4.101863394636128, "intens": 6.126245159132937, "calcul": 3.5395558150349937, "reflect": 10.866195957145983, "map": 4.358583241483942, "conveni": 4.814058770166768, "describ": 3.0954215657676754, "function": 2.2610143152115496, "gradient": 6.462717395754149, "illustr": 3.47703545805366, "landsat": 8.07215530818825, "cacm": 0.00031215857909170155, "novemb": 2.4445341944976127, "horn": 7.379008127628304, "bachman": 6.97354301952014}