{"note": 3.497444329684867, "set": 2.554702411723542, "test": 3.0817227214095135, "matric": 3.929020581796717, "invers": 3.867462688797284, "cacm": 0.00031215857909170155, "septemb": 2.546702369056466, "rodman": 6.97354301952014}