{"comment": 4.064822122955779, "fortran": 3.2681342634549932, "user": 3.0548754713733257, "cacm": 0.00031215857909170155, "septemb": 2.546702369056466, "blatt": 7.379008127628304}