{"comparison": 3.6901286735143684, "simul": 3.380807425959106, "event": 4.408593662058603, "list": 3.189353385601879, "algorithm": 0.8920854338854537, "corrigendum": 4.545794783572089, "cacm": 0.00031215857909170155, "august": 2.3750618216828454, "vaucher": 7.379008127628304, "duval": 7.379008127628304}