{"convers": 7.734925377594568, "limit": 3.6295040516979333, "entri": 4.334485689904882, "decis": 19.488840191463062, "tabl": 17.28517395673495, "comput": 6.558703085524109, "program": 4.31651062472362, "describ": 3.0954215657676754, "set": 5.109404823447084, "complex": 3.137681375057558, "rule": 10.431106374160981, "base": 5.403034560121174, "condit": 3.39002408106403, "algorithm": 2.676256301656361, "effici": 2.7108631424788245, "convert": 4.383275854074314, "extend": 7.7955360765852255, "use": 5.433097978572992, "user": 3.0548754713733257, "work": 3.344767489475909, "montalbano": 8.07215530818825, "handl": 3.7154464814986583, "dash": 8.07215530818825, "minim": 6.78004816212806, "storag": 2.7394365149228808, "space": 3.497444329684867, "requir": 2.388575540849568, "result": 2.3750618216828454, "run": 3.6777061535158113, "time": 2.0511319588387233, "process": 2.1750014405515095, "pinpoint": 6.97354301952014, "contradict": 7.379008127628304, "redund": 4.9811128548299335, "cacm": 0.00031215857909170155, "novemb": 2.4445341944976127, "pollack": 5.992713766508414}