{"design": 2.4924254822020275, "implement": 5.141794195287046, "tabl": 6.914069582693981, "driven": 10.72821021417208, "interact": 10.99630818277199, "diagnost": 10.866195957145983, "program": 4.31651062472362, "system": 3.11488523463144, "cap": 40.36077654094125, "highli": 4.638168103703103, "compil": 6.14988606884827, "interpret": 4.222007706478191, "begin": 5.238941964132033, "programm": 3.977810745966149, "prepar": 4.57564774672177, "debug": 4.6064194053885235, "execut": 3.2358734012367716, "fairli": 5.769570215194204, "simpl": 3.009560275161283, "graphic": 4.2435139116991545, "display": 3.9450209231431583, "termin": 4.101863394636128, "complet": 3.47703545805366, "syntax": 4.029104040353699, "check": 4.545794783572089, "semant": 4.287965674269989, "analysi": 5.5476758832804265, "perform": 5.618930238566729, "enter": 5.299566585948469, "subsequ": 5.181783550292085, "edit": 4.739950798013046, "charact": 7.330872121847993, "remark": 4.57564774672177, "featur": 3.399326473726344, "abil": 4.739950798013046, "diagnos": 7.379008127628304, "error": 9.14482436202592, "time": 4.102263917677447, "run": 3.6777061535158113, "correct": 3.6295040516979333, "student": 8.621910384989375, "help": 5.238941964132033, "find": 3.58351893845611, "compon": 4.26549281841793, "reduc": 3.641338509344936, "space": 3.497444329684867, "need": 3.251873742583213, "increas": 3.6295040516979333, "flexibl": 4.26549281841793, "multilingu": 7.379008127628304, "learn": 4.894101477840304, "fortran": 3.2681342634549932, "pl": 5.127716329021809, "cobolin": 8.07215530818825, "conjunct": 5.181783550292085, "comput": 2.6234812342096436, "assist": 4.9366610922591, "cours": 4.48863636973214, "introductori": 6.462717395754149, "scienc": 3.977810745966149, "cacm": 0.00031215857909170155, "novemb": 2.4445341944976127, "wilcox": 6.97354301952014, "davi": 6.462717395754149, "tindal": 8.07215530818825}