{"rosenbrock": 6.97354301952014, "function": 2.2610143152115496, "minim": 3.39002408106403, "e4": 5.433097978572992, "algorithm": 0.8920854338854537, "a450": 8.07215530818825, "cacm": 0.00031215857909170155, "august": 2.3750618216828454, "machura": 8.07215530818825, "mulawa": 8.07215530818825}