{"translat": 3.6901286735143684, "equat": 3.1093106779283426, "errata": 6.462717395754149, "cacm": 0.00031215857909170155, "vere": 7.379008127628304}