{"method": 1.8535551884965207, "represent": 3.5503667311392095, "storag": 2.7394365149228808, "retriev": 3.594818493710043, "random": 7.212494379067333, "code": 5.896382657569982, "digit": 6.586063630153441, "number": 4.405716790108951, "cacm": 0.00031215857909170155, "march": 2.546702369056466, "foster": 6.462717395754149}