{"comment": 4.064822122955779, "bell": 5.433097978572992, "quadrat": 5.36410510708604, "quotient": 5.769570215194204, "method": 1.8535551884965207, "hash": 4.814058770166768, "code": 2.948191328784991, "search": 3.47703545805366, "cacm": 0.00031215857909170155, "septemb": 2.546702369056466, "lamport": 5.992713766508414}