{"gener": 7.3119536300980545, "test": 15.408613607047567, "problem": 9.825662102229979, "linear": 12.727224719865985, "program": 5.755347499631492, "code": 14.740956643924953, "user": 3.0548754713733257, "comput": 1.3117406171048218, "realiz": 5.027632870464827, "necess": 6.126245159132937, "evalu": 3.137681375057558, "capac": 5.36410510708604, "effect": 3.0954215657676754, "accuraci": 4.383275854074314, "solut": 13.819438053935224, "provid": 3.015909502839942, "larg": 5.758396914596079, "scale": 4.287965674269989, "instal": 5.58724865840025, "assum": 4.358583241483942, "correct": 3.6295040516979333, "bench": 8.07215530818825, "mark": 5.127716329021809, "known": 11.108122367163686, "reason": 4.287965674269989, "failur": 6.126245159132937, "adequ": 5.507205950726713, "rare": 6.97354301952014, "readili": 5.507205950726713, "paper": 1.9808454261105517, "present": 1.8221800659287668, "theoret": 4.26549281841793, "justif": 6.126245159132937, "illustr": 3.47703545805366, "implement": 2.570897097643523, "method": 3.7071103769930414, "permit": 3.572345637857985, "arbitrari": 4.160132302760104, "size": 3.427764409046877, "wide": 4.408593662058603, "rang": 4.222007706478191, "numer": 3.2046208577326674, "characterist": 3.6295040516979333, "cacm": 0.00031215857909170155, "octob": 2.4849066497880004, "charn": 8.07215530818825, "raik": 8.07215530818825, "stutz": 8.07215530818825, "walter": 6.68586094706836}