{"comment": 4.064822122955779, "comput": 1.3117406171048218, "shortest": 5.992713766508414, "path": 4.48863636973214, "graph": 4.029104040353699, "cacm": 0.00031215857909170155, "august": 2.3750618216828454, "lawler": 7.379008127628304}