{"answer": 14.809983276777299, "english": 13.81925821616557, "question": 16.561318701855697, "comput": 1.3117406171048218, "survey": 4.48863636973214, "fifteen": 6.97354301952014, "experiment": 3.867462688797284, "languag": 6.525004321654528, "system": 6.22977046926288, "program": 2.877673749815746, "oper": 4.540073865622374, "review": 4.48863636973214, "rang": 4.222007706478191, "convers": 3.867462688797284, "machin": 2.918863713690471, "make": 3.380807425959106, "sentenc": 4.853279483320049, "pictur": 4.6064194053885235, "translat": 7.380257347028737, "logic": 3.6062471895336663, "calculi": 6.97354301952014, "classifi": 5.674260035389879, "list": 3.189353385601879, "structur": 4.94746669837975, "data": 6.5003803804010385, "base": 10.806069120242348, "graphic": 4.2435139116991545, "text": 4.083171261623976, "inferenti": 8.07215530818825, "principl": 4.5168072466988365, "method": 1.8535551884965207, "detail": 3.447182494903979, "discuss": 2.1972245773362196, "conclud": 4.814058770166768, "pass": 4.57564774672177, "initi": 4.2435139116991545, "research": 7.955621491932298, "earli": 5.027632870464827, "development": 8.07215530818825, "phase": 5.027632870464827, "difficult": 4.57564774672177, "import": 3.497444329684867, "advanc": 4.704859478201776, "gener": 1.8279884075245136, "purpos": 3.2599709528158325, "processor": 3.7154464814986583, "seen": 6.126245159132937, "concern": 3.9612814440149386, "measur": 3.8380488035909903, "deal": 4.461237395544026, "ambigu": 5.127716329021809, "formal": 3.728349886334566, "search": 3.47703545805366, "larg": 2.8791984572980396, "tree": 3.58351893845611, "cacm": 0.00031215857909170155, "januari": 2.6297375976664563, "simmon": 6.126245159132937}