{"disk": 4.704859478201776, "sort": 7.765001132323649, "techniqu": 2.240272830904733, "ibm": 3.518278416587709, "random": 3.6062471895336663, "access": 3.6062471895336663, "storag": 2.7394365149228808, "devic": 3.929020581796717, "evalu": 3.137681375057558, "cacm": 0.00031215857909170155, "june": 2.3717117347975636, "schick": 8.07215530818825}