{"estim": 3.929020581796717, "rel": 4.200954297280359, "effici": 2.7108631424788245, "intern": 4.26549281841793, "sort": 3.8825005661618244, "method": 1.8535551884965207, "cacm": 0.00031215857909170155, "novemb": 2.4445341944976127, "nagler": 7.379008127628304}