{"simpl": 3.009560275161283, "automat": 3.371674942395834, "code": 2.948191328784991, "system": 1.55744261731572, "cacm": 0.00031215857909170155, "juli": 2.3683728335320486, "adam": 5.992713766508414, "schlesing": 7.379008127628304}