{"increas": 3.6295040516979333, "effici": 2.7108631424788245, "quicksort": 5.87493073085203, "algorithm": 0.8920854338854537, "r402": 8.07215530818825, "cacm": 0.00031215857909170155, "wheeler": 8.07215530818825}