{"bit": 23.866864475796895, "digit": 13.172127260306882, "accuraci": 8.766551708148627, "inequ": 6.68586094706836, "like": 6.126245159132937, "conclud": 4.814058770166768, "repres": 7.212494379067333, "decim": 10.255432658043619, "float": 14.32895532655176, "point": 9.047728508519825, "number": 8.811433580217901, "accur": 9.479901596026092, "need": 3.251873742583213, "signific": 11.787061745390151, "gener": 1.8279884075245136, "show": 3.641338509344936, "final": 3.7680902149840803, "defin": 3.1595004224521976, "compact": 4.9366610922591, "represent": 3.5503667311392095, "give": 4.287965674269989, "practic": 3.617808011934742, "import": 3.497444329684867, "cacm": 0.00031215857909170155, "februari": 2.6211168546225494, "goldberg": 6.68586094706836}