{"basic": 3.4181949580307265, "terminolog": 10.36356710058417, "connect": 4.310955192494688, "mechan": 3.7680902149840803, "languag": 2.1750014405515095, "processor": 3.7154464814986583, "suggest": 3.399326473726344, "paper": 1.9808454261105517, "part": 3.371674942395834, "work": 6.689534978951818, "univers": 3.9946178642825303, "pennsylvania": 7.379008127628304, "offic": 13.37172189413672, "comput": 1.3117406171048218, "research": 7.955621491932298, "educ": 4.287965674269989, "jointli": 8.07215530818825, "support": 4.434569148461864, "nation": 4.9811128548299335, "scienc": 3.977810745966149, "foundat": 5.992713766508414, "air": 6.68586094706836, "forc": 5.36410510708604, "scientif": 4.9366610922591, "cacm": 0.00031215857909170155, "august": 2.3750618216828454, "gorn": 5.87493073085203}