{"systemat": 5.181783550292085, "mistak": 7.379008127628304, "analysi": 2.7738379416402132, "digit": 3.2930318150767204, "comput": 1.3117406171048218, "program": 1.438836874907873, "cacm": 0.00031215857909170155, "februari": 2.6211168546225494, "miller": 6.462717395754149, "maloney": 8.07215530818825}