{"prime": 4.6709579265260945, "number": 2.2028583950544753, "algorithm": 0.8920854338854537, "a1": 4.894101477840304, "cacm": 0.00031215857909170155, "march": 2.546702369056466, "rapp": 7.379008127628304, "scott": 6.68586094706836}