{"clenshaw": 6.462717395754149, "curti": 6.68586094706836, "quadratur": 4.638168103703103, "d1": 4.545794783572089, "algorithm": 0.8920854338854537, "a424": 8.07215530818825, "cacm": 0.00031215857909170155, "gentleman": 6.462717395754149}