{"exponenti": 4.1803350100776235, "integr": 2.984558972955866, "algorithm": 0.8920854338854537, "s13": 6.68586094706836, "cacm": 0.00031215857909170155, "juli": 2.3683728335320486, "ng": 8.07215530818825}