{"charact": 7.330872121847993, "structur": 2.473733349189875, "pariti": 6.97354301952014, "sens": 4.739950798013046, "parallel": 3.8825005661618244, "bit": 3.977810745966149, "data": 2.1667934601336793, "commun": 3.7154464814986583, "ascii": 5.992713766508414, "propos": 2.907369334264736, "american": 4.358583241483942, "standard": 3.1023420086122493, "cacm": 0.00031215857909170155, "septemb": 2.546702369056466}