{"comput": 2.6234812342096436, "gener": 9.139942037622568, "gamma": 19.25623508066707, "random": 18.031235947668332, "variat": 9.409718956403552, "non": 13.91450431110931, "integr": 11.938235891823464, "shape": 15.229269103902777, "paramet": 11.345087601119577, "variabl": 9.327932033785029, "digit": 3.2930318150767204, "straightforward": 5.433097978572992, "simpl": 3.009560275161283, "method": 14.828441507972165, "common": 3.9450209231431583, "procedur": 7.915299913902031, "approxim": 3.380807425959106, "call": 3.4087162140761826, "probabl": 8.444015412956382, "switch": 10.72821021417208, "exact": 4.853279483320049, "due": 4.9811128548299335, "johnk": 24.21646592456475, "paper": 3.9616908522211034, "present": 1.8221800659287668, "reject": 18.378735477398813, "exactli": 5.769570215194204, "greater": 9.706558966640099, "effici": 8.132589427436473, "shown": 2.7940406489577327, "conclud": 4.814058770166768, "mix": 4.9811128548299335, "yield": 4.545794783572089, "combin": 3.5612958016714, "accuraci": 4.383275854074314, "cacm": 0.00031215857909170155, "decemb": 2.4626835130032902, "wallac": 6.126245159132937}