{"intern": 8.53098563683586, "structur": 4.94746669837975, "fortran": 9.80440279036498, "cep": 36.89504063814152, "translat": 11.070386020543104, "convert": 4.383275854074314, "sourc": 4.101863394636128, "program": 2.877673749815746, "written": 7.456699772669132, "languag": 4.350002881103019, "object": 3.380807425959106, "comput": 2.6234812342096436, "paper": 1.9808454261105517, "outlin": 4.160132302760104, "emphasi": 4.5168072466988365, "compil": 3.074943034424135, "express": 3.1595004224521976, "input": 3.116328250586989, "output": 3.497444329684867, "list": 3.189353385601879, "subscript": 5.507205950726713, "variabl": 3.1093106779283426, "cacm": 0.00031215857909170155, "march": 2.546702369056466, "mancino": 6.97354301952014, "cecchi": 8.07215530818825}