{"emot": 8.07215530818825, "content": 4.638168103703103, "consid": 3.152174382360125, "danger": 8.07215530818825, "cacm": 0.00031215857909170155, "march": 2.546702369056466, "smoliar": 7.379008127628304}