{"multistor": 8.07215530818825, "parser": 15.383148987065429, "hierarch": 15.7168258923961, "syntact": 8.53098563683586, "structur": 7.421200047569625, "concaten": 5.992713766508414, "pattern": 4.101863394636128, "present": 1.8221800659287668, "analyz": 7.100733462278419, "form": 3.0954215657676754, "linear": 3.1818061799664963, "string": 3.7027074557212285, "emphasi": 4.5168072466988365, "system": 1.55744261731572, "signific": 3.929020581796717, "address": 3.913272224828578, "mean": 6.440250088537265, "process": 2.1750014405515095, "time": 2.0511319588387233, "larg": 2.8791984572980396, "scale": 4.287965674269989, "match": 13.55042174009651, "procedur": 7.915299913902031, "substanti": 4.6709579265260945, "reduc": 7.282677018689872, "descript": 3.437426319958614, "make": 3.380807425959106, "frequent": 4.5168072466988365, "exampl": 3.371674942395834, "fulli": 5.299566585948469, "oper": 4.540073865622374, "implement": 5.141794195287046, "experiment": 3.867462688797284, "english": 4.6064194053885235, "sentenc": 4.853279483320049, "area": 3.867462688797284, "comput": 1.3117406171048218, "central": 4.739950798013046, "core": 4.310955192494688, "storag": 2.7394365149228808, "individu": 4.6064194053885235, "locat": 4.140329675463924, "byte": 6.126245159132937, "bit": 7.955621491932298, "come": 5.769570215194204, "repres": 3.6062471895336663, "data": 2.1667934601336793, "involv": 3.4570347913469903, "shift": 5.58724865840025, "inform": 2.5627669715602726, "minimum": 4.1209115896068225, "search": 3.47703545805366, "list": 3.189353385601879, "elimin": 4.064822122955779, "altogeth": 8.07215530818825, "trace": 5.027632870464827, "binari": 3.8094754311469345, "mask": 5.87493073085203, "state": 3.852647603012143, "singl": 3.7546671946519394, "determin": 3.009560275161283, "flow": 4.704859478201776, "method": 1.8535551884965207, "interpret": 4.222007706478191, "grammar": 4.1209115896068225, "provid": 3.015909502839942, "express": 3.1595004224521976, "function": 2.2610143152115496, "classif": 5.181783550292085, "item": 4.287965674269989, "compos": 5.433097978572992, "input": 3.116328250586989, "cacm": 0.00031215857909170155, "februari": 2.6211168546225494, "von": 6.97354301952014, "glasersfeld": 8.07215530818825}