{"entcaf": 8.07215530818825, "entcr": 8.07215530818825, "evalu": 3.137681375057558, "normal": 3.929020581796717, "taylor": 5.58724865840025, "coeffici": 4.1209115896068225, "analyt": 4.461237395544026, "function": 2.2610143152115496, "c5": 5.87493073085203, "algorithm": 0.8920854338854537, "cacm": 0.00031215857909170155, "octob": 2.4849066497880004, "lyness": 7.379008127628304}