{"note": 3.497444329684867, "multipli": 5.87493073085203, "boolean": 4.638168103703103, "matric": 3.929020581796717, "cacm": 0.00031215857909170155, "februari": 2.6211168546225494, "baker": 6.126245159132937}