{"reduct": 9.033614493397673, "band": 26.74344378827344, "symmetr": 18.30259098688708, "gener": 5.483965222573541, "eigenvalu": 14.442176310500304, "problem": 9.825662102229979, "algorithm": 4.460427169427269, "reduc": 7.282677018689872, "ax": 7.379008127628304, "lambda": 5.992713766508414, "bx": 7.379008127628304, "ordinari": 8.869138296923728, "case": 3.2123429038265776, "matric": 11.787061745390151, "posit": 4.1209115896068225, "definit": 3.6777061535158113, "order": 8.79147525505677, "matrix": 6.275362750115116, "bandwidth": 16.1443106163765, "partit": 4.358583241483942, "block": 7.858041163593434, "term": 3.2763647625915087, "similar": 3.7954891891721947, "rutishaus": 6.280395838960195, "schwartz": 5.674260035389879, "form": 3.0954215657676754, "calcul": 7.0791116300699874, "requir": 2.388575540849568, "mn": 7.379008127628304, "oper": 2.270036932811187, "round": 4.704859478201776, "error": 9.14482436202592, "sum": 4.545794783572089, "step": 4.0117122976418305, "larg": 2.8791984572980396, "determin": 3.009560275161283, "condit": 3.39002408106403, "respect": 4.26549281841793, "invers": 3.867462688797284, "cacm": 0.00031215857909170155, "januari": 2.6297375976664563, "crawford": 7.379008127628304}