{"organ": 3.5078071167204135, "consecut": 29.37465365426015, "retriev": 25.1637294559703, "properti": 17.697779075174967, "import": 6.994888659369734, "relat": 3.144901623031045, "queri": 4.739950798013046, "set": 5.109404823447084, "record": 3.867462688797284, "exist": 7.14469127571597, "enabl": 4.5168072466988365, "design": 4.984850964404055, "inform": 5.125533943120545, "system": 3.11488523463144, "minim": 3.39002408106403, "search": 3.47703545805366, "time": 2.0511319588387233, "redund": 4.9811128548299335, "storag": 2.7394365149228808, "theorem": 4.5168072466988365, "prove": 3.8380488035909903, "paper": 1.9808454261105517, "condit": 3.39002408106403, "remain": 5.127716329021809, "invari": 5.58724865840025, "establish": 4.408593662058603, "outlin": 4.160132302760104, "base": 2.701517280060587, "discuss": 2.1972245773362196, "cacm": 0.00031215857909170155, "septemb": 2.546702369056466, "ghosh": 7.379008127628304}