{"integ": 4.140329675463924, "program": 1.438836874907873, "problem": 1.9651324204459957, "algorithm": 0.8920854338854537, "cacm": 0.00031215857909170155, "octob": 2.4849066497880004, "chang": 4.2435139116991545, "gill": 7.379008127628304}