{"descript": 13.749705279834457, "list": 22.325473699213152, "concept": 20.50916974818436, "defin": 6.319000844904395, "class": 6.855528818093754, "object": 6.761614851918212, "member": 5.299566585948469, "distinguish": 5.36410510708604, "process": 4.350002881103019, "properti": 7.0791116300699874, "mean": 3.2201250442686327, "partit": 4.358583241483942, "set": 2.554702411723542, "disjoint": 6.97354301952014, "formal": 3.728349886334566, "definit": 11.033118460547435, "recurs": 11.739816674485734, "natur": 3.7027074557212285, "structur": 14.84240009513925, "correspond": 4.9366610922591, "establish": 4.408593662058603, "built": 5.076423034634259, "elementari": 4.5168072466988365, "obtain": 3.116328250586989, "compar": 3.227968221729659, "discuss": 2.1972245773362196, "author": 4.287965674269989, "previou": 4.434569148461864, "public": 5.127716329021809, "cacm": 0.00031215857909170155, "august": 2.3750618216828454, "banerji": 8.07215530818825}