{"judgment": 14.758016255256608, "method": 5.560665565489562, "curv": 8.360670020155247, "fit": 7.989235728565061, "comput": 5.246962468419287, "orient": 3.977810745966149, "process": 2.1750014405515095, "commun": 3.7154464814986583, "numer": 3.2046208577326674, "data": 4.333586920267359, "instrument": 6.462717395754149, "reliabl": 9.55263688436784, "factor": 3.852647603012143, "irf": 16.1443106163765, "exactli": 5.769570215194204, "defin": 3.1595004224521976, "limit": 3.6295040516979333, "measur": 3.8380488035909903, "item": 4.287965674269989, "inform": 5.125533943120545, "maximum": 5.027632870464827, "permit": 3.572345637857985, "error": 3.0482747873419735, "mpe": 16.1443106163765, "valu": 7.405414911442457, "ordin": 8.07215530818825, "principl": 4.5168072466988365, "sjp": 16.1443106163765, "discard": 6.68586094706836, "wrong": 7.379008127628304, "mean": 3.2201250442686327, "paramet": 3.7816958670398586, "term": 3.2763647625915087, "compat": 4.853279483320049, "test": 3.0817227214095135, "number": 2.2028583950544753, "equat": 3.1093106779283426, "made": 3.2046208577326674, "quickli": 6.126245159132937, "intract": 6.97354301952014, "problem": 1.9651324204459957, "easili": 4.26549281841793, "solv": 3.5078071167204135, "design": 2.4924254822020275, "experi": 3.4669851222001586, "greatli": 5.238941964132033, "simplifi": 4.48863636973214, "mathemat": 3.6295040516979333, "techniqu": 2.240272830904733, "reduc": 3.641338509344936, "bia": 7.379008127628304, "discuss": 2.1972245773362196, "inadequaci": 6.280395838960195, "statist": 3.867462688797284, "graphic": 4.2435139116991545, "note": 3.497444329684867, "cacm": 0.00031215857909170155, "august": 2.3750618216828454, "demain": 7.379008127628304}