{"glossari": 6.126245159132937, "comput": 1.3117406171048218, "engin": 4.814058770166768, "program": 1.438836874907873, "terminolog": 5.181783550292085, "cacm": 0.00031215857909170155, "august": 2.3750618216828454}