{"invers": 3.867462688797284, "finit": 4.2435139116991545, "segment": 4.434569148461864, "hilbert": 6.462717395754149, "matrix": 3.137681375057558, "algorithm": 0.8920854338854537, "cacm": 0.00031215857909170155, "april": 2.4231810700270437, "herndon": 5.181783550292085}