{"algol": 9.731524712657848, "educ": 4.287965674269989, "automat": 3.371674942395834, "grade": 6.68586094706836, "program": 7.194184374539365, "grader": 13.37172189413672, "present": 1.8221800659287668, "comput": 2.6234812342096436, "evalu": 3.137681375057558, "student": 4.310955192494688, "beginn": 7.379008127628304, "furnish": 6.68586094706836, "random": 3.6062471895336663, "data": 2.1667934601336793, "check": 4.545794783572089, "answer": 4.9366610922591, "search": 3.47703545805366, "test": 3.0817227214095135, "reliabl": 4.77631844218392, "effici": 2.7108631424788245, "integr": 2.984558972955866, "procedur": 2.63843330463401, "statement": 3.7154464814986583, "essenti": 4.434569148461864, "properti": 3.5395558150349937, "system": 1.55744261731572, "order": 2.93049175168559, "effect": 3.0954215657676754, "cacm": 0.00031215857909170155, "forsyth": 6.126245159132937, "wirth": 5.238941964132033}