{"fortran": 3.2681342634549932, "ari": 6.68586094706836, "counter": 5.992713766508414, "cacm": 0.00031215857909170155, "june": 2.3717117347975636, "kent": 7.379008127628304}