{"function": 2.2610143152115496, "realiz": 5.027632870464827, "word": 3.7546671946519394, "parallel": 3.8825005661618244, "logic": 3.6062471895336663, "complement": 5.674260035389879, "addit": 3.318565117081885, "instruct": 3.867462688797284, "cacm": 0.00031215857909170155, "june": 2.3717117347975636, "warren": 7.379008127628304, "jr": 3.243841570885949}