{"invert": 5.299566585948469, "algorithm": 0.8920854338854537, "cacm": 0.00031215857909170155, "novemb": 2.4445341944976127, "knapp": 7.379008127628304, "shaman": 8.07215530818825}