{"survey": 4.48863636973214, "progress": 5.181783550292085, "trend": 5.87493073085203, "develop": 2.4267084105450123, "automat": 3.371674942395834, "data": 2.1667934601336793, "process": 2.1750014405515095, "busi": 4.814058770166768, "manag": 4.046803617453101, "control": 2.954161495771495, "system": 1.55744261731572, "feder": 6.68586094706836, "govern": 5.181783550292085, "decemb": 2.4626835130032902, "iii": 4.704859478201776, "cacm": 0.00031215857909170155, "septemb": 2.546702369056466}