{"schedul": 27.844675221763044, "univers": 3.9946178642825303, "cours": 22.4431818486607, "examin": 21.848031056069615, "comput": 1.3117406171048218, "approach": 3.1743155082373384, "problem": 1.9651324204459957, "present": 1.8221800659287668, "principl": 4.5168072466988365, "requir": 4.777151081699136, "minimum": 8.241823179213645, "number": 4.405716790108951, "period": 14.32895532655176, "satisfi": 4.383275854074314, "constraint": 4.358583241483942, "student": 4.310955192494688, "take": 4.160132302760104, "simultan": 4.1803350100776235, "found": 3.852647603012143, "step": 4.0117122976418305, "group": 12.54100503023287, "way": 4.77631844218392, "includ": 2.7688504001291743, "select": 3.617808011934742, "remov": 4.9811128548299335, "multipl": 3.58351893845611, "occurr": 5.238941964132033, "minim": 3.39002408106403, "obtain": 3.116328250586989, "known": 3.7027074557212285, "algorithm": 0.8920854338854537, "carri": 4.77631844218392, "procedur": 5.27686660926802, "prohibit": 6.462717395754149, "expens": 5.992713766508414, "approxim": 3.380807425959106, "ideal": 5.769570215194204, "outlin": 4.160132302760104, "yield": 4.545794783572089, "nonminim": 8.07215530818825, "feasibl": 4.894101477840304, "small": 3.594818493710043, "expenditur": 6.97354301952014, "time": 2.0511319588387233, "result": 2.3750618216828454, "experi": 3.4669851222001586, "techniqu": 2.240272830904733, "encourag": 5.769570215194204, "experiment": 3.867462688797284, "worthwhil": 8.07215530818825, "cacm": 0.00031215857909170155, "april": 2.4231810700270437, "hall": 5.87493073085203, "jr": 3.243841570885949, "acton": 6.97354301952014}