{"examin": 3.641338509344936, "schedul": 3.977810745966149, "algorithm": 0.8920854338854537, "zh": 8.07215530818825, "cacm": 0.00031215857909170155, "june": 2.3717117347975636, "peck": 6.126245159132937, "william": 5.507205950726713}