{"gener": 3.6559768150490273, "random": 3.6062471895336663, "number": 2.2028583950544753, "algorithm": 0.8920854338854537, "r370": 8.07215530818825, "cacm": 0.00031215857909170155, "june": 2.3717117347975636, "proll": 6.126245159132937}