{"reason": 8.575931348539978, "array": 13.003457069714646, "varieti": 4.1209115896068225, "concept": 6.836389916061453, "law": 5.674260035389879, "notat": 4.434569148461864, "present": 1.8221800659287668, "facilit": 4.739950798013046, "basic": 3.4181949580307265, "includ": 2.7688504001291743, "interv": 4.48863636973214, "partit": 4.358583241483942, "function": 4.522028630423099, "restrict": 4.160132302760104, "imag": 5.027632870464827, "pointwis": 8.07215530818825, "extens": 3.3359568597937543, "relat": 6.28980324606209, "order": 2.93049175168559, "singl": 3.7546671946519394, "point": 3.015909502839942, "variat": 4.704859478201776, "equival": 4.434569148461864, "valu": 3.7027074557212285, "concaten": 5.992713766508414, "effect": 3.0954215657676754, "idea": 4.5168072466988365, "illustr": 3.47703545805366, "inform": 2.5627669715602726, "descript": 3.437426319958614, "algorithm": 0.8920854338854537, "binari": 3.8094754311469345, "search": 3.47703545805366, "merg": 4.9366610922591, "short": 5.299566585948469, "formal": 3.728349886334566, "proof": 4.1803350100776235, "cacm": 0.00031215857909170155, "reynold": 6.462717395754149}