{"bliss": 16.1443106163765, "languag": 6.525004321654528, "system": 6.22977046926288, "program": 2.877673749815746, "design": 7.477276446606083, "especi": 5.127716329021809, "suitabl": 4.1803350100776235, "write": 4.222007706478191, "product": 3.9946178642825303, "softwar": 3.929020581796717, "specif": 3.227968221729659, "machin": 5.837727427380942, "pdp": 5.507205950726713, "compil": 3.074943034424135, "oper": 2.270036932811187, "prime": 4.6709579265260945, "goal": 9.962225709659867, "abil": 4.739950798013046, "produc": 3.427764409046877, "highli": 4.638168103703103, "effici": 2.7108631424788245, "object": 3.380807425959106, "code": 2.948191328784991, "allow": 3.867462688797284, "access": 7.212494379067333, "relev": 5.027632870464827, "hardwar": 3.8825005661618244, "featur": 6.798652947452688, "host": 6.280395838960195, "provid": 3.015909502839942, "ration": 5.027632870464827, "mean": 3.2201250442686327, "cope": 6.68586094706836, "evolutionari": 6.97354301952014, "natur": 3.7027074557212285, "major": 3.867462688797284, "contribut": 5.181783550292085, "realiz": 5.027632870464827, "mechan": 3.7680902149840803, "permit": 3.572345637857985, "definit": 3.6777061535158113, "represent": 3.5503667311392095, "data": 2.1667934601336793, "structur": 4.94746669837975, "term": 3.2763647625915087, "algorithm": 0.8920854338854537, "element": 3.8825005661618244, "cacm": 0.00031215857909170155, "decemb": 2.4626835130032902, "wulf": 6.68586094706836, "russel": 6.68586094706836}