{"techniqu": 2.240272830904733, "handl": 3.7154464814986583, "macro": 4.853279483320049, "instruct": 3.867462688797284, "cacm": 0.00031215857909170155, "novemb": 2.4445341944976127, "greenwald": 7.379008127628304}