{"unnecessari": 6.126245159132937, "divers": 5.58724865840025, "notat": 4.434569148461864, "syntact": 4.26549281841793, "definit": 3.6777061535158113, "cacm": 0.00031215857909170155, "novemb": 2.4445341944976127, "wirth": 5.238941964132033}