{"complet": 3.47703545805366, "ellipt": 5.238941964132033, "integr": 2.984558972955866, "algorithm": 0.8920854338854537, "s21": 7.379008127628304, "cacm": 0.00031215857909170155, "januari": 2.6297375976664563, "farka": 6.462717395754149}