{"class": 6.855528818093754, "iter": 12.140410852359302, "formula": 24.070273785850983, "histor": 12.56079167792039, "note": 6.994888659369734, "obtain": 3.116328250586989, "ration": 5.027632870464827, "approxim": 6.761614851918212, "euler": 17.97814129952524, "deriv": 9.879095445230162, "error": 9.14482436202592, "estim": 11.787061745390151, "procedur": 2.63843330463401, "notat": 4.434569148461864, "simplifi": 4.48863636973214, "suggest": 3.399326473726344, "gener": 1.8279884075245136, "final": 3.7680902149840803, "section": 4.853279483320049, "consid": 3.152174382360125, "pade": 8.07215530818825, "polynomi": 3.4087162140761826, "show": 3.641338509344936, "number": 2.2028583950544753, "known": 3.7027074557212285, "unifi": 5.674260035389879, "approach": 3.1743155082373384, "short": 5.299566585948469, "discuss": 2.1972245773362196, "cacm": 0.00031215857909170155, "june": 2.3717117347975636, "traub": 5.992713766508414}