{"problem": 5.895397261337987, "automat": 6.743349884791668, "abstract": 8.869138296923728, "varieti": 4.1209115896068225, "concern": 3.9612814440149386, "design": 2.4924254822020275, "oper": 2.270036932811187, "system": 1.55744261731572, "discuss": 4.394449154672439, "purpos": 3.2599709528158325, "gener": 1.8279884075245136, "view": 4.334485689904882, "major": 3.867462688797284, "area": 3.867462688797284, "attempt": 4.1209115896068225, "made": 3.2046208577326674, "detail": 3.447182494903979, "prefer": 5.58724865840025, "altern": 3.9612814440149386, "solut": 2.763887610787045, "cacm": 0.00031215857909170155, "april": 2.4231810700270437, "edmundson": 7.379008127628304}