{"formal": 3.728349886334566, "semant": 8.575931348539978, "comput": 2.6234812342096436, "languag": 13.050008643309056, "applic": 2.481168327677393, "compil": 12.29977213769654, "meta": 18.378735477398813, "develop": 2.4267084105450123, "repres": 3.6062471895336663, "mean": 3.2201250442686327, "statement": 3.7154464814986583, "larg": 2.8791984572980396, "class": 3.427764409046877, "basi": 4.029104040353699, "construct": 3.189353385601879, "effici": 2.7108631424788245, "function": 2.2610143152115496, "inform": 2.5627669715602726, "discuss": 2.1972245773362196, "base": 2.701517280060587, "complet": 3.47703545805366, "translat": 3.6901286735143684, "small": 3.594818493710043, "present": 1.8221800659287668, "cacm": 0.00031215857909170155, "januari": 2.6297375976664563, "feldman": 5.992713766508414}