{"capabl": 22.856852586881608, "base": 8.104551840181761, "address": 35.2194500234572, "scheme": 14.073113666350835, "make": 3.380807425959106, "segment": 13.30370744538559, "tabl": 10.371104374040971, "examin": 3.641338509344936, "inadequaci": 12.56079167792039, "deal": 4.461237395544026, "share": 3.4871878295176777, "explain": 4.6709579265260945, "trace": 5.027632870464827, "lack": 5.58724865840025, "effici": 5.421726284957649, "absolut": 11.539140430388407, "object": 3.380807425959106, "system": 3.11488523463144, "direct": 3.58351893845611, "shown": 2.7940406489577327, "overcom": 5.433097978572992, "difficulti": 4.57564774672177, "need": 3.251873742583213, "implement": 5.141794195287046, "discuss": 2.1972245773362196, "predict": 4.894101477840304, "tag": 5.992713766508414, "identifi": 4.140329675463924, "domin": 5.769570215194204, "hardwar": 3.8825005661618244, "translat": 3.6901286735143684, "requir": 2.388575540849568, "modif": 4.461237395544026, "represent": 3.5503667311392095, "suggest": 3.399326473726344, "main": 8.058208080707399, "memori": 6.275362750115116, "hash": 9.628117540333536, "obtain": 3.116328250586989, "locat": 4.140329675463924, "uniqu": 5.076423034634259, "code": 2.948191328784991, "avoid": 4.434569148461864, "recent": 3.8977680382926128, "access": 3.6062471895336663, "mean": 3.2201250442686327, "set": 2.554702411723542, "associ": 4.704859478201776, "regist": 5.027632870464827, "comput": 1.3117406171048218, "substanti": 4.6709579265260945, "superior": 4.77631844218392, "present": 1.8221800659287668, "basi": 4.029104040353699, "protect": 4.704859478201776, "simplic": 5.433097978572992, "program": 1.438836874907873, "convent": 3.8380488035909903, "cacm": 0.00031215857909170155, "juli": 2.3683728335320486, "fabri": 6.68586094706836}