{"summat": 5.674260035389879, "fourier": 4.77631844218392, "seri": 3.8825005661618244, "algorithm": 0.8920854338854537, "c6": 5.58724865840025, "cacm": 0.00031215857909170155, "juli": 2.3683728335320486, "thacher": 4.358583241483942, "jr": 3.243841570885949}