{"propos": 2.907369334264736, "comput": 5.246962468419287, "base": 2.701517280060587, "interact": 7.330872121847993, "scientif": 4.9366610922591, "commun": 3.7154464814986583, "problem": 1.9651324204459957, "creat": 4.408593662058603, "explos": 6.68586094706836, "paper": 7.923381704442207, "mathemat": 7.259008103395867, "scienc": 3.977810745966149, "drawback": 6.462717395754149, "place": 5.127716329021809, "research": 3.977810745966149, "suggest": 3.399326473726344, "tree": 3.58351893845611, "result": 2.3750618216828454, "terminolog": 5.181783550292085, "maintain": 4.638168103703103, "multitermin": 7.379008127628304, "system": 4.67232785194716, "user": 3.0548754713733257, "store": 3.5288605259182457, "updat": 4.704859478201776, "knowledg": 10.055265740929654, "select": 3.617808011934742, "read": 4.57564774672177, "obtain": 3.116328250586989, "minimum": 4.1209115896068225, "subtre": 6.462717395754149, "theorem": 4.5168072466988365, "requir": 4.777151081699136, "bring": 5.992713766508414, "know": 5.674260035389879, "background": 5.299566585948469, "assum": 4.358583241483942, "condit": 3.39002408106403, "mean": 3.2201250442686327, "provid": 3.015909502839942, "contribut": 5.181783550292085, "comment": 12.194466368867339, "reader": 11.014411901453427, "work": 3.344767489475909, "author": 4.287965674269989, "describ": 3.0954215657676754, "organ": 3.5078071167204135, "role": 5.027632870464827, "writer": 5.769570215194204, "cacm": 0.00031215857909170155, "februari": 2.6211168546225494, "pager": 6.97354301952014}