{"dynam": 3.8380488035909903, "variabl": 3.1093106779283426, "format": 4.1803350100776235, "cacm": 0.00031215857909170155, "king": 5.87493073085203}