{"rout": 5.769570215194204, "problem": 1.9651324204459957, "algorithm": 0.8920854338854537, "r456": 8.07215530818825, "cacm": 0.00031215857909170155, "decemb": 2.4626835130032902, "tesch": 8.07215530818825}