{"procedur": 7.915299913902031, "invert": 10.599133171896938, "larg": 2.8791984572980396, "symmetr": 13.726943240165308, "matric": 3.929020581796717, "squar": 3.6295040516979333, "method": 1.8535551884965207, "simultan": 4.1803350100776235, "adjust": 5.507205950726713, "paramet": 7.563391734079717, "coeffici": 8.241823179213645, "normal": 7.858041163593434, "equat": 6.218621355856685, "element": 7.765001132323649, "posit": 4.1209115896068225, "definit": 3.6777061535158113, "matrix": 15.68840687528779, "order": 5.86098350337118, "solv": 3.5078071167204135, "evalu": 3.137681375057558, "precis": 4.064822122955779, "measur": 3.8380488035909903, "result": 2.3750618216828454, "invers": 7.734925377594568, "requir": 2.388575540849568, "take": 4.160132302760104, "advantag": 3.7027074557212285, "symmetri": 6.462717395754149, "program": 1.438836874907873, "high": 3.6777061535158113, "speed": 3.823660066138891, "comput": 2.6234812342096436, "store": 3.5288605259182457, "manipul": 3.437426319958614, "independ": 3.8094754311469345, "allow": 3.867462688797284, "memori": 3.137681375057558, "capac": 5.36410510708604, "handl": 3.7154464814986583, "larger": 4.9366610922591, "devis": 5.433097978572992, "cacm": 0.00031215857909170155, "august": 2.3750618216828454, "buse": 8.07215530818825, "levi": 7.379008127628304}