{"automat": 6.743349884791668, "data": 6.5003803804010385, "structur": 7.421200047569625, "choic": 9.15129549344354, "languag": 6.525004321654528, "high": 7.355412307031623, "level": 6.5362685269099865, "setl": 8.07215530818825, "set": 7.6641072351706265, "theoret": 4.26549281841793, "orient": 3.977810745966149, "repertoir": 6.462717395754149, "semant": 4.287965674269989, "object": 3.380807425959106, "includ": 2.7688504001291743, "finit": 4.2435139116991545, "order": 5.86098350337118, "tupl": 13.37172189413672, "usabl": 6.68586094706836, "map": 13.075749724451825, "paper": 1.9808454261105517, "describ": 3.0954215657676754, "optim": 6.348631016474677, "method": 3.7071103769930414, "interest": 3.9450209231431583, "techniqu": 4.480545661809466, "allow": 3.867462688797284, "relat": 3.144901623031045, "inclus": 5.58724865840025, "membership": 7.379008127628304, "establish": 8.817187324117207, "domain": 5.674260035389879, "rang": 4.222007706478191, "tabul": 11.1744973168005, "estim": 3.929020581796717, "singl": 3.7546671946519394, "valued": 8.07215530818825, "prove": 3.8380488035909903, "fact": 4.6709579265260945, "kind": 4.408593662058603, "employ": 3.913272224828578, "base": 2.701517280060587, "extend": 3.8977680382926128, "known": 3.7027074557212285, "flow": 4.704859478201776, "analysi": 2.7738379416402132, "cacm": 0.00031215857909170155, "decemb": 2.4626835130032902, "schwartz": 5.674260035389879}