{"bessel": 5.127716329021809, "function": 2.2610143152115496, "comput": 1.3117406171048218, "recurs": 3.913272224828578, "algorithm": 0.8920854338854537, "cacm": 0.00031215857909170155, "april": 2.4231810700270437, "wojcicki": 8.07215530818825}