{"verifi": 11.014411901453427, "properti": 14.158223260139975, "parallel": 11.647501698485474, "program": 5.755347499631492, "axiomat": 12.56079167792039, "approach": 3.1743155082373384, "method": 1.8535551884965207, "prove": 11.514146410772971, "number": 2.2028583950544753, "present": 3.6443601318575336, "hoar": 5.299566585948469, "set": 2.554702411723542, "axiom": 12.252490318265874, "partial": 12.863897022809967, "correct": 14.518016206791733, "strong": 5.58724865840025, "case": 3.2123429038265776, "paper": 1.9808454261105517, "defin": 3.1595004224521976, "power": 3.7680902149840803, "deduct": 6.462717395754149, "system": 1.55744261731572, "sens": 4.739950798013046, "complet": 3.47703545805366, "crucial": 7.379008127628304, "auxiliari": 5.299566585948469, "variabl": 3.1093106779283426, "ad": 4.408593662058603, "aid": 4.029104040353699, "inform": 2.5627669715602726, "proof": 4.1803350100776235, "mutual": 5.238941964132033, "exclus": 5.433097978572992, "freedom": 6.126245159132937, "deadlock": 5.674260035389879, "termin": 4.101863394636128, "techniqu": 2.240272830904733, "illustr": 3.47703545805366, "applic": 2.481168327677393, "dine": 8.07215530818825, "philosoph": 8.07215530818825, "problem": 1.9651324204459957, "cacm": 0.00031215857909170155, "owicki": 7.379008127628304, "gri": 5.992713766508414}