{"git": 24.21646592456475, "heurist": 4.6064194053885235, "program": 2.877673749815746, "test": 6.163445442819027, "pair": 9.962225709659867, "direct": 7.16703787691222, "line": 10.586581577754737, "graph": 16.116416161414797, "isomorph": 27.89417207808056, "problem": 1.9651324204459957, "ascertain": 6.462717395754149, "effici": 2.7108631424788245, "algorithm": 2.676256301656361, "solut": 5.52777522157409, "known": 3.7027074557212285, "straightforward": 5.433097978572992, "enum": 6.97354301952014, "requir": 2.388575540849568, "year": 4.160132302760104, "run": 3.6777061535158113, "time": 2.0511319588387233, "high": 3.6777061535158113, "speed": 3.823660066138891, "comput": 2.6234812342096436, "order": 2.93049175168559, "compar": 3.227968221729659, "node": 4.434569148461864, "sophist": 5.076423034634259, "approach": 3.1743155082373384, "call": 3.4087162140761826, "situat": 4.48863636973214, "similar": 3.7954891891721947, "prevail": 8.07215530818825, "area": 3.867462688797284, "game": 5.769570215194204, "play": 5.433097978572992, "theorem": 4.5168072466988365, "prove": 3.8380488035909903, "practic": 7.235616023869484, "unknown": 5.769570215194204, "interest": 3.9450209231431583, "case": 3.2123429038265776, "partial": 4.287965674269989, "success": 8.166342523247952, "techniqu": 2.240272830904733, "tester": 7.379008127628304, "incorpor": 4.5168072466988365, "varieti": 4.1209115896068225, "process": 2.1750014405515095, "attempt": 4.1209115896068225, "narrow": 6.68586094706836, "search": 3.47703545805366, "demonstr": 4.0117122976418305, "exist": 3.572345637857985, "scheme": 3.518278416587709, "reli": 5.58724865840025, "exclus": 5.433097978572992, "design": 2.4924254822020275, "avoid": 4.434569148461864, "excess": 6.126245159132937, "fruitless": 8.07215530818825, "written": 3.728349886334566, "comit": 6.462717395754149, "languag": 2.1750014405515095, "ibm": 3.518278416587709, "cacm": 0.00031215857909170155, "januari": 2.6297375976664563, "unger": 6.97354301952014}