{"short": 5.299566585948469, "method": 1.8535551884965207, "measur": 3.8380488035909903, "error": 3.0482747873419735, "squar": 3.6295040516979333, "power": 3.7680902149840803, "seri": 3.8825005661618244, "cacm": 0.00031215857909170155, "june": 2.3717117347975636, "robinson": 5.769570215194204, "strubl": 7.379008127628304}