{"mathemat": 3.6295040516979333, "procedur": 2.63843330463401, "machin": 2.918863713690471, "divis": 4.5168072466988365, "cacm": 0.00031215857909170155, "april": 2.4231810700270437, "gilman": 7.379008127628304}