{"mux": 8.07215530818825, "simpl": 6.019120550322566, "approach": 3.1743155082373384, "line": 7.0577210518364915, "comput": 2.6234812342096436, "system": 6.22977046926288, "oper": 2.270036932811187, "part": 10.1150248271875, "normal": 3.929020581796717, "batch": 9.706558966640099, "cdc": 5.181783550292085, "requir": 2.388575540849568, "man": 9.479901596026092, "year": 8.320264605520208, "initi": 4.2435139116991545, "softwar": 3.929020581796717, "implement": 5.141794195287046, "basic": 3.4181949580307265, "element": 3.8825005661618244, "input": 3.116328250586989, "modifi": 3.8977680382926128, "submit": 6.280395838960195, "execut": 3.2358734012367716, "provid": 3.015909502839942, "result": 2.3750618216828454, "user": 6.109750942746651, "termin": 4.101863394636128, "multiplex": 6.280395838960195, "design": 7.477276446606083, "develop": 2.4267084105450123, "project": 4.222007706478191, "cost": 7.036556833175418, "checkout": 7.379008127628304, "fabric": 7.379008127628304, "aspect": 4.083171261623976, "includ": 2.7688504001291743, "criteria": 4.57564774672177, "overhead": 5.433097978572992, "reaction": 6.126245159132937, "cacm": 0.00031215857909170155, "christman": 8.07215530818825}