{"automat": 3.371674942395834, "contour": 10.866195957145983, "map": 8.717166482967883, "method": 7.414220753986083, "mean": 3.2201250442686327, "digit": 3.2930318150767204, "plotter": 5.769570215194204, "discuss": 2.1972245773362196, "present": 1.8221800659287668, "simpl": 3.009560275161283, "implement": 5.141794195287046, "program": 2.877673749815746, "small": 3.594818493710043, "number": 2.2028583950544753, "instruct": 7.734925377594568, "fortran": 6.5362685269099865, "iv": 9.55263688436784, "requir": 2.388575540849568, "comparison": 3.6901286735143684, "propos": 5.814738668529472, "author": 4.287965674269989, "perform": 2.8094651192833644, "istituto": 8.07215530818825, "di": 16.1443106163765, "elettrotecnica": 8.07215530818825, "ed": 7.379008127628304, "elettronica": 8.07215530818825, "politencnico": 8.07215530818825, "milano": 8.07215530818825, "cacm": 0.00031215857909170155, "juli": 2.3683728335320486, "cottafava": 8.07215530818825, "lemoli": 8.07215530818825}