{"hybrid": 29.516032510513217, "simul": 16.90403712979553, "model": 20.97887045068096, "comput": 3.9352218513144654, "system": 6.22977046926288, "paper": 1.9808454261105517, "describ": 3.0954215657676754, "structur": 2.473733349189875, "oper": 2.270036932811187, "discret": 9.628117540333536, "event": 8.817187324117207, "analyt": 4.461237395544026, "techniqu": 4.480545661809466, "combin": 3.5612958016714, "produc": 3.427764409046877, "effici": 5.421726284957649, "accur": 4.739950798013046, "base": 2.701517280060587, "simpl": 3.009560275161283, "hypothet": 6.126245159132937, "arriv": 5.36410510708604, "activ": 3.977810745966149, "job": 4.6064194053885235, "central": 4.739950798013046, "server": 6.68586094706836, "queue": 4.894101477840304, "network": 3.9450209231431583, "processor": 3.7154464814986583, "accuraci": 4.383275854074314, "demonstr": 4.0117122976418305, "compar": 3.227968221729659, "result": 2.3750618216828454, "cost": 3.518278416587709, "equival": 4.434569148461864, "cacm": 0.00031215857909170155, "septemb": 2.546702369056466, "schwetman": 8.07215530818825}