{"reduct": 4.5168072466988365, "method": 1.8535551884965207, "prove": 7.676097607181981, "properti": 10.61866744510498, "parallel": 11.647501698485474, "program": 4.31651062472362, "conveni": 4.814058770166768, "assum": 4.358583241483942, "statement": 11.146339444495975, "indivis": 14.758016255256608, "interleav": 6.280395838960195, "rest": 6.68586094706836, "suffici": 4.26549281841793, "condit": 3.39002408106403, "obtain": 3.116328250586989, "show": 3.641338509344936, "assumpt": 4.739950798013046, "relax": 5.769570215194204, "preserv": 5.433097978572992, "halt": 8.07215530818825, "correct": 3.6295040516979333, "proof": 4.1803350100776235, "system": 1.55744261731572, "greatli": 5.238941964132033, "simplifi": 4.48863636973214, "cacm": 0.00031215857909170155, "decemb": 2.4626835130032902, "lipton": 6.97354301952014}