{"execut": 12.943493604947086, "system": 7.787213086578601, "implement": 2.570897097643523, "finit": 8.487027823398309, "state": 7.705295206024286, "automaton": 14.758016255256608, "command": 4.57564774672177, "control": 14.770807478857474, "air": 6.68586094706836, "forc": 5.36410510708604, "permit": 14.28938255143194, "oper": 6.810110798433561, "access": 3.6062471895336663, "larg": 2.8791984572980396, "data": 8.667173840534717, "comput": 2.6234812342096436, "man": 4.739950798013046, "machin": 2.918863713690471, "interfac": 5.299566585948469, "satisfi": 4.383275854074314, "commun": 3.7154464814986583, "consol": 16.52161785218014, "enter": 5.299566585948469, "queri": 4.739950798013046, "view": 4.334485689904882, "repli": 7.379008127628304, "link": 8.717166482967883, "remot": 5.127716329021809, "station": 6.462717395754149, "send": 6.97354301952014, "messag": 5.127716329021809, "statu": 5.58724865840025, "report": 3.4669851222001586, "inventori": 6.97354301952014, "directli": 4.408593662058603, "inform": 2.5627669715602726, "receiv": 5.238941964132033, "line": 3.5288605259182457, "updat": 4.704859478201776, "store": 3.5288605259182457, "disk": 4.704859478201776, "program": 7.194184374539365, "divid": 4.739950798013046, "compon": 8.53098563683586, "process": 2.1750014405515095, "prioriti": 10.599133171896938, "sensit": 5.769570215194204, "input": 3.116328250586989, "time": 2.0511319588387233, "share": 3.4871878295176777, "central": 4.739950798013046, "processor": 3.7154464814986583, "orderli": 6.68586094706836, "transit": 4.9366610922591, "major": 3.867462688797284, "emphasi": 4.5168072466988365, "paper": 1.9808454261105517, "techniqu": 2.240272830904733, "definit": 3.6777061535158113, "organ": 3.5078071167204135, "cacm": 0.00031215857909170155, "novemb": 2.4445341944976127, "heistand": 8.07215530818825}