{"improv": 3.3536564368931554, "iter": 4.046803617453101, "method": 3.7071103769930414, "polynomi": 10.226148642228548, "factor": 11.55794280903643, "find": 3.58351893845611, "zero": 5.507205950726713, "time": 2.0511319588387233, "requir": 2.388575540849568, "divis": 9.033614493397673, "accept": 4.57564774672177, "shown": 2.7940406489577327, "accuraci": 4.383275854074314, "increas": 3.6295040516979333, "divid": 4.739950798013046, "order": 2.93049175168559, "ascend": 6.97354301952014, "descend": 6.126245159132937, "power": 3.7680902149840803, "variabl": 3.1093106779283426, "choos": 5.36410510708604, "crossov": 8.07215530818825, "point": 3.015909502839942, "minim": 3.39002408106403, "simpli": 5.36410510708604, "calcul": 3.5395558150349937, "error": 3.0482747873419735, "criterion": 5.58724865840025, "cacm": 0.00031215857909170155, "januari": 2.6297375976664563, "bingham": 8.07215530818825}