{"deriv": 3.2930318150767204, "algorithm": 0.8920854338854537, "s22": 5.299566585948469, "cacm": 0.00031215857909170155, "januari": 2.6297375976664563, "gautschi": 5.433097978572992, "klein": 7.379008127628304}