{"intern": 8.53098563683586, "tape": 4.046803617453101, "sort": 15.530002264647297, "replac": 4.739950798013046, "select": 3.617808011934742, "techniqu": 6.7208184927142, "gener": 3.6559768150490273, "sequenc": 7.330872121847993, "unsort": 8.07215530818825, "record": 23.204776132783703, "present": 1.8221800659287668, "shown": 5.5880812979154655, "applic": 2.481168327677393, "stage": 4.9811128548299335, "program": 1.438836874907873, "format": 4.1803350100776235, "initi": 8.487027823398309, "string": 7.405414911442457, "memori": 6.275362750115116, "storag": 5.4788730298457615, "log2": 5.992713766508414, "test": 3.0817227214095135, "length": 3.7954891891721947, "averag": 4.26549281841793, "random": 3.6062471895336663, "input": 3.116328250586989, "read": 4.57564774672177, "write": 4.222007706478191, "process": 2.1750014405515095, "accomplish": 4.638168103703103, "simultan": 4.1803350100776235, "comput": 1.3117406171048218, "permit": 3.572345637857985, "overlap": 5.674260035389879, "cacm": 0.00031215857909170155, "goetz": 6.68586094706836}