{"romberg": 5.58724865840025, "integr": 2.984558972955866, "algorithm": 0.8920854338854537, "cacm": 0.00031215857909170155, "buchner": 8.07215530818825}