{"semant": 12.863897022809967, "evalu": 15.68840687528779, "left": 23.078280860776815, "paper": 3.9616908522211034, "describ": 6.190843131535351, "attribut": 31.4336517847922, "grammar": 24.725469537640933, "definit": 7.355412307031623, "program": 5.755347499631492, "languag": 4.350002881103019, "compil": 3.074943034424135, "formal": 3.728349886334566, "discuss": 6.591673732008658, "import": 3.497444329684867, "aspect": 4.083171261623976, "includ": 2.7688504001291743, "concentr": 5.769570215194204, "pass": 13.726943240165308, "deriv": 6.586063630153441, "tree": 7.16703787691222, "condit": 3.39002408106403, "assur": 6.462717395754149, "singl": 3.7546671946519394, "algorithm": 0.8920854338854537, "decid": 5.58724865840025, "gener": 1.8279884075245136, "notion": 5.076423034634259, "explain": 4.6709579265260945, "term": 3.2763647625915087, "scope": 5.433097978572992, "rule": 3.47703545805366, "algol": 3.243841570885949, "practic": 3.617808011934742, "question": 4.140329675463924, "rel": 4.200954297280359, "effici": 2.7108631424788245, "scheme": 7.036556833175418, "eas": 4.9366610922591, "adapt": 4.434569148461864, "cacm": 0.00031215857909170155, "februari": 2.6211168546225494, "bochmann": 7.379008127628304}