{"practic": 3.617808011934742, "syntact": 4.26549281841793, "error": 6.096549574683947, "recoveri": 23.078280860776815, "paper": 3.9616908522211034, "describ": 3.0954215657676754, "scheme": 3.518278416587709, "syntax": 4.029104040353699, "gener": 1.8279884075245136, "high": 3.6777061535158113, "qualiti": 5.507205950726713, "good": 4.6064194053885235, "diagnost": 5.433097978572992, "inform": 2.5627669715602726, "low": 4.383275854074314, "cost": 3.518278416587709, "previou": 4.434569148461864, "techniqu": 2.240272830904733, "summar": 5.076423034634259, "empir": 4.358583241483942, "comparison": 3.6901286735143684, "made": 3.2046208577326674, "suggest": 3.399326473726344, "research": 3.977810745966149, "topic": 5.299566585948469, "conclud": 4.814058770166768, "cacm": 0.00031215857909170155, "novemb": 2.4445341944976127, "graham": 5.299566585948469, "rhode": 7.379008127628304}