{"inform": 5.125533943120545, "algebra": 8.023424595283661, "phase": 10.055265740929654, "report": 20.801910733200952, "languag": 13.050008643309056, "structur": 9.8949333967595, "group": 12.54100503023287, "codasyl": 6.68586094706836, "develop": 9.70683364218005, "committe": 4.853279483320049, "repres": 3.6062471895336663, "result": 2.3750618216828454, "work": 10.034302468427727, "goal": 4.9811128548299335, "arriv": 5.36410510708604, "proper": 5.076423034634259, "machin": 2.918863713690471, "independ": 3.8094754311469345, "problem": 1.9651324204459957, "defin": 3.1595004224521976, "system": 6.22977046926288, "level": 3.2681342634549932, "data": 4.333586920267359, "process": 4.350002881103019, "base": 2.701517280060587, "part": 3.371674942395834, "mathemat": 3.6295040516979333, "model": 2.996981492954423, "call": 3.4087162140761826, "primarili": 5.127716329021809, "bosak": 16.1443106163765, "hope": 6.462717395754149, "read": 4.57564774672177, "avid": 8.07215530818825, "interest": 11.835062769429475, "program": 1.438836874907873, "design": 2.4924254822020275, "implementor": 8.07215530818825, "theoret": 4.26549281841793, "approach": 3.1743155082373384, "understand": 4.704859478201776, "profession": 10.055265740929654, "programm": 3.977810745966149, "analyst": 18.841187516880584, "appreci": 6.97354301952014, "businessman": 8.07215530818825, "manag": 8.093607234906202, "author": 4.287965674269989, "attempt": 4.1209115896068225, "exhaust": 5.507205950726713, "discours": 7.379008127628304, "tri": 5.992713766508414, "present": 1.8221800659287668, "philosophi": 5.238941964132033, "peopl": 5.507205950726713, "vital": 5.992713766508414, "concern": 3.9612814440149386, "provid": 3.015909502839942, "trust": 8.07215530818825, "idea": 4.5168072466988365, "stimul": 6.68586094706836, "think": 6.68586094706836, "similar": 3.7954891891721947, "line": 3.5288605259182457, "question": 4.140329675463924, "comment": 4.064822122955779, "welcom": 8.07215530818825, "address": 3.913272224828578, "member": 5.299566585948469, "robert": 6.126245159132937, "corpor": 17.624792192556093, "richard": 6.97354301952014, "clipping": 8.07215530818825, "honeywel": 6.462717395754149, "edp": 6.280395838960195, "divis": 9.033614493397673, "carey": 8.07215530818825, "dobb": 8.07215530818825, "remington": 7.379008127628304, "rand": 6.280395838960195, "univac": 5.769570215194204, "roy": 6.68586094706836, "goldfing": 8.07215530818825, "chairman": 6.462717395754149, "ibm": 7.036556833175418, "rene": 8.07215530818825, "jasper": 8.07215530818825, "navi": 6.97354301952014, "offic": 6.68586094706836, "william": 5.507205950726713, "keat": 8.07215530818825, "nation": 4.9811128548299335, "cash": 7.379008127628304, "regist": 5.027632870464827, "georg": 5.36410510708604, "kendrick": 8.07215530818825, "gener": 1.8279884075245136, "electr": 6.68586094706836, "compani": 6.97354301952014, "jean": 7.379008127628304, "sammet": 5.992713766508414, "cacm": 0.00031215857909170155, "april": 2.4231810700270437}