{"effici": 5.421726284957649, "algorithm": 4.460427169427269, "graph": 12.087312121061098, "manipul": 3.437426319958614, "a447": 8.07215530818825, "present": 1.8221800659287668, "partit": 8.717166482967883, "connect": 4.310955192494688, "compon": 8.53098563683586, "biconnect": 8.07215530818825, "simpl": 6.019120550322566, "path": 17.95454547892856, "iter": 8.093607234906202, "produc": 3.427764409046877, "vertic": 10.866195957145983, "start": 4.894101477840304, "vertex": 6.97354301952014, "dynam": 3.8380488035909903, "number": 4.405716790108951, "edg": 5.238941964132033, "requir": 2.388575540849568, "time": 2.0511319588387233, "space": 3.497444329684867, "proport": 5.076423034634259, "max": 6.462717395754149, "execut": 3.2358734012367716, "random": 3.6062471895336663, "access": 3.6062471895336663, "comput": 1.3117406171048218, "cacm": 0.00031215857909170155, "june": 2.3717117347975636, "hopcroft": 8.07215530818825, "tarjan": 7.379008127628304}