{"program": 30.215574373065333, "liber": 6.97354301952014, "von": 20.920629058560422, "neumann": 22.137024382884913, "style": 45.239021770279045, "function": 11.305071576057749, "algebra": 28.081986083492815, "convent": 7.676097607181981, "languag": 10.875007202757548, "grow": 5.127716329021809, "enorm": 6.126245159132937, "stronger": 8.07215530818825, "inher": 5.36410510708604, "defect": 6.462717395754149, "basic": 3.4181949580307265, "level": 9.80440279036498, "fat": 8.07215530818825, "weak": 5.674260035389879, "primit": 4.814058770166768, "word": 3.7546671946519394, "time": 2.0511319588387233, "inherit": 8.07215530818825, "common": 3.9450209231431583, "ancestor": 6.97354301952014, "comput": 3.9352218513144654, "close": 4.638168103703103, "coupl": 11.74986146170406, "semant": 8.575931348539978, "state": 15.410590412048572, "transit": 14.809983276777299, "divis": 4.5168072466988365, "world": 11.014411901453427, "express": 3.1595004224521976, "statement": 3.7154464814986583, "inabl": 6.280395838960195, "effect": 3.0954215657676754, "power": 11.30427064495224, "combin": 17.806479008356998, "form": 15.477107828838378, "build": 10.152846069268518, "exist": 3.572345637857985, "lack": 5.58724865840025, "mathemat": 3.6295040516979333, "properti": 3.5395558150349937, "reason": 4.287965674269989, "altern": 3.9612814440149386, "found": 3.852647603012143, "creat": 4.408593662058603, "deal": 4.461237395544026, "structur": 2.473733349189875, "data": 2.1667934601336793, "nonrepetit": 8.07215530818825, "nonrecurs": 5.992713766508414, "hierarch": 5.238941964132033, "construct": 3.189353385601879, "argument": 4.77631844218392, "requir": 2.388575540849568, "complex": 3.137681375057558, "machineri": 6.280395838960195, "procedur": 2.63843330463401, "declar": 4.814058770166768, "gener": 3.6559768150490273, "applic": 2.481168327677393, "high": 7.355412307031623, "higher": 4.814058770166768, "variabl": 3.1093106779283426, "rang": 4.222007706478191, "oper": 2.270036932811187, "transform": 10.99630818277199, "solv": 3.5078071167204135, "equat": 6.218621355856685, "unknown": 5.769570215194204, "school": 5.299566585948469, "law": 11.348520070779758, "carri": 4.77631844218392, "written": 3.728349886334566, "chosen": 4.894101477840304, "theorem": 4.5168072466988365, "give": 4.287965674269989, "detail": 3.447182494903979, "behavior": 4.334485689904882, "termin": 4.101863394636128, "condit": 3.39002408106403, "larg": 2.8791984572980396, "class": 6.855528818093754, "system": 3.11488523463144, "rule": 3.47703545805366, "unlik": 5.87493073085203, "loos": 6.462717395754149, "occur": 4.310955192494688, "major": 3.867462688797284, "cacm": 0.00031215857909170155, "august": 2.3750618216828454, "backu": 7.379008127628304}