{"work": 3.344767489475909, "progress": 5.181783550292085, "formula": 8.023424595283661, "code": 2.948191328784991, "techniqu": 2.240272830904733, "allow": 3.867462688797284, "direct": 3.58351893845611, "entri": 4.334485689904882, "comput": 1.3117406171048218, "type": 3.144901623031045, "charact": 3.6654360609239967, "flexo": 16.1443106163765, "writer": 11.539140430388407, "modifi": 3.8977680382926128, "automat": 3.371674942395834, "half": 4.739950798013046, "line": 3.5288605259182457, "advanc": 4.704859478201776, "retract": 8.07215530818825, "carriag": 8.07215530818825, "permit": 3.572345637857985, "complet": 3.47703545805366, "gener": 1.8279884075245136, "superscript": 7.379008127628304, "cacm": 0.00031215857909170155, "juli": 2.3683728335320486}