{"descriptran": 16.1443106163765, "autom": 4.57564774672177, "descript": 13.749705279834457, "geometri": 34.8677150976007, "consist": 7.647320132277782, "procedur": 5.27686660926802, "origin": 4.2435139116991545, "design": 2.4924254822020275, "solv": 3.5078071167204135, "space": 6.994888659369734, "problem": 5.895397261337987, "graphic": 8.487027823398309, "construct": 6.378706771203758, "measur": 3.8380488035909903, "comput": 5.246962468419287, "addit": 3.318565117081885, "unifi": 5.674260035389879, "simplifi": 4.48863636973214, "approach": 6.348631016474677, "call": 3.4087162140761826, "subroutin": 8.241823179213645, "coordin": 4.853279483320049, "correspond": 4.9366610922591, "obtain": 3.116328250586989, "advantag": 3.7027074557212285, "accuraci": 4.383275854074314, "speed": 3.823660066138891, "digit": 3.2930318150767204, "make": 3.380807425959106, "program": 1.438836874907873, "statement": 3.7154464814986583, "analog": 5.299566585948469, "cacm": 0.00031215857909170155, "june": 2.3717117347975636, "kliphardt": 8.07215530818825}