{"global": 5.127716329021809, "optim": 6.348631016474677, "suppress": 8.07215530818825, "partial": 8.575931348539978, "redund": 14.9433385644898, "elimin": 8.129644245911559, "comput": 5.246962468419287, "move": 15.545350650876255, "invari": 16.76174597520075, "loop": 18.959803192052185, "separ": 4.2435139116991545, "outward": 8.07215530818825, "propos": 2.907369334264736, "express": 3.1595004224521976, "directli": 4.408593662058603, "entranc": 7.379008127628304, "outermost": 8.07215530818825, "solv": 3.5078071167204135, "gener": 1.8279884075245136, "problem": 1.9651324204459957, "perform": 2.8094651192833644, "execut": 9.707620203710315, "path": 4.48863636973214, "term": 3.2763647625915087, "algorithm": 1.7841708677709074, "requir": 4.777151081699136, "graphic": 4.2435139116991545, "inform": 2.5627669715602726, "restrict": 4.160132302760104, "shape": 5.076423034634259, "program": 2.877673749815746, "graph": 4.029104040353699, "test": 3.0817227214095135, "shown": 2.7940406489577327, "cost": 3.518278416587709, "nearli": 5.299566585948469, "linear": 3.1818061799664963, "size": 3.427764409046877, "lead": 4.48863636973214, "smaller": 5.507205950726713, "time": 2.0511319588387233, "cacm": 0.00031215857909170155, "februari": 2.6211168546225494, "morel": 8.07215530818825, "renvois": 8.07215530818825}