{"reliabl": 14.32895532655176, "full": 4.545794783572089, "duplex": 26.74344378827344, "transmiss": 9.962225709659867, "half": 9.479901596026092, "telephon": 5.674260035389879, "line": 7.0577210518364915, "field": 3.9946178642825303, "proven": 6.126245159132937, "scheme": 10.554835249763126, "achiev": 3.7954891891721947, "commun": 3.7154464814986583, "present": 3.6443601318575336, "demonstr": 4.0117122976418305, "difficulti": 4.57564774672177, "problem": 1.9651324204459957, "similar": 3.7954891891721947, "slightli": 5.769570215194204, "unreli": 6.280395838960195, "flowchart": 4.9811128548299335, "interest": 3.9450209231431583, "exampl": 3.371674942395834, "cacm": 0.00031215857909170155, "june": 2.3717117347975636, "lynch": 6.126245159132937}