{"state": 15.410590412048572, "comput": 7.870443702628931, "orient": 3.977810745966149, "curricula": 25.12158335584078, "busi": 9.628117540333536, "school": 10.599133171896938, "acm": 4.358583241483942, "committe": 19.413117933280198, "educ": 12.863897022809967, "manag": 16.187214469812403, "support": 4.434569148461864, "nation": 4.9811128548299335, "scienc": 3.977810745966149, "foundat": 5.992713766508414, "grant": 5.87493073085203, "establish": 4.408593662058603, "apprais": 6.97354301952014, "art": 5.87493073085203, "develop": 4.853416821090025, "seri": 3.8825005661618244, "recommend": 9.706558966640099, "improv": 6.707312873786311, "provid": 6.031819005679884, "materi": 9.479901596026092, "studi": 3.227968221729659, "curricular": 7.379008127628304, "need": 3.251873742583213, "region": 4.894101477840304, "meet": 10.599133171896938, "unit": 4.2435139116991545, "held": 5.769570215194204, "broad": 5.769570215194204, "cross": 5.769570215194204, "section": 4.853279483320049, "invit": 8.07215530818825, "academician": 8.07215530818825, "practition": 6.462717395754149, "consid": 3.152174382360125, "topic": 5.299566585948469, "cover": 4.9366610922591, "gener": 1.8279884075245136, "relat": 3.144901623031045, "requir": 2.388575540849568, "function": 2.2610143152115496, "cours": 8.97727273946428, "student": 4.310955192494688, "concentr": 5.769570215194204, "base": 2.701517280060587, "inform": 5.125533943120545, "system": 1.55744261731572, "analysi": 2.7738379416402132, "minut": 6.280395838960195, "reveal": 5.181783550292085, "common": 3.9450209231431583, "set": 2.554702411723542, "experi": 3.4669851222001586, "rais": 11.539140430388407, "similar": 3.7954891891721947, "pedagog": 12.56079167792039, "econom": 4.6709579265260945, "issu": 9.409718956403552, "present": 1.8221800659287668, "summari": 5.36410510708604, "discuss": 2.1972245773362196, "condens": 6.280395838960195, "substant": 8.07215530818825, "concern": 3.9612814440149386, "consider": 3.8977680382926128, "resourc": 4.287965674269989, "alloc": 3.6295040516979333, "involv": 3.4570347913469903, "preliminari": 5.076423034634259, "report": 3.4669851222001586, "prepar": 4.57564774672177, "particip": 5.507205950726713, "administr": 5.299566585948469, "institut": 5.299566585948469, "background": 5.299566585948469, "ongo": 6.97354301952014, "task": 4.222007706478191, "chairman": 6.462717395754149, "ten": 5.238941964132033, "man": 4.739950798013046, "daniel": 7.379008127628304, "teichroew": 6.97354301952014, "univers": 3.9946178642825303, "michigan": 6.280395838960195, "cacm": 0.00031215857909170155, "juli": 2.3683728335320486, "mckenney": 7.379008127628304, "tong": 6.97354301952014}