{"gener": 3.6559768150490273, "parser": 5.127716329021809, "affix": 56.50508715731775, "grammar": 37.0882043064614, "level": 6.5362685269099865, "similar": 7.590978378344389, "van": 10.72821021417208, "wijngaarden": 14.758016255256608, "definit": 7.355412307031623, "algol": 3.243841570885949, "shown": 2.7940406489577327, "koster": 24.21646592456475, "equal": 4.6709579265260945, "power": 3.7680902149840803, "suit": 5.076423034634259, "pars": 8.766551708148627, "inventor": 8.07215530818825, "base": 5.403034560121174, "recurs": 3.913272224828578, "procedur": 2.63843330463401, "paper": 3.9616908522211034, "present": 1.8221800659287668, "bottom": 5.992713766508414, "scheme": 3.518278416587709, "extens": 6.671913719587509, "floyd": 5.127716329021809, "product": 3.9946178642825303, "languag": 2.1750014405515095, "fpl": 16.1443106163765, "includ": 2.7688504001291743, "algorithm": 1.7841708677709074, "derem": 7.379008127628304, "convert": 4.383275854074314, "larg": 2.8791984572980396, "class": 3.427764409046877, "conclud": 4.814058770166768, "discuss": 2.1972245773362196, "briefli": 4.5168072466988365, "applic": 2.481168327677393, "convers": 3.867462688797284, "cacm": 0.00031215857909170155, "august": 2.3750618216828454, "crow": 7.379008127628304}