{"linear": 3.1818061799664963, "equat": 3.1093106779283426, "exact": 4.853279483320049, "solut": 2.763887610787045, "algorithm": 0.8920854338854537, "f4": 5.507205950726713, "cacm": 0.00031215857909170155, "septemb": 2.546702369056466, "boothroyd": 5.36410510708604}