{"macro": 4.853279483320049, "instruct": 3.867462688797284, "extens": 6.671913719587509, "compil": 9.224829103272405, "languag": 4.350002881103019, "macroinstruct": 8.07215530818825, "construct": 3.189353385601879, "small": 3.594818493710043, "set": 2.554702411723542, "function": 2.2610143152115496, "made": 3.2046208577326674, "extrem": 5.507205950726713, "power": 3.7680902149840803, "condit": 3.39002408106403, "assembl": 4.545794783572089, "nest": 5.076423034634259, "definit": 3.6777061535158113, "parenthet": 8.07215530818825, "notat": 4.434569148461864, "serv": 4.57564774672177, "make": 3.380807425959106, "capabl": 3.8094754311469345, "accept": 4.57564774672177, "gener": 1.8279884075245136, "ground": 6.68586094706836, "cacm": 0.00031215857909170155, "april": 2.4231810700270437, "mcilroy": 6.97354301952014}