{"menu": 29.516032510513217, "plan": 9.276336207406207, "comput": 2.6234812342096436, "code": 2.948191328784991, "develop": 2.4267084105450123, "find": 3.58351893845611, "minimum": 4.1209115896068225, "cost": 7.036556833175418, "combin": 3.5612958016714, "item": 4.287965674269989, "daili": 7.379008127628304, "dietari": 8.07215530818825, "gastronom": 8.07215530818825, "product": 3.9946178642825303, "requir": 2.388575540849568, "satisfi": 4.383275854074314, "sequenc": 3.6654360609239967, "day": 5.507205950726713, "fast": 3.9450209231431583, "special": 3.5395558150349937, "integ": 4.140329675463924, "program": 2.877673749815746, "algorithm": 0.8920854338854537, "approxim": 3.380807425959106, "theoret": 4.26549281841793, "solut": 2.763887610787045, "problem": 1.9651324204459957, "chang": 4.2435139116991545, "line": 3.5288605259182457, "post": 5.992713766508414, "optim": 3.1743155082373384, "percent": 4.814058770166768, "save": 4.739950798013046, "food": 8.07215530818825, "fortran": 3.2681342634549932, "ibm": 3.518278416587709, "request": 4.434569148461864, "consider": 3.8977680382926128, "amount": 4.1803350100776235, "data": 2.1667934601336793, "process": 2.1750014405515095, "preced": 4.814058770166768, "implement": 2.570897097643523, "system": 1.55744261731572, "cacm": 0.00031215857909170155, "april": 2.4231810700270437, "balistfi": 8.07215530818825}