{"program": 4.31651062472362, "system": 9.34465570389432, "languag": 10.875007202757548, "spite": 6.68586094706836, "impress": 7.379008127628304, "gain": 5.127716329021809, "pl": 5.127716329021809, "fortran": 3.2681342634549932, "cobol": 4.545794783572089, "remain": 10.255432658043619, "world": 5.507205950726713, "product": 3.9946178642825303, "written": 3.728349886334566, "forese": 7.379008127628304, "futur": 4.222007706478191, "great": 5.433097978572992, "deal": 4.461237395544026, "theoret": 4.26549281841793, "interest": 7.890041846286317, "algol": 3.243841570885949, "extens": 3.3359568597937543, "practic": 3.617808011934742, "impact": 5.076423034634259, "problem": 3.9302648408919914, "orient": 3.977810745966149, "import": 6.994888659369734, "develop": 4.853416821090025, "area": 7.734925377594568, "ten": 5.238941964132033, "year": 4.160132302760104, "oper": 4.540073865622374, "major": 3.867462688797284, "comput": 1.3117406171048218, "manufactur": 11.539140430388407, "set": 2.554702411723542, "produc": 3.427764409046877, "ambiti": 7.379008127628304, "multiprogram": 4.160132302760104, "ran": 8.07215530818825, "similar": 3.7954891891721947, "number": 2.2028583950544753, "univers": 3.9946178642825303, "project": 4.222007706478191, "directli": 4.408593662058603, "compar": 3.227968221729659, "contribut": 5.181783550292085, "greatli": 5.238941964132033, "understand": 4.704859478201776, "principl": 4.5168072466988365, "trend": 5.87493073085203, "includ": 2.7688504001291743, "increas": 7.259008103395867, "measur": 3.8380488035909903, "evalu": 3.137681375057558, "techniqu": 2.240272830904733, "microprogram": 5.87493073085203, "function": 2.2610143152115496, "cacm": 0.00031215857909170155, "juli": 2.3683728335320486, "rosen": 6.280395838960195}