{"bessel": 5.127716329021809, "function": 2.2610143152115496, "algorithm": 0.8920854338854537, "cacm": 0.00031215857909170155, "simo": 6.462717395754149, "pereira": 6.68586094706836}