{"program": 7.194184374539365, "languag": 8.700005762206038, "comput": 1.3117406171048218, "technolog": 4.5168072466988365, "matur": 8.07215530818825, "grow": 5.127716329021809, "abil": 4.739950798013046, "creat": 4.408593662058603, "larg": 2.8791984572980396, "system": 7.787213086578601, "lead": 4.48863636973214, "basic": 3.4181949580307265, "natur": 3.7027074557212285, "concept": 3.4181949580307265, "adequ": 5.507205950726713, "build": 10.152846069268518, "maintain": 4.638168103703103, "complex": 6.275362750115116, "call": 3.4087162140761826, "task": 4.222007706478191, "attempt": 4.1209115896068225, "high": 3.6777061535158113, "level": 6.5362685269099865, "enabl": 4.5168072466988365, "programm": 3.977810745966149, "escap": 6.68586094706836, "intricaci": 7.379008127628304, "machin": 2.918863713690471, "order": 5.86098350337118, "code": 2.948191328784991, "higher": 4.814058770166768, "provid": 3.015909502839942, "mean": 3.2201250442686327, "understand": 4.704859478201776, "manipul": 3.437426319958614, "compon": 4.26549281841793, "develop": 2.4267084105450123, "need": 3.251873742583213, "shift": 5.58724865840025, "attent": 5.076423034634259, "detail": 3.447182494903979, "specif": 3.227968221729659, "algorithm": 0.8920854338854537, "descript": 3.437426319958614, "properti": 3.5395558150349937, "packag": 4.814058770166768, "object": 3.380807425959106, "paper": 1.9808454261105517, "analyz": 3.5503667311392095, "shortcom": 6.68586094706836, "exist": 3.572345637857985, "lay": 7.379008127628304, "direct": 3.58351893845611, "futur": 4.222007706478191, "research": 3.977810745966149, "cacm": 0.00031215857909170155, "juli": 2.3683728335320486, "winograd": 7.379008127628304}