{"mark": 5.127716329021809, "sens": 4.739950798013046, "port": 7.379008127628304, "punch": 5.58724865840025, "program": 1.438836874907873, "input": 3.116328250586989, "cacm": 0.00031215857909170155, "decemb": 2.4626835130032902, "lubbert": 8.07215530818825}