{"translat": 3.6901286735143684, "retriev": 3.594818493710043, "request": 4.434569148461864, "couch": 8.07215530818825, "semiform": 8.07215530818825, "english": 4.6064194053885235, "languag": 2.1750014405515095, "cacm": 0.00031215857909170155, "januari": 2.6297375976664563, "cheatham": 6.97354301952014, "jr": 3.243841570885949, "warshal": 7.379008127628304}