{"set": 2.554702411723542, "test": 3.0817227214095135, "matric": 3.929020581796717, "cacm": 0.00031215857909170155, "april": 2.4231810700270437, "herndon": 5.181783550292085}