{"curv": 4.1803350100776235, "fit": 3.9946178642825303, "format": 4.1803350100776235, "fortran": 3.2681342634549932, "cacm": 0.00031215857909170155, "decemb": 2.4626835130032902, "garber": 6.97354301952014}