{"introduct": 4.894101477840304, "inform": 2.5627669715602726, "process": 2.1750014405515095, "languag": 2.1750014405515095, "cacm": 0.00031215857909170155, "april": 2.4231810700270437, "newel": 6.126245159132937, "tong": 6.97354301952014}