{"develop": 2.4267084105450123, "intern": 4.26549281841793, "system": 1.55744261731572, "legal": 6.126245159132937, "protect": 4.704859478201776, "comput": 1.3117406171048218, "program": 1.438836874907873, "cacm": 0.00031215857909170155, "april": 2.4231810700270437, "smoot": 8.07215530818825}