{"profil": 6.97354301952014, "programm": 35.800296713695346, "synopsi": 7.379008127628304, "member": 5.299566585948469, "acm": 4.358583241483942, "particip": 11.014411901453427, "studi": 3.227968221729659, "concern": 3.9612814440149386, "primarili": 10.255432658043619, "attitud": 11.74986146170406, "career": 16.1443106163765, "job": 18.425677621554094, "high": 7.355412307031623, "percentag": 6.68586094706836, "appar": 6.280395838960195, "enter": 5.299566585948469, "accid": 8.07215530818825, "proven": 6.126245159132937, "happi": 8.07215530818825, "choic": 4.57564774672177, "expect": 8.668971379809763, "remain": 5.127716329021809, "field": 3.9946178642825303, "year": 4.160132302760104, "princip": 20.72713420116834, "satisfact": 7.379008127628304, "relat": 3.144901623031045, "natur": 7.405414911442457, "work": 10.034302468427727, "mostfind": 8.07215530818825, "offer": 9.55263688436784, "level": 3.2681342634549932, "profession": 5.027632870464827, "interest": 3.9450209231431583, "good": 4.6064194053885235, "condit": 3.39002408106403, "salari": 22.137024382884913, "advanc": 4.704859478201776, "prospect": 6.97354301952014, "satisfactori": 5.238941964132033, "half": 4.739950798013046, "report": 3.4669851222001586, "posit": 4.1209115896068225, "program": 4.31651062472362, "part": 3.371674942395834, "organ": 3.5078071167204135, "turnov": 16.1443106163765, "attribut": 5.238941964132033, "poor": 6.126245159132937, "manag": 4.046803617453101, "seen": 6.126245159132937, "motiv": 5.674260035389879, "factor": 3.852647603012143, "determin": 3.009560275161283, "accept": 4.57564774672177, "mobil": 6.97354301952014, "tend": 5.299566585948469, "colleagu": 8.07215530818825, "favor": 5.433097978572992, "light": 5.507205950726713, "person": 5.507205950726713, "vari": 4.704859478201776, "function": 2.2610143152115496, "system": 1.55744261731572, "differ": 3.977810745966149, "applic": 4.962336655354786, "problem": 1.9651324204459957, "futur": 4.222007706478191, "list": 3.189353385601879, "languag": 2.1750014405515095, "personnel": 6.462717395754149, "specif": 3.227968221729659, "techniqu": 2.240272830904733, "build": 5.076423034634259, "profess": 6.97354301952014, "cacm": 0.00031215857909170155, "octob": 2.4849066497880004}