{"topolog": 16.299293935718975, "order": 8.79147525505677, "list": 9.568060156805636, "randomli": 6.280395838960195, "number": 4.405716790108951, "element": 7.765001132323649, "network": 7.890041846286317, "direct": 3.58351893845611, "line": 10.586581577754737, "segment": 4.434569148461864, "free": 3.913272224828578, "circular": 5.769570215194204, "assum": 8.717166482967883, "identifi": 4.140329675463924, "termin": 4.101863394636128, "node": 8.869138296923728, "non": 4.638168103703103, "system": 1.55744261731572, "numer": 3.2046208577326674, "simpl": 3.009560275161283, "techniqu": 2.240272830904733, "creat": 4.408593662058603, "high": 3.6777061535158113, "speed": 3.823660066138891, "cacm": 0.00031215857909170155, "april": 2.4231810700270437, "lasser": 7.379008127628304}