{"ml": 24.21646592456475, "macro": 9.706558966640099, "processor": 7.430892962997317, "gener": 1.8279884075245136, "purpos": 3.2599709528158325, "call": 3.4087162140761826, "implement": 2.570897097643523, "pdp": 5.507205950726713, "atla": 6.280395838960195, "comput": 1.3117406171048218, "intend": 4.894101477840304, "tool": 4.638168103703103, "allow": 3.867462688797284, "user": 6.109750942746651, "extend": 3.8977680382926128, "exist": 3.572345637857985, "program": 1.438836874907873, "languag": 4.350002881103019, "incorpor": 4.5168072466988365, "statement": 3.7154464814986583, "syntact": 4.26549281841793, "form": 3.0954215657676754, "choos": 5.36410510708604, "notat": 4.434569148461864, "complet": 3.47703545805366, "orient": 3.977810745966149, "built": 5.076423034634259, "rel": 4.200954297280359, "eas": 4.9366610922591, "cacm": 0.00031215857909170155, "octob": 2.4849066497880004, "brown": 5.027632870464827}