{"algorithm": 4.460427169427269, "logic": 18.031235947668332, "control": 14.770807478857474, "regard": 4.77631844218392, "consist": 3.823660066138891, "compon": 21.32746409208965, "specifi": 5.769570215194204, "knowledg": 10.055265740929654, "solv": 7.015614233440827, "problem": 3.9302648408919914, "determin": 6.019120550322566, "strategi": 4.6709579265260945, "mean": 6.440250088537265, "affect": 5.181783550292085, "effici": 5.421726284957649, "improv": 6.707312873786311, "chang": 4.2435139116991545, "argu": 5.433097978572992, "comput": 1.3117406171048218, "program": 2.877673749815746, "correct": 3.6295040516979333, "easili": 4.26549281841793, "modifi": 3.8977680382926128, "aspect": 4.083171261623976, "identifi": 4.140329675463924, "separ": 4.2435139116991545, "text": 4.083171261623976, "cacm": 0.00031215857909170155, "juli": 2.3683728335320486, "kowalski": 7.379008127628304}