{"prevent": 17.022780106169638, "system": 4.67232785194716, "deadlock": 28.371300176949394, "known": 3.7027074557212285, "problem": 3.9302648408919914, "design": 2.4924254822020275, "oper": 2.270036932811187, "select": 3.617808011934742, "resourc": 12.863897022809967, "alloc": 10.8885121550938, "polici": 9.788202955680608, "situat": 4.48863636973214, "task": 8.444015412956382, "continu": 3.852647603012143, "publish": 4.6064194053885235, "solut": 2.763887610787045, "restrict": 4.160132302760104, "handl": 3.7154464814986583, "suffici": 8.53098563683586, "gener": 1.8279884075245136, "suggest": 3.399326473726344, "occas": 8.07215530818825, "refus": 7.379008127628304, "request": 13.30370744538559, "safe": 6.126245159132937, "grant": 11.74986146170406, "algorithm": 2.676256301656361, "present": 1.8221800659287668, "examin": 3.641338509344936, "light": 5.507205950726713, "determin": 3.009560275161283, "introduc": 3.8380488035909903, "possibl": 4.77631844218392, "proof": 4.1803350100776235, "appendix": 5.674260035389879, "show": 3.641338509344936, "condit": 3.39002408106403, "impos": 5.674260035389879, "success": 4.083171261623976, "cacm": 0.00031215857909170155, "juli": 2.3683728335320486, "habermann": 6.462717395754149}