{"gener": 1.8279884075245136, "permut": 4.287965674269989, "lexicograph": 5.674260035389879, "order": 2.93049175168559, "algorithm": 0.8920854338854537, "r323": 8.07215530818825, "cacm": 0.00031215857909170155, "septemb": 2.546702369056466, "roy": 6.68586094706836}