{"program": 1.438836874907873, "method": 1.8535551884965207, "printer": 6.280395838960195, "graphic": 4.2435139116991545, "output": 3.497444329684867, "cacm": 0.00031215857909170155, "septemb": 2.546702369056466, "garfinkel": 6.97354301952014}