{"number": 2.2028583950544753, "multipli": 5.87493073085203, "restrict": 4.160132302760104, "partit": 4.358583241483942, "a1": 4.894101477840304, "algorithm": 0.8920854338854537, "a448": 8.07215530818825, "cacm": 0.00031215857909170155, "june": 2.3717117347975636, "beyer": 6.97354301952014, "swinehart": 8.07215530818825}