{"address": 19.56636112414289, "short": 21.198266343793875, "algorithm": 0.8920854338854537, "present": 1.8221800659287668, "minim": 3.39002408106403, "sum": 4.545794783572089, "length": 7.590978378344389, "block": 11.787061745390151, "code": 2.948191328784991, "produc": 3.427764409046877, "assembl": 9.091589567144178, "compil": 6.14988606884827, "comput": 3.9352218513144654, "instruct": 11.602388066391851, "assum": 4.358583241483942, "long": 9.276336207406207, "memori": 6.275362750115116, "locat": 12.420989026391773, "predetermin": 7.379008127628304, "distanc": 5.58724865840025, "begin": 5.238941964132033, "origin": 4.2435139116991545, "separ": 4.2435139116991545, "prespecifi": 8.07215530818825, "amount": 4.1803350100776235, "permit": 3.572345637857985, "bit": 7.955621491932298, "interpret": 4.222007706478191, "rel": 4.200954297280359, "counter": 5.992713766508414, "full": 4.545794783572089, "mutual": 5.238941964132033, "refer": 3.823660066138891, "simpl": 3.009560275161283, "iter": 4.046803617453101, "procedur": 2.63843330463401, "keep": 5.769570215194204, "paper": 1.9808454261105517, "demonstr": 4.0117122976418305, "wide": 4.408593662058603, "class": 3.427764409046877, "problem": 3.9302648408919914, "type": 3.144901623031045, "formul": 4.545794783572089, "cover": 4.9366610922591, "solvabl": 8.07215530818825, "mean": 3.2201250442686327, "elementari": 4.5168072466988365, "arithmet": 3.6901286735143684, "oper": 2.270036932811187, "column": 5.433097978572992, "vector": 4.545794783572089, "ternari": 7.379008127628304, "matrix": 3.137681375057558, "cacm": 0.00031215857909170155, "richard": 6.97354301952014}