{"interact": 7.330872121847993, "graphic": 29.704597381894082, "display": 3.9450209231431583, "monitor": 32.467176725921725, "batch": 9.706558966640099, "process": 4.350002881103019, "environ": 3.7680902149840803, "remot": 10.255432658043619, "entri": 8.668971379809763, "program": 7.194184374539365, "develop": 2.4267084105450123, "carnegi": 7.379008127628304, "mellon": 7.379008127628304, "univers": 3.9946178642825303, "cdc": 5.181783550292085, "g21": 16.1443106163765, "comput": 2.6234812342096436, "gener": 1.8279884075245136, "purpos": 3.2599709528158325, "system": 6.22977046926288, "exist": 7.14469127571597, "hardwar": 7.765001132323649, "resid": 10.866195957145983, "auxiliari": 5.299566585948469, "comprehens": 5.433097978572992, "manageri": 8.07215530818825, "capabl": 3.8094754311469345, "respons": 4.461237395544026, "command": 9.15129549344354, "human": 13.55042174009651, "user": 6.109750942746651, "respond": 6.462717395754149, "similar": 3.7954891891721947, "interfac": 10.599133171896938, "routin": 3.867462688797284, "call": 3.4087162140761826, "take": 4.160132302760104, "place": 5.127716329021809, "action": 4.57564774672177, "symmetr": 4.57564774672177, "equal": 4.6709579265260945, "basi": 4.029104040353699, "medium": 5.36410510708604, "choic": 4.57564774672177, "made": 3.2046208577326674, "design": 2.4924254822020275, "constraint": 4.358583241483942, "discuss": 2.1972245773362196, "structur": 2.473733349189875, "transient": 6.68586094706836, "swap": 12.252490318265874, "version": 4.461237395544026, "small": 3.594818493710043, "part": 3.371674942395834, "provis": 5.58724865840025, "submonitor": 8.07215530818825, "cacm": 0.00031215857909170155, "novemb": 2.4445341944976127, "bond": 6.68586094706836, "rightnour": 8.07215530818825}