{"note": 3.497444329684867, "combinatori": 5.027632870464827, "problem": 1.9651324204459957, "burnett": 7.379008127628304, "coffman": 5.87493073085203, "cacm": 0.00031215857909170155, "march": 2.546702369056466, "stone": 6.126245159132937}