{"distribut": 13.989777318739469, "signific": 7.858041163593434, "digit": 9.879095445230162, "roundoff": 12.925434791508298, "error": 6.096549574683947, "gener": 1.8279884075245136, "logarithm": 5.181783550292085, "law": 5.674260035389879, "deriv": 3.2930318150767204, "random": 3.6062471895336663, "integ": 4.140329675463924, "result": 2.3750618216828454, "determin": 3.009560275161283, "float": 4.77631844218392, "point": 3.015909502839942, "oper": 2.270036932811187, "mixtur": 6.126245159132937, "uniform": 4.853279483320049, "reciproc": 6.462717395754149, "cacm": 0.00031215857909170155, "tsao": 7.379008127628304}