{"simpli": 5.36410510708604, "extend": 11.693304114877838, "modifi": 7.7955360765852255, "batch": 19.413117933280198, "environ": 11.30427064495224, "graphic": 59.409194763788165, "system": 7.787213086578601, "sembeg": 56.50508715731775, "complet": 3.47703545805366, "compon": 12.79647845525379, "handl": 3.7154464814986583, "data": 4.333586920267359, "display": 3.9450209231431583, "content": 4.638168103703103, "varieti": 4.1209115896068225, "hardwar": 3.8825005661618244, "perform": 2.8094651192833644, "input": 6.232656501173978, "oper": 2.270036932811187, "easi": 4.358583241483942, "meet": 5.299566585948469, "grow": 5.127716329021809, "need": 3.251873742583213, "larg": 2.8791984572980396, "fulli": 5.299566585948469, "interact": 3.6654360609239967, "paper": 1.9808454261105517, "present": 1.8221800659287668, "conceptu": 5.181783550292085, "view": 4.334485689904882, "lead": 4.48863636973214, "design": 4.984850964404055, "outlin": 4.160132302760104, "major": 3.867462688797284, "found": 3.852647603012143, "basic": 6.836389916061453, "assumpt": 4.739950798013046, "true": 5.674260035389879, "aim": 5.299566585948469, "comput": 1.3117406171048218, "describ": 3.0954215657676754, "entiti": 17.97814129952524, "commonli": 5.127716329021809, "held": 5.769570215194204, "provid": 6.031819005679884, "output": 3.497444329684867, "function": 2.2610143152115496, "capabl": 3.8094754311469345, "built": 5.076423034634259, "manag": 4.046803617453101, "bagdam": 16.1443106163765, "common": 3.9450209231431583, "mean": 3.2201250442686327, "commun": 3.7154464814986583, "descript": 6.874852639917228, "facil": 3.8977680382926128, "store": 3.5288605259182457, "retriev": 3.594818493710043, "manipul": 3.437426319958614, "receiv": 5.238941964132033, "applic": 2.481168327677393, "program": 1.438836874907873, "packag": 4.814058770166768, "devic": 3.929020581796717, "cacm": 0.00031215857909170155, "novemb": 2.4445341944976127, "wendorf": 8.07215530818825}