{"comparison": 3.6901286735143684, "batch": 14.559838449960148, "process": 4.350002881103019, "instant": 20.920629058560422, "turnaround": 18.378735477398813, "studi": 3.227968221729659, "program": 5.755347499631492, "effort": 4.5168072466988365, "student": 4.310955192494688, "introductori": 6.462717395754149, "cours": 4.48863636973214, "present": 1.8221800659287668, "effect": 3.0954215657676754, "minut": 6.280395838960195, "oppos": 6.68586094706836, "convent": 3.8380488035909903, "time": 10.255659794193617, "hour": 6.280395838960195, "examin": 3.641338509344936, "item": 4.287965674269989, "compar": 3.227968221729659, "number": 6.608575185163426, "comput": 2.6234812342096436, "run": 18.388530767579056, "trip": 6.462717395754149, "center": 4.6709579265260945, "prepar": 4.57564774672177, "keypunch": 6.97354301952014, "debug": 4.6064194053885235, "elaps": 6.97354301952014, "problem": 3.9302648408919914, "result": 2.3750618216828454, "influenc": 5.433097978572992, "fact": 4.6709579265260945, "bonu": 7.379008127628304, "point": 3.015909502839942, "complet": 3.47703545805366, "evid": 5.076423034634259, "support": 4.434569148461864, "cacm": 0.00031215857909170155, "august": 2.3750618216828454, "smith": 4.310955192494688}