{"absolut": 5.769570215194204, "squar": 3.6295040516979333, "root": 4.140329675463924, "complex": 3.137681375057558, "number": 2.2028583950544753, "algorithm": 0.8920854338854537, "a2": 8.07215530818825, "cacm": 0.00031215857909170155, "octob": 2.4849066497880004, "friedland": 8.07215530818825}