{"synthesi": 11.348520070779758, "solid": 39.71982024772915, "bound": 7.676097607181981, "face": 11.348520070779758, "techniqu": 4.480545661809466, "present": 1.8221800659287668, "class": 3.427764409046877, "object": 3.380807425959106, "synthes": 5.674260035389879, "store": 3.5288605259182457, "comput": 1.3117406171048218, "begin": 5.238941964132033, "primit": 4.814058770166768, "cube": 7.379008127628304, "wedg": 8.07215530818825, "cylind": 6.97354301952014, "move": 5.181783550292085, "scale": 4.287965674269989, "rotat": 5.36410510708604, "ad": 4.408593662058603, "subtract": 5.58724865840025, "algorithm": 0.8920854338854537, "perform": 2.8094651192833644, "addit": 3.318565117081885, "practic": 3.617808011934742, "design": 2.4924254822020275, "advantag": 3.7027074557212285, "oper": 4.540073865622374, "concis": 5.87493073085203, "readili": 5.507205950726713, "compos": 5.433097978572992, "term": 3.2763647625915087, "easili": 4.26549281841793, "imagin": 6.97354301952014, "short": 5.299566585948469, "sequenc": 3.6654360609239967, "suffic": 5.992713766508414, "build": 5.076423034634259, "complex": 3.137681375057558, "cacm": 0.00031215857909170155, "april": 2.4231810700270437, "braid": 8.07215530818825}