{"sort": 7.765001132323649, "problem": 1.9651324204459957, "complex": 3.137681375057558, "techniqu": 4.480545661809466, "prove": 7.676097607181981, "min": 6.97354301952014, "max": 6.462717395754149, "norm": 5.769570215194204, "algorithm": 1.7841708677709074, "find": 3.58351893845611, "minimum": 4.1209115896068225, "maximum": 5.027632870464827, "element": 3.8825005661618244, "set": 2.554702411723542, "fewest": 7.379008127628304, "comparison": 3.6901286735143684, "optim": 3.1743155082373384, "cacm": 0.00031215857909170155, "june": 2.3717117347975636, "pohl": 7.379008127628304}