{"structur": 2.473733349189875, "lisp": 9.15129549344354, "system": 6.22977046926288, "level": 3.2681342634549932, "storag": 8.218309544768642, "ideal": 5.769570215194204, "list": 6.378706771203758, "process": 2.1750014405515095, "core": 4.310955192494688, "memori": 6.275362750115116, "data": 2.1667934601336793, "program": 4.31651062472362, "paper": 1.9808454261105517, "number": 2.2028583950544753, "techniqu": 4.480545661809466, "build": 10.152846069268518, "util": 3.6901286735143684, "drum": 5.127716329021809, "princip": 5.181783550292085, "medium": 5.36410510708604, "surprisingli": 6.280395838960195, "low": 4.383275854074314, "time": 2.0511319588387233, "penalti": 6.97354301952014, "slow": 5.58724865840025, "devic": 3.929020581796717, "includ": 2.7688504001291743, "care": 5.181783550292085, "segment": 4.434569148461864, "alloc": 3.6295040516979333, "virtual": 4.6064194053885235, "allow": 3.867462688797284, "address": 3.913272224828578, "arithmet": 3.6901286735143684, "type": 3.144901623031045, "determin": 3.009560275161283, "special": 7.0791116300699874, "algorithm": 0.8920854338854537, "reason": 4.287965674269989, "linear": 3.1818061799664963, "scheme": 3.518278416587709, "bind": 6.280395838960195, "variabl": 3.1093106779283426, "good": 4.6064194053885235, "environ": 3.7680902149840803, "complet": 3.47703545805366, "compat": 4.853279483320049, "compil": 3.074943034424135, "interpret": 4.222007706478191, "declar": 4.814058770166768, "cacm": 0.00031215857909170155, "march": 2.546702369056466, "bobrow": 5.87493073085203, "murphi": 6.97354301952014}