{"alias": 16.1443106163765, "problem": 1.9651324204459957, "comput": 1.3117406171048218, "gener": 3.6559768150490273, "shade": 13.37172189413672, "imag": 10.055265740929654, "defect": 19.38815218726245, "jag": 8.07215530818825, "edg": 5.238941964132033, "disappear": 7.379008127628304, "detail": 3.447182494903979, "long": 4.638168103703103, "annoy": 8.07215530818825, "digit": 3.2930318150767204, "increas": 3.6295040516979333, "resolut": 5.992713766508414, "defocus": 8.07215530818825, "display": 3.9450209231431583, "attenu": 8.07215530818825, "understand": 4.704859478201776, "lead": 4.48863636973214, "effect": 6.190843131535351, "method": 3.7071103769930414, "paper": 1.9808454261105517, "explain": 4.6709579265260945, "observ": 4.9811128548299335, "term": 3.2763647625915087, "phenomenon": 6.280395838960195, "inher": 5.36410510708604, "sampl": 4.310955192494688, "signal": 5.238941964132033, "discuss": 4.394449154672439, "prefilt": 16.1443106163765, "recogn": 5.027632870464827, "cure": 7.379008127628304, "evalu": 3.137681375057558, "filter": 12.56079167792039, "present": 1.8221800659287668, "applic": 2.481168327677393, "hidden": 5.58724865840025, "surfac": 4.704859478201776, "algorithm": 0.8920854338854537, "implement": 2.570897097643523, "tiler": 8.07215530818825, "shown": 2.7940406489577327, "accompani": 6.97354301952014, "exampl": 3.371674942395834, "cacm": 0.00031215857909170155, "novemb": 2.4445341944976127, "crow": 7.379008127628304}