{"proceed": 6.126245159132937, "acm": 8.717166482967883, "symposium": 6.462717395754149, "oper": 2.270036932811187, "system": 1.55744261731572, "principl": 4.5168072466988365, "cacm": 0.00031215857909170155, "special": 3.5395558150349937, "interest": 3.9450209231431583, "committe": 4.853279483320049}