{"simultan": 4.1803350100776235, "displac": 6.462717395754149, "polynomi": 3.4087162140761826, "root": 4.140329675463924, "real": 3.5078071167204135, "simpl": 3.009560275161283, "algorithm": 0.8920854338854537, "c2": 5.87493073085203, "cacm": 0.00031215857909170155, "april": 2.4231810700270437, "kerner": 8.07215530818825}