{"improv": 13.414625747572622, "round": 9.409718956403552, "rung": 11.74986146170406, "kutta": 11.1744973168005, "comput": 1.3117406171048218, "gill": 22.137024382884913, "method": 5.560665565489562, "scheme": 7.036556833175418, "common": 3.9450209231431583, "base": 2.701517280060587, "incomplet": 5.127716329021809, "adapt": 4.434569148461864, "float": 4.77631844218392, "point": 3.015909502839942, "oper": 2.270036932811187, "version": 13.383712186632078, "reduc": 3.641338509344936, "error": 3.0482747873419735, "significantli": 5.127716329021809, "note": 3.497444329684867, "heart": 6.462717395754149, "present": 1.8221800659287668, "fortran": 6.5362685269099865, "languag": 2.1750014405515095, "shown": 2.7940406489577327, "obtain": 3.116328250586989, "addit": 3.318565117081885, "statement": 3.7154464814986583, "signific": 3.929020581796717, "numer": 3.2046208577326674, "compar": 3.227968221729659, "includ": 2.7688504001291743, "cacm": 0.00031215857909170155, "decemb": 2.4626835130032902, "thompson": 5.87493073085203}