{"note": 3.497444329684867, "linear": 6.363612359932993, "program": 2.877673749815746, "algorithm": 1.7841708677709074, "design": 4.984850964404055, "combinatori": 5.027632870464827, "problem": 3.9302648408919914, "model": 2.996981492954423, "grow": 5.127716329021809, "bigger": 14.758016255256608, "size": 3.427764409046877, "actual": 4.287965674269989, "data": 4.333586920267359, "memor": 8.07215530818825, "put": 5.674260035389879, "magnet": 5.027632870464827, "tape": 8.093607234906202, "disk": 4.704859478201776, "improportion": 8.07215530818825, "fast": 3.9450209231431583, "rise": 6.462717395754149, "consumpt": 8.07215530818825, "comput": 2.6234812342096436, "time": 4.102263917677447, "cut": 6.280395838960195, "expens": 5.992713766508414, "increas": 3.6295040516979333, "effort": 9.033614493397673, "made": 3.2046208577326674, "effici": 5.421726284957649, "paper": 3.9616908522211034, "meant": 6.97354301952014, "support": 4.434569148461864, "attempt": 4.1209115896068225, "find": 3.58351893845611, "characterist": 3.6295040516979333, "pivot": 5.992713766508414, "column": 5.433097978572992, "found": 7.705295206024286, "number": 4.405716790108951, "repetit": 10.866195957145983, "transfer": 4.853279483320049, "core": 4.310955192494688, "memori": 3.137681375057558, "consid": 3.152174382360125, "simplif": 5.674260035389879, "restat": 8.07215530818825, "gener": 5.483965222573541, "function": 4.522028630423099, "probabl": 4.222007706478191, "distribut": 3.497444329684867, "moment": 11.74986146170406, "asymptot": 5.433097978572992, "formula": 8.023424595283661, "result": 4.750123643365691, "narumi": 8.07215530818825, "appli": 3.2681342634549932, "write": 4.222007706478191, "routin": 3.867462688797284, "search": 3.47703545805366, "extrem": 5.507205950726713, "tabl": 3.4570347913469903, "provid": 3.015909502839942, "mean": 3.2201250442686327, "calcul": 3.5395558150349937, "case": 3.2123429038265776, "cacm": 0.00031215857909170155, "roe": 8.07215530818825}