{"comput": 1.3117406171048218, "techniqu": 2.240272830904733, "handl": 3.7154464814986583, "analysi": 2.7738379416402132, "varianc": 4.9811128548299335, "cacm": 0.00031215857909170155, "august": 2.3750618216828454, "howel": 6.280395838960195}