{"attribut": 5.238941964132033, "base": 2.701517280060587, "organ": 7.015614233440827, "page": 11.883844332044816, "memori": 6.275362750115116, "environ": 3.7680902149840803, "high": 3.6777061535158113, "cost": 7.036556833175418, "access": 3.6062471895336663, "impli": 5.507205950726713, "need": 3.251873742583213, "care": 5.181783550292085, "data": 4.333586920267359, "typic": 4.461237395544026, "invert": 5.299566585948469, "similar": 3.7954891891721947, "approach": 6.348631016474677, "multi": 5.027632870464827, "key": 8.129644245911559, "retriev": 3.594818493710043, "articl": 5.076423034634259, "analys": 5.769570215194204, "propos": 5.814738668529472, "method": 3.7071103769930414, "call": 3.4087162140761826, "multipl": 3.58351893845611, "hash": 4.814058770166768, "attempt": 4.1209115896068225, "minim": 3.39002408106403, "prefer": 5.58724865840025, "invers": 7.734925377594568, "combin": 7.1225916033428, "exact": 4.853279483320049, "specif": 3.227968221729659, "traffic": 5.674260035389879, "characterist": 3.6295040516979333, "formul": 4.545794783572089, "mathemat": 3.6295040516979333, "program": 2.877673749815746, "heurist": 4.6064194053885235, "solut": 2.763887610787045, "improv": 3.3536564368931554, "simpl": 3.009560275161283, "techniqu": 2.240272830904733, "factor": 3.852647603012143, "cacm": 0.00031215857909170155, "februari": 2.6211168546225494, "rothni": 8.07215530818825, "jr": 3.243841570885949, "lozano": 7.379008127628304}