{"smalgol": 16.1443106163765, "prior": 5.992713766508414, "western": 6.462717395754149, "joint": 12.56079167792039, "comput": 3.9352218513144654, "confer": 12.56079167792039, "peopl": 5.507205950726713, "user": 3.0548754713733257, "group": 4.1803350100776235, "express": 3.1595004224521976, "interest": 3.9450209231431583, "defin": 3.1595004224521976, "languag": 4.350002881103019, "algol": 6.487683141771898, "compil": 3.074943034424135, "small": 7.189636987420086, "size": 3.427764409046877, "preliminari": 5.076423034634259, "report": 3.4669851222001586, "result": 2.3750618216828454, "acm": 4.358583241483942, "nation": 4.9811128548299335, "month": 5.769570215194204, "later": 5.58724865840025, "consid": 3.152174382360125, "counter": 5.992713766508414, "propos": 2.907369334264736, "final": 3.7680902149840803, "version": 4.461237395544026, "agre": 6.97354301952014, "subcommitte": 12.252490318265874, "recommend": 4.853279483320049, "standard": 3.1023420086122493, "subset": 4.545794783572089, "present": 1.8221800659287668, "cacm": 0.00031215857909170155, "novemb": 2.4445341944976127, "bachelork": 8.07215530818825, "dempster": 7.379008127628304, "knuth": 5.027632870464827, "speroni": 6.97354301952014}