{"exploratori": 16.1443106163765, "experiment": 3.867462688797284, "studi": 6.455936443459318, "compar": 6.455936443459318, "onlin": 10.255432658043619, "line": 10.586581577754737, "program": 1.438836874907873, "perform": 11.237860477133458, "experi": 10.400955366600476, "conduct": 10.477883928264067, "system": 1.55744261731572, "develop": 2.4267084105450123, "corpor": 5.87493073085203, "debug": 9.212838810777047, "programm": 11.933432237898447, "work": 3.344767489475909, "condit": 10.17007224319209, "access": 3.6062471895336663, "comput": 1.3117406171048218, "known": 3.7027074557212285, "measur": 3.8380488035909903, "control": 2.954161495771495, "standard": 3.1023420086122493, "task": 4.222007706478191, "statist": 3.867462688797284, "signific": 3.929020581796717, "result": 4.750123643365691, "faster": 4.9811128548299335, "import": 3.497444329684867, "practic": 3.617808011934742, "find": 7.16703787691222, "involv": 3.4570347913469903, "strike": 6.68586094706836, "individu": 4.6064194053885235, "differ": 3.977810745966149, "methodolog": 4.894101477840304, "problem": 1.9651324204459957, "encount": 5.076423034634259, "design": 2.4924254822020275, "limit": 3.6295040516979333, "point": 3.015909502839942, "hypothes": 6.280395838960195, "present": 1.8221800659287668, "account": 4.739950798013046, "suggest": 3.399326473726344, "made": 3.2046208577326674, "research": 3.977810745966149, "cacm": 0.00031215857909170155, "januari": 2.6297375976664563, "sackman": 8.07215530818825, "erikson": 8.07215530818825, "grant": 5.87493073085203}