{"difsub": 7.379008127628304, "solut": 2.763887610787045, "ordinari": 4.434569148461864, "differenti": 3.929020581796717, "equat": 3.1093106779283426, "algorithm": 0.8920854338854537, "c407": 8.07215530818825, "cacm": 0.00031215857909170155, "juli": 2.3683728335320486, "nikolai": 8.07215530818825}