{"program": 1.438836874907873, "work": 3.344767489475909, "intern": 4.26549281841793, "standard": 3.1023420086122493, "vocabulari": 5.87493073085203, "comput": 1.3117406171048218, "inform": 2.5627669715602726, "process": 2.1750014405515095, "cacm": 0.00031215857909170155, "novemb": 2.4445341944976127, "traub": 5.992713766508414}