{"multipl": 3.58351893845611, "exit": 6.462717395754149, "loop": 4.739950798013046, "goto": 6.97354301952014, "cacm": 0.00031215857909170155, "juli": 2.3683728335320486, "bochmann": 7.379008127628304}