{"theorem": 18.067228986795346, "prove": 15.352195214363961, "languag": 8.700005762206038, "experiment": 7.734925377594568, "larg": 2.8791984572980396, "number": 2.2028583950544753, "strategi": 9.341915853052189, "infer": 10.72821021417208, "rule": 6.95407091610732, "present": 1.8221800659287668, "consider": 3.8977680382926128, "autom": 13.726943240165308, "need": 3.251873742583213, "develop": 2.4267084105450123, "especi": 5.127716329021809, "orient": 3.977810745966149, "paper": 1.9808454261105517, "discuss": 2.1972245773362196, "featur": 3.399326473726344, "instruct": 3.867462688797284, "permit": 7.14469127571597, "easi": 4.358583241483942, "extens": 3.3359568597937543, "program": 1.438836874907873, "includ": 2.7688504001291743, "extend": 3.8977680382926128, "abil": 4.739950798013046, "gener": 1.8279884075245136, "altern": 3.9612814440149386, "system": 1.55744261731572, "cacm": 0.00031215857909170155, "june": 2.3717117347975636, "henschen": 8.07215530818825, "overbeek": 8.07215530818825, "wo": 8.07215530818825}