{"hardwar": 11.647501698485474, "estim": 11.787061745390151, "process": 4.350002881103019, "primari": 15.08289861139448, "memori": 15.68840687528779, "requir": 9.554302163398273, "minor": 5.992713766508414, "extens": 3.3359568597937543, "honeywel": 6.462717395754149, "processor": 3.7154464814986583, "demonstr": 4.0117122976418305, "allow": 3.867462688797284, "multic": 12.252490318265874, "approxim": 3.380807425959106, "addit": 3.318565117081885, "comput": 1.3117406171048218, "consist": 3.823660066138891, "program": 1.438836874907873, "access": 3.6062471895336663, "regist": 5.027632870464827, "miss": 6.126245159132937, "rate": 4.408593662058603, "associ": 4.704859478201776, "page": 3.9612814440149386, "tabl": 3.4570347913469903, "word": 3.7546671946519394, "employ": 3.913272224828578, "experiment": 3.867462688797284, "version": 4.461237395544026, "control": 2.954161495771495, "level": 3.2681342634549932, "multiprogram": 4.160132302760104, "system": 6.22977046926288, "bill": 6.97354301952014, "usag": 4.6064194053885235, "result": 2.3750618216828454, "tune": 16.1443106163765, "paramet": 3.7816958670398586, "display": 3.9450209231431583, "configur": 4.739950798013046, "insensit": 7.379008127628304, "conjectur": 6.68586094706836, "track": 5.58724865840025, "shift": 5.58724865840025, "referenc": 5.674260035389879, "characterist": 3.6295040516979333, "workload": 5.992713766508414, "cacm": 0.00031215857909170155, "septemb": 2.546702369056466, "giffor": 8.07215530818825}