{"open": 5.299566585948469, "letter": 5.769570215194204, "x3": 6.126245159132937, "fortran": 3.2681342634549932, "standard": 3.1023420086122493, "american": 4.358583241483942, "associ": 4.704859478201776, "cacm": 0.00031215857909170155, "march": 2.546702369056466}