{"note": 3.497444329684867, "digit": 3.2930318150767204, "comput": 2.6234812342096436, "tediou": 5.769570215194204, "algebra": 4.0117122976418305, "program": 4.31651062472362, "special": 3.5395558150349937, "purpos": 3.2599709528158325, "compil": 3.074943034424135, "written": 7.456699772669132, "fortran": 3.2681342634549932, "ii": 4.140329675463924, "languag": 2.1750014405515095, "made": 3.2046208577326674, "write": 4.222007706478191, "long": 4.638168103703103, "procedur": 2.63843330463401, "base": 2.701517280060587, "straight": 6.126245159132937, "forward": 5.507205950726713, "format": 4.1803350100776235, "statement": 3.7154464814986583, "gener": 1.8279884075245136, "machin": 2.918863713690471, "cacm": 0.00031215857909170155, "octob": 2.4849066497880004, "veroni": 8.07215530818825}