{"perform": 8.428395357850093, "evalu": 12.550725500230232, "highli": 9.276336207406207, "concurr": 9.962225709659867, "comput": 2.6234812342096436, "determinist": 11.539140430388407, "simul": 16.90403712979553, "present": 1.8221800659287668, "practic": 3.617808011934742, "techniqu": 6.7208184927142, "altern": 7.922562888029877, "configur": 4.739950798013046, "construct": 3.189353385601879, "detail": 3.447182494903979, "model": 11.987925971817692, "system": 9.34465570389432, "control": 2.954161495771495, "stream": 11.985427533016829, "replac": 4.739950798013046, "instruct": 3.867462688797284, "data": 2.1667934601336793, "real": 3.5078071167204135, "yield": 4.545794783572089, "time": 2.0511319588387233, "resourc": 4.287965674269989, "usag": 4.6064194053885235, "statist": 3.867462688797284, "need": 3.251873742583213, "necess": 6.126245159132937, "emul": 6.462717395754149, "case": 6.424685807653155, "studi": 6.455936443459318, "implement": 2.570897097643523, "cpu": 5.127716329021809, "memori": 9.413044125172675, "subsystem": 5.674260035389879, "ibm": 10.554835249763126, "result": 2.3750618216828454, "design": 2.4924254822020275, "discuss": 2.1972245773362196, "experi": 3.4669851222001586, "reveal": 5.181783550292085, "major": 3.867462688797284, "bottleneck": 7.379008127628304, "unit": 8.487027823398309, "fix": 4.064822122955779, "point": 3.015909502839942, "appear": 4.48863636973214, "sophist": 5.076423034634259, "pipelin": 6.97354301952014, "buffer": 5.238941964132033, "simplement": 8.07215530818825, "architectur": 5.076423034634259, "high": 3.6777061535158113, "speed": 3.823660066138891, "cach": 6.462717395754149, "cacm": 0.00031215857909170155, "novemb": 2.4445341944976127, "kumar": 8.07215530818825, "davidson": 6.97354301952014}