{"degre": 12.666023119434573, "multiprogram": 16.640529211040416, "page": 15.845125776059755, "demand": 19.413117933280198, "system": 4.67232785194716, "simpl": 3.009560275161283, "stochast": 5.58724865840025, "model": 8.99094447886327, "offer": 4.77631844218392, "base": 2.701517280060587, "understand": 4.704859478201776, "relationship": 4.222007706478191, "number": 2.2028583950544753, "program": 2.877673749815746, "permit": 3.572345637857985, "share": 10.461563488553033, "memori": 3.137681375057558, "drum": 5.127716329021809, "traffic": 5.674260035389879, "rate": 4.408593662058603, "central": 4.739950798013046, "process": 2.1750014405515095, "unit": 4.2435139116991545, "util": 3.6901286735143684, "time": 4.102263917677447, "comput": 1.3117406171048218, "preserv": 5.433097978572992, "key": 8.129644245911559, "featur": 3.399326473726344, "properti": 3.5395558150349937, "statist": 3.867462688797284, "impli": 5.507205950726713, "burst": 8.07215530818825, "begin": 5.238941964132033, "job": 4.6064194053885235, "quantum": 5.87493073085203, "execut": 3.2358734012367716, "markov": 5.769570215194204, "chain": 4.894101477840304, "analyz": 3.5503667311392095, "numer": 3.2046208577326674, "result": 4.750123643365691, "present": 3.6443601318575336, "graphic": 8.487027823398309, "wide": 8.817187324117207, "rang": 8.444015412956382, "environ": 3.7680902149840803, "descript": 3.437426319958614, "paramet": 7.563391734079717, "implic": 4.739950798013046, "design": 2.4924254822020275, "discuss": 2.1972245773362196, "calcul": 3.5395558150349937, "optim": 3.1743155082373384, "cacm": 0.00031215857909170155, "june": 2.3717117347975636, "wallac": 6.126245159132937, "mason": 7.379008127628304}