{"recurs": 3.913272224828578, "subscript": 5.507205950726713, "compil": 3.074943034424135, "list": 3.189353385601879, "type": 3.144901623031045, "memori": 3.137681375057558, "cacm": 0.00031215857909170155, "februari": 2.6211168546225494, "carr": 6.280395838960195, "iii": 4.704859478201776}