{"adapt": 4.434569148461864, "optim": 3.1743155082373384, "code": 2.948191328784991, "gener": 1.8279884075245136, "arithmet": 3.6901286735143684, "express": 3.1595004224521976, "instruct": 3.867462688797284, "set": 2.554702411723542, "present": 1.8221800659287668, "day": 5.507205950726713, "comput": 1.3117406171048218, "errata": 6.462717395754149, "cacm": 0.00031215857909170155, "octob": 2.4849066497880004, "stockhausen": 7.379008127628304}