{"class": 3.427764409046877, "dynam": 7.676097607181981, "memori": 6.275362750115116, "alloc": 7.259008103395867, "algorithm": 2.676256301656361, "anew": 8.07215530818825, "fibonacci": 6.97354301952014, "system": 4.67232785194716, "introduc": 3.8380488035909903, "similar": 3.7954891891721947, "advantag": 3.7027074557212285, "buddi": 6.126245159132937, "gener": 1.8279884075245136, "mention": 5.507205950726713, "includ": 2.7688504001291743, "special": 3.5395558150349937, "case": 3.2123429038265776, "cacm": 0.00031215857909170155, "octob": 2.4849066497880004, "hirschberg": 5.992713766508414}