{"legal": 6.126245159132937, "safeguard": 8.07215530818825, "insur": 6.280395838960195, "privaci": 6.462717395754149, "comput": 1.3117406171048218, "societi": 5.674260035389879, "cacm": 0.00031215857909170155, "septemb": 2.546702369056466, "westin": 8.07215530818825}