{"note": 3.497444329684867, "method": 1.8535551884965207, "gener": 1.8279884075245136, "point": 3.015909502839942, "uniformli": 5.992713766508414, "dimension": 4.2435139116991545, "sphere": 6.280395838960195, "cacm": 0.00031215857909170155, "april": 2.4231810700270437, "muller": 5.992713766508414}