{"jacobi": 5.674260035389879, "algorithm": 0.8920854338854537, "cacm": 0.00031215857909170155, "august": 2.3750618216828454, "naur": 5.127716329021809}