{"binari": 3.8094754311469345, "convers": 3.867462688797284, "fix": 4.064822122955779, "decim": 10.255432658043619, "precis": 4.064822122955779, "fraction": 5.36410510708604, "cacm": 0.00031215857909170155, "juli": 2.3683728335320486, "taranto": 8.07215530818825}