{"back": 16.52161785218014, "end": 15.383148987065429, "comput": 3.9352218513144654, "data": 10.833967300668396, "base": 10.806069120242348, "manag": 12.140410852359302, "propos": 2.907369334264736, "function": 2.2610143152115496, "dedic": 6.462717395754149, "accept": 4.57564774672177, "command": 4.57564774672177, "high": 3.6777061535158113, "level": 3.2681342634549932, "languag": 2.1750014405515095, "codasyl": 6.68586094706836, "task": 4.222007706478191, "group": 4.1803350100776235, "april": 2.4231810700270437, "report": 3.4669851222001586, "host": 6.280395838960195, "access": 3.6062471895336663, "secondari": 5.507205950726713, "storag": 2.7394365149228808, "result": 2.3750618216828454, "advantag": 3.7027074557212285, "configur": 4.739950798013046, "discuss": 2.1972245773362196, "experiment": 7.734925377594568, "implement": 5.141794195287046, "call": 3.4087162140761826, "system": 1.55744261731572, "xdm": 8.07215530818825, "conclus": 4.814058770166768, "approach": 3.1743155082373384, "drawn": 5.127716329021809, "cacm": 0.00031215857909170155, "octob": 2.4849066497880004, "canaday": 8.07215530818825, "harrison": 5.992713766508414, "ivi": 7.379008127628304, "ryder": 8.07215530818825, "wehr": 8.07215530818825}