{"comput": 5.246962468419287, "center": 18.683831706104378, "simul": 3.380807425959106, "project": 4.222007706478191, "today": 5.674260035389879, "base": 5.403034560121174, "rapidli": 6.126245159132937, "chang": 4.2435139116991545, "technolog": 4.5168072466988365, "hardwar": 3.8825005661618244, "softwar": 3.929020581796717, "system": 1.55744261731572, "difficult": 4.57564774672177, "decis": 7.7955360765852255, "experi": 13.867940488800635, "instanc": 5.58724865840025, "benefit": 5.36410510708604, "compar": 3.227968221729659, "problem": 1.9651324204459957, "situat": 4.48863636973214, "paper": 1.9808454261105517, "mathemat": 3.6295040516979333, "model": 5.993962985908846, "lockhe": 6.97354301952014, "central": 4.739950798013046, "formul": 4.545794783572089, "describ": 3.0954215657676754, "oper": 2.270036932811187, "term": 3.2763647625915087, "inform": 2.5627669715602726, "net": 6.126245159132937, "process": 2.1750014405515095, "control": 2.954161495771495, "function": 2.2610143152115496, "perform": 2.8094651192833644, "result": 4.750123643365691, "applic": 2.481168327677393, "discuss": 2.1972245773362196, "cacm": 0.00031215857909170155, "septemb": 2.546702369056466, "hutchinson": 6.462717395754149}