{"determinist": 5.769570215194204, "pars": 4.383275854074314, "ambigu": 15.383148987065429, "grammar": 8.241823179213645, "method": 3.7071103769930414, "describ": 3.0954215657676754, "syntax": 4.029104040353699, "program": 1.438836874907873, "languag": 2.1750014405515095, "way": 4.77631844218392, "flexibl": 4.26549281841793, "natur": 3.7027074557212285, "convent": 3.8380488035909903, "bnf": 6.462717395754149, "descript": 3.437426319958614, "consid": 3.152174382360125, "involv": 3.4570347913469903, "context": 3.913272224828578, "free": 3.913272224828578, "rule": 3.47703545805366, "resolv": 5.58724865840025, "syntact": 4.26549281841793, "shown": 2.7940406489577327, "effici": 2.7108631424788245, "lr": 5.992713766508414, "ll": 6.97354301952014, "parser": 5.127716329021809, "construct": 3.189353385601879, "directli": 4.408593662058603, "class": 3.427764409046877, "specif": 3.227968221729659, "cacm": 0.00031215857909170155, "august": 2.3750618216828454, "aho": 7.379008127628304, "johnson": 5.58724865840025, "ullman": 6.68586094706836}