{"schedul": 11.933432237898447, "project": 12.666023119434573, "network": 11.835062769429475, "basic": 3.4181949580307265, "concept": 3.4181949580307265, "terminolog": 5.181783550292085, "develop": 2.4267084105450123, "critic": 4.814058770166768, "path": 4.48863636973214, "algorithm": 1.7841708677709074, "incorpor": 4.5168072466988365, "proprietari": 7.379008127628304, "system": 1.55744261731572, "ramp": 6.97354301952014, "resourc": 4.287965674269989, "alloc": 3.6295040516979333, "multi": 5.027632870464827, "error": 3.0482747873419735, "detect": 4.310955192494688, "analysi": 2.7738379416402132, "featur": 3.399326473726344, "cacm": 0.00031215857909170155, "april": 2.4231810700270437, "klein": 7.379008127628304}