{"comput": 1.3117406171048218, "inspect": 5.992713766508414, "procedur": 2.63843330463401, "cacm": 0.00031215857909170155, "novemb": 2.4445341944976127, "muller": 5.992713766508414}