{"logic": 3.6062471895336663, "arithmet": 11.070386020543104, "comput": 1.3117406171048218, "complement": 5.674260035389879, "binari": 3.8094754311469345, "algorithm": 0.8920854338854537, "present": 1.8221800659287668, "multipl": 3.58351893845611, "divis": 4.5168072466988365, "unsign": 8.07215530818825, "integ": 4.140329675463924, "operand": 5.992713766508414, "digit": 6.586063630153441, "reserv": 5.87493073085203, "sign": 5.507205950726713, "particip": 5.507205950726713, "signific": 3.929020581796717, "posit": 4.1209115896068225, "weight": 4.77631844218392, "cacm": 0.00031215857909170155, "juli": 2.3683728335320486, "ehrman": 7.379008127628304}