{"report": 3.4669851222001586, "algorithm": 0.8920854338854537, "languag": 2.1750014405515095, "algol": 3.243841570885949, "naur": 5.127716329021809, "backu": 7.379008127628304, "cacm": 0.00031215857909170155}