{"normal": 11.787061745390151, "techniqu": 4.480545661809466, "hand": 9.788202955680608, "print": 10.055265740929654, "numer": 6.409241715465335, "famili": 5.027632870464827, "pattern": 8.203726789272256, "standard": 3.1023420086122493, "base": 2.701517280060587, "geometr": 5.58724865840025, "project": 4.222007706478191, "appli": 3.2681342634549932, "digit": 3.2930318150767204, "obtain": 3.116328250586989, "sale": 6.280395838960195, "clerk": 7.379008127628304, "principl": 4.5168072466988365, "involv": 3.4570347913469903, "transform": 3.6654360609239967, "quadrilater": 8.07215530818825, "term": 3.2763647625915087, "convex": 5.87493073085203, "hull": 6.68586094706836, "squar": 3.6295040516979333, "amount": 8.360670020155247, "overlap": 5.674260035389879, "class": 6.855528818093754, "charact": 3.6654360609239967, "versu": 5.992713766508414, "evalu": 3.137681375057558, "degre": 4.222007706478191, "achiev": 3.7954891891721947, "respect": 4.26549281841793, "publish": 4.6064194053885235, "method": 1.8535551884965207, "includ": 2.7688504001291743, "size": 3.427764409046877, "shear": 8.07215530818825, "moment": 5.87493073085203, "cacm": 0.00031215857909170155, "august": 2.3750618216828454, "nagi": 6.97354301952014, "tuong": 8.07215530818825}