{"line": 3.5288605259182457, "digit": 3.2930318150767204, "comput": 1.3117406171048218, "measur": 3.8380488035909903, "neurolog": 8.07215530818825, "control": 2.954161495771495, "system": 1.55744261731572, "cacm": 0.00031215857909170155, "novemb": 2.4445341944976127, "stark": 6.97354301952014, "payn": 6.126245159132937, "okab": 8.07215530818825}