{"gauss": 5.36410510708604, "algorithm": 0.8920854338854537, "s15": 5.127716329021809, "cacm": 0.00031215857909170155, "august": 2.3750618216828454, "pike": 5.433097978572992}