{"write": 4.222007706478191, "outlin": 4.160132302760104, "debug": 32.244935837719666, "program": 10.071858124355112, "experienc": 12.925434791508298, "user": 12.219501885493303, "present": 3.6443601318575336, "onlin": 10.255432658043619, "routin": 3.867462688797284, "unsatisfactori": 6.97354301952014, "requir": 2.388575540849568, "unnecessarili": 6.68586094706836, "rigid": 6.97354301952014, "complic": 5.027632870464827, "type": 6.28980324606209, "format": 4.1803350100776235, "make": 3.380807425959106, "difficult": 4.57564774672177, "correct": 3.6295040516979333, "error": 3.0482747873419735, "consum": 5.433097978572992, "excess": 6.126245159132937, "memori": 3.137681375057558, "intric": 8.07215530818825, "featur": 6.798652947452688, "prime": 4.6709579265260945, "import": 3.497444329684867, "simpl": 3.009560275161283, "flexibl": 4.26549281841793, "highli": 4.638168103703103, "effici": 2.7108631424788245, "commun": 3.7154464814986583, "improv": 3.3536564368931554, "techniqu": 4.480545661809466, "applic": 2.481168327677393, "illustr": 3.47703545805366, "opak": 8.07215530818825, "octal": 6.97354301952014, "packag": 4.814058770166768, "code": 2.948191328784991, "pdp": 5.507205950726713, "sd": 7.379008127628304, "compromis": 6.126245159132937, "economi": 5.769570215194204, "util": 3.6901286735143684, "core": 4.310955192494688, "storag": 2.7394365149228808, "incorpor": 4.5168072466988365, "eleg": 5.992713766508414, "discuss": 2.1972245773362196, "cacm": 0.00031215857909170155, "june": 2.3717117347975636, "bradi": 8.07215530818825}