{"atla": 6.280395838960195, "concept": 3.4181949580307265, "larg": 2.8791984572980396, "comput": 1.3117406171048218, "design": 2.4924254822020275, "cacm": 0.00031215857909170155, "june": 2.3717117347975636}