{"effici": 5.421726284957649, "search": 10.431106374160981, "algorithm": 4.460427169427269, "find": 10.75055681536833, "elementari": 13.55042174009651, "circuit": 21.198266343793875, "graph": 16.116416161414797, "theoret": 4.26549281841793, "present": 3.6443601318575336, "exhaust": 5.507205950726713, "easili": 4.26549281841793, "modifi": 3.8977680382926128, "attribut": 5.238941964132033, "length": 3.7954891891721947, "rigor": 6.280395838960195, "proof": 4.1803350100776235, "applic": 2.481168327677393, "empir": 4.358583241483942, "bound": 3.8380488035909903, "relat": 9.434704869093135, "speed": 11.470980198416672, "number": 6.608575185163426, "vertic": 5.433097978572992, "arc": 6.126245159132937, "give": 4.287965674269989, "complex": 3.137681375057558, "extens": 3.3359568597937543, "undirect": 6.126245159132937, "discuss": 2.1972245773362196, "cacm": 0.00031215857909170155, "decemb": 2.4626835130032902, "tiernan": 8.07215530818825}