{"gamma": 4.814058770166768, "function": 2.2610143152115496, "algorithm": 0.8920854338854537, "cacm": 0.00031215857909170155, "februari": 2.6211168546225494, "colling": 7.379008127628304}