{"algorithm": 0.8920854338854537, "block": 3.929020581796717, "cutnod": 7.379008127628304, "graph": 4.029104040353699, "corrigendum": 4.545794783572089, "cacm": 0.00031215857909170155, "septemb": 2.546702369056466, "paton": 6.97354301952014}