{"evalu": 3.137681375057558, "determin": 3.009560275161283, "algorithm": 0.8920854338854537, "cacm": 0.00031215857909170155, "march": 2.546702369056466, "rotenberg": 6.97354301952014}