{"control": 17.724968974628972, "procedur": 13.19216652317005, "data": 10.833967300668396, "commun": 18.57723240749329, "asa": 5.992713766508414, "progress": 10.36356710058417, "report": 6.933970244400317, "section": 4.853279483320049, "committe": 4.853279483320049, "american": 8.717166482967883, "standard": 12.409368034448997, "associ": 4.704859478201776, "charg": 6.280395838960195, "task": 21.110038532390956, "group": 25.08201006046574, "x3": 24.504980636531748, "respons": 4.461237395544026, "defin": 3.1595004224521976, "function": 2.2610143152115496, "requir": 2.388575540849568, "characterist": 3.6295040516979333, "govern": 5.181783550292085, "oper": 2.270036932811187, "digit": 3.2930318150767204, "gener": 1.8279884075245136, "receiv": 5.238941964132033, "system": 4.67232785194716, "interconnect": 6.126245159132937, "effort": 4.5168072466988365, "primarili": 5.127716329021809, "direct": 3.58351893845611, "employ": 3.913272224828578, "code": 2.948191328784991, "inform": 2.5627669715602726, "interchang": 4.638168103703103, "ascii": 5.992713766508414, "paper": 7.923381704442207, "repres": 3.6062471895336663, "work": 16.723837447379545, "propos": 2.907369334264736, "nation": 4.9811128548299335, "intern": 8.53098563683586, "field": 3.9946178642825303, "describ": 3.0954215657676754, "present": 3.6443601318575336, "detail": 3.447182494903979, "earlier": 10.152846069268518, "document": 13.075749724451825, "transpar": 6.97354301952014, "mode": 4.77631844218392, "decemb": 2.4626835130032902, "comm": 5.769570215194204, "acm": 4.358583241483942, "apr": 6.97354301952014, "march": 2.546702369056466, "retain": 6.126245159132937, "summari": 5.36410510708604, "form": 3.0954215657676754, "concept": 3.4181949580307265, "principl": 4.5168072466988365, "submit": 6.280395838960195, "organ": 7.015614233440827, "embodi": 6.126245159132937, "cacm": 0.00031215857909170155, "februari": 2.6211168546225494}