{"propos": 2.907369334264736, "revis": 5.238941964132033, "american": 4.358583241483942, "standard": 3.1023420086122493, "code": 2.948191328784991, "inform": 2.5627669715602726, "interchang": 4.638168103703103, "cacm": 0.00031215857909170155, "april": 2.4231810700270437}