{"survey": 8.97727273946428, "formula": 8.023424595283661, "manipul": 6.874852639917228, "field": 3.9946178642825303, "attent": 5.076423034634259, "specif": 6.455936443459318, "capabl": 7.618950862293869, "differenti": 3.929020581796717, "integr": 2.984558972955866, "support": 4.434569148461864, "simplif": 5.674260035389879, "display": 3.9450209231431583, "input": 3.116328250586989, "output": 3.497444329684867, "edit": 4.739950798013046, "precis": 4.064822122955779, "arithmet": 3.6901286735143684, "gener": 1.8279884075245136, "system": 1.55744261731572, "batch": 4.853279483320049, "onlin": 5.127716329021809, "final": 3.7680902149840803, "program": 1.438836874907873, "solv": 3.5078071167204135, "applic": 2.481168327677393, "discuss": 2.1972245773362196, "cacm": 0.00031215857909170155, "august": 2.3750618216828454, "sammet": 5.992713766508414}