{"array": 13.003457069714646, "grammar": 8.241823179213645, "program": 4.31651062472362, "system": 1.55744261731572, "packag": 4.814058770166768, "fortran": 3.2681342634549932, "develop": 2.4267084105450123, "permit": 3.572345637857985, "user": 6.109750942746651, "interact": 3.6654360609239967, "design": 2.4924254822020275, "test": 3.0817227214095135, "control": 2.954161495771495, "rule": 3.47703545805366, "select": 7.235616023869484, "procedur": 2.63843330463401, "deriv": 3.2930318150767204, "pars": 4.383275854074314, "weight": 4.77631844218392, "matric": 3.929020581796717, "choic": 4.57564774672177, "instanc": 5.58724865840025, "scheme": 3.518278416587709, "raster": 6.280395838960195, "random": 3.6062471895336663, "parallel": 3.8825005661618244, "exampl": 3.371674942395834, "involv": 3.4570347913469903, "languag": 4.350002881103019, "consist": 3.823660066138891, "simpl": 3.009560275161283, "geometr": 5.58724865840025, "pattern": 4.101863394636128, "neuron": 6.97354301952014, "pictur": 4.6064194053885235, "cacm": 0.00031215857909170155, "mercer": 8.07215530818825, "rosenfeld": 6.280395838960195}