{"comput": 1.3117406171048218, "educ": 4.287965674269989, "cacm": 0.00031215857909170155, "april": 2.4231810700270437, "keenan": 8.07215530818825}