{"reduct": 4.5168072466988365, "jacobi": 5.674260035389879, "algorithm": 0.8920854338854537, "cacm": 0.00031215857909170155, "juli": 2.3683728335320486, "rutishausr": 8.07215530818825}