{"treesort": 12.925434791508298, "algorithm": 3.5683417355418148, "m1": 5.433097978572992, "certif": 5.769570215194204, "take": 4.160132302760104, "form": 3.0954215657676754, "proof": 4.1803350100776235, "correct": 7.259008103395867, "illustr": 3.47703545805366, "practic": 3.617808011934742, "sort": 3.8825005661618244, "array": 4.334485689904882, "prove": 3.8380488035909903, "cacm": 0.00031215857909170155, "june": 2.3717117347975636, "london": 7.379008127628304}