{"find": 3.58351893845611, "circl": 5.992713766508414, "array": 4.334485689904882, "accumul": 5.127716329021809, "cacm": 0.00031215857909170155, "februari": 2.6211168546225494, "kimm": 8.07215530818825, "balard": 8.07215530818825, "sklanski": 8.07215530818825}