{"gener": 1.8279884075245136, "purpos": 3.2599709528158325, "program": 1.438836874907873, "system": 1.55744261731572, "cacm": 0.00031215857909170155, "holt": 6.280395838960195}