{"discret": 9.628117540333536, "squar": 7.259008103395867, "polynomi": 6.817432428152365, "fit": 7.989235728565061, "recurr": 5.87493073085203, "relat": 3.144901623031045, "orthogon": 5.127716329021809, "wide": 4.408593662058603, "data": 2.1667934601336793, "variant": 5.238941964132033, "classic": 5.238941964132033, "algorithm": 0.8920854338854537, "numer": 3.2046208577326674, "properti": 3.5395558150349937, "present": 1.8221800659287668, "reason": 4.287965674269989, "improv": 3.3536564368931554, "perform": 2.8094651192833644, "explain": 4.6709579265260945, "cacm": 0.00031215857909170155, "march": 2.546702369056466, "shampin": 8.07215530818825}