{"magic": 5.87493073085203, "squar": 3.6295040516979333, "odd": 7.379008127628304, "order": 2.93049175168559, "algorithm": 0.8920854338854537, "cacm": 0.00031215857909170155, "august": 2.3750618216828454, "collison": 5.992713766508414}