{"note": 3.497444329684867, "relev": 5.027632870464827, "estim": 3.929020581796717, "improv": 10.060969310679466, "paper": 1.9808454261105517, "effect": 3.0954215657676754, "iter": 4.046803617453101, "procedur": 2.63843330463401, "examin": 3.641338509344936, "shown": 2.7940406489577327, "applic": 2.481168327677393, "factor": 11.55794280903643, "time": 2.0511319588387233, "ineffectu": 8.07215530818825, "scale": 4.287965674269989, "cacm": 0.00031215857909170155, "novemb": 2.4445341944976127, "korfhag": 7.379008127628304}