{"poseidon": 8.07215530818825, "comput": 1.3117406171048218, "form": 3.0954215657676754, "part": 3.371674942395834, "control": 8.862484487314486, "system": 4.67232785194716, "complet": 3.47703545805366, "automat": 3.371674942395834, "partli": 6.68586094706836, "human": 4.5168072466988365, "work": 6.689534978951818, "speed": 3.823660066138891, "perform": 2.8094651192833644, "calcul": 3.5395558150349937, "data": 2.1667934601336793, "process": 2.1750014405515095, "fast": 3.9450209231431583, "result": 2.3750618216828454, "requir": 2.388575540849568, "instant": 6.97354301952014, "action": 4.57564774672177, "known": 3.7027074557212285, "real": 3.5078071167204135, "time": 2.0511319588387233, "cacm": 0.00031215857909170155, "march": 2.546702369056466, "wheel": 6.68586094706836}