{"comput": 1.3117406171048218, "program": 1.438836874907873, "patent": 6.462717395754149, "cacm": 0.00031215857909170155, "octob": 2.4849066497880004, "hamlin": 8.07215530818825}