{"arithmet": 3.6901286735143684, "declar": 4.814058770166768, "applic": 2.481168327677393, "cobol": 4.545794783572089, "cacm": 0.00031215857909170155, "januari": 2.6297375976664563, "conway": 5.769570215194204, "speroni": 6.97354301952014}