{"chebyshev": 4.9366610922591, "curv": 4.1803350100776235, "fit": 3.9946178642825303, "algorithm": 0.8920854338854537, "cacm": 0.00031215857909170155, "newhous": 6.97354301952014}