{"comment": 4.064822122955779, "index": 17.533103416297255, "regist": 20.110531481859308, "alloc": 10.8885121550938, "techniqu": 4.480545661809466, "present": 1.8221800659287668, "reduc": 3.641338509344936, "enumer": 5.433097978572992, "requir": 4.777151081699136, "known": 3.7027074557212285, "procedur": 5.27686660926802, "optim": 3.1743155082373384, "straight": 6.126245159132937, "line": 3.5288605259182457, "program": 4.31651062472362, "base": 2.701517280060587, "construct": 3.189353385601879, "link": 4.358583241483942, "diagram": 10.72821021417208, "show": 3.641338509344936, "step": 8.023424595283661, "futur": 4.222007706478191, "occurr": 5.238941964132033, "load": 4.814058770166768, "determin": 3.009560275161283, "advanc": 4.704859478201776, "configur": 4.739950798013046, "subdivid": 6.68586094706836, "separ": 4.2435139116991545, "portion": 4.894101477840304, "appli": 3.2681342634549932, "independ": 3.8094754311469345, "cacm": 0.00031215857909170155, "septemb": 2.546702369056466, "luccio": 6.68586094706836}