{"poisson": 5.87493073085203, "charlier": 7.379008127628304, "polynomi": 3.4087162140761826, "algorithm": 0.8920854338854537, "s23": 7.379008127628304, "cacm": 0.00031215857909170155, "juli": 2.3683728335320486, "simo": 6.462717395754149, "pereira": 6.68586094706836}