{"subprogram": 5.769570215194204, "curv": 4.1803350100776235, "fit": 3.9946178642825303, "spline": 5.433097978572992, "tension": 7.379008127628304, "e2": 5.181783550292085, "algorithm": 0.8920854338854537, "a476": 8.07215530818825, "cacm": 0.00031215857909170155, "april": 2.4231810700270437, "cline": 6.97354301952014}