{"class": 3.427764409046877, "unambigu": 6.280395838960195, "comput": 3.9352218513144654, "languag": 8.700005762206038, "discuss": 2.1972245773362196, "paper": 1.9808454261105517, "concept": 3.4181949580307265, "fulli": 10.599133171896938, "nest": 10.152846069268518, "mean": 3.2201250442686327, "design": 2.4924254822020275, "complet": 3.47703545805366, "free": 3.913272224828578, "ambigu": 5.127716329021809, "suggest": 3.399326473726344, "redefinit": 8.07215530818825, "algol": 3.243841570885949, "cacm": 0.00031215857909170155, "march": 2.546702369056466, "johnston": 6.97354301952014}