{"start": 9.788202955680608, "method": 3.7071103769930414, "solv": 3.5078071167204135, "nonlinear": 4.704859478201776, "volterra": 16.1443106163765, "integr": 5.969117945911732, "equat": 6.218621355856685, "kind": 8.817187324117207, "fourth": 5.507205950726713, "order": 2.93049175168559, "numer": 3.2046208577326674, "exampl": 3.371674942395834, "present": 1.8221800659287668, "cacm": 0.00031215857909170155, "june": 2.3717117347975636, "iguchi": 8.07215530818825}