{"hermit": 6.68586094706836, "interpol": 4.6064194053885235, "algorithm": 0.8920854338854537, "cacm": 0.00031215857909170155, "octob": 2.4849066497880004, "schubert": 6.68586094706836}