{"linear": 3.1818061799664963, "quotient": 5.769570215194204, "hash": 9.628117540333536, "code": 5.896382657569982, "method": 1.8535551884965207, "present": 1.8221800659287668, "shown": 2.7940406489577327, "possess": 5.36410510708604, "desir": 4.140329675463924, "attribut": 5.238941964132033, "specif": 3.227968221729659, "algorithm": 0.8920854338854537, "simpl": 3.009560275161283, "effici": 2.7108631424788245, "exhaust": 5.507205950726713, "need": 3.251873742583213, "time": 2.0511319588387233, "probe": 11.985427533016829, "lookup": 6.68586094706836, "perform": 2.8094651192833644, "data": 2.1667934601336793, "implement": 2.570897097643523, "hint": 8.07215530818825, "cacm": 0.00031215857909170155, "novemb": 2.4445341944976127, "bell": 5.433097978572992, "kaman": 8.07215530818825}