{"comput": 6.558703085524109, "societi": 17.022780106169638, "propos": 5.814738668529472, "cours": 17.95454547892856, "scientist": 11.348520070779758, "purpos": 3.2599709528158325, "paper": 3.9616908522211034, "describ": 3.0954215657676754, "concern": 3.9612814440149386, "effect": 3.0954215657676754, "respons": 4.461237395544026, "impact": 5.076423034634259, "divid": 4.739950798013046, "compon": 8.53098563683586, "polit": 6.280395838960195, "econom": 4.6709579265260945, "cultur": 7.379008127628304, "social": 5.674260035389879, "moral": 8.07215530818825, "main": 4.029104040353699, "part": 3.371674942395834, "defin": 3.1595004224521976, "present": 1.8221800659287668, "exampl": 3.371674942395834, "relev": 5.027632870464827, "issu": 4.704859478201776, "remain": 5.127716329021809, "portion": 4.894101477840304, "format": 4.1803350100776235, "discuss": 2.1972245773362196, "topic": 10.599133171896938, "outlin": 4.160132302760104, "select": 3.617808011934742, "set": 2.554702411723542, "refer": 3.823660066138891, "list": 3.189353385601879, "hope": 6.462717395754149, "make": 3.380807425959106, "easier": 6.462717395754149, "initi": 4.2435139116991545, "subject": 4.160132302760104, "cacm": 0.00031215857909170155, "april": 2.4231810700270437, "horowitz": 6.462717395754149, "morgan": 6.126245159132937, "shaw": 5.87493073085203}