{"scan": 24.470507389201522, "display": 19.725104615715793, "comput": 3.9352218513144654, "graphic": 8.487027823398309, "televis": 7.379008127628304, "system": 1.55744261731572, "success": 4.083171261623976, "implement": 2.570897097643523, "honeywel": 6.462717395754149, "ddp": 7.379008127628304, "instal": 5.58724865840025, "imag": 10.055265740929654, "store": 3.5288605259182457, "core": 8.621910384989375, "memori": 3.137681375057558, "softwar": 3.929020581796717, "convers": 3.867462688797284, "convert": 4.383275854074314, "rectangular": 5.299566585948469, "coordin": 4.853279483320049, "point": 6.031819005679884, "word": 3.7546671946519394, "bit": 3.977810745966149, "output": 3.497444329684867, "array": 4.334485689904882, "storag": 2.7394365149228808, "result": 2.3750618216828454, "flicker": 8.07215530818825, "free": 3.913272224828578, "larg": 2.8791984572980396, "amount": 4.1803350100776235, "data": 2.1667934601336793, "reason": 4.287965674269989, "fast": 3.9450209231431583, "interact": 3.6654360609239967, "size": 3.427764409046877, "frame": 5.58724865840025, "rate": 4.408593662058603, "cacm": 0.00031215857909170155, "march": 2.546702369056466, "noll": 7.379008127628304}