{"optim": 12.697262032949354, "perform": 19.666255834983552, "time": 10.255659794193617, "share": 10.461563488553033, "system": 14.016983555841481, "simul": 10.14242227787732, "model": 5.993962985908846, "finit": 4.2435139116991545, "noncontigu": 8.07215530818825, "store": 14.115442103672983, "infinit": 5.58724865840025, "auxiliari": 5.299566585948469, "studi": 3.227968221729659, "variat": 9.409718956403552, "paramet": 15.126783468159434, "size": 6.855528818093754, "number": 2.2028583950544753, "job": 18.425677621554094, "allow": 3.867462688797284, "execut": 3.2358734012367716, "simultan": 4.1803350100776235, "schedul": 23.866864475796895, "algorithm": 4.460427169427269, "effect": 9.286264697303025, "measur": 11.514146410772971, "ascertain": 6.462717395754149, "control": 11.81664598308598, "includ": 2.7688504001291743, "requir": 2.388575540849568, "mark": 10.255432658043619, "base": 2.701517280060587, "mean": 3.2201250442686327, "cost": 3.518278416587709, "delay": 6.280395838960195, "process": 2.1750014405515095, "shown": 2.7940406489577327, "signific": 3.929020581796717, "improv": 3.3536564368931554, "obtain": 3.116328250586989, "variabl": 3.1093106779283426, "slice": 8.07215530818825, "techniqu": 2.240272830904733, "select": 3.617808011934742, "optimum": 4.704859478201776, "round": 4.704859478201776, "robin": 6.97354301952014, "cycl": 5.027632870464827, "appear": 4.48863636973214, "featur": 6.798652947452688, "benefit": 10.72821021417208, "affect": 5.181783550292085, "predict": 4.894101477840304, "manner": 4.6064194053885235, "supervisor": 6.280395838960195, "overhead": 5.433097978572992, "speed": 3.823660066138891, "cpu": 5.127716329021809, "comparison": 7.380257347028737, "made": 3.2046208577326674, "result": 2.3750618216828454, "analyt": 4.461237395544026, "equat": 3.1093106779283426, "quantum": 5.87493073085203, "orient": 3.977810745966149, "nonpreempt": 8.07215530818825, "found": 3.852647603012143, "favor": 5.433097978572992, "cacm": 0.00031215857909170155, "june": 2.3717117347975636, "blatni": 8.07215530818825, "clark": 5.433097978572992, "rourk": 8.07215530818825}