{"downhil": 14.758016255256608, "method": 12.974886319475644, "numer": 6.409241715465335, "solv": 3.5078071167204135, "complex": 3.137681375057558, "equat": 3.1093106779283426, "restrict": 4.160132302760104, "function": 2.2610143152115496, "analyt": 4.461237395544026, "introduct": 4.894101477840304, "critic": 4.814058770166768, "review": 4.48863636973214, "relat": 3.144901623031045, "literatur": 4.894101477840304, "present": 1.8221800659287668, "theori": 4.140329675463924, "converg": 9.276336207406207, "shown": 2.7940406489577327, "fundament": 5.076423034634259, "dilemma": 8.07215530818825, "exist": 3.572345637857985, "breakdown": 6.97354301952014, "practic": 3.617808011934742, "applic": 2.481168327677393, "avoid": 4.434569148461864, "difficulti": 4.57564774672177, "improv": 3.3536564368931554, "rate": 4.408593662058603, "root": 4.140329675463924, "modif": 4.461237395544026, "origin": 4.2435139116991545, "propos": 2.907369334264736, "program": 1.438836874907873, "fortran": 3.2681342634549932, "base": 2.701517280060587, "modifi": 3.8977680382926128, "algorithm": 0.8920854338854537, "exampl": 3.371674942395834, "includ": 2.7688504001291743, "cacm": 0.00031215857909170155, "decemb": 2.4626835130032902, "bach": 7.379008127628304}