{"gener": 3.6559768150490273, "prime": 9.341915853052189, "implic": 9.479901596026092, "ternari": 14.758016255256608, "encod": 10.255432658043619, "decim": 10.255432658043619, "arithmet": 7.380257347028737, "cube": 7.379008127628304, "topolog": 5.433097978572992, "consider": 3.8977680382926128, "algorithm": 1.7841708677709074, "obtain": 3.116328250586989, "extrem": 5.507205950726713, "boolean": 4.638168103703103, "function": 2.2610143152115496, "program": 1.438836874907873, "fortran": 3.2681342634549932, "languag": 2.1750014405515095, "requir": 2.388575540849568, "memori": 3.137681375057558, "minim": 3.39002408106403, "procedur": 2.63843330463401, "treat": 4.814058770166768, "don": 8.07215530818825, "care": 5.181783550292085, "term": 3.2763647625915087, "effici": 2.7108631424788245, "manner": 4.6064194053885235, "cacm": 0.00031215857909170155, "juli": 2.3683728335320486, "dietmey": 8.07215530818825, "duley": 8.07215530818825}