{"emerg": 12.252490318265874, "profess": 13.94708603904028, "comput": 1.3117406171048218, "program": 1.438836874907873, "deal": 4.461237395544026, "enorm": 6.126245159132937, "varieti": 8.241823179213645, "activ": 7.955621491932298, "carri": 4.77631844218392, "peopl": 5.507205950726713, "great": 5.433097978572992, "background": 5.299566585948469, "clear": 5.674260035389879, "part": 3.371674942395834, "evolv": 5.507205950726713, "distinct": 5.076423034634259, "profession": 5.027632870464827, "field": 3.9946178642825303, "scope": 5.433097978572992, "econom": 4.6709579265260945, "social": 5.674260035389879, "educ": 4.287965674269989, "characterist": 3.6295040516979333, "mean": 3.2201250442686327, "defin": 3.1595004224521976, "paper": 1.9808454261105517, "issu": 4.704859478201776, "examin": 3.641338509344936, "opinion": 7.379008127628304, "express": 3.1595004224521976, "cacm": 0.00031215857909170155, "march": 2.546702369056466, "orden": 8.07215530818825}