{"compar": 6.455936443459318, "analysi": 2.7738379416402132, "disk": 9.409718956403552, "schedul": 11.933432237898447, "polici": 19.576405911361217, "known": 3.7027074557212285, "movabl": 7.379008127628304, "head": 5.181783550292085, "perform": 11.237860477133458, "criteria": 4.57564774672177, "expect": 8.668971379809763, "seek": 6.280395838960195, "time": 6.15339587651617, "system": 3.11488523463144, "orient": 15.911242983864597, "wait": 10.72821021417208, "individu": 13.81925821616557, "request": 13.30370744538559, "analyt": 4.461237395544026, "simul": 3.380807425959106, "result": 2.3750618216828454, "obtain": 3.116328250586989, "varianc": 4.9811128548299335, "introduc": 3.8380488035909903, "meaning": 6.126245159132937, "measur": 11.514146410772971, "show": 3.641338509344936, "discrimin": 6.280395838960195, "choic": 4.57564774672177, "util": 3.6901286735143684, "function": 4.522028630423099, "total": 4.1803350100776235, "includ": 2.7688504001291743, "differenti": 3.929020581796717, "wide": 4.408593662058603, "rang": 4.222007706478191, "input": 3.116328250586989, "load": 4.814058770166768, "condit": 3.39002408106403, "select": 3.617808011934742, "implement": 2.570897097643523, "maximum": 5.027632870464827, "algorithm": 0.8920854338854537, "discuss": 2.1972245773362196, "cacm": 0.00031215857909170155, "march": 2.546702369056466, "teorey": 8.07215530818825, "pinkerton": 7.379008127628304}