{"evalu": 3.137681375057558, "laguerr": 8.07215530818825, "polynomi": 3.4087162140761826, "ln": 6.97354301952014, "recurs": 3.913272224828578, "algorithm": 0.8920854338854537, "cacm": 0.00031215857909170155, "june": 2.3717117347975636, "galler": 5.433097978572992}