{"note": 3.497444329684867, "calcul": 3.5395558150349937, "probabl": 4.222007706478191, "distribut": 3.497444329684867, "cacm": 0.00031215857909170155, "decemb": 2.4626835130032902, "smilli": 7.379008127628304, "anstey": 8.07215530818825}