{"compil": 3.074943034424135, "matrix": 3.137681375057558, "oper": 2.270036932811187, "cacm": 0.00031215857909170155, "decemb": 2.4626835130032902, "galler": 5.433097978572992, "perli": 5.58724865840025}