{"retriev": 3.594818493710043, "time": 2.0511319588387233, "pack": 5.58724865840025, "direct": 3.58351893845611, "access": 3.6062471895336663, "invert": 5.299566585948469, "cacm": 0.00031215857909170155, "octob": 2.4849066497880004, "bay": 6.126245159132937}