{"statu": 5.58724865840025, "women": 27.89417207808056, "minor": 23.970855066033657, "academ": 5.87493073085203, "comput": 3.9352218513144654, "scienc": 11.933432237898447, "result": 2.3750618216828454, "survey": 4.48863636973214, "concern": 3.9612814440149386, "student": 8.621910384989375, "faculti": 6.126245159132937, "year": 4.160132302760104, "present": 1.8221800659287668, "analysi": 2.7738379416402132, "data": 2.1667934601336793, "effect": 3.0954215657676754, "affirm": 7.379008127628304, "action": 4.57564774672177, "program": 2.877673749815746, "recruit": 8.07215530818825, "graduat": 10.477883928264067, "degre": 4.222007706478191, "need": 3.251873742583213, "enlarg": 7.379008127628304, "number": 2.2028583950544753, "qualifi": 6.68586094706836, "later": 5.58724865840025, "employ": 7.826544449657156, "discrimin": 6.280395838960195, "reveal": 5.181783550292085, "cacm": 0.00031215857909170155, "octob": 2.4849066497880004, "montanelli": 7.379008127628304, "jr": 3.243841570885949, "mamrak": 6.97354301952014}