{"dribbl": 16.1443106163765, "post": 5.992713766508414, "master": 24.504980636531748, "busi": 4.814058770166768, "applic": 2.481168327677393, "employ": 3.913272224828578, "sequenti": 4.5168072466988365, "magnet": 5.027632870464827, "tape": 4.046803617453101, "random": 3.6062471895336663, "access": 3.6062471895336663, "storag": 2.7394365149228808, "techniqu": 2.240272830904733, "process": 2.1750014405515095, "small": 3.594818493710043, "number": 2.2028583950544753, "transact": 5.433097978572992, "volumin": 8.07215530818825, "situat": 4.48863636973214, "prove": 3.8380488035909903, "econom": 4.6709579265260945, "avoid": 4.434569148461864, "creat": 4.408593662058603, "updat": 4.704859478201776, "run": 3.6777061535158113, "produc": 3.427764409046877, "ledger": 8.07215530818825, "account": 4.739950798013046, "experienc": 6.462717395754149, "activ": 3.977810745966149, "cacm": 0.00031215857909170155, "februari": 2.6211168546225494, "head": 5.181783550292085}