{"solut": 2.763887610787045, "polynomi": 3.4087162140761826, "equat": 3.1093106779283426, "bairstow": 6.126245159132937, "hitchcock": 6.68586094706836, "method": 1.8535551884965207, "grau": 6.462717395754149, "commun": 3.7154464814986583, "acm": 4.358583241483942, "februari": 2.6211168546225494, "algorithm": 0.8920854338854537, "cacm": 0.00031215857909170155, "june": 2.3717117347975636, "thacher": 4.358583241483942, "jr": 3.243841570885949}