{"automat": 3.371674942395834, "grader": 6.68586094706836, "program": 1.438836874907873, "class": 3.427764409046877, "cacm": 0.00031215857909170155, "octob": 2.4849066497880004, "hollingsworth": 7.379008127628304}