{"crt": 6.280395838960195, "edit": 9.479901596026092, "system": 1.55744261731572, "test": 3.0817227214095135, "manipul": 3.437426319958614, "program": 2.877673749815746, "oper": 4.540073865622374, "low": 4.383275854074314, "cost": 3.518278416587709, "cathod": 6.280395838960195, "ray": 5.507205950726713, "tube": 6.462717395754149, "entri": 4.334485689904882, "display": 3.9450209231431583, "station": 6.462717395754149, "keyboard": 5.674260035389879, "function": 2.2610143152115496, "button": 8.07215530818825, "applic": 2.481168327677393, "potenti": 4.6709579265260945, "economi": 5.769570215194204, "aspect": 4.083171261623976, "implement": 2.570897097643523, "discuss": 2.1972245773362196, "cacm": 0.00031215857909170155, "januari": 2.6297375976664563, "iron": 5.769570215194204, "djorup": 8.07215530818825}