{"onlin": 10.255432658043619, "editor": 11.348520070779758, "interact": 3.6654360609239967, "system": 3.11488523463144, "test": 3.0817227214095135, "edit": 9.479901596026092, "detail": 3.447182494903979, "remark": 4.57564774672177, "theoret": 4.26549281841793, "experiment": 3.867462688797284, "justif": 6.126245159132937, "form": 3.0954215657676754, "emphasi": 4.5168072466988365, "provid": 3.015909502839942, "maximum": 5.027632870464827, "conveni": 4.814058770166768, "power": 3.7680902149840803, "user": 3.0548754713733257, "notabl": 6.462717395754149, "featur": 3.399326473726344, "abil": 4.739950798013046, "handl": 3.7154464814986583, "piec": 5.992713766508414, "text": 4.083171261623976, "content": 4.638168103703103, "search": 3.47703545805366, "facil": 3.8977680382926128, "charact": 7.330872121847993, "oper": 2.270036932811187, "program": 1.438836874907873, "limit": 3.6295040516979333, "extent": 5.299566585948469, "cacm": 0.00031215857909170155, "decemb": 2.4626835130032902, "deutsch": 6.462717395754149, "lampson": 6.462717395754149}