{"graph": 4.029104040353699, "formul": 13.637384350716268, "school": 10.599133171896938, "schedul": 15.911242983864597, "algorithm": 2.676256301656361, "problem": 5.895397261337987, "classic": 10.477883928264067, "titl": 6.97354301952014, "examin": 7.282677018689872, "take": 4.160132302760104, "form": 3.0954215657676754, "literatur": 4.894101477840304, "present": 3.6443601318575336, "terminolog": 5.181783550292085, "network": 7.890041846286317, "theori": 4.140329675463924, "nondirect": 6.97354301952014, "partit": 4.358583241483942, "node": 8.869138296923728, "minim": 3.39002408106403, "number": 6.608575185163426, "subset": 9.091589567144178, "member": 5.299566585948469, "connect": 17.24382076997875, "anarc": 8.07215530818825, "obviou": 5.769570215194204, "lower": 5.238941964132033, "limit": 7.259008103395867, "size": 6.855528818093754, "largest": 18.841187516880584, "strongli": 17.30871064558261, "subgraph": 22.137024382884913, "kirchgassn": 8.07215530818825, "prove": 3.8380488035909903, "upper": 5.36410510708604, "logic": 3.6062471895336663, "extens": 3.3359568597937543, "previou": 4.434569148461864, "work": 3.344767489475909, "introduct": 4.894101477840304, "variabl": 3.1093106779283426, "length": 3.7954891891721947, "period": 4.77631844218392, "exam": 16.1443106163765, "object": 3.380807425959106, "paper": 1.9808454261105517, "gener": 1.8279884075245136, "definit": 3.6777061535158113, "includ": 2.7688504001291743, "weight": 4.77631844218392, "approxim": 3.380807425959106, "find": 3.58351893845611, "discuss": 2.1972245773362196, "applic": 2.481168327677393, "solut": 2.763887610787045, "cacm": 0.00031215857909170155, "decemb": 2.4626835130032902, "salazar": 7.379008127628304, "oakford": 8.07215530818825}