{"invr": 6.97354301952014, "algorithm": 0.8920854338854537, "cacm": 0.00031215857909170155, "januari": 2.6297375976664563, "randel": 6.126245159132937, "broyden": 8.07215530818825}