{"method": 12.974886319475644, "color": 17.97814129952524, "vertic": 10.866195957145983, "graph": 24.174624242122196, "paper": 1.9808454261105517, "describ": 3.0954215657676754, "effici": 2.7108631424788245, "heurist": 13.81925821616557, "reli": 5.58724865840025, "comparison": 3.6901286735143684, "degre": 4.222007706478191, "structur": 2.473733349189875, "develop": 2.4267084105450123, "exact": 14.559838449960148, "bipartit": 6.97354301952014, "import": 3.497444329684867, "part": 3.371674942395834, "procedur": 2.63843330463401, "find": 3.58351893845611, "maxim": 5.299566585948469, "cliqu": 6.68586094706836, "gener": 1.8279884075245136, "final": 3.7680902149840803, "perform": 2.8094651192833644, "randal": 6.97354301952014, "brown": 5.027632870464827, "algorithm": 0.8920854338854537, "abl": 5.299566585948469, "larger": 4.9366610922591, "classic": 5.238941964132033, "compar": 3.227968221729659, "cacm": 0.00031215857909170155, "april": 2.4231810700270437, "brelaz": 8.07215530818825}