{"edit": 9.479901596026092, "pictur": 9.212838810777047, "segment": 8.869138296923728, "local": 9.341915853052189, "analysi": 2.7738379416402132, "graph": 16.116416161414797, "major": 3.867462688797284, "problem": 1.9651324204459957, "process": 2.1750014405515095, "elimin": 12.194466368867339, "larg": 2.8791984572980396, "number": 4.405716790108951, "spuriou": 13.94708603904028, "region": 24.470507389201522, "result": 2.3750618216828454, "initi": 4.2435139116991545, "grow": 5.127716329021809, "techniqu": 2.240272830904733, "basi": 12.087312121061098, "semant": 4.287965674269989, "inform": 2.5627669715602726, "size": 3.427764409046877, "contrast": 5.58724865840025, "scheme": 7.036556833175418, "present": 3.6443601318575336, "perform": 2.8094651192833644, "properti": 7.0791116300699874, "adjac": 5.769570215194204, "base": 2.701517280060587, "definit": 3.6777061535158113, "satisfi": 4.383275854074314, "equival": 4.434569148461864, "fast": 3.9450209231431583, "oper": 2.270036932811187, "exampl": 3.371674942395834, "shown": 2.7940406489577327, "cacm": 0.00031215857909170155, "april": 2.4231810700270437, "tanimoto": 8.07215530818825, "pavlidi": 8.07215530818825}