{"multipl": 3.58351893845611, "precis": 12.194466368867339, "float": 14.32895532655176, "point": 9.047728508519825, "convers": 15.469850755189135, "decim": 20.510865316087237, "binari": 15.237901724587738, "vice": 16.1443106163765, "versa": 16.1443106163765, "perform": 2.8094651192833644, "tabl": 13.828139165387961, "power": 3.7680902149840803, "ia": 8.07215530818825, "posit": 4.1209115896068225, "integ": 4.140329675463924, "convert": 8.766551708148627, "base": 10.806069120242348, "coeffici": 4.1209115896068225, "polynomi": 3.4087162140761826, "approxim": 3.380807425959106, "occupi": 6.280395838960195, "larg": 2.8791984572980396, "storag": 2.7394365149228808, "region": 4.894101477840304, "case": 3.2123429038265776, "nonsingl": 8.07215530818825, "paper": 1.9808454261105517, "show": 3.641338509344936, "singl": 3.7546671946519394, "small": 3.594818493710043, "suffic": 5.992713766508414, "cacm": 0.00031215857909170155, "mancino": 6.97354301952014}