{"modifi": 3.8977680382926128, "invers": 19.337313443986417, "procedur": 7.915299913902031, "product": 7.989235728565061, "form": 6.190843131535351, "linear": 6.363612359932993, "program": 2.877673749815746, "code": 5.896382657569982, "paper": 3.9616908522211034, "describ": 3.0954215657676754, "algorithm": 1.7841708677709074, "select": 3.617808011934742, "pivot": 5.992713766508414, "row": 5.299566585948469, "matrix": 6.275362750115116, "develop": 2.4267084105450123, "valuabl": 5.58724865840025, "non": 4.638168103703103, "dens": 6.97354301952014, "test": 3.0817227214095135, "oper": 2.270036932811187, "esso": 8.07215530818825, "research": 3.977810745966149, "engin": 4.814058770166768, "ibm": 3.518278416587709, "comput": 2.6234812342096436, "month": 5.769570215194204, "substanti": 4.6709579265260945, "cost": 3.518278416587709, "save": 4.739950798013046, "realiz": 5.027632870464827, "cacm": 0.00031215857909170155, "juli": 2.3683728335320486, "larsen": 6.97354301952014}