{"abstract": 13.30370744538559, "data": 8.667173840534717, "type": 9.434704869093135, "softwar": 3.929020581796717, "valid": 4.894101477840304, "natur": 3.7027074557212285, "algebra": 12.035136892925491, "axiom": 24.504980636531748, "virtu": 6.280395838960195, "permit": 3.572345637857985, "represent": 3.5503667311392095, "independ": 3.8094754311469345, "formal": 3.728349886334566, "specif": 3.227968221729659, "show": 3.641338509344936, "employ": 3.913272224828578, "success": 4.083171261623976, "level": 3.2681342634549932, "implement": 12.854485488217616, "major": 3.867462688797284, "thrust": 8.07215530818825, "paper": 1.9808454261105517, "twofold": 6.97354301952014, "shown": 2.7940406489577327, "axiomat": 6.280395838960195, "simplifi": 4.48863636973214, "process": 2.1750014405515095, "prove": 3.8380488035909903, "correct": 7.259008103395867, "semi": 5.769570215194204, "automat": 3.371674942395834, "tool": 4.638168103703103, "autom": 4.57564774672177, "proof": 4.1803350100776235, "deriv": 3.2930318150767204, "limit": 3.6295040516979333, "test": 3.0817227214095135, "program": 1.438836874907873, "design": 2.4924254822020275, "time": 2.0511319588387233, "convent": 3.8380488035909903, "accomplish": 4.638168103703103, "cacm": 0.00031215857909170155, "decemb": 2.4626835130032902, "guttag": 7.379008127628304, "horowitz": 6.462717395754149, "musser": 8.07215530818825}