{"convers": 3.867462688797284, "limit": 7.259008103395867, "entri": 8.668971379809763, "decis": 19.488840191463062, "tabl": 20.742208748081943, "optim": 12.697262032949354, "flowchart": 19.924451419319734, "algorithm": 8.920854338854538, "deriv": 9.879095445230162, "present": 1.8221800659287668, "take": 4.160132302760104, "account": 4.739950798013046, "rule": 17.385177290268302, "frequenc": 4.739950798013046, "time": 8.204527835354893, "need": 6.503747485166426, "test": 3.0817227214095135, "condit": 3.39002408106403, "call": 6.817432428152365, "optimum": 28.229156869210655, "find": 7.16703787691222, "lead": 8.97727273946428, "truli": 6.97354301952014, "minim": 3.39002408106403, "execut": 6.471746802473543, "simpl": 3.009560275161283, "contract": 6.68586094706836, "complex": 3.137681375057558, "approach": 9.522946524712015, "requir": 4.777151081699136, "fewer": 5.674260035389879, "calcul": 3.5395558150349937, "necessarili": 5.507205950726713, "produc": 3.427764409046877, "treat": 4.814058770166768, "shown": 2.7940406489577327, "equal": 4.6709579265260945, "valid": 4.894101477840304, "includ": 2.7688504001291743, "compar": 6.455936443459318, "exist": 7.14469127571597, "appli": 6.5362685269099865, "larg": 2.8791984572980396, "real": 3.5078071167204135, "case": 3.2123429038265776, "comparison": 3.6901286735143684, "conclus": 4.814058770166768, "drawn": 5.127716329021809, "result": 2.3750618216828454, "comput": 2.6234812342096436, "gener": 1.8279884075245136, "greater": 4.853279483320049, "effort": 4.5168072466988365, "justifi": 5.58724865840025, "small": 3.594818493710043, "reduct": 4.5168072466988365, "obtain": 3.116328250586989, "cacm": 0.00031215857909170155, "novemb": 2.4445341944976127, "verhelst": 6.97354301952014}