{"achiev": 3.7954891891721947, "specif": 3.227968221729659, "accuraci": 13.149827562222942, "simul": 10.14242227787732, "output": 6.994888659369734, "analysi": 5.5476758832804265, "paper": 5.942536278331655, "extend": 3.8977680382926128, "regen": 29.516032510513217, "properti": 7.0791116300699874, "queue": 4.894101477840304, "system": 1.55744261731572, "describ": 6.190843131535351, "sequenti": 9.033614493397673, "estim": 3.929020581796717, "method": 7.414220753986083, "result": 2.3750618216828454, "obtain": 6.232656501173978, "statist": 3.867462688797284, "includ": 2.7688504001291743, "test": 3.0817227214095135, "check": 4.545794783572089, "normal": 3.929020581796717, "assumpt": 4.739950798013046, "procedur": 2.63843330463401, "reli": 5.58724865840025, "illustr": 3.47703545805366, "empti": 6.126245159132937, "idl": 7.379008127628304, "state": 15.410590412048572, "frequent": 4.5168072466988365, "enter": 5.299566585948469, "reduc": 3.641338509344936, "chanc": 7.379008127628304, "make": 3.380807425959106, "costli": 6.462717395754149, "error": 3.0482747873419735, "preliminari": 5.076423034634259, "run": 3.6777061535158113, "varianc": 9.962225709659867, "reduct": 9.033614493397673, "due": 4.9811128548299335, "page": 3.9612814440149386, "consider": 3.8977680382926128, "fewer": 5.674260035389879, "job": 4.6064194053885235, "complet": 3.47703545805366, "requir": 2.388575540849568, "techniqu": 2.240272830904733, "appli": 3.2681342634549932, "cacm": 0.00031215857909170155, "fishman": 6.462717395754149}