{"translat": 22.14077204108621, "equat": 9.327932033785029, "input": 3.116328250586989, "limit": 3.6295040516979333, "transduct": 8.07215530818825, "express": 3.1595004224521976, "describ": 3.0954215657676754, "syntax": 4.029104040353699, "left": 5.769570215194204, "context": 7.826544449657156, "sensit": 5.769570215194204, "semant": 4.287965674269989, "free": 3.913272224828578, "languag": 2.1750014405515095, "formal": 3.728349886334566, "procedur": 2.63843330463401, "deriv": 3.2930318150767204, "set": 2.554702411723542, "specif": 3.227968221729659, "pushdown": 12.252490318265874, "consist": 3.823660066138891, "meali": 8.07215530818825, "form": 3.0954215657676754, "finit": 4.2435139116991545, "state": 3.852647603012143, "automata": 5.992713766508414, "interact": 3.6654360609239967, "mean": 3.2201250442686327, "stack": 5.299566585948469, "framework": 4.9811128548299335, "string": 3.7027074557212285, "recognit": 4.704859478201776, "pars": 4.383275854074314, "treat": 4.814058770166768, "special": 3.5395558150349937, "case": 3.2123429038265776, "problem": 1.9651324204459957, "cacm": 0.00031215857909170155, "februari": 2.6211168546225494, "vere": 7.379008127628304}