{"map": 4.358583241483942, "cacm": 0.00031215857909170155, "novemb": 2.4445341944976127, "moor": 5.507205950726713, "ruw": 8.07215530818825}