{"time": 2.0511319588387233, "clock": 24.504980636531748, "order": 11.72196700674236, "event": 17.634374648234413, "distribut": 10.492332989054601, "system": 4.67232785194716, "concept": 3.4181949580307265, "happen": 6.280395838960195, "examin": 3.641338509344936, "shown": 2.7940406489577327, "defin": 3.1595004224521976, "partial": 4.287965674269989, "algorithm": 1.7841708677709074, "synchron": 15.545350650876255, "logic": 3.6062471895336663, "total": 8.360670020155247, "illustr": 3.47703545805366, "method": 1.8535551884965207, "solv": 3.5078071167204135, "problem": 1.9651324204459957, "special": 3.5395558150349937, "physic": 4.57564774672177, "bound": 3.8380488035909903, "deriv": 3.2930318150767204, "synchroni": 8.07215530818825, "cacm": 0.00031215857909170155, "juli": 2.3683728335320486, "lamport": 5.992713766508414}