{"multiprogram": 4.160132302760104, "schedul": 7.955621491932298, "part": 3.371674942395834, "algorithm": 0.8920854338854537, "extern": 4.9811128548299335, "constraint": 4.358583241483942, "cacm": 0.00031215857909170155, "juli": 2.3683728335320486, "codd": 6.462717395754149}