{"inform": 2.5627669715602726, "system": 1.55744261731572, "abil": 4.739950798013046, "extract": 5.076423034634259, "intellig": 5.181783550292085, "data": 2.1667934601336793, "cacm": 0.00031215857909170155, "januari": 2.6297375976664563, "wang": 6.97354301952014}