{"code": 23.585530630279926, "clinic": 19.38815218726245, "laboratori": 24.90556427414967, "data": 4.333586920267359, "automat": 6.743349884791668, "storag": 2.7394365149228808, "retriev": 3.594818493710043, "seri": 3.8825005661618244, "develop": 7.280125231635036, "accept": 9.15129549344354, "store": 3.5288605259182457, "urin": 16.1443106163765, "analysi": 5.5476758832804265, "blood": 7.379008127628304, "chemistri": 6.97354301952014, "hematolog": 8.07215530818825, "test": 12.326890885638054, "result": 9.500247286731382, "process": 2.1750014405515095, "construct": 3.189353385601879, "part": 3.371674942395834, "computer": 5.674260035389879, "hospit": 6.68586094706836, "simul": 3.380807425959106, "abl": 5.299566585948469, "handl": 3.7154464814986583, "encount": 5.076423034634259, "uniqu": 5.076423034634259, "featur": 3.399326473726344, "convent": 3.8380488035909903, "record": 3.867462688797284, "qualit": 6.68586094706836, "quantit": 6.126245159132937, "need": 3.251873742583213, "arbitrarili": 6.126245159132937, "stratifi": 7.379008127628304, "standard": 3.1023420086122493, "alter": 5.674260035389879, "paper": 3.9616908522211034, "describ": 3.0954215657676754, "present": 1.8221800659287668, "list": 3.189353385601879, "criteria": 4.57564774672177, "outlin": 4.160132302760104, "problem": 5.895397261337987, "multipl": 3.58351893845611, "synonym": 8.07215530818825, "terminolog": 5.181783550292085, "discuss": 4.394449154672439, "solut": 2.763887610787045, "flexibl": 4.26549281841793, "comput": 1.3117406171048218, "produc": 3.427764409046877, "composit": 4.853279483320049, "report": 6.933970244400317, "reproduct": 7.379008127628304, "conclud": 4.814058770166768, "remain": 5.127716329021809, "unsolv": 7.379008127628304, "ten": 5.238941964132033, "year": 4.160132302760104, "wit": 8.07215530818825, "emerg": 6.126245159132937, "practic": 3.617808011934742, "autom": 4.57564774672177, "inform": 2.5627669715602726, "system": 1.55744261731572, "cacm": 0.00031215857909170155, "novemb": 2.4445341944976127, "gross": 7.379008127628304}