{"euler": 5.992713766508414, "gener": 3.6559768150490273, "algol": 6.487683141771898, "formal": 3.728349886334566, "definit": 3.6777061535158113, "part": 3.371674942395834, "method": 5.560665565489562, "defin": 9.478501267356593, "program": 1.438836874907873, "languag": 6.525004321654528, "develop": 2.4267084105450123, "introduc": 3.8380488035909903, "rigor": 6.280395838960195, "relationship": 4.222007706478191, "structur": 9.8949333967595, "mean": 6.440250088537265, "phrase": 5.238941964132033, "syntax": 4.029104040353699, "term": 6.552729525183017, "effect": 3.0954215657676754, "execut": 3.2358734012367716, "sequenc": 7.330872121847993, "interpret": 12.666023119434573, "rule": 13.90814183221464, "exert": 8.07215530818825, "fix": 4.064822122955779, "set": 2.554702411723542, "variabl": 3.1093106779283426, "call": 3.4087162140761826, "environ": 3.7680902149840803, "exist": 3.572345637857985, "correspond": 4.9366610922591, "syntact": 8.53098563683586, "determin": 3.009560275161283, "reduct": 4.5168072466988365, "constitut": 5.769570215194204, "pars": 4.383275854074314, "individu": 4.6064194053885235, "explain": 4.6709579265260945, "elementari": 4.5168072466988365, "obviou": 5.769570215194204, "algorithm": 0.8920854338854537, "notat": 4.434569148461864, "construct": 3.189353385601879, "evalu": 3.137681375057558, "text": 4.083171261623976, "provid": 3.015909502839942, "decid": 5.58724865840025, "class": 3.427764409046877, "unambigu": 6.280395838960195, "prove": 3.8380488035909903, "full": 4.545794783572089, "detail": 3.447182494903979, "demonstr": 4.0117122976418305, "concept": 3.4181949580307265, "block": 3.929020581796717, "procedur": 2.63843330463401, "paramet": 3.7816958670398586, "adequ": 5.507205950726713, "precis": 4.064822122955779, "cacm": 0.00031215857909170155, "januari": 2.6297375976664563, "wirth": 5.238941964132033, "weber": 6.126245159132937}