{"simula": 22.137024382884913, "algol": 6.487683141771898, "base": 2.701517280060587, "simul": 6.761614851918212, "languag": 6.525004321654528, "paper": 1.9808454261105517, "introduct": 4.894101477840304, "program": 2.877673749815746, "design": 2.4924254822020275, "provid": 3.015909502839942, "system": 4.67232785194716, "analyst": 6.280395838960195, "unifi": 5.674260035389879, "concept": 6.836389916061453, "facilit": 4.739950798013046, "concis": 5.87493073085203, "descript": 6.874852639917228, "discret": 4.814058770166768, "event": 4.408593662058603, "serv": 4.57564774672177, "sourc": 4.101863394636128, "extens": 3.3359568597937543, "import": 3.497444329684867, "quasi": 6.68586094706836, "parallel": 3.8825005661618244, "process": 2.1750014405515095, "cacm": 0.00031215857909170155, "septemb": 2.546702369056466, "dahl": 8.07215530818825, "nygaard": 8.07215530818825}