{"approxim": 6.761614851918212, "method": 7.414220753986083, "gener": 3.6559768150490273, "symmetr": 9.15129549344354, "random": 10.818741568600998, "variabl": 6.218621355856685, "valu": 3.7027074557212285, "continu": 7.705295206024286, "fast": 3.9450209231431583, "requir": 2.388575540849568, "essenti": 4.434569148461864, "comput": 1.3117406171048218, "memori": 3.137681375057558, "easi": 4.358583241483942, "develop": 2.4267084105450123, "uniform": 4.853279483320049, "number": 2.2028583950544753, "sourc": 4.101863394636128, "base": 2.701517280060587, "invers": 3.867462688797284, "function": 2.2610143152115496, "lambda": 5.992713766508414, "distribut": 10.492332989054601, "turkey": 7.379008127628304, "theoret": 4.26549281841793, "empir": 4.358583241483942, "frequent": 4.5168072466988365, "simul": 6.761614851918212, "practition": 6.462717395754149, "cacm": 0.00031215857909170155, "novemb": 2.4445341944976127, "ramberg": 7.379008127628304, "schmeiser": 7.379008127628304}