{"optim": 3.1743155082373384, "winograd": 7.379008127628304, "formula": 4.0117122976418305, "cacm": 0.00031215857909170155, "harter": 8.07215530818825}