{"comput": 2.6234812342096436, "typeset": 20.05758284120508, "algol": 9.731524712657848, "applic": 2.481168327677393, "aid": 4.029104040353699, "introduc": 3.8380488035909903, "work": 3.344767489475909, "method": 1.8535551884965207, "publish": 4.6064194053885235, "computer": 17.022780106169638, "translat": 3.6901286735143684, "hardwar": 3.8825005661618244, "refer": 3.823660066138891, "represent": 3.5503667311392095, "plan": 4.638168103703103, "typograph": 16.1443106163765, "lay": 7.379008127628304, "control": 2.954161495771495, "machin": 2.918863713690471, "point": 3.015909502839942, "made": 3.2046208577326674, "expert": 7.379008127628304, "scienc": 3.977810745966149, "technolog": 4.5168072466988365, "program": 1.438836874907873, "guarante": 5.58724865840025, "correct": 3.6295040516979333, "document": 4.358583241483942, "spend": 7.379008127628304, "valuabl": 5.58724865840025, "time": 2.0511319588387233, "power": 3.7680902149840803, "consider": 3.8977680382926128, "proofread": 8.07215530818825, "cacm": 0.00031215857909170155, "march": 2.546702369056466, "sydow": 8.07215530818825}