{"fortran": 3.2681342634549932, "ii": 4.140329675463924, "load": 4.814058770166768, "time": 2.0511319588387233, "saver": 8.07215530818825, "cacm": 0.00031215857909170155, "ackermann": 8.07215530818825}