{"multiprogram": 4.160132302760104, "stretch": 14.758016255256608, "feasibl": 4.894101477840304, "consider": 3.8977680382926128, "tendenc": 6.97354301952014, "increas": 3.6295040516979333, "parallel": 7.765001132323649, "comput": 1.3117406171048218, "note": 3.497444329684867, "exploit": 5.674260035389879, "present": 1.8221800659287668, "number": 2.2028583950544753, "problem": 5.895397261337987, "machin": 2.918863713690471, "design": 2.4924254822020275, "program": 10.071858124355112, "system": 4.67232785194716, "minimum": 4.1209115896068225, "requir": 4.777151081699136, "success": 4.083171261623976, "concurr": 4.9811128548299335, "execut": 3.2358734012367716, "independ": 3.8094754311469345, "discuss": 2.1972245773362196, "met": 6.68586094706836, "care": 5.181783550292085, "balanc": 5.076423034634259, "combin": 3.5612958016714, "built": 5.076423034634259, "logic": 7.212494379067333, "techniqu": 2.240272830904733, "place": 5.127716329021809, "burden": 7.379008127628304, "supervisori": 6.462717395754149, "compil": 3.074943034424135, "cacm": 0.00031215857909170155, "novemb": 2.4445341944976127, "codd": 6.462717395754149, "lowri": 7.379008127628304, "mcdonough": 8.07215530818825, "scalzi": 8.07215530818825}