{"real": 3.5078071167204135, "exponenti": 4.1803350100776235, "integr": 2.984558972955866, "algorithm": 0.8920854338854537, "cacm": 0.00031215857909170155, "februari": 2.6211168546225494, "peavi": 8.07215530818825}