{"connect": 4.310955192494688, "accuraci": 13.149827562222942, "stabil": 55.872486584002495, "properti": 3.5395558150349937, "linear": 6.363612359932993, "multistep": 6.97354301952014, "formula": 16.046849190567322, "paper": 1.9808454261105517, "concern": 3.9612814440149386, "famili": 5.027632870464827, "step": 4.0117122976418305, "depend": 3.929020581796717, "paramet": 7.563391734079717, "emphasi": 4.5168072466988365, "numer": 3.2046208577326674, "solut": 2.763887610787045, "stiff": 6.97354301952014, "ordinari": 4.434569148461864, "differenti": 3.929020581796717, "equat": 3.1093106779283426, "upper": 5.36410510708604, "bound": 3.8380488035909903, "deriv": 3.2930318150767204, "order": 2.93049175168559, "inf": 32.288621232753, "stabl": 5.507205950726713, "criteria": 4.57564774672177, "shown": 2.7940406489577327, "arbitrari": 4.160132302760104, "impli": 16.52161785218014, "condit": 3.39002408106403, "strict": 13.94708603904028, "mean": 3.2201250442686327, "extran": 7.379008127628304, "root": 4.140329675463924, "psi": 16.1443106163765, "satisfi": 4.383275854074314, "constraint": 4.358583241483942, "class": 3.427764409046877, "cacm": 0.00031215857909170155, "januari": 2.6297375976664563, "linig": 7.379008127628304}