{"invert": 5.299566585948469, "algorithm": 0.8920854338854537, "cacm": 0.00031215857909170155, "april": 2.4231810700270437, "wood": 5.87493073085203}