{"solut": 2.763887610787045, "tridiagon": 5.58724865840025, "matric": 3.929020581796717, "cacm": 0.00031215857909170155, "septemb": 2.546702369056466, "wenrick": 7.379008127628304, "houghton": 8.07215530818825}