{"minim": 3.39002408106403, "span": 5.299566585948469, "tree": 3.58351893845611, "cluster": 5.58724865840025, "method": 1.8535551884965207, "algorithm": 0.8920854338854537, "r479": 8.07215530818825, "cacm": 0.00031215857909170155, "februari": 2.6211168546225494, "magnuski": 8.07215530818825}