{"imag": 10.055265740929654, "comput": 6.558703085524109, "microfilm": 22.137024382884913, "plotter": 17.30871064558261, "digit": 9.879095445230162, "wide": 4.408593662058603, "process": 2.1750014405515095, "inform": 7.688300914680818, "data": 2.1667934601336793, "kind": 4.408593662058603, "includ": 2.7688504001291743, "pictori": 6.462717395754149, "contain": 5.181783550292085, "photograph": 6.280395838960195, "graphic": 16.974055646796618, "represent": 3.5503667311392095, "effici": 2.7108631424788245, "convers": 3.867462688797284, "facil": 3.8977680382926128, "put": 5.674260035389879, "retriev": 3.594818493710043, "form": 3.0954215657676754, "need": 3.251873742583213, "commonli": 5.127716329021809, "employ": 3.913272224828578, "devic": 3.929020581796717, "obtain": 6.232656501173978, "perman": 6.280395838960195, "output": 3.497444329684867, "regrett": 8.07215530818825, "present": 1.8221800659287668, "model": 2.996981492954423, "provis": 5.58724865840025, "produc": 3.427764409046877, "continu": 3.852647603012143, "gray": 5.238941964132033, "scale": 4.287965674269989, "half": 9.479901596026092, "tone": 13.94708603904028, "note": 3.497444329684867, "program": 1.438836874907873, "techniqu": 2.240272830904733, "pictur": 4.6064194053885235, "control": 2.954161495771495, "illustr": 3.47703545805366, "exampl": 3.371674942395834, "method": 1.8535551884965207, "cacm": 0.00031215857909170155, "februari": 2.6211168546225494, "schroeder": 6.97354301952014}