{"ambigu": 15.383148987065429, "limit": 10.8885121550938, "entri": 13.003457069714646, "decis": 15.591072153170451, "tabl": 24.19924353942893, "tool": 4.638168103703103, "system": 1.55744261731572, "analysi": 2.7738379416402132, "program": 2.877673749815746, "specif": 3.227968221729659, "accept": 4.57564774672177, "rule": 10.431106374160981, "redund": 4.9811128548299335, "contradict": 7.379008127628304, "complet": 3.47703545805366, "publish": 4.6064194053885235, "check": 13.637384350716268, "preced": 4.814058770166768, "convers": 3.867462688797284, "extend": 3.8977680382926128, "form": 3.0954215657676754, "processor": 7.430892962997317, "translat": 3.6901286735143684, "convent": 3.8380488035909903, "base": 2.701517280060587, "diagnost": 10.866195957145983, "facil": 7.7955360765852255, "paper": 1.9808454261105517, "suggest": 3.399326473726344, "unsatisfactori": 6.97354301952014, "import": 6.994888659369734, "aspect": 4.083171261623976, "elimin": 4.064822122955779, "defin": 3.1595004224521976, "discuss": 2.1972245773362196, "procedur": 2.63843330463401, "produc": 3.427764409046877, "propos": 2.907369334264736, "theoret": 4.26549281841793, "basi": 4.029104040353699, "algorithm": 0.8920854338854537, "establish": 4.408593662058603, "design": 2.4924254822020275, "emphas": 5.674260035389879, "cacm": 0.00031215857909170155, "octob": 2.4849066497880004, "king": 5.87493073085203}