{"suffici": 17.06197127367172, "optim": 12.697262032949354, "condit": 16.95012040532015, "integ": 16.561318701855697, "program": 7.194184374539365, "applic": 2.481168327677393, "purpos": 3.2599709528158325, "report": 3.4669851222001586, "present": 3.6443601318575336, "class": 3.427764409046877, "pure": 5.769570215194204, "mix": 4.9811128548299335, "problem": 5.895397261337987, "set": 2.554702411723542, "thought": 5.87493073085203, "gener": 1.8279884075245136, "base": 2.701517280060587, "primal": 6.462717395754149, "dual": 5.769570215194204, "complementar": 7.379008127628304, "linear": 3.1818061799664963, "construct": 3.189353385601879, "difficult": 4.57564774672177, "known": 3.7027074557212285, "solut": 2.763887610787045, "test": 3.0817227214095135, "benchmark": 7.379008127628304, "code": 2.948191328784991, "cacm": 0.00031215857909170155, "fleisher": 8.07215530818825, "meyer": 6.68586094706836}