{"dynam": 7.676097607181981, "memori": 25.101451000460465, "alloc": 7.259008103395867, "comput": 1.3117406171048218, "simul": 6.761614851918212, "paper": 1.9808454261105517, "investig": 4.26549281841793, "perform": 14.047325596416822, "algorithm": 6.244598037198176, "servic": 4.5168072466988365, "program": 1.438836874907873, "repres": 3.6062471895336663, "test": 3.0817227214095135, "case": 3.2123429038265776, "measur": 3.8380488035909903, "term": 3.2763647625915087, "process": 4.350002881103019, "time": 2.0511319588387233, "usag": 9.212838810777047, "extern": 4.9811128548299335, "fragment": 5.769570215194204, "main": 4.029104040353699, "tain": 7.379008127628304, "separ": 4.2435139116991545, "free": 11.739816674485734, "space": 3.497444329684867, "list": 12.757413542407516, "size": 6.855528818093754, "block": 7.858041163593434, "tend": 5.299566585948469, "compar": 6.455936443459318, "simpl": 3.009560275161283, "oper": 2.270036932811187, "order": 5.86098350337118, "surprisingli": 6.280395838960195, "employ": 7.826544449657156, "power": 3.7680902149840803, "favor": 5.433097978572992, "requir": 2.388575540849568, "gener": 3.6559768150490273, "unfavor": 8.07215530818825, "lifo": 8.07215530818825, "fifo": 7.379008127628304, "poorli": 8.07215530818825, "cacm": 0.00031215857909170155, "novemb": 2.4445341944976127, "nielsen": 6.462717395754149}