{"class": 3.427764409046877, "iter": 8.093607234906202, "techniqu": 2.240272830904733, "factor": 7.705295206024286, "polynomi": 6.817432428152365, "method": 5.560665565489562, "develop": 2.4267084105450123, "term": 3.2763647625915087, "function": 2.2610143152115496, "arbitrari": 8.320264605520208, "charact": 3.6654360609239967, "suffici": 4.26549281841793, "condit": 3.39002408106403, "converg": 4.638168103703103, "process": 2.1750014405515095, "yield": 4.545794783572089, "degre": 4.222007706478191, "variabl": 3.1093106779283426, "lin": 7.379008127628304, "newton": 4.9366610922591, "occur": 4.310955192494688, "special": 3.5395558150349937, "case": 3.2123429038265776, "cacm": 0.00031215857909170155, "march": 2.546702369056466, "luther": 6.68586094706836}