{"constraint": 4.358583241483942, "type": 3.144901623031045, "statement": 11.146339444495975, "program": 2.877673749815746, "languag": 4.350002881103019, "propos": 2.907369334264736, "made": 3.2046208577326674, "includ": 2.7688504001291743, "impli": 5.507205950726713, "relat": 3.144901623031045, "variabl": 3.1093106779283426, "explicit": 4.853279483320049, "assign": 4.064822122955779, "compil": 3.074943034424135, "set": 2.554702411723542, "newtonian": 8.07215530818825, "iter": 4.046803617453101, "make": 3.380807425959106, "purpos": 3.2599709528158325, "routin": 3.867462688797284, "formal": 3.728349886334566, "differenti": 3.929020581796717, "cacm": 0.00031215857909170155, "octob": 2.4849066497880004, "wilk": 6.68586094706836}