{"reconstruct": 5.58724865840025, "pictur": 4.6064194053885235, "project": 4.222007706478191, "corrigendum": 4.545794783572089, "cacm": 0.00031215857909170155, "februari": 2.6211168546225494, "gordon": 6.68586094706836, "herman": 6.97354301952014}