{"experiment": 3.867462688797284, "evalu": 9.413044125172675, "inform": 10.25106788624109, "retriev": 14.379273974840173, "teletypewrit": 7.379008127628304, "experi": 6.933970244400317, "design": 4.984850964404055, "capabl": 3.8094754311469345, "mechan": 7.5361804299681605, "system": 6.22977046926288, "emphasi": 4.5168072466988365, "interact": 3.6654360609239967, "man": 9.479901596026092, "machin": 5.837727427380942, "languag": 2.1750014405515095, "psycholog": 6.462717395754149, "limit": 3.6295040516979333, "conduct": 5.238941964132033, "moor": 5.507205950726713, "school": 5.299566585948469, "laboratori": 4.9811128548299335, "basic": 3.4181949580307265, "assumpt": 4.739950798013046, "research": 3.977810745966149, "dialogu": 6.97354301952014, "remot": 5.127716329021809, "inquiri": 6.68586094706836, "termin": 4.101863394636128, "provid": 3.015909502839942, "searcher": 8.07215530818825, "tool": 4.638168103703103, "actual": 8.575931348539978, "perform": 2.8094651192833644, "search": 3.47703545805366, "librari": 4.894101477840304, "repositori": 7.379008127628304, "document": 4.358583241483942, "factor": 3.852647603012143, "involv": 3.4570347913469903, "includ": 2.7688504001291743, "eas": 4.9366610922591, "learn": 4.894101477840304, "time": 2.0511319588387233, "effect": 3.0954215657676754, "conclus": 4.814058770166768, "result": 2.3750618216828454, "detail": 3.447182494903979, "cacm": 0.00031215857909170155, "septemb": 2.546702369056466, "rubinoff": 13.37172189413672, "bergman": 7.379008127628304, "frank": 7.379008127628304}