{"comment": 4.064822122955779, "axiomat": 6.280395838960195, "approach": 3.1743155082373384, "program": 1.438836874907873, "cacm": 0.00031215857909170155, "juli": 2.3683728335320486, "hunt": 6.462717395754149}