{"algol": 3.243841570885949, "procedur": 2.63843330463401, "fast": 3.9450209231431583, "fourier": 4.77631844218392, "transform": 3.6654360609239967, "algorithm": 0.8920854338854537, "c6": 5.58724865840025, "cacm": 0.00031215857909170155, "novemb": 2.4445341944976127, "singleton": 5.674260035389879}