{"interv": 8.97727273946428, "arithmet": 7.380257347028737, "determin": 12.038241100645132, "evalu": 9.413044125172675, "test": 6.163445442819027, "chebyshev": 9.8733221845182, "system": 3.11488523463144, "recent": 3.8977680382926128, "paper": 3.9616908522211034, "hansen": 11.74986146170406, "smith": 12.932865577484062, "shown": 2.7940406489577327, "effect": 3.0954215657676754, "bound": 3.8380488035909903, "error": 3.0482747873419735, "matrix": 3.137681375057558, "comput": 2.6234812342096436, "present": 3.6443601318575336, "method": 1.8535551884965207, "propos": 2.907369334264736, "hasen": 8.07215530818825, "compar": 3.227968221729659, "straightforward": 5.433097978572992, "result": 2.3750618216828454, "show": 3.641338509344936, "accuraci": 4.383275854074314, "run": 3.6777061535158113, "time": 2.0511319588387233, "expect": 4.334485689904882, "applic": 2.481168327677393, "program": 1.438836874907873, "set": 2.554702411723542, "function": 2.2610143152115496, "form": 3.0954215657676754, "cacm": 0.00031215857909170155, "februari": 2.6211168546225494}