{"simpson": 5.299566585948469, "integr": 2.984558972955866, "algorithm": 0.8920854338854537, "cacm": 0.00031215857909170155, "juli": 2.3683728335320486, "relph": 5.769570215194204}