{"ration": 5.027632870464827, "root": 4.140329675463924, "polynomi": 3.4087162140761826, "integ": 4.140329675463924, "coeffici": 4.1209115896068225, "algorithm": 0.8920854338854537, "cacm": 0.00031215857909170155, "august": 2.3750618216828454, "collison": 5.992713766508414}