{"synchron": 10.36356710058417, "processor": 18.57723240749329, "memori": 15.68840687528779, "content": 4.638168103703103, "gener": 1.8279884075245136, "interrupt": 22.028823802906853, "implement": 2.570897097643523, "lock": 41.841258117120844, "unlock": 8.07215530818825, "method": 3.7071103769930414, "multiprocessor": 5.433097978572992, "system": 3.11488523463144, "requir": 9.554302163398273, "uninterrupt": 8.07215530818825, "paus": 16.1443106163765, "type": 3.144901623031045, "instruct": 15.469850755189135, "interlock": 46.801026629478514, "scheme": 3.518278416587709, "call": 3.4087162140761826, "read": 27.453886480330617, "develop": 2.4267084105450123, "dual": 5.769570215194204, "dec": 6.126245159132937, "pdp": 5.507205950726713, "real": 3.5078071167204135, "time": 2.0511319588387233, "special": 7.0791116300699874, "repertoir": 12.925434791508298, "cycl": 10.055265740929654, "modul": 5.181783550292085, "examin": 7.282677018689872, "locat": 4.140329675463924, "set": 10.218809646894169, "immedi": 6.97354301952014, "event": 4.408593662058603, "sequenc": 3.6654360609239967, "write": 4.222007706478191, "clear": 5.674260035389879, "encount": 5.076423034634259, "branch": 11.1744973168005, "advantag": 3.7027074557212285, "result": 2.3750618216828454, "effect": 3.0954215657676754, "cacm": 0.00031215857909170155, "june": 2.3717117347975636, "hill": 4.814058770166768}