{"integr": 5.969117945911732, "squar": 3.6295040516979333, "root": 4.140329675463924, "differenti": 3.929020581796717, "equat": 3.1093106779283426, "difficult": 4.57564774672177, "numer": 3.2046208577326674, "singular": 11.985427533016829, "point": 3.015909502839942, "vanish": 7.379008127628304, "simpl": 3.009560275161283, "trick": 6.97354301952014, "remov": 4.9811128548299335, "cacm": 0.00031215857909170155, "septemb": 2.546702369056466, "moler": 6.68586094706836, "solomon": 6.462717395754149}