{"minim": 6.78004816212806, "spatial": 6.68586094706836, "multiplex": 6.280395838960195, "charact": 7.330872121847993, "set": 5.109404823447084, "paper": 1.9808454261105517, "describ": 3.0954215657676754, "techniqu": 4.480545661809466, "compact": 4.9366610922591, "digit": 3.2930318150767204, "comput": 1.3117406171048218, "retain": 6.126245159132937, "fast": 3.9450209231431583, "access": 3.6062471895336663, "individu": 4.6064194053885235, "bit": 3.977810745966149, "consid": 3.152174382360125, "problem": 5.895397261337987, "storag": 2.7394365149228808, "need": 3.251873742583213, "tabl": 3.4570347913469903, "reduct": 4.5168072466988365, "develop": 2.4267084105450123, "shown": 2.7940406489577327, "reduc": 3.641338509344936, "cover": 4.9366610922591, "cacm": 0.00031215857909170155, "june": 2.3717117347975636, "gimpel": 6.97354301952014}