{"partial": 8.575931348539978, "step": 8.023424595283661, "integr": 14.92279486477933, "equat": 6.218621355856685, "deriv": 3.2930318150767204, "adam": 11.985427533016829, "bashforth": 8.07215530818825, "method": 5.560665565489562, "differenti": 3.929020581796717, "obtain": 3.116328250586989, "function": 2.2610143152115496, "valu": 3.7027074557212285, "point": 6.031819005679884, "intermedi": 5.299566585948469, "yield": 4.545794783572089, "accuraci": 4.383275854074314, "compar": 3.227968221729659, "requir": 2.388575540849568, "store": 3.5288605259182457, "addit": 3.318565117081885, "inform": 2.5627669715602726, "interpol": 4.6064194053885235, "cacm": 0.00031215857909170155, "juli": 2.3683728335320486, "glauz": 8.07215530818825}