{"combinatori": 5.027632870464827, "thing": 5.36410510708604, "time": 2.0511319588387233, "algorithm": 0.8920854338854537, "cacm": 0.00031215857909170155, "octob": 2.4849066497880004, "blake": 8.07215530818825}