{"optim": 3.1743155082373384, "structur": 2.473733349189875, "cacm": 0.00031215857909170155, "decemb": 2.4626835130032902, "wheel": 6.68586094706836}