{"fast": 3.9450209231431583, "string": 22.216244734327372, "search": 13.90814183221464, "algorithm": 7.1366834710836295, "present": 1.8221800659287668, "locat": 4.140329675463924, "occurr": 5.238941964132033, "charact": 21.99261636554398, "pat": 32.288621232753, "oper": 2.270036932811187, "match": 13.55042174009651, "start": 9.788202955680608, "inform": 2.5627669715602726, "gain": 5.127716329021809, "end": 5.127716329021809, "pattern": 8.203726789272256, "proceed": 6.126245159132937, "larg": 2.8791984572980396, "jump": 6.462717395754149, "text": 4.083171261623976, "unusu": 5.992713766508414, "properti": 3.5395558150349937, "case": 6.424685807653155, "inspect": 17.97814129952524, "number": 2.2028583950544753, "actual": 4.287965674269989, "averag": 12.79647845525379, "decreas": 5.027632870464827, "function": 2.2610143152115496, "length": 7.590978378344389, "random": 3.6062471895336663, "english": 4.6064194053885235, "typic": 4.461237395544026, "find": 3.58351893845611, "implement": 2.570897097643523, "fewer": 5.674260035389879, "patlen": 24.21646592456475, "machin": 2.918863713690471, "instruct": 3.867462688797284, "execut": 3.2358734012367716, "conclus": 4.814058770166768, "support": 4.434569148461864, "empir": 4.358583241483942, "evid": 5.076423034634259, "theoret": 4.26549281841793, "analysi": 2.7738379416402132, "behavior": 8.668971379809763, "worst": 5.674260035389879, "linear": 6.363612359932993, "assum": 4.358583241483942, "avail": 5.769570215194204, "array": 4.334485689904882, "space": 3.497444329684867, "tabl": 3.4570347913469903, "size": 3.427764409046877, "alphabet": 5.58724865840025, "cacm": 0.00031215857909170155, "octob": 2.4849066497880004, "boyer": 7.379008127628304}