{"effici": 2.7108631424788245, "handl": 3.7154464814986583, "binari": 3.8094754311469345, "data": 2.1667934601336793, "cacm": 0.00031215857909170155, "decemb": 2.4626835130032902, "raduchel": 7.379008127628304}