{"academ": 17.624792192556093, "program": 7.194184374539365, "provid": 6.031819005679884, "realist": 11.74986146170406, "train": 5.36410510708604, "softwar": 19.645102908983585, "engin": 9.628117540333536, "harvey": 8.07215530818825, "mudd": 8.07215530818825, "colleg": 5.674260035389879, "call": 3.4087162140761826, "clinic": 19.38815218726245, "bring": 5.992713766508414, "project": 12.666023119434573, "industri": 10.72821021417208, "campu": 7.379008127628304, "studi": 3.227968221729659, "solv": 3.5078071167204135, "student": 12.932865577484062, "team": 24.21646592456475, "object": 3.380807425959106, "work": 10.034302468427727, "small": 3.594818493710043, "care": 5.181783550292085, "faculti": 6.126245159132937, "supervis": 6.97354301952014, "opportun": 5.992713766508414, "real": 3.5078071167204135, "world": 11.014411901453427, "problem": 1.9651324204459957, "suffici": 4.26549281841793, "magnitud": 5.992713766508414, "complex": 3.137681375057558, "acquir": 6.280395838960195, "essenti": 4.434569148461864, "skill": 12.56079167792039, "manag": 4.046803617453101, "design": 2.4924254822020275, "methodolog": 4.894101477840304, "commun": 3.7154464814986583, "environ": 3.7680902149840803, "sampl": 4.310955192494688, "undertaken": 6.68586094706836, "experi": 3.4669851222001586, "shown": 2.7940406489577327, "viabl": 8.07215530818825, "transit": 4.9366610922591, "cacm": 0.00031215857909170155, "june": 2.3717117347975636, "busenberg": 8.07215530818825, "tam": 8.07215530818825}