{"syntact": 4.26549281841793, "semant": 4.287965674269989, "augment": 5.507205950726713, "algol": 3.243841570885949, "cacm": 0.00031215857909170155, "april": 2.4231810700270437, "smith": 4.310955192494688}