{"optim": 9.522946524712015, "start": 4.894101477840304, "approxim": 10.14242227787732, "gener": 1.8279884075245136, "squar": 7.259008103395867, "root": 8.280659350927849, "slow": 11.1744973168005, "divid": 4.739950798013046, "machin": 2.918863713690471, "divis": 4.5168072466988365, "prefer": 5.58724865840025, "iter": 4.046803617453101, "scheme": 7.036556833175418, "classic": 5.238941964132033, "heron": 8.07215530818825, "problem": 1.9651324204459957, "initi": 8.487027823398309, "consid": 3.152174382360125, "polynomi": 3.4087162140761826, "tabul": 5.58724865840025, "cacm": 0.00031215857909170155, "septemb": 2.546702369056466, "wilson": 6.126245159132937}