{"student": 4.310955192494688, "distribut": 3.497444329684867, "jacobi": 5.674260035389879, "polynomi": 3.4087162140761826, "modifi": 3.8977680382926128, "romberg": 5.58724865840025, "quadratur": 4.638168103703103, "factori": 6.280395838960195, "analysi": 2.7738379416402132, "varianc": 4.9811128548299335, "algorithm": 0.8920854338854537, "cacm": 0.00031215857909170155, "juli": 2.3683728335320486, "sale": 6.280395838960195}