{"contribut": 5.181783550292085, "develop": 2.4267084105450123, "algol": 9.731524712657848, "program": 1.438836874907873, "languag": 10.875007202757548, "similar": 3.7954891891721947, "respect": 4.26549281841793, "incorpor": 4.5168072466988365, "larg": 2.8791984572980396, "number": 2.2028583950544753, "improv": 3.3536564368931554, "base": 2.701517280060587, "year": 4.160132302760104, "experi": 3.4669851222001586, "detail": 3.447182494903979, "part": 10.1150248271875, "consist": 3.823660066138891, "introduct": 4.894101477840304, "summari": 5.36410510708604, "made": 3.2046208577326674, "discuss": 2.1972245773362196, "motiv": 5.674260035389879, "vision": 7.379008127628304, "ii": 4.140329675463924, "rigor": 6.280395838960195, "definit": 3.6777061535158113, "propos": 5.814738668529472, "iii": 4.704859478201776, "describ": 3.0954215657676754, "set": 2.554702411723542, "standard": 3.1023420086122493, "procedur": 2.63843330463401, "includ": 2.7688504001291743, "facil": 3.8977680382926128, "input": 3.116328250586989, "output": 3.497444329684867, "cacm": 0.00031215857909170155, "june": 2.3717117347975636, "wirth": 5.238941964132033, "hoar": 5.299566585948469}