{"assign": 4.064822122955779, "algorithm": 0.8920854338854537, "cacm": 0.00031215857909170155, "novemb": 2.4445341944976127, "silver": 6.97354301952014}