{"note": 3.497444329684867, "ascii": 5.992713766508414, "octal": 6.97354301952014, "code": 2.948191328784991, "tabl": 3.4570347913469903, "standard": 3.1023420086122493, "cacm": 0.00031215857909170155, "octob": 2.4849066497880004, "crosbi": 8.07215530818825}