{"rademach": 8.07215530818825, "function": 2.2610143152115496, "s22": 5.299566585948469, "algorithm": 0.8920854338854537, "cacm": 0.00031215857909170155, "august": 2.3750618216828454, "hubner": 6.97354301952014}