{"note": 3.497444329684867, "start": 4.894101477840304, "newton": 4.9366610922591, "raphson": 6.280395838960195, "method": 1.8535551884965207, "determin": 3.009560275161283, "suitabl": 4.1803350100776235, "initi": 4.2435139116991545, "estim": 3.929020581796717, "root": 8.280659350927849, "equat": 6.218621355856685, "mean": 3.2201250442686327, "comput": 1.3117406171048218, "sequenc": 3.6654360609239967, "relat": 3.144901623031045, "cacm": 0.00031215857909170155, "juli": 2.3683728335320486, "beyer": 6.97354301952014}