{"ber": 6.97354301952014, "bei": 6.97354301952014, "function": 2.2610143152115496, "algorithm": 0.8920854338854537, "cacm": 0.00031215857909170155, "april": 2.4231810700270437, "herndon": 5.181783550292085}