{"note": 3.497444329684867, "recurs": 15.653088899314312, "elimin": 8.129644245911559, "method": 3.7071103769930414, "appli": 3.2681342634549932, "schemat": 8.07215530818825, "procedur": 5.27686660926802, "proc": 8.07215530818825, "px": 8.07215530818825, "fx": 8.07215530818825, "gx": 8.07215530818825, "fi": 8.07215530818825, "gener": 1.8279884075245136, "form": 3.0954215657676754, "aris": 4.704859478201776, "connect": 4.310955192494688, "tree": 3.58351893845611, "travers": 6.280395838960195, "sort": 3.8825005661618244, "algorithm": 0.8920854338854537, "remov": 4.9811128548299335, "involv": 3.4570347913469903, "stack": 5.299566585948469, "solut": 2.763887610787045, "compar": 3.227968221729659, "basi": 4.029104040353699, "run": 3.6777061535158113, "time": 2.0511319588387233, "cacm": 0.00031215857909170155, "june": 2.3717117347975636, "bird": 7.379008127628304}