{"techniqu": 6.7208184927142, "gener": 7.3119536300980545, "optim": 9.522946524712015, "floyd": 10.255432658043619, "evan": 11.74986146170406, "product": 19.97308932141265, "preced": 19.25623508066707, "grammar": 16.48364635842729, "develop": 2.4267084105450123, "graph": 8.058208080707399, "formul": 4.545794783572089, "problem": 1.9651324204459957, "merg": 4.9366610922591, "correspond": 4.9366610922591, "minimum": 4.1209115896068225, "cost": 3.518278416587709, "invers": 3.867462688797284, "arboresc": 8.07215530818825, "valid": 4.894101477840304, "demonstr": 4.0117122976418305, "weak": 5.674260035389879, "defin": 3.1595004224521976, "mechan": 3.7680902149840803, "modifi": 3.8977680382926128, "correct": 3.6295040516979333, "parser": 5.127716329021809, "obtain": 3.116328250586989, "cacm": 0.00031215857909170155, "august": 2.3750618216828454, "ichbiah": 8.07215530818825, "mors": 7.379008127628304}