{"properti": 3.5395558150349937, "work": 16.723837447379545, "set": 15.328214470341253, "model": 5.993962985908846, "program": 1.438836874907873, "time": 4.102263917677447, "distinct": 5.076423034634259, "page": 19.806407220074693, "recent": 7.7955360765852255, "referenc": 5.674260035389879, "relat": 6.28980324606209, "averag": 12.79647845525379, "size": 10.283293227140632, "miss": 6.126245159132937, "rate": 4.408593662058603, "interrefer": 6.97354301952014, "interv": 4.48863636973214, "distribut": 6.994888659369734, "deriv": 3.2930318150767204, "definit": 7.355412307031623, "ensembl": 8.07215530818825, "statist": 7.734925377594568, "effici": 2.7108631424788245, "algorithm": 0.8920854338854537, "estim": 3.929020581796717, "quantiti": 5.507205950726713, "lru": 6.68586094706836, "character": 4.9811128548299335, "independ": 7.618950862293869, "refer": 7.647320132277782, "assess": 5.507205950726713, "effect": 3.0954215657676754, "interpag": 8.07215530818825, "depend": 3.929020581796717, "observ": 4.9811128548299335, "gener": 1.8279884075245136, "assumpt": 4.739950798013046, "shown": 2.7940406489577327, "cacm": 0.00031215857909170155, "march": 2.546702369056466, "den": 5.36410510708604, "schwartz": 5.674260035389879}