{"methodolog": 9.788202955680608, "calcul": 14.158223260139975, "optim": 12.697262032949354, "real": 7.015614233440827, "time": 4.102263917677447, "system": 9.34465570389432, "perform": 11.237860477133458, "continu": 3.852647603012143, "increas": 3.6295040516979333, "size": 3.427764409046877, "complex": 3.137681375057558, "number": 2.2028583950544753, "type": 3.144901623031045, "cost": 7.036556833175418, "data": 6.5003803804010385, "process": 6.525004321654528, "caus": 5.58724865840025, "re": 7.379008127628304, "examin": 3.641338509344936, "govern": 5.181783550292085, "industri": 5.36410510708604, "criteria": 9.15129549344354, "method": 3.7071103769930414, "typifi": 8.07215530818825, "autom": 4.57564774672177, "airlin": 7.379008127628304, "reserv": 5.87493073085203, "discuss": 2.1972245773362196, "paper": 1.9808454261105517, "evalu": 3.137681375057558, "outlin": 4.160132302760104, "illustr": 3.47703545805366, "carri": 4.77631844218392, "portion": 4.894101477840304, "drum": 5.127716329021809, "orient": 3.977810745966149, "messag": 5.127716329021809, "switch": 5.36410510708604, "cacm": 0.00031215857909170155, "juli": 2.3683728335320486, "stimler": 7.379008127628304, "bron": 6.280395838960195}