{"compact": 24.6833054612955, "list": 22.325473699213152, "represent": 7.100733462278419, "definit": 3.6777061535158113, "garbag": 15.383148987065429, "collect": 8.444015412956382, "system": 7.787213086578601, "implement": 10.283588390574092, "store": 3.5288605259182457, "sequenti": 4.5168072466988365, "memori": 3.137681375057558, "chain": 9.788202955680608, "pointer": 5.674260035389879, "conveni": 4.814058770166768, "swym": 8.07215530818825, "permit": 3.572345637857985, "combin": 3.5612958016714, "descript": 3.437426319958614, "oper": 2.270036932811187, "similar": 3.7954891891721947, "lisp": 4.57564774672177, "collector": 5.87493073085203, "attempt": 4.1209115896068225, "make": 3.380807425959106, "reloc": 6.280395838960195, "rearrang": 5.992713766508414, "storag": 5.4788730298457615, "temporari": 6.126245159132937, "uniqu": 5.076423034634259, "algorithm": 0.8920854338854537, "present": 1.8221800659287668, "detail": 3.447182494903979, "class": 3.427764409046877, "macro": 4.853279483320049, "final": 3.7680902149840803, "consider": 3.8977680382926128, "design": 2.4924254822020275, "factor": 3.852647603012143, "essenti": 4.434569148461864, "success": 4.083171261623976, "plex": 8.07215530818825, "process": 2.1750014405515095, "cacm": 0.00031215857909170155, "septemb": 2.546702369056466, "hansen": 5.87493073085203}