{"root": 4.140329675463924, "matrix": 3.137681375057558, "pencil": 7.379008127628304, "algorithm": 0.8920854338854537, "r405": 8.07215530818825, "cacm": 0.00031215857909170155, "decemb": 2.4626835130032902, "heiberg": 8.07215530818825}