{"coulomb": 5.992713766508414, "wave": 5.58724865840025, "function": 2.2610143152115496, "algorithm": 0.8920854338854537, "s22": 5.299566585948469, "cacm": 0.00031215857909170155, "april": 2.4231810700270437, "gunn": 6.68586094706836}