{"teach": 15.545350650876255, "program": 8.63302124944724, "paper": 1.9808454261105517, "present": 3.6443601318575336, "goal": 4.9811128548299335, "organ": 3.5078071167204135, "cours": 8.97727273946428, "design": 2.4924254822020275, "provid": 3.015909502839942, "enter": 5.299566585948469, "student": 17.24382076997875, "graduat": 5.238941964132033, "cultur": 7.379008127628304, "enrich": 8.07215530818825, "profession": 5.027632870464827, "live": 6.126245159132937, "expect": 4.334485689904882, "prior": 5.992713766508414, "familiar": 5.58724865840025, "languag": 2.1750014405515095, "user": 3.0548754713733257, "similar": 3.7954891891721947, "play": 5.433097978572992, "music": 6.280395838960195, "instrument": 6.462717395754149, "skill": 12.56079167792039, "taught": 6.97354301952014, "learn": 4.894101477840304, "teacher": 12.56079167792039, "serv": 4.57564774672177, "vital": 5.992713766508414, "purpos": 3.2599709528158325, "set": 2.554702411723542, "rule": 3.47703545805366, "produc": 3.427764409046877, "form": 3.0954215657676754, "utter": 6.97354301952014, "offer": 4.77631844218392, "numer": 3.2046208577326674, "demonstr": 4.0117122976418305, "function": 2.2610143152115496, "involv": 6.914069582693981, "critic": 4.814058770166768, "final": 3.7680902149840803, "sourc": 4.101863394636128, "inform": 2.5627669715602726, "process": 2.1750014405515095, "cacm": 0.00031215857909170155, "juli": 2.3683728335320486, "rosin": 6.462717395754149}