{"comput": 1.3117406171048218, "experi": 3.4669851222001586, "finit": 8.487027823398309, "algebra": 12.035136892925491, "medium": 5.36410510708604, "scale": 4.287965674269989, "program": 1.438836874907873, "system": 3.11488523463144, "written": 3.728349886334566, "mad": 6.462717395754149, "fap": 6.97354301952014, "ibm": 3.518278416587709, "manipul": 3.437426319958614, "object": 3.380807425959106, "modern": 11.985427533016829, "group": 4.1803350100776235, "map": 8.717166482967883, "set": 5.109404823447084, "subset": 13.637384350716268, "constant": 4.48863636973214, "integ": 4.140329675463924, "truth": 6.97354301952014, "valu": 3.7027074557212285, "design": 2.4924254822020275, "oper": 2.270036932811187, "time": 2.0511319588387233, "share": 3.4871878295176777, "environ": 3.7680902149840803, "serv": 4.57564774672177, "teacher": 6.280395838960195, "aid": 4.029104040353699, "undergradu": 5.674260035389879, "student": 4.310955192494688, "work": 3.344767489475909, "scientist": 5.674260035389879, "engin": 4.814058770166768, "wish": 5.769570215194204, "familiar": 5.58724865840025, "cacm": 0.00031215857909170155, "august": 2.3750618216828454, "maurer": 6.97354301952014}