{"effect": 6.190843131535351, "inform": 5.125533943120545, "retriev": 14.379273974840173, "term": 16.381823812957542, "accuraci": 13.149827562222942, "perform": 8.428395357850093, "system": 3.11488523463144, "evalu": 9.413044125172675, "number": 4.405716790108951, "way": 4.77631844218392, "publish": 4.6064194053885235, "work": 3.344767489475909, "base": 5.403034560121174, "measur": 3.8380488035909903, "averag": 8.53098563683586, "user": 9.164626414119978, "queri": 28.439704788078277, "unfortun": 6.68586094706836, "formal": 7.456699772669132, "proof": 8.360670020155247, "difficult": 4.57564774672177, "construct": 6.378706771203758, "case": 3.2123429038265776, "present": 1.8221800659287668, "studi": 3.227968221729659, "optim": 3.1743155082373384, "specif": 3.227968221729659, "concept": 3.4181949580307265, "troduc": 5.992713766508414, "probabl": 4.222007706478191, "occurr": 10.477883928264067, "document": 13.075749724451825, "relev": 5.027632870464827, "relat": 3.144901623031045, "frequenc": 9.479901596026092, "collect": 4.222007706478191, "give": 4.287965674269989, "respect": 4.26549281841793, "automat": 3.371674942395834, "index": 4.383275854074314, "success": 4.083171261623976, "experiment": 3.867462688797284, "situat": 4.48863636973214, "invers": 3.867462688797284, "weight": 4.77631844218392, "thesauru": 8.07215530818825, "phrase": 5.238941964132033, "gener": 1.8279884075245136, "cacm": 0.00031215857909170155, "march": 2.546702369056466, "yu": 8.07215530818825, "salton": 6.126245159132937}