{"descript": 3.437426319958614, "basic": 6.836389916061453, "algorithm": 1.7841708677709074, "detab": 16.1443106163765, "preprocessor": 29.516032510513217, "convers": 3.867462688797284, "decis": 11.693304114877838, "tabl": 10.371104374040971, "cobol": 18.183179134288356, "code": 5.896382657569982, "contain": 5.181783550292085, "gener": 5.483965222573541, "portion": 4.894101477840304, "analyz": 3.5503667311392095, "produc": 3.427764409046877, "simpl": 3.009560275161283, "condit": 6.78004816212806, "statement": 3.7154464814986583, "core": 4.310955192494688, "storag": 2.7394365149228808, "save": 4.739950798013046, "queue": 4.894101477840304, "techniqu": 2.240272830904733, "extens": 3.3359568597937543, "index": 4.383275854074314, "output": 3.497444329684867, "line": 3.5288605259182457, "time": 2.0511319588387233, "optim": 3.1743155082373384, "attempt": 4.1209115896068225, "elimin": 4.064822122955779, "obvious": 7.379008127628304, "unnecessari": 6.126245159132937, "test": 3.0817227214095135, "languag": 2.1750014405515095, "develop": 2.4267084105450123, "user": 3.0548754713733257, "written": 3.728349886334566, "modular": 5.992713766508414, "form": 3.0954215657676754, "requir": 2.388575540849568, "cacm": 0.00031215857909170155, "juli": 2.3683728335320486, "callahan": 8.07215530818825, "chapman": 8.07215530818825}