{"direct": 10.75055681536833, "random": 14.424988758134665, "gener": 9.139942037622568, "sentenc": 9.706558966640099, "problem": 1.9651324204459957, "produc": 10.283293227140632, "transform": 14.661744243695987, "grammar": 16.48364635842729, "creat": 4.408593662058603, "phrase": 5.238941964132033, "structur": 2.473733349189875, "tree": 10.75055681536833, "input": 6.232656501173978, "lexic": 6.462717395754149, "insert": 4.9366610922591, "phase": 10.055265740929654, "discuss": 2.1972245773362196, "pure": 5.769570215194204, "base": 2.701517280060587, "block": 3.929020581796717, "frequent": 4.5168072466988365, "long": 4.638168103703103, "practic": 3.617808011934742, "interest": 3.9450209231431583, "solut": 2.763887610787045, "offer": 4.77631844218392, "form": 3.0954215657676754, "comput": 2.6234812342096436, "program": 4.31651062472362, "user": 3.0548754713733257, "constrain": 5.58724865840025, "simpl": 3.009560275161283, "power": 3.7680902149840803, "devic": 3.929020581796717, "restrict": 12.480396908280312, "subtre": 12.925434791508298, "accept": 4.57564774672177, "satisfi": 4.383275854074314, "readi": 6.126245159132937, "underli": 5.127716329021809, "linguist": 5.36410510708604, "model": 2.996981492954423, "noam": 8.07215530818825, "chomski": 6.97354301952014, "present": 1.8221800659287668, "aspect": 4.083171261623976, "theori": 4.140329675463924, "syntax": 4.029104040353699, "written": 3.728349886334566, "fortran": 3.2681342634549932, "iv": 4.77631844218392, "ibm": 3.518278416587709, "part": 3.371674942395834, "unifi": 5.674260035389879, "system": 1.55744261731572, "partial": 4.287965674269989, "english": 4.6064194053885235, "cacm": 0.00031215857909170155, "januari": 2.6297375976664563, "friedman": 6.126245159132937}