{"interchang": 4.638168103703103, "block": 3.929020581796717, "data": 2.1667934601336793, "algorithm": 0.8920854338854537, "k2": 6.68586094706836, "cacm": 0.00031215857909170155, "fletcher": 6.462717395754149}