{"jovial": 6.97354301952014, "document": 4.358583241483942, "cacm": 0.00031215857909170155, "march": 2.546702369056466, "shaw": 5.87493073085203}