{"estim": 35.361185236170456, "frequenc": 4.739950798013046, "jump": 12.925434791508298, "program": 5.755347499631492, "segment": 4.434569148461864, "reason": 4.287965674269989, "valu": 3.7027074557212285, "ij": 103.30611378679626, "mean": 3.2201250442686327, "number": 2.2028583950544753, "th": 12.252490318265874, "instruct": 15.469850755189135, "run": 3.6777061535158113, "time": 2.0511319588387233, "case": 3.2123429038265776, "directli": 4.408593662058603, "structur": 4.94746669837975, "gener": 1.8279884075245136, "account": 4.739950798013046, "difficult": 4.57564774672177, "programm": 3.977810745966149, "translat": 3.6901286735143684, "obtain": 6.232656501173978, "good": 4.6064194053885235, "easier": 12.925434791508298, "quantiti": 5.507205950726713, "sum": 4.545794783572089, "arbitrari": 4.160132302760104, "posit": 4.1209115896068225, "constant": 4.48863636973214, "proport": 5.076423034634259, "probabl": 4.222007706478191, "event": 4.408593662058603, "execut": 3.2358734012367716, "consid": 3.152174382360125, "part": 6.743349884791668, "paper": 1.9808454261105517, "theori": 4.140329675463924, "markov": 5.769570215194204, "chain": 4.894101477840304, "algorithm": 1.7841708677709074, "comput": 2.6234812342096436, "found": 3.852647603012143, "way": 4.77631844218392, "variant": 5.238941964132033, "deriv": 3.2930318150767204, "avoid": 4.434569148461864, "necess": 6.126245159132937, "involv": 3.4570347913469903, "larg": 2.8791984572980396, "matric": 3.929020581796717, "cacm": 0.00031215857909170155, "juli": 2.3683728335320486, "kral": 8.07215530818825}