{"execut": 3.2358734012367716, "oper": 2.270036932811187, "fourth": 5.507205950726713, "mode": 4.77631844218392, "instruct": 3.867462688797284, "sequenc": 3.6654360609239967, "cacm": 0.00031215857909170155, "march": 2.546702369056466, "brook": 6.97354301952014}