{"solut": 2.763887610787045, "simultan": 4.1803350100776235, "ordinari": 4.434569148461864, "differenti": 3.929020581796717, "equat": 3.1093106779283426, "gener": 1.8279884075245136, "purpos": 3.2599709528158325, "digit": 3.2930318150767204, "comput": 1.3117406171048218, "cacm": 0.00031215857909170155, "june": 2.3717117347975636, "anderson": 6.126245159132937}