{"finit": 4.2435139116991545, "sequenti": 4.5168072466988365, "compact": 4.9366610922591, "process": 2.1750014405515095, "adjoint": 8.07215530818825, "matric": 3.929020581796717, "arbitrari": 4.160132302760104, "integr": 2.984558972955866, "domain": 5.674260035389879, "cacm": 0.00031215857909170155, "august": 2.3750618216828454, "luther": 6.68586094706836, "guseman": 8.07215530818825, "jr": 3.243841570885949}