{"method": 9.267775942482604, "compos": 10.866195957145983, "simpl": 3.009560275161283, "tradit": 5.36410510708604, "music": 31.401979194800976, "comput": 5.246962468419287, "round": 14.114578434605328, "theori": 8.280659350927849, "addit": 3.318565117081885, "heurist": 4.6064194053885235, "fundament": 5.076423034634259, "set": 5.109404823447084, "product": 7.989235728565061, "applic": 2.481168327677393, "rule": 6.95407091610732, "weight": 4.77631844218392, "oper": 2.270036932811187, "decid": 5.58724865840025, "extent": 5.299566585948469, "gener": 3.6559768150490273, "implement": 2.570897097643523, "present": 1.8221800659287668, "result": 2.3750618216828454, "sound": 5.87493073085203, "mediocr": 8.07215530818825, "profession": 5.027632870464827, "pleas": 8.07215530818825, "layman": 7.379008127628304, "appear": 4.48863636973214, "full": 4.545794783572089, "blown": 8.07215530818825, "need": 3.251873742583213, "hardwar": 3.8825005661618244, "requir": 2.388575540849568, "structur": 2.473733349189875, "level": 3.2681342634549932, "piec": 5.992713766508414, "author": 4.287965674269989, "tri": 5.992713766508414, "address": 3.913272224828578, "musician": 8.07215530818825, "scientist": 5.674260035389879, "cacm": 0.00031215857909170155, "novemb": 2.4445341944976127, "rader": 6.97354301952014}