{"induct": 23.078280860776815, "methodsfor": 8.07215530818825, "prove": 7.676097607181981, "properti": 7.0791116300699874, "program": 4.31651062472362, "main": 4.029104040353699, "purpos": 3.2599709528158325, "paper": 1.9808454261105517, "clarif": 6.68586094706836, "extens": 3.3359568597937543, "known": 7.405414911442457, "result": 2.3750618216828454, "comput": 2.6234812342096436, "recurs": 7.826544449657156, "emphasi": 4.5168072466988365, "differ": 3.977810745966149, "theoret": 4.26549281841793, "practic": 3.617808011934742, "approach": 3.1743155082373384, "present": 1.8221800659287668, "examin": 3.641338509344936, "method": 3.7071103769930414, "discuss": 2.1972245773362196, "detail": 3.447182494903979, "power": 3.7680902149840803, "structur": 2.473733349189875, "includ": 2.7688504001291743, "exampl": 3.371674942395834, "applic": 2.481168327677393, "cacm": 0.00031215857909170155, "august": 2.3750618216828454, "manna": 6.126245159132937, "ne": 8.07215530818825, "vuillemin": 6.97354301952014}