{"reactiv": 22.137024382884913, "typewrit": 18.841187516880584, "program": 1.438836874907873, "charact": 3.6654360609239967, "keyboard": 5.674260035389879, "includ": 2.7688504001291743, "alphabet": 5.58724865840025, "upper": 5.36410510708604, "lower": 10.477883928264067, "case": 9.637028711479733, "good": 4.6064194053885235, "readabl": 5.992713766508414, "machin": 2.918863713690471, "restrict": 4.160132302760104, "singl": 3.7546671946519394, "prefer": 5.58724865840025, "portabl": 6.68586094706836, "oper": 2.270036932811187, "commerci": 6.126245159132937, "dial": 6.68586094706836, "type": 3.144901623031045, "telephon": 5.674260035389879, "voic": 6.68586094706836, "telegraph": 16.1443106163765, "telex": 8.07215530818825, "line": 7.0577210518364915, "leas": 8.07215530818825, "nondial": 8.07215530818825, "interchang": 4.638168103703103, "cacm": 0.00031215857909170155, "januari": 2.6297375976664563, "mooer": 6.68586094706836}