{"interfer": 5.769570215194204, "multiprocessor": 5.433097978572992, "comput": 1.3117406171048218, "system": 1.55744261731572, "interleav": 6.280395838960195, "memori": 3.137681375057558, "corrigendum": 4.545794783572089, "cacm": 0.00031215857909170155, "novemb": 2.4445341944976127, "baskett": 6.97354301952014, "smith": 4.310955192494688}