{"synchron": 15.545350650876255, "eventcount": 32.288621232753, "sequenc": 10.99630818277199, "concurr": 4.9811128548299335, "process": 6.525004321654528, "requir": 2.388575540849568, "control": 11.81664598308598, "rel": 4.200954297280359, "order": 11.72196700674236, "event": 13.22578098617581, "mechan": 15.072360859936321, "propos": 2.907369334264736, "abstract": 4.434569148461864, "object": 3.380807425959106, "call": 3.4087162140761826, "directli": 4.408593662058603, "mutual": 5.238941964132033, "exclus": 5.433097978572992, "protect": 9.409718956403552, "manipul": 3.437426319958614, "share": 6.974375659035355, "variabl": 3.1093106779283426, "direct": 3.58351893845611, "simplifi": 8.97727273946428, "correct": 3.6295040516979333, "argument": 4.77631844218392, "implement": 5.141794195287046, "distribut": 3.497444329684867, "system": 4.67232785194716, "defin": 3.1595004224521976, "formal": 3.728349886334566, "exampl": 3.371674942395834, "relationship": 4.222007706478191, "explain": 4.6709579265260945, "shown": 2.7940406489577327, "applic": 2.481168327677393, "situat": 4.48863636973214, "confin": 6.126245159132937, "inform": 2.5627669715602726, "matter": 5.674260035389879, "memori": 3.137681375057558, "cacm": 0.00031215857909170155, "februari": 2.6211168546225494, "reed": 8.07215530818825, "kanodia": 8.07215530818825}