{"convers": 3.867462688797284, "limit": 3.6295040516979333, "entri": 4.334485689904882, "decis": 7.7955360765852255, "tabl": 6.914069582693981, "comput": 2.6234812342096436, "program": 2.877673749815746, "propos": 8.722108002794208, "modif": 26.767424373264156, "pollack": 11.985427533016829, "algorithm": 2.676256301656361, "convert": 4.383275854074314, "flowchart": 4.9811128548299335, "minim": 3.39002408106403, "subsequ": 5.181783550292085, "execut": 6.471746802473543, "time": 2.0511319588387233, "compil": 3.074943034424135, "reli": 5.58724865840025, "shannon": 6.97354301952014, "noiseless": 7.379008127628304, "code": 2.948191328784991, "theorem": 4.5168072466988365, "commun": 3.7154464814986583, "concept": 3.4181949580307265, "entropi": 7.379008127628304, "complet": 6.95407091610732, "test": 6.163445442819027, "rule": 6.95407091610732, "result": 4.750123643365691, "guarante": 5.58724865840025, "global": 5.127716329021809, "optim": 3.1743155082373384, "solut": 2.763887610787045, "cacm": 0.00031215857909170155, "februari": 2.6211168546225494, "shwayder": 6.97354301952014}