{"usascsocr": 8.07215530818825, "dual": 5.769570215194204, "case": 3.2123429038265776, "keyboard": 5.674260035389879, "arrang": 4.9366610922591, "propos": 2.907369334264736, "usa": 5.674260035389879, "standard": 3.1023420086122493, "cacm": 0.00031215857909170155, "februari": 2.6211168546225494}