{"structur": 7.421200047569625, "program": 7.194184374539365, "cobol": 18.183179134288356, "approach": 3.1743155082373384, "applic": 2.481168327677393, "programm": 3.977810745966149, "techniqu": 2.240272830904733, "design": 4.984850964404055, "write": 4.222007706478191, "present": 3.6443601318575336, "previou": 4.434569148461864, "work": 3.344767489475909, "drawn": 5.127716329021809, "adapt": 4.434569148461864, "inform": 2.5627669715602726, "terminolog": 5.181783550292085, "nonmathemat": 8.07215530818825, "theorem": 4.5168072466988365, "prove": 3.8380488035909903, "exampl": 3.371674942395834, "frequent": 4.5168072466988365, "top": 5.181783550292085, "implement": 2.570897097643523, "flowchart": 4.9811128548299335, "disciplin": 5.674260035389879, "specif": 3.227968221729659, "step": 8.023424595283661, "verif": 5.433097978572992, "form": 3.0954215657676754, "defin": 3.1595004224521976, "proper": 5.076423034634259, "code": 2.948191328784991, "practic": 3.617808011934742, "discuss": 2.1972245773362196, "cacm": 0.00031215857909170155, "januari": 2.6297375976664563, "van": 5.36410510708604, "gelder": 8.07215530818825}