{"techniqu": 2.240272830904733, "simul": 16.90403712979553, "comput": 5.246962468419287, "logic": 3.6062471895336663, "digit": 3.2930318150767204, "integr": 2.984558972955866, "part": 3.371674942395834, "design": 2.4924254822020275, "autom": 4.57564774672177, "system": 4.67232785194716, "evalu": 12.550725500230232, "boolean": 4.638168103703103, "function": 9.044057260846198, "character": 4.9811128548299335, "constitut": 5.769570215194204, "major": 3.867462688797284, "portion": 4.894101477840304, "gener": 1.8279884075245136, "procedur": 2.63843330463401, "class": 3.427764409046877, "defin": 3.1595004224521976, "greatli": 5.238941964132033, "increas": 3.6295040516979333, "effici": 2.7108631424788245, "method": 1.8535551884965207, "present": 1.8221800659287668, "simultan": 8.360670020155247, "set": 5.109404823447084, "valu": 7.405414911442457, "variabl": 6.218621355856685, "cacm": 0.00031215857909170155, "juli": 2.3683728335320486, "breuer": 7.379008127628304}