{"note": 3.497444329684867, "calcul": 3.5395558150349937, "interest": 3.9450209231431583, "cacm": 0.00031215857909170155, "octob": 2.4849066497880004, "ingerman": 5.992713766508414}