{"vectorcardiograph": 8.07215530818825, "diagnosi": 5.87493073085203, "aid": 4.029104040353699, "algol": 3.243841570885949, "cacm": 0.00031215857909170155, "februari": 2.6211168546225494, "forsyth": 6.126245159132937, "von": 6.97354301952014, "der": 6.97354301952014, "groeben": 8.07215530818825, "tool": 4.638168103703103}