{"algorithm": 2.676256301656361, "determin": 3.009560275161283, "optim": 12.697262032949354, "comput": 5.246962468419287, "order": 17.58295051011354, "matrix": 6.275362750115116, "chain": 9.788202955680608, "product": 7.989235728565061, "paper": 1.9808454261105517, "discuss": 2.1972245773362196, "form": 3.0954215657676754, "m1": 5.433097978572992, "m2": 8.07215530818825, "mn": 7.379008127628304, "mi": 7.379008127628304, "matric": 11.787061745390151, "affect": 5.181783550292085, "number": 2.2028583950544753, "oper": 2.270036932811187, "suffici": 4.26549281841793, "condit": 3.39002408106403, "associ": 4.704859478201776, "present": 3.6443601318575336, "find": 3.58351893845611, "take": 8.320264605520208, "percent": 14.442176310500304, "longer": 11.348520070779758, "time": 2.0511319588387233, "topt": 16.1443106163765, "case": 3.2123429038265776, "yield": 4.545794783572089, "averag": 4.26549281841793, "cacm": 0.00031215857909170155, "juli": 2.3683728335320486, "chin": 8.07215530818825}