{"program": 1.438836874907873, "ray": 5.507205950726713, "chaudhuri": 8.07215530818825, "algorithm": 0.8920854338854537, "minimum": 4.1209115896068225, "cover": 4.9366610922591, "abstract": 4.434569148461864, "complex": 3.137681375057558, "cacm": 0.00031215857909170155, "novemb": 2.4445341944976127, "foata": 8.07215530818825}