{"posit": 4.1209115896068225, "point": 3.015909502839942, "rel": 4.200954297280359, "polygon": 5.58724865840025, "algorithm": 0.8920854338854537, "cacm": 0.00031215857909170155, "decemb": 2.4626835130032902, "hacker": 8.07215530818825}