{"comput": 2.6234812342096436, "educ": 4.287965674269989, "graduat": 5.238941964132033, "school": 5.299566585948469, "manag": 8.093607234906202, "year": 4.160132302760104, "experi": 3.4669851222001586, "led": 5.992713766508414, "belief": 7.379008127628304, "creativ": 7.379008127628304, "design": 2.4924254822020275, "evalu": 3.137681375057558, "inform": 2.5627669715602726, "system": 6.22977046926288, "requir": 2.388575540849568, "understand": 4.704859478201776, "relat": 3.144901623031045, "technolog": 4.5168072466988365, "concept": 3.4181949580307265, "page": 3.9612814440149386, "prioriti": 5.299566585948469, "interrupt": 5.507205950726713, "explain": 4.6709579265260945, "machin": 14.594318568452355, "languag": 2.1750014405515095, "level": 3.2681342634549932, "exposit": 7.379008127628304, "fulfil": 7.379008127628304, "criteria": 9.15129549344354, "rais": 5.769570215194204, "spuriou": 6.97354301952014, "issu": 23.52429739100888, "allow": 7.734925377594568, "undu": 7.379008127628304, "effort": 4.5168072466988365, "solut": 2.763887610787045, "interest": 3.9450209231431583, "problem": 1.9651324204459957, "capabl": 11.428426293440804, "expos": 20.05758284120508, "outstand": 16.1443106163765, "signific": 7.858041163593434, "chosen": 4.894101477840304, "seful": 8.07215530818825, "pursu": 6.68586094706836, "great": 10.866195957145983, "depth": 12.252490318265874, "commit": 8.07215530818825, "equip": 4.9366610922591, "provid": 6.031819005679884, "manufactur": 5.769570215194204, "abl": 5.299566585948469, "student": 8.621910384989375, "diagnost": 5.433097978572992, "aid": 4.029104040353699, "readi": 6.126245159132937, "access": 3.6062471895336663, "extens": 3.3359568597937543, "come": 5.769570215194204, "construct": 3.189353385601879, "simul": 3.380807425959106, "softwar": 3.929020581796717, "meet": 5.299566585948469, "call": 3.4087162140761826, "prism": 8.07215530818825, "document": 4.358583241483942, "primer": 7.379008127628304, "refer": 3.823660066138891, "cacm": 0.00031215857909170155, "februari": 2.6211168546225494, "ness": 7.379008127628304, "green": 5.769570215194204, "martin": 5.992713766508414, "moulton": 7.379008127628304}