{"string": 7.405414911442457, "similar": 3.7954891891721947, "misspel": 20.05758284120508, "problem": 1.9651324204459957, "program": 1.438836874907873, "comput": 1.3117406171048218, "determin": 6.019120550322566, "charact": 3.6654360609239967, "word": 3.7546671946519394, "consid": 3.152174382360125, "numberof": 8.07215530818825, "algorithm": 0.8920854338854537, "evalu": 3.137681375057558, "propos": 2.907369334264736, "writer": 5.769570215194204, "author": 4.287965674269989, "techniqu": 2.240272830904733, "test": 3.0817227214095135, "collect": 4.222007706478191, "made": 3.2046208577326674, "student": 4.310955192494688, "grade": 6.68586094706836, "level": 3.2681342634549932, "method": 1.8535551884965207, "clearli": 6.280395838960195, "unsatisfactori": 6.97354301952014, "gave": 6.97354301952014, "percent": 4.814058770166768, "incorrect": 6.462717395754149, "cacm": 0.00031215857909170155, "june": 2.3717117347975636, "alberga": 8.07215530818825}