{"compress": 11.1744973168005, "tri": 5.992713766508414, "paper": 3.9616908522211034, "present": 1.8221800659287668, "data": 4.333586920267359, "structur": 9.8949333967595, "call": 3.4087162140761826, "trie": 48.81480113664098, "inform": 2.5627669715602726, "retriev": 10.784455481130129, "system": 1.55744261731572, "underli": 5.127716329021809, "ari": 6.68586094706836, "tree": 3.58351893845611, "paramet": 3.7816958670398586, "field": 7.989235728565061, "node": 4.434569148461864, "larg": 2.8791984572980396, "hold": 5.433097978572992, "key": 12.194466368867339, "pointer": 5.674260035389879, "bit": 11.933432237898447, "long": 4.638168103703103, "analysi": 2.7738379416402132, "part": 3.371674942395834, "shown": 2.7940406489577327, "collect": 4.222007706478191, "time": 4.102263917677447, "measur": 3.8380488035909903, "term": 3.2763647625915087, "inspect": 5.992713766508414, "order": 5.86098350337118, "logm": 8.07215530818825, "storag": 5.4788730298457615, "requir": 4.777151081699136, "log2": 5.992713766508414, "improv": 3.3536564368931554, "achiev": 3.7954891891721947, "cost": 7.036556833175418, "decreas": 5.027632870464827, "flexibl": 4.26549281841793, "updat": 4.704859478201776, "increas": 3.6295040516979333, "analyz": 3.5503667311392095, "method": 1.8535551884965207, "static": 5.36410510708604, "databas": 5.238941964132033, "discuss": 2.1972245773362196, "cacm": 0.00031215857909170155, "juli": 2.3683728335320486, "mali": 6.68586094706836}