{"protect": 14.114578434605328, "control": 11.81664598308598, "inform": 5.125533943120545, "share": 6.974375659035355, "multic": 12.252490318265874, "design": 9.96970192880811, "mechan": 11.30427064495224, "system": 1.55744261731572, "principl": 4.5168072466988365, "help": 5.238941964132033, "provid": 3.015909502839942, "insight": 5.87493073085203, "tradeoff": 6.126245159132937, "key": 4.064822122955779, "includ": 2.7688504001291743, "access": 7.212494379067333, "list": 3.189353385601879, "hierarch": 5.238941964132033, "specif": 3.227968221729659, "identif": 5.238941964132033, "authent": 6.462717395754149, "user": 3.0548754713733257, "primari": 5.027632870464827, "memori": 3.137681375057558, "paper": 1.9808454261105517, "end": 5.127716329021809, "discuss": 2.1972245773362196, "known": 3.7027074557212285, "weak": 5.674260035389879, "cacm": 0.00031215857909170155, "juli": 2.3683728335320486, "saltzer": 6.68586094706836}