{"experi": 3.4669851222001586, "automat": 3.371674942395834, "verif": 10.866195957145983, "program": 1.438836874907873, "effect": 3.0954215657676754, "compil": 3.074943034424135, "replac": 4.739950798013046, "explicit": 4.853279483320049, "cost": 3.518278416587709, "techniqu": 2.240272830904733, "cacm": 0.00031215857909170155, "octob": 2.4849066497880004, "weinberg": 6.462717395754149, "gressett": 8.07215530818825}