{"techniqu": 4.480545661809466, "read": 4.57564774672177, "gapless": 8.07215530818825, "tape": 4.046803617453101, "make": 3.380807425959106, "electrocardiograph": 6.97354301952014, "analysi": 5.5476758832804265, "feasibl": 4.894101477840304, "ibm": 3.518278416587709, "studi": 3.227968221729659, "arrhythmia": 8.07215530818825, "higher": 4.814058770166768, "frequenc": 4.739950798013046, "compon": 4.26549281841793, "electrocardiogram": 6.68586094706836, "long": 9.276336207406207, "seri": 7.765001132323649, "patient": 6.97354301952014, "heart": 19.38815218726245, "cycl": 10.055265740929654, "examin": 3.641338509344936, "valid": 4.894101477840304, "comparison": 3.6901286735143684, "beat": 8.07215530818825, "made": 3.2046208577326674, "present": 1.8221800659287668, "automat": 3.371674942395834, "digit": 3.2930318150767204, "comput": 1.3117406171048218, "cacm": 0.00031215857909170155, "novemb": 2.4445341944976127, "maher": 7.379008127628304}