{"complex": 6.275362750115116, "comput": 2.6234812342096436, "framework": 4.9811128548299335, "research": 7.955621491932298, "theori": 4.140329675463924, "emphas": 5.674260035389879, "terrel": 8.07215530818825, "seemingli": 8.07215530818825, "divers": 5.58724865840025, "problem": 1.9651324204459957, "method": 1.8535551884965207, "illustr": 3.47703545805366, "exampl": 3.371674942395834, "practic": 3.617808011934742, "theoret": 4.26549281841793, "signific": 3.929020581796717, "direct": 3.58351893845611, "discuss": 2.1972245773362196, "cacm": 0.00031215857909170155, "septemb": 2.546702369056466, "rabin": 6.97354301952014}