{"famili": 5.027632870464827, "test": 3.0817227214095135, "matric": 3.929020581796717, "cacm": 0.00031215857909170155, "decemb": 2.4626835130032902, "newberi": 7.379008127628304}