{"ratfact": 8.07215530818825, "algorithm": 0.8920854338854537, "cacm": 0.00031215857909170155, "march": 2.546702369056466, "halstead": 6.462717395754149}