{"note": 3.497444329684867, "multipl": 3.58351893845611, "precis": 4.064822122955779, "arithmet": 3.6901286735143684, "cacm": 0.00031215857909170155, "august": 2.3750618216828454, "cox": 8.07215530818825, "luther": 6.68586094706836}