{"mutual": 5.238941964132033, "primal": 6.462717395754149, "dual": 5.769570215194204, "method": 1.8535551884965207, "algorithm": 0.8920854338854537, "cacm": 0.00031215857909170155, "juli": 2.3683728335320486, "spath": 6.280395838960195}