{"onlin": 20.510865316087237, "program": 8.63302124944724, "transit": 4.9366610922591, "made": 3.2046208577326674, "line": 3.5288605259182457, "number": 2.2028583950544753, "work": 3.344767489475909, "condit": 3.39002408106403, "note": 3.497444329684867, "environ": 7.5361804299681605, "make": 3.380807425959106, "process": 2.1750014405515095, "relat": 3.144901623031045, "produc": 3.427764409046877, "check": 4.545794783572089, "main": 4.029104040353699, "languag": 4.350002881103019, "chang": 4.2435139116991545, "provid": 3.015909502839942, "facil": 3.8977680382926128, "user": 3.0548754713733257, "system": 1.55744261731572, "surround": 6.97354301952014, "paper": 1.9808454261105517, "effect": 3.0954215657676754, "discuss": 2.1972245773362196, "cacm": 0.00031215857909170155, "march": 2.546702369056466, "schwartz": 5.674260035389879}