{"add": 5.87493073085203, "item": 4.287965674269989, "chain": 4.894101477840304, "link": 4.358583241483942, "list": 3.189353385601879, "algorithm": 0.8920854338854537, "cacm": 0.00031215857909170155, "june": 2.3717117347975636, "kiviat": 7.379008127628304}