{"line": 7.0577210518364915, "number": 4.405716790108951, "made": 3.2046208577326674, "cheap": 8.07215530818825, "techniqu": 2.240272830904733, "run": 3.6777061535158113, "time": 4.102263917677447, "administr": 5.299566585948469, "implement": 2.570897097643523, "high": 3.6777061535158113, "level": 3.2681342634549932, "languag": 2.1750014405515095, "suitabl": 4.1803350100776235, "circumst": 5.87493073085203, "method": 1.8535551884965207, "requir": 2.388575540849568, "absolut": 5.769570215194204, "overhead": 5.433097978572992, "space": 3.497444329684867, "execut": 3.2358734012367716, "program": 1.438836874907873, "cacm": 0.00031215857909170155, "octob": 2.4849066497880004, "klint": 8.07215530818825}