{"statist": 15.469850755189135, "studi": 6.455936443459318, "accuraci": 13.149827562222942, "float": 9.55263688436784, "point": 6.031819005679884, "number": 8.811433580217901, "system": 6.22977046926288, "paper": 1.9808454261105517, "present": 1.8221800659287668, "result": 2.3750618216828454, "test": 3.0817227214095135, "arithmet": 14.760514694057473, "evalu": 3.137681375057558, "sum": 4.545794783572089, "product": 7.989235728565061, "analyt": 4.461237395544026, "error": 3.0482747873419735, "estim": 3.929020581796717, "comput": 1.3117406171048218, "digit": 16.465159075383603, "hexadecim": 13.94708603904028, "binari": 7.618950862293869, "represent": 7.100733462278419, "combin": 3.5612958016714, "usual": 15.898699757845407, "chop": 22.137024382884913, "round": 18.819437912807103, "mode": 28.65791065310352, "guard": 20.05758284120508, "modifi": 7.7955360765852255, "sens": 4.739950798013046, "differ": 3.977810745966149, "shown": 5.5880812979154655, "approxim": 3.380807425959106, "equival": 4.434569148461864, "inaccuraci": 7.379008127628304, "superior": 9.55263688436784, "case": 6.424685807653155, "save": 4.739950798013046, "found": 3.852647603012143, "cacm": 0.00031215857909170155, "april": 2.4231810700270437, "kuki": 6.97354301952014, "codi": 6.68586094706836}