{"optim": 6.348631016474677, "bit": 11.933432237898447, "time": 6.15339587651617, "comput": 7.870443702628931, "simul": 13.523229703836424, "major": 3.867462688797284, "compon": 4.26549281841793, "program": 1.438836874907873, "boolean": 13.91450431110931, "compil": 9.224829103272405, "accept": 4.57564774672177, "function": 2.2610143152115496, "repres": 3.6062471895336663, "digit": 3.2930318150767204, "circuit": 5.299566585948469, "gener": 3.6559768150490273, "set": 2.554702411723542, "machin": 2.918863713690471, "instruct": 3.867462688797284, "subsequ": 5.181783550292085, "execut": 3.2358734012367716, "host": 6.280395838960195, "techniqu": 4.480545661809466, "discuss": 2.1972245773362196, "increas": 3.6295040516979333, "sophist": 5.076423034634259, "applic": 2.481168327677393, "purpos": 3.2599709528158325, "cacm": 0.00031215857909170155, "novemb": 2.4445341944976127, "katz": 6.280395838960195}