{"time": 4.102263917677447, "space": 6.994888659369734, "effici": 2.7108631424788245, "garbag": 5.127716329021809, "compact": 9.8733221845182, "algorithm": 2.676256301656361, "area": 11.602388066391851, "storag": 5.4788730298457615, "scatter": 5.87493073085203, "mark": 10.255432658043619, "node": 8.869138296923728, "differ": 3.977810745966149, "size": 6.855528818093754, "wish": 5.769570215194204, "rearrang": 5.992713766508414, "mass": 6.68586094706836, "end": 5.127716329021809, "revis": 5.238941964132033, "pointer": 11.348520070779758, "show": 3.641338509344936, "locat": 24.841978052783546, "accomplish": 4.638168103703103, "task": 4.222007706478191, "linear": 6.363612359932993, "rel": 4.200954297280359, "order": 2.93049175168559, "bit": 3.977810745966149, "oper": 2.270036932811187, "revers": 5.299566585948469, "encod": 5.127716329021809, "situat": 4.48863636973214, "collect": 4.222007706478191, "point": 12.063638011359767, "singl": 3.7546671946519394, "list": 3.189353385601879, "eman": 8.07215530818825, "pass": 4.57564774672177, "termin": 4.101863394636128, "transplant": 8.07215530818825, "content": 4.638168103703103, "cacm": 0.00031215857909170155, "august": 2.3750618216828454, "morri": 5.299566585948469}