{"analysi": 2.7738379416402132, "algorithm": 2.676256301656361, "real": 7.015614233440827, "time": 8.204527835354893, "garbag": 25.638581645109046, "collect": 16.888030825912764, "system": 1.55744261731572, "avoid": 4.434569148461864, "suspend": 7.379008127628304, "oper": 4.540073865622374, "list": 12.757413542407516, "processor": 14.861785925994633, "long": 4.638168103703103, "requir": 4.777151081699136, "perform": 5.618930238566729, "parallel": 3.8825005661618244, "process": 4.350002881103019, "singl": 3.7546671946519394, "share": 3.4871878295176777, "recov": 5.769570215194204, "discard": 6.68586094706836, "structur": 2.473733349189875, "manner": 4.6064194053885235, "present": 1.8221800659287668, "analyz": 3.5503667311392095, "determin": 3.009560275161283, "suffici": 8.53098563683586, "condit": 6.78004816212806, "need": 3.251873742583213, "wait": 5.36410510708604, "collector": 11.74986146170406, "techniqu": 2.240272830904733, "shown": 5.5880812979154655, "power": 3.7680902149840803, "regular": 5.507205950726713, "effici": 2.7108631424788245, "averag": 4.26549281841793, "behavior": 8.668971379809763, "program": 1.438836874907873, "nearli": 5.299566585948469, "equal": 4.6709579265260945, "worst": 5.674260035389879, "case": 3.2123429038265776, "suitabl": 4.1803350100776235, "measur": 3.8380488035909903, "typic": 4.461237395544026, "cacm": 0.00031215857909170155, "septemb": 2.546702369056466, "wadler": 8.07215530818825}