{"phonolog": 16.1443106163765, "rule": 24.339248206375622, "tester": 7.379008127628304, "design": 4.984850964404055, "implement": 5.141794195287046, "system": 6.22977046926288, "allevi": 6.97354301952014, "problem": 1.9651324204459957, "evalu": 3.137681375057558, "linguist": 16.09231532125812, "area": 3.867462688797284, "present": 3.6443601318575336, "permit": 3.572345637857985, "user": 6.109750942746651, "defin": 9.478501267356593, "line": 7.0577210518364915, "set": 2.554702411723542, "statabl": 8.07215530818825, "framework": 4.9811128548299335, "sound": 5.87493073085203, "pattern": 4.101863394636128, "english": 4.6064194053885235, "chomski": 6.97354301952014, "hall": 5.87493073085203, "phonem": 14.758016255256608, "bundl": 8.07215530818825, "distinct": 5.076423034634259, "featur": 3.399326473726344, "data": 6.5003803804010385, "string": 3.7027074557212285, "grammat": 6.126245159132937, "structur": 2.473733349189875, "test": 3.0817227214095135, "effect": 3.0954215657676754, "appli": 3.2681342634549932, "store": 3.5288605259182457, "definit": 3.6777061535158113, "result": 2.3750618216828454, "applic": 2.481168327677393, "facil": 3.8977680382926128, "detail": 3.447182494903979, "translat": 3.6901286735143684, "flip": 7.379008127628304, "format": 4.1803350100776235, "direct": 3.58351893845611, "list": 3.189353385601879, "processor": 3.7154464814986583, "embed": 5.299566585948469, "lisp": 9.15129549344354, "made": 3.2046208577326674, "construct": 3.189353385601879, "easi": 4.358583241483942, "provid": 3.015909502839942, "sophist": 5.076423034634259, "capabl": 3.8094754311469345, "written": 3.728349886334566, "bbn": 7.379008127628304, "scientif": 4.9366610922591, "comput": 1.3117406171048218, "interact": 3.6654360609239967, "fashion": 5.992713766508414, "control": 2.954161495771495, "command": 4.57564774672177, "execut": 3.2358734012367716, "cacm": 0.00031215857909170155, "novemb": 2.4445341944976127, "borrow": 6.97354301952014, "fraser": 6.462717395754149}