{"practic": 3.617808011934742, "techniqu": 2.240272830904733, "determin": 3.009560275161283, "optimum": 4.704859478201776, "relax": 11.539140430388407, "factor": 3.852647603012143, "success": 4.083171261623976, "method": 1.8535551884965207, "cacm": 0.00031215857909170155, "april": 2.4231810700270437, "kulsrud": 7.379008127628304}