{"pictur": 9.212838810777047, "gener": 1.8279884075245136, "standard": 6.204684017224499, "line": 7.0577210518364915, "printer": 12.56079167792039, "method": 1.8535551884965207, "produc": 3.427764409046877, "gray": 10.477883928264067, "tone": 6.97354301952014, "util": 3.6901286735143684, "degre": 4.222007706478191, "black": 6.68586094706836, "print": 5.027632870464827, "charact": 3.6654360609239967, "scale": 4.287965674269989, "level": 3.2681342634549932, "devis": 5.433097978572992, "scan": 4.894101477840304, "imag": 5.027632870464827, "blood": 7.379008127628304, "cell": 5.076423034634259, "display": 3.9450209231431583, "techniqu": 2.240272830904733, "cacm": 0.00031215857909170155, "perri": 6.97354301952014, "mendelsohn": 8.07215530818825}