{"digit": 3.2930318150767204, "comput": 1.3117406171048218, "western": 6.462717395754149, "germani": 8.07215530818825, "cacm": 0.00031215857909170155, "decemb": 2.4626835130032902, "schuff": 8.07215530818825}