{"list": 3.189353385601879, "type": 6.28980324606209, "storag": 5.4788730298457615, "techniqu": 2.240272830904733, "alphamer": 7.379008127628304, "inform": 2.5627669715602726, "method": 3.7071103769930414, "econom": 4.6709579265260945, "term": 3.2763647625915087, "space": 3.497444329684867, "time": 2.0511319588387233, "propos": 2.907369334264736, "manipul": 3.437426319958614, "charact": 3.6654360609239967, "string": 3.7027074557212285, "arbitrari": 4.160132302760104, "length": 7.590978378344389, "fix": 4.064822122955779, "word": 3.7546671946519394, "comput": 1.3117406171048218, "illustr": 3.47703545805366, "applic": 2.481168327677393, "algol": 6.487683141771898, "identifi": 4.140329675463924, "block": 3.929020581796717, "structur": 2.473733349189875, "cacm": 0.00031215857909170155, "august": 2.3750618216828454, "bowlden": 6.97354301952014}