{"hadamard": 16.1443106163765, "number": 4.405716790108951, "matric": 3.929020581796717, "discuss": 2.1972245773362196, "function": 2.2610143152115496, "entri": 4.334485689904882, "squar": 3.6295040516979333, "matrix": 3.137681375057558, "relat": 3.144901623031045, "determin": 3.009560275161283, "theorem": 4.5168072466988365, "merit": 5.433097978572992, "altern": 3.9612814440149386, "norm": 5.769570215194204, "bound": 3.8380488035909903, "condit": 3.39002408106403, "linear": 3.1818061799664963, "system": 3.11488523463144, "known": 3.7027074557212285, "eigen": 6.68586094706836, "cacm": 0.00031215857909170155, "januari": 2.6297375976664563, "birkhoff": 8.07215530818825}