{"mix": 4.9811128548299335, "solut": 5.52777522157409, "deadlock": 17.022780106169638, "problem": 5.895397261337987, "mixtur": 12.252490318265874, "detect": 4.310955192494688, "avoid": 4.434569148461864, "prevent": 11.348520070779758, "provid": 3.015909502839942, "effect": 3.0954215657676754, "practic": 3.617808011934742, "individu": 4.6064194053885235, "techniqu": 2.240272830904733, "tailor": 6.280395838960195, "subproblem": 6.68586094706836, "resourc": 8.575931348539978, "alloc": 7.259008103395867, "oper": 4.540073865622374, "paper": 1.9808454261105517, "present": 1.8221800659287668, "method": 1.8535551884965207, "base": 2.701517280060587, "concept": 3.4181949580307265, "hierarch": 5.238941964132033, "system": 1.55744261731572, "construct": 3.189353385601879, "suggest": 3.399326473726344, "subsystem": 5.674260035389879, "frequent": 4.5168072466988365, "occur": 4.310955192494688, "cacm": 0.00031215857909170155, "juli": 2.3683728335320486, "howard": 6.462717395754149, "jr": 3.243841570885949}