{"interpol": 4.6064194053885235, "differenti": 3.929020581796717, "integr": 2.984558972955866, "algorithm": 0.8920854338854537, "cacm": 0.00031215857909170155, "februari": 2.6211168546225494, "hennion": 6.280395838960195}