{"decim": 5.127716329021809, "binari": 3.8094754311469345, "convers": 3.867462688797284, "short": 5.299566585948469, "field": 3.9946178642825303, "cacm": 0.00031215857909170155, "februari": 2.6211168546225494, "yarbrough": 6.97354301952014}