{"remark": 4.57564774672177, "stabli": 6.68586094706836, "updat": 4.704859478201776, "mean": 3.2201250442686327, "standard": 3.1023420086122493, "deviat": 5.58724865840025, "data": 2.1667934601336793, "corrigendum": 4.545794783572089, "cacm": 0.00031215857909170155, "octob": 2.4849066497880004, "cotton": 7.379008127628304}