{"comparison": 3.6901286735143684, "simul": 13.523229703836424, "event": 13.22578098617581, "list": 9.568060156805636, "algorithm": 7.1366834710836295, "consid": 3.152174382360125, "schedul": 7.955621491932298, "gener": 3.6559768150490273, "purpos": 6.519941905631665, "discret": 4.814058770166768, "system": 1.55744261731572, "base": 2.701517280060587, "end": 10.255432658043619, "order": 5.86098350337118, "tree": 7.16703787691222, "structur": 2.473733349189875, "notic": 6.68586094706836, "index": 8.766551708148627, "linear": 3.1818061799664963, "test": 3.0817227214095135, "set": 2.554702411723542, "typic": 4.461237395544026, "stochast": 5.58724865840025, "distribut": 3.497444329684867, "especi": 5.127716329021809, "chosen": 4.894101477840304, "show": 3.641338509344936, "advantag": 7.405414911442457, "limit": 3.6295040516979333, "shown": 2.7940406489577327, "replac": 4.739950798013046, "languag": 2.1750014405515095, "promis": 5.58724865840025, "concept": 3.4181949580307265, "requir": 2.388575540849568, "adapt": 4.434569148461864, "routin": 3.867462688797284, "employ": 3.913272224828578, "perform": 2.8094651192833644, "studi": 3.227968221729659, "fruit": 8.07215530818825, "cacm": 0.00031215857909170155, "april": 2.4231810700270437, "vaucher": 7.379008127628304, "duval": 7.379008127628304}