{"concurr": 4.9811128548299335, "control": 2.954161495771495, "reader": 22.028823802906853, "writer": 17.30871064558261, "problem": 1.9651324204459957, "mutual": 5.238941964132033, "exclus": 10.866195957145983, "independ": 3.8094754311469345, "process": 4.350002881103019, "simultan": 4.1803350100776235, "access": 7.212494379067333, "critic": 4.814058770166768, "section": 9.706558966640099, "discuss": 2.1972245773362196, "case": 9.637028711479733, "distinct": 5.076423034634259, "class": 3.427764409046877, "known": 3.7027074557212285, "share": 3.4871878295176777, "solut": 2.763887610787045, "present": 1.8221800659287668, "wish": 11.539140430388407, "minimum": 4.1209115896068225, "delay": 6.280395838960195, "write": 4.222007706478191, "take": 4.160132302760104, "place": 5.127716329021809, "earli": 5.027632870464827, "cacm": 0.00031215857909170155, "octob": 2.4849066497880004, "couroi": 8.07215530818825, "heyman": 8.07215530818825, "parna": 5.87493073085203}