{"combin": 10.6838874050142, "decis": 38.977680382926124, "rule": 24.339248206375622, "tabl": 17.28517395673495, "techniqu": 2.240272830904733, "minim": 3.39002408106403, "logic": 7.212494379067333, "circuit": 5.299566585948469, "appli": 3.2681342634549932, "simplif": 5.674260035389879, "method": 7.414220753986083, "equival": 4.434569148461864, "quien": 8.07215530818825, "mccluskey": 8.07215530818825, "find": 3.58351893845611, "prime": 4.6709579265260945, "implic": 4.739950798013046, "impli": 5.507205950726713, "occur": 4.310955192494688, "low": 4.383275854074314, "frequenc": 4.739950798013046, "simplifi": 4.48863636973214, "object": 16.90403712979553, "merit": 5.433097978572992, "consider": 3.8977680382926128, "optim": 3.1743155082373384, "reduc": 14.565354037379745, "machin": 5.837727427380942, "execut": 3.2358734012367716, "time": 4.102263917677447, "preprocess": 6.68586094706836, "requir": 2.388575540849568, "memori": 3.137681375057558, "number": 2.2028583950544753, "improv": 3.3536564368931554, "clariti": 7.379008127628304, "human": 4.5168072466988365, "reader": 5.507205950726713, "shown": 2.7940406489577327, "further": 8.07215530818825, "attain": 5.992713766508414, "overspecifi": 8.07215530818825, "compar": 3.227968221729659, "potenti": 4.6709579265260945, "benefit": 5.36410510708604, "decid": 5.58724865840025, "cacm": 0.00031215857909170155, "august": 2.3750618216828454, "shwayder": 6.97354301952014}