{"represent": 14.201466924556838, "contour": 10.866195957145983, "ad": 4.408593662058603, "region": 9.788202955680608, "effici": 2.7108631424788245, "comput": 5.246962468419287, "search": 6.95407091610732, "searchabl": 8.07215530818825, "basic": 3.4181949580307265, "pictori": 6.462717395754149, "featur": 3.399326473726344, "map": 4.358583241483942, "coverag": 6.68586094706836, "line": 3.5288605259182457, "structur": 4.94746669837975, "practic": 3.617808011934742, "storag": 2.7394365149228808, "requir": 2.388575540849568, "rapid": 4.9366610922591, "mean": 3.2201250442686327, "larg": 2.8791984572980396, "data": 4.333586920267359, "geometr": 5.58724865840025, "posit": 4.1209115896068225, "attribut": 5.238941964132033, "applic": 2.481168327677393, "handl": 3.7154464814986583, "terrain": 7.379008127628304, "inform": 2.5627669715602726, "illustr": 3.47703545805366, "util": 3.6901286735143684, "algebra": 4.0117122976418305, "properti": 3.5395558150349937, "make": 3.380807425959106, "easi": 4.358583241483942, "determin": 6.019120550322566, "point": 9.047728508519825, "lie": 5.58724865840025, "close": 18.552672414812413, "boundari": 23.35478963263047, "area": 3.867462688797284, "contain": 5.181783550292085, "gener": 1.8279884075245136, "repres": 3.6062471895336663, "union": 5.87493073085203, "intersect": 5.58724865840025, "neighbor": 6.68586094706836, "minimum": 4.1209115896068225, "distanc": 5.58724865840025, "cacm": 0.00031215857909170155, "februari": 2.6211168546225494, "merril": 8.07215530818825}