{"fix": 4.064822122955779, "world": 5.507205950726713, "length": 7.590978378344389, "array": 4.334485689904882, "variabl": 3.1093106779283426, "word": 3.7546671946519394, "comput": 1.3117406171048218, "cacm": 0.00031215857909170155, "decemb": 2.4626835130032902, "sonquist": 8.07215530818825}