{"data": 21.667934601336793, "filter": 25.12158335584078, "appli": 3.2681342634549932, "inform": 5.125533943120545, "storag": 5.4788730298457615, "retriev": 7.189636987420086, "applic": 4.962336655354786, "manipul": 10.312278959875842, "string": 18.513537278606144, "complex": 3.137681375057558, "process": 8.700005762206038, "function": 4.522028630423099, "discuss": 2.1972245773362196, "context": 3.913272224828578, "interpret": 4.222007706478191, "environ": 7.5361804299681605, "control": 2.954161495771495, "procedur": 5.27686660926802, "direct": 7.16703787691222, "sequenc": 3.6654360609239967, "deriv": 3.2930318150767204, "job": 4.6064194053885235, "assum": 4.358583241483942, "express": 3.1595004224521976, "user": 3.0548754713733257, "orient": 3.977810745966149, "sourc": 4.101863394636128, "languag": 2.1750014405515095, "structur": 2.473733349189875, "bank": 5.674260035389879, "explicitli": 5.36410510708604, "implicitli": 6.68586094706836, "relat": 3.144901623031045, "format": 12.54100503023287, "declar": 9.628117540333536, "resid": 5.433097978572992, "librari": 4.894101477840304, "mechan": 3.7680902149840803, "develop": 2.4267084105450123, "accord": 4.9366610922591, "gener": 1.8279884075245136, "concept": 3.4181949580307265, "result": 2.3750618216828454, "implement": 2.570897097643523, "part": 3.371674942395834, "modul": 5.181783550292085, "satisfi": 4.383275854074314, "intern": 4.26549281841793, "input": 3.116328250586989, "output": 3.497444329684867, "port": 7.379008127628304, "cacm": 0.00031215857909170155, "novemb": 2.4445341944976127, "larsen": 6.97354301952014}