{"note": 3.497444329684867, "inform": 7.688300914680818, "organ": 7.015614233440827, "storag": 5.4788730298457615, "logic": 3.6062471895336663, "structur": 4.94746669837975, "data": 4.333586920267359, "base": 5.403034560121174, "repres": 3.6062471895336663, "tree": 14.33407575382444, "graph": 12.087312121061098, "natur": 3.7027074557212285, "view": 4.334485689904882, "process": 2.1750014405515095, "design": 7.477276446606083, "construct": 12.757413542407516, "gener": 3.6559768150490273, "method": 3.7071103769930414, "provid": 3.015909502839942, "import": 3.497444329684867, "element": 7.765001132323649, "set": 10.218809646894169, "binari": 3.8094754311469345, "relat": 9.434704869093135, "algorithm": 3.5683417355418148, "subset": 4.545794783572089, "select": 3.617808011934742, "object": 3.380807425959106, "result": 4.750123643365691, "list": 3.189353385601879, "ring": 6.97354301952014, "problem": 1.9651324204459957, "reduc": 3.641338509344936, "defin": 3.1595004224521976, "formul": 4.545794783572089, "constraint": 4.358583241483942, "present": 1.8221800659287668, "valuabl": 5.58724865840025, "concept": 3.4181949580307265, "serv": 4.57564774672177, "basi": 4.029104040353699, "develop": 2.4267084105450123, "formal": 3.728349886334566, "theori": 4.140329675463924, "subject": 4.160132302760104, "cacm": 0.00031215857909170155, "juli": 2.3683728335320486, "huang": 8.07215530818825}