{"propos": 2.907369334264736, "improv": 3.3536564368931554, "effici": 2.7108631424788245, "algol": 3.243841570885949, "cacm": 0.00031215857909170155, "novemb": 2.4445341944976127, "wilk": 6.68586094706836}