{"close": 4.638168103703103, "print": 5.027632870464827, "tape": 4.046803617453101, "cacm": 0.00031215857909170155, "septemb": 2.546702369056466, "moor": 5.507205950726713}