{"formal": 7.456699772669132, "requir": 2.388575540849568, "virtualiz": 8.07215530818825, "gener": 7.3119536300980545, "architectur": 10.152846069268518, "virtual": 13.81925821616557, "machin": 8.756591141071414, "system": 7.787213086578601, "implement": 2.570897097643523, "limit": 3.6295040516979333, "number": 2.2028583950544753, "comput": 3.9352218513144654, "cp": 8.07215530818825, "ibm": 3.518278416587709, "previou": 4.434569148461864, "empir": 4.358583241483942, "studi": 3.227968221729659, "known": 3.7027074557212285, "dec": 6.126245159132937, "pdp": 5.507205950726713, "support": 8.869138296923728, "paper": 1.9808454261105517, "model": 2.996981492954423, "develop": 2.4267084105450123, "techniqu": 2.240272830904733, "deriv": 3.2930318150767204, "precis": 4.064822122955779, "suffici": 4.26549281841793, "condit": 3.39002408106403, "test": 3.0817227214095135, "cacm": 0.00031215857909170155, "juli": 2.3683728335320486, "popek": 7.379008127628304, "goldberg": 6.68586094706836}