{"logarithm": 5.181783550292085, "gamma": 4.814058770166768, "function": 2.2610143152115496, "algorithm": 0.8920854338854537, "s14": 5.027632870464827, "cacm": 0.00031215857909170155, "januari": 2.6297375976664563, "hoar": 5.299566585948469}