{"chebyshev": 4.9366610922591, "curvefit": 8.07215530818825, "algorithm": 0.8920854338854537, "cacm": 0.00031215857909170155, "april": 2.4231810700270437, "hale": 8.07215530818825}