{"rootfind": 6.126245159132937, "ii": 4.140329675463924, "algorithm": 0.8920854338854537, "cacm": 0.00031215857909170155, "novemb": 2.4445341944976127, "forsyth": 6.126245159132937, "herriot": 6.68586094706836}