{"gener": 3.6559768150490273, "method": 1.8535551884965207, "argument": 4.77631844218392, "function": 2.2610143152115496, "valu": 3.7027074557212285, "cacm": 0.00031215857909170155, "novemb": 2.4445341944976127, "wilson": 6.126245159132937}