{"foster": 6.462717395754149, "inform": 2.5627669715602726, "storag": 2.7394365149228808, "retriev": 3.594818493710043, "avl": 6.126245159132937, "tree": 3.58351893845611, "cacm": 0.00031215857909170155, "septemb": 2.546702369056466, "tan": 8.07215530818825}