{"lrltran": 16.1443106163765, "compil": 9.224829103272405, "extens": 3.3359568597937543, "softwar": 3.929020581796717, "problem": 1.9651324204459957, "confront": 8.07215530818825, "organ": 3.5078071167204135, "possess": 5.36410510708604, "number": 2.2028583950544753, "comput": 1.3117406171048218, "frequent": 4.5168072466988365, "acquir": 6.280395838960195, "maintain": 4.638168103703103, "cohes": 8.07215530818825, "system": 1.55744261731572, "develop": 2.4267084105450123, "written": 3.728349886334566, "high": 3.6777061535158113, "level": 3.2681342634549932, "languag": 8.700005762206038, "minim": 3.39002408106403, "machin": 8.756591141071414, "depend": 7.858041163593434, "isol": 6.126245159132937, "discuss": 2.1972245773362196, "call": 3.4087162140761826, "heavili": 6.68586094706836, "augment": 5.507205950726713, "fortran": 3.2681342634549932, "tree": 7.16703787691222, "pass": 32.02953422705239, "make": 3.380807425959106, "intern": 4.26549281841793, "postfix": 8.07215530818825, "polish": 8.07215530818825, "notat": 4.434569148461864, "ii": 8.280659350927849, "represent": 3.5503667311392095, "refer": 3.823660066138891, "composit": 4.853279483320049, "block": 3.929020581796717, "tabl": 3.4570347913469903, "iii": 9.409718956403552, "independ": 3.8094754311469345, "optim": 6.348631016474677, "occur": 4.310955192494688, "loop": 4.739950798013046, "cacm": 0.00031215857909170155, "novemb": 2.4445341944976127, "mendicino": 8.07215530818825, "martin": 5.992713766508414, "ranelletti": 7.379008127628304, "zwakenberg": 8.07215530818825}