{"data": 6.5003803804010385, "document": 8.717166482967883, "decis": 7.7955360765852255, "tabl": 3.4570347913469903, "busi": 4.814058770166768, "process": 2.1750014405515095, "system": 4.67232785194716, "abl": 5.299566585948469, "defin": 3.1595004224521976, "program": 2.877673749815746, "rule": 3.47703545805366, "adequ": 5.507205950726713, "repres": 3.6062471895336663, "chang": 4.2435139116991545, "inform": 2.5627669715602726, "content": 4.638168103703103, "continu": 3.852647603012143, "interact": 3.6654360609239967, "tabular": 11.348520070779758, "descript": 3.437426319958614, "make": 6.761614851918212, "notabl": 6.462717395754149, "object": 3.380807425959106, "econom": 4.6709579265260945, "cost": 3.518278416587709, "time": 2.0511319588387233, "analyz": 3.5503667311392095, "prepar": 4.57564774672177, "modifi": 3.8977680382926128, "show": 3.641338509344936, "quickli": 6.126245159132937, "techniqu": 2.240272830904733, "unfamiliar": 6.97354301952014, "manag": 4.046803617453101, "detail": 3.447182494903979, "test": 3.0817227214095135, "provid": 3.015909502839942, "cacm": 0.00031215857909170155, "januari": 2.6297375976664563, "fisher": 6.126245159132937}