{"quadrat": 21.45642042834416, "residu": 24.504980636531748, "research": 3.977810745966149, "search": 13.90814183221464, "method": 3.7071103769930414, "previous": 4.739950798013046, "suggest": 3.399326473726344, "avoid": 4.434569148461864, "cluster": 5.58724865840025, "encount": 5.076423034634259, "hash": 4.814058770166768, "address": 3.913272224828578, "collis": 6.462717395754149, "occur": 4.310955192494688, "linear": 3.1818061799664963, "size": 6.855528818093754, "properti": 3.5395558150349937, "limit": 3.6295040516979333, "half": 4.739950798013046, "storag": 2.7394365149228808, "tabl": 6.914069582693981, "shown": 2.7940406489577327, "class": 3.427764409046877, "prime": 9.341915853052189, "number": 4.405716790108951, "complement": 5.674260035389879, "set": 2.554702411723542, "easili": 4.26549281841793, "determin": 3.009560275161283, "entir": 4.638168103703103, "cacm": 0.00031215857909170155, "februari": 2.6211168546225494, "radk": 8.07215530818825}