{"implement": 5.141794195287046, "graph": 12.087312121061098, "algorithm": 1.7841708677709074, "win": 20.920629058560422, "shannon": 20.920629058560422, "switch": 16.09231532125812, "game": 23.078280860776815, "tutori": 5.507205950726713, "paper": 3.9616908522211034, "comput": 2.6234812342096436, "program": 2.877673749815746, "play": 5.433097978572992, "good": 4.6064194053885235, "player": 13.37172189413672, "connect": 12.932865577484062, "cut": 18.841187516880584, "nonsimilar": 8.07215530818825, "goal": 4.9811128548299335, "move": 5.181783550292085, "guarante": 5.58724865840025, "exist": 3.572345637857985, "strategi": 9.341915853052189, "simpl": 3.009560275161283, "explain": 4.6709579265260945, "valid": 4.894101477840304, "case": 3.2123429038265776, "fact": 4.6709579265260945, "major": 3.867462688797284, "routin": 3.867462688797284, "need": 3.251873742583213, "know": 5.674260035389879, "cacm": 0.00031215857909170155, "april": 2.4231810700270437, "chase": 6.126245159132937}