{"optim": 3.1743155082373384, "reorgan": 30.631225795664683, "distribut": 6.994888659369734, "space": 6.994888659369734, "disk": 14.114578434605328, "databas": 20.955767856528134, "organ": 7.015614233440827, "cost": 21.109670499526253, "access": 7.212494379067333, "increas": 3.6295040516979333, "due": 9.962225709659867, "structur": 2.473733349189875, "caus": 5.58724865840025, "updat": 4.704859478201776, "insert": 4.9366610922591, "reduc": 3.641338509344936, "basic": 3.4181949580307265, "problem": 1.9651324204459957, "establish": 4.408593662058603, "proper": 5.076423034634259, "tradeoff": 6.126245159132937, "perform": 2.8094651192833644, "storag": 5.4788730298457615, "paper": 1.9808454261105517, "consid": 3.152174382360125, "optimum": 9.409718956403552, "point": 6.031819005679884, "free": 3.913272224828578, "function": 4.522028630423099, "describ": 3.0954215657676754, "excess": 6.126245159132937, "physic": 4.57564774672177, "disorgan": 8.07215530818825, "defin": 3.1595004224521976, "minim": 3.39002408106403, "obtain": 3.116328250586989, "numer": 3.2046208577326674, "exampl": 3.371674942395834, "base": 2.701517280060587, "characterist": 3.6295040516979333, "exist": 3.572345637857985, "devic": 3.929020581796717, "cacm": 0.00031215857909170155, "novemb": 2.4445341944976127, "maruyama": 7.379008127628304, "smith": 4.310955192494688}