{"modif": 8.922474791088051, "efroymson": 8.07215530818825, "techniqu": 4.480545661809466, "stepwis": 13.94708603904028, "regress": 11.348520070779758, "analysi": 8.32151382492064, "comput": 3.9352218513144654, "convent": 7.676097607181981, "multipl": 3.58351893845611, "linear": 3.1818061799664963, "requir": 7.165726622548704, "storag": 10.957746059691523, "matrix": 3.137681375057558, "data": 2.1667934601336793, "number": 4.405716790108951, "variabl": 9.327932033785029, "larg": 2.8791984572980396, "tax": 7.379008127628304, "capac": 5.36410510708604, "present": 1.8221800659287668, "machineri": 6.280395838960195, "symmetri": 6.462717395754149, "matric": 3.929020581796717, "involv": 3.4570347913469903, "permit": 7.14469127571597, "half": 4.739950798013046, "algorithm": 0.8920854338854537, "addit": 3.318565117081885, "problem": 3.9302648408919914, "altern": 3.9612814440149386, "perform": 2.8094651192833644, "doubl": 5.769570215194204, "precis": 4.064822122955779, "cacm": 0.00031215857909170155, "august": 2.3750618216828454, "breaux": 8.07215530818825}