{"preserv": 10.866195957145983, "averag": 12.79647845525379, "proxim": 48.4329318491295, "array": 21.672428449524407, "programm": 3.977810745966149, "data": 2.1667934601336793, "structur": 9.8949333967595, "design": 2.4924254822020275, "forc": 5.36410510708604, "choos": 5.36410510708604, "altern": 3.9612814440149386, "store": 17.64430262959123, "logic": 3.6062471895336663, "adjac": 5.769570215194204, "import": 3.497444329684867, "consider": 3.8977680382926128, "combinatori": 5.027632870464827, "problem": 1.9651324204459957, "kind": 4.408593662058603, "list": 9.568060156805636, "examin": 3.641338509344936, "embed": 5.299566585948469, "graph": 4.029104040353699, "model": 2.996981492954423, "loss": 23.49972292340812, "involv": 3.4570347913469903, "storag": 5.4788730298457615, "scheme": 3.518278416587709, "elementari": 4.5168072466988365, "proof": 4.1803350100776235, "linear": 6.363612359932993, "bound": 7.676097607181981, "present": 1.8221800659287668, "consid": 3.152174382360125, "shown": 2.7940406489577327, "binari": 3.8094754311469345, "tree": 3.58351893845611, "result": 2.3750618216828454, "impli": 5.507205950726713, "instanc": 5.58724865840025, "row": 5.299566585948469, "major": 3.867462688797284, "order": 2.93049175168559, "asymptot": 5.433097978572992, "optim": 3.1743155082373384, "strategi": 4.6709579265260945, "cacm": 0.00031215857909170155, "march": 2.546702369056466, "demillo": 8.07215530818825, "eisenstat": 8.07215530818825, "lipton": 6.97354301952014}