{"gamma": 4.814058770166768, "function": 2.2610143152115496, "arbitrari": 4.160132302760104, "precis": 4.064822122955779, "algorithm": 0.8920854338854537, "s14": 5.027632870464827, "cacm": 0.00031215857909170155, "august": 2.3750618216828454, "filho": 8.07215530818825, "schwachheim": 7.379008127628304}