{"calcul": 3.5395558150349937, "polynomi": 3.4087162140761826, "deriv": 3.2930318150767204, "valu": 3.7027074557212285, "horner": 6.97354301952014, "scheme": 3.518278416587709, "algorithm": 0.8920854338854537, "c1": 6.280395838960195, "cacm": 0.00031215857909170155, "septemb": 2.546702369056466, "pankiewicz": 7.379008127628304}