{"compil": 3.074943034424135, "techniqu": 2.240272830904733, "boolean": 4.638168103703103, "express": 3.1595004224521976, "condit": 3.39002408106403, "statement": 3.7154464814986583, "algol": 3.243841570885949, "cacm": 0.00031215857909170155, "januari": 2.6297375976664563, "huskey": 6.68586094706836, "wattenburg": 6.97354301952014}