{"establish": 8.817187324117207, "acm": 17.434332965935766, "repositori": 36.89504063814152, "principl": 13.55042174009651, "ir": 6.97354301952014, "system": 7.787213086578601, "appli": 3.2681342634549932, "oper": 2.270036932811187, "histori": 5.076423034634259, "moor": 5.507205950726713, "school": 5.299566585948469, "univers": 3.9946178642825303, "pennsylvania": 7.379008127628304, "review": 8.97727273946428, "briefli": 4.5168072466988365, "present": 1.8221800659287668, "paramount": 8.07215530818825, "provis": 5.58724865840025, "inform": 7.688300914680818, "servic": 9.033614493397673, "easi": 4.358583241483942, "access": 14.424988758134665, "user": 15.274377356866628, "unfamiliar": 6.97354301952014, "organ": 7.015614233440827, "exceed": 6.68586094706836, "cost": 3.518278416587709, "serv": 4.57564774672177, "guid": 5.127716329021809, "mechan": 3.7680902149840803, "main": 8.058208080707399, "featur": 3.399326473726344, "direct": 7.16703787691222, "line": 3.5288605259182457, "teletypewrit": 7.379008127628304, "consol": 5.507205950726713, "detail": 6.894364989807958, "unrestrict": 6.126245159132937, "expand": 5.181783550292085, "search": 6.95407091610732, "vocabulari": 5.87493073085203, "facet": 7.379008127628304, "document": 17.434332965935766, "index": 17.533103416297255, "stochast": 5.58724865840025, "link": 4.358583241483942, "term": 3.2763647625915087, "relationship": 4.222007706478191, "contribut": 5.181783550292085, "consist": 3.823660066138891, "relat": 3.144901623031045, "primarili": 5.127716329021809, "earli": 5.027632870464827, "research": 3.977810745966149, "compil": 3.074943034424135, "catalog": 20.05758284120508, "schedul": 3.977810745966149, "comput": 1.3117406171048218, "describ": 3.0954215657676754, "invert": 5.299566585948469, "list": 3.189353385601879, "provid": 3.015909502839942, "retriev": 3.594818493710043, "concept": 3.4181949580307265, "coordin": 4.853279483320049, "cacm": 0.00031215857909170155, "octob": 2.4849066497880004, "rubinoff": 6.68586094706836, "white": 6.280395838960195, "jr": 3.243841570885949}