{"analysi": 5.5476758832804265, "interleav": 12.56079167792039, "memori": 25.101451000460465, "system": 7.787213086578601, "blockag": 8.07215530818825, "buffer": 5.238941964132033, "model": 5.993962985908846, "present": 1.8221800659287668, "mont": 5.769570215194204, "carlo": 5.769570215194204, "simul": 10.14242227787732, "discuss": 2.1972245773362196, "investig": 8.53098563683586, "perform": 5.618930238566729, "structur": 4.94746669837975, "scheme": 3.518278416587709, "send": 6.97354301952014, "instruct": 7.734925377594568, "data": 4.333586920267359, "request": 8.869138296923728, "measur": 3.8380488035909903, "determin": 3.009560275161283, "distribut": 3.497444329684867, "number": 4.405716790108951, "modul": 10.36356710058417, "oper": 4.540073865622374, "cycl": 10.055265740929654, "import": 3.497444329684867, "observ": 4.9811128548299335, "separ": 4.2435139116991545, "group": 4.1803350100776235, "substanti": 4.6709579265260945, "increas": 3.6295040516979333, "averag": 4.26549281841793, "result": 2.3750618216828454, "analyt": 4.461237395544026, "studi": 3.227968221729659, "display": 3.9450209231431583, "cacm": 0.00031215857909170155, "februari": 2.6211168546225494, "burnett": 7.379008127628304, "coffman": 5.87493073085203, "jr": 3.243841570885949}